image_name,class_name,block_index,hex_color,r,g,b,coords,delta
251107_231658_0000096423_CAM1_NG_bmp.rf.31ef8d9e4d29b7eeb975910869d61888.jpg,incorrect qblock,0,#b0b0b0,176,176,176,"(266, 170, 281, 178)",162.81277591147446
251107_231658_0000096423_CAM1_NG_bmp.rf.31ef8d9e4d29b7eeb975910869d61888.jpg,incorrect qblock,1,#b1b1b1,177,177,177,"(172, 170, 187, 178)",164.54482671904336
251107_231658_0000096423_CAM1_NG_bmp.rf.31ef8d9e4d29b7eeb975910869d61888.jpg,incorrect qblock,2,#b6b6b6,182,182,182,"(646, 167, 662, 175)",173.20508075688772
251107_231658_0000096423_CAM1_NG_bmp.rf.31ef8d9e4d29b7eeb975910869d61888.jpg,incorrect qblock,3,#b9b9b9,185,185,185,"(361, 169, 376, 177)",178.40123317959436
251107_231658_0000096423_CAM1_NG_bmp.rf.31ef8d9e4d29b7eeb975910869d61888.jpg,incorrect qblock,4,#9c9c9c,156,156,156,"(77, 171, 93, 179)",128.17175976009693
251107_231658_0000096423_CAM1_NG_bmp.rf.31ef8d9e4d29b7eeb975910869d61888.jpg,incorrect qblock,5,#c5c5c5,197,197,197,"(456, 168, 472, 176)",199.18584287042088
251107_231658_0000096423_CAM1_NG_bmp.rf.31ef8d9e4d29b7eeb975910869d61888.jpg,incorrect qblock,6,#c1c1c1,193,193,193,"(346, 131, 359, 136)",192.25763964014538
251107_231658_0000096423_CAM1_NG_bmp.rf.31ef8d9e4d29b7eeb975910869d61888.jpg,incorrect qblock,7,#c2c2c2,194,194,194,"(551, 167, 568, 176)",193.98969044771425
251107_231658_0000096423_CAM1_NG_bmp.rf.31ef8d9e4d29b7eeb975910869d61888.jpg,incorrect qblock,8,#a7a7a7,167,167,167,"(157, 133, 169, 138)",147.22431864335456
251107_231658_0000096423_CAM1_NG_bmp.rf.31ef8d9e4d29b7eeb975910869d61888.jpg,incorrect qblock,9,#b5b5b5,181,181,181,"(252, 132, 264, 137)",171.47302994931886
251107_231658_0000096423_CAM1_NG_bmp.rf.31ef8d9e4d29b7eeb975910869d61888.jpg,incorrect qblock,10,#bfbfbf,191,191,191,"(536, 130, 549, 136)",188.79353802500762
251107_231658_0000096423_CAM1_NG_bmp.rf.31ef8d9e4d29b7eeb975910869d61888.jpg,incorrect qblock,11,#b7b7b7,183,183,183,"(442, 131, 454, 136)",174.9371315644566
251107_231658_0000096423_CAM1_NG_bmp.rf.31ef8d9e4d29b7eeb975910869d61888.jpg,incorrect qblock,12,#b3b3b3,179,179,179,"(632, 130, 644, 135)",168.0089283341811
251107_232346_0000097776_CAM1_NG_bmp.rf.0232f41899ca5af3ad008ce87c9700cd.jpg,incorrect qblock,0,#b6b6b6,182,182,182,"(266, 169, 281, 177)",173.20508075688772
251107_232346_0000097776_CAM1_NG_bmp.rf.0232f41899ca5af3ad008ce87c9700cd.jpg,incorrect qblock,1,#b3b3b3,179,179,179,"(172, 170, 187, 178)",168.0089283341811
251107_232346_0000097776_CAM1_NG_bmp.rf.0232f41899ca5af3ad008ce87c9700cd.jpg,incorrect qblock,2,#b8b8b8,184,184,184,"(646, 166, 662, 175)",176.6691823720255
251107_232346_0000097776_CAM1_NG_bmp.rf.0232f41899ca5af3ad008ce87c9700cd.jpg,incorrect qblock,3,#aaaaaa,170,170,170,"(77, 170, 93, 179)",152.4204710660612
251107_232346_0000097776_CAM1_NG_bmp.rf.0232f41899ca5af3ad008ce87c9700cd.jpg,incorrect qblock,4,#c0c0c0,192,192,192,"(457, 168, 472, 176)",190.5255888325765
251107_232346_0000097776_CAM1_NG_bmp.rf.0232f41899ca5af3ad008ce87c9700cd.jpg,incorrect qblock,5,#b4b4b4,180,180,180,"(252, 132, 264, 136)",169.74097914175
251107_232346_0000097776_CAM1_NG_bmp.rf.0232f41899ca5af3ad008ce87c9700cd.jpg,incorrect qblock,6,#bcbcbc,188,188,188,"(346, 131, 359, 136)",183.597385602301
251107_232346_0000097776_CAM1_NG_bmp.rf.0232f41899ca5af3ad008ce87c9700cd.jpg,incorrect qblock,7,#b8b8b8,184,184,184,"(361, 169, 376, 177)",176.6691823720255
251107_232346_0000097776_CAM1_NG_bmp.rf.0232f41899ca5af3ad008ce87c9700cd.jpg,incorrect qblock,8,#b0b0b0,176,176,176,"(157, 133, 169, 137)",162.81277591147446
251107_232346_0000097776_CAM1_NG_bmp.rf.0232f41899ca5af3ad008ce87c9700cd.jpg,incorrect qblock,9,#bfbfbf,191,191,191,"(551, 167, 568, 176)",188.79353802500762
251107_232346_0000097776_CAM1_NG_bmp.rf.0232f41899ca5af3ad008ce87c9700cd.jpg,incorrect qblock,10,#b8b8b8,184,184,184,"(442, 131, 454, 135)",176.6691823720255
251015_020538_0000434629_CAM1_OK_bmp.rf.4d468f4360b5c6e82fba4096a92ff200.jpg,qblock,0,#545454,84,84,84,"(265, 61, 281, 70)",3.4641016151377544
251015_020538_0000434629_CAM1_OK_bmp.rf.4d468f4360b5c6e82fba4096a92ff200.jpg,qblock,1,#484848,72,72,72,"(172, 288, 188, 297)",17.320508075688775
251015_020538_0000434629_CAM1_OK_bmp.rf.4d468f4360b5c6e82fba4096a92ff200.jpg,qblock,2,#4d4d4d,77,77,77,"(171, 62, 186, 71)",8.660254037844387
251015_020538_0000434629_CAM1_OK_bmp.rf.4d468f4360b5c6e82fba4096a92ff200.jpg,qblock,3,#4e4e4e,78,78,78,"(645, 59, 661, 67)",6.928203230275509
251015_020538_0000434629_CAM1_OK_bmp.rf.4d468f4360b5c6e82fba4096a92ff200.jpg,qblock,5,#4d4d4d,77,77,77,"(646, 286, 662, 294)",8.660254037844387
251015_020538_0000434629_CAM1_OK_bmp.rf.4d468f4360b5c6e82fba4096a92ff200.jpg,qblock,6,#565656,86,86,86,"(550, 59, 566, 68)",6.928203230275509
251015_020538_0000434629_CAM1_OK_bmp.rf.4d468f4360b5c6e82fba4096a92ff200.jpg,qblock,7,#444444,68,68,68,"(77, 63, 92, 71)",24.24871130596428
251015_020538_0000434629_CAM1_OK_bmp.rf.4d468f4360b5c6e82fba4096a92ff200.jpg,qblock,8,#595959,89,89,89,"(266, 287, 282, 296)",12.12435565298214
251015_020538_0000434629_CAM1_OK_bmp.rf.4d468f4360b5c6e82fba4096a92ff200.jpg,qblock,9,#414141,65,65,65,"(77, 288, 93, 297)",29.444863728670914
251015_020538_0000434629_CAM1_OK_bmp.rf.4d468f4360b5c6e82fba4096a92ff200.jpg,qblock,10,#4f4f4f,79,79,79,"(455, 60, 471, 69)",5.196152422706632
251015_020538_0000434629_CAM1_OK_bmp.rf.4d468f4360b5c6e82fba4096a92ff200.jpg,qblock,11,#414141,65,65,65,"(361, 288, 377, 296)",29.444863728670914
251015_020538_0000434629_CAM1_OK_bmp.rf.4d468f4360b5c6e82fba4096a92ff200.jpg,qblock,13,#5b5b5b,91,91,91,"(456, 286, 472, 295)",15.588457268119896
251015_020538_0000434629_CAM1_OK_bmp.rf.4d468f4360b5c6e82fba4096a92ff200.jpg,qblock,15,#555555,85,85,85,"(551, 286, 568, 295)",5.196152422706632
251015_020538_0000434629_CAM1_OK_bmp.rf.4d468f4360b5c6e82fba4096a92ff200.jpg,qblock,20,#464646,70,70,70,"(360, 61, 375, 69)",20.784609690826528
251010_125639_0000080776_CAM1_NG_bmp.rf.c51f197fe18edded643e24fa6bab64d1.jpg,qblock,0,#444444,68,68,68,"(648, 82, 663, 90)",24.24871130596428
251010_125639_0000080776_CAM1_NG_bmp.rf.c51f197fe18edded643e24fa6bab64d1.jpg,qblock,2,#5b5b5b,91,91,91,"(552, 82, 568, 90)",15.588457268119896
251010_125639_0000080776_CAM1_NG_bmp.rf.c51f197fe18edded643e24fa6bab64d1.jpg,qblock,3,#4d4d4d,77,77,77,"(80, 311, 96, 320)",8.660254037844387
251010_125639_0000080776_CAM1_NG_bmp.rf.c51f197fe18edded643e24fa6bab64d1.jpg,qblock,4,#5f5f5f,95,95,95,"(362, 83, 378, 92)",22.516660498395403
251010_125639_0000080776_CAM1_NG_bmp.rf.c51f197fe18edded643e24fa6bab64d1.jpg,qblock,5,#555555,85,85,85,"(269, 311, 285, 320)",5.196152422706632
251010_125639_0000080776_CAM1_NG_bmp.rf.c51f197fe18edded643e24fa6bab64d1.jpg,qblock,6,#545454,84,84,84,"(457, 83, 473, 91)",3.4641016151377544
251010_125639_0000080776_CAM1_NG_bmp.rf.c51f197fe18edded643e24fa6bab64d1.jpg,qblock,7,#565656,86,86,86,"(459, 310, 475, 319)",6.928203230275509
251010_125639_0000080776_CAM1_NG_bmp.rf.c51f197fe18edded643e24fa6bab64d1.jpg,qblock,8,#535353,83,83,83,"(649, 309, 665, 317)",1.7320508075688772
251010_125639_0000080776_CAM1_NG_bmp.rf.c51f197fe18edded643e24fa6bab64d1.jpg,qblock,9,#4e4e4e,78,78,78,"(364, 311, 380, 319)",6.928203230275509
251010_125639_0000080776_CAM1_NG_bmp.rf.c51f197fe18edded643e24fa6bab64d1.jpg,qblock,10,#4a4a4a,74,74,74,"(174, 312, 190, 320)",13.856406460551018
251010_125639_0000080776_CAM1_NG_bmp.rf.c51f197fe18edded643e24fa6bab64d1.jpg,qblock,15,#4b4b4b,75,75,75,"(554, 310, 570, 318)",12.12435565298214
251010_125639_0000080776_CAM1_NG_bmp.rf.c51f197fe18edded643e24fa6bab64d1.jpg,qblock,18,#5b5b5b,91,91,91,"(267, 84, 283, 93)",15.588457268119896
251010_125639_0000080776_CAM1_NG_bmp.rf.c51f197fe18edded643e24fa6bab64d1.jpg,qblock,24,#454545,69,69,69,"(79, 86, 95, 95)",22.516660498395403
251107_232356_0000097812_CAM1_NG_bmp.rf.4961ca57aa6389ac6f5f6a9dd2975c0d.jpg,incorrect qblock,0,#b3b3b3,179,179,179,"(266, 170, 281, 177)",168.0089283341811
251107_232356_0000097812_CAM1_NG_bmp.rf.4961ca57aa6389ac6f5f6a9dd2975c0d.jpg,incorrect qblock,1,#b2b2b2,178,178,178,"(172, 170, 187, 178)",166.27687752661222
251107_232356_0000097812_CAM1_NG_bmp.rf.4961ca57aa6389ac6f5f6a9dd2975c0d.jpg,incorrect qblock,2,#b5b5b5,181,181,181,"(646, 167, 662, 175)",171.47302994931886
251107_232356_0000097812_CAM1_NG_bmp.rf.4961ca57aa6389ac6f5f6a9dd2975c0d.jpg,incorrect qblock,3,#a1a1a1,161,161,161,"(77, 171, 93, 179)",136.8320137979413
251107_232356_0000097812_CAM1_NG_bmp.rf.4961ca57aa6389ac6f5f6a9dd2975c0d.jpg,incorrect qblock,4,#c0c0c0,192,192,192,"(457, 168, 472, 176)",190.5255888325765
251107_232356_0000097812_CAM1_NG_bmp.rf.4961ca57aa6389ac6f5f6a9dd2975c0d.jpg,incorrect qblock,5,#bcbcbc,188,188,188,"(361, 169, 376, 177)",183.597385602301
251107_232356_0000097812_CAM1_NG_bmp.rf.4961ca57aa6389ac6f5f6a9dd2975c0d.jpg,incorrect qblock,6,#b9b9b9,185,185,185,"(346, 132, 358, 136)",178.40123317959436
251107_232356_0000097812_CAM1_NG_bmp.rf.4961ca57aa6389ac6f5f6a9dd2975c0d.jpg,incorrect qblock,7,#b5b5b5,181,181,181,"(252, 132, 264, 137)",171.47302994931886
251107_232356_0000097812_CAM1_NG_bmp.rf.4961ca57aa6389ac6f5f6a9dd2975c0d.jpg,incorrect qblock,8,#b2b2b2,178,178,178,"(157, 133, 169, 138)",166.27687752661222
251107_232356_0000097812_CAM1_NG_bmp.rf.4961ca57aa6389ac6f5f6a9dd2975c0d.jpg,incorrect qblock,9,#bebebe,190,190,190,"(442, 131, 454, 136)",187.06148721743875
251107_232356_0000097812_CAM1_NG_bmp.rf.4961ca57aa6389ac6f5f6a9dd2975c0d.jpg,incorrect qblock,10,#c1c1c1,193,193,193,"(551, 167, 568, 176)",192.25763964014538
251107_232356_0000097812_CAM1_NG_bmp.rf.4961ca57aa6389ac6f5f6a9dd2975c0d.jpg,incorrect qblock,11,#c7c7c7,199,199,199,"(536, 130, 549, 136)",202.64994448555865
251015_020541_0000434638_CAM1_OK_bmp.rf.7f8c3306b45c3facc30d2bf701a08c17.jpg,qblock,0,#5b5b5b,91,91,91,"(645, 59, 662, 68)",15.588457268119896
251015_020541_0000434638_CAM1_OK_bmp.rf.7f8c3306b45c3facc30d2bf701a08c17.jpg,qblock,1,#505050,80,80,80,"(172, 288, 188, 297)",3.4641016151377544
251015_020541_0000434638_CAM1_OK_bmp.rf.7f8c3306b45c3facc30d2bf701a08c17.jpg,qblock,2,#4e4e4e,78,78,78,"(265, 62, 281, 71)",6.928203230275509
251015_020541_0000434638_CAM1_OK_bmp.rf.7f8c3306b45c3facc30d2bf701a08c17.jpg,qblock,3,#464646,70,70,70,"(171, 63, 186, 71)",20.784609690826528
251015_020541_0000434638_CAM1_OK_bmp.rf.7f8c3306b45c3facc30d2bf701a08c17.jpg,qblock,4,#3b3b3b,59,59,59,"(77, 64, 92, 72)",39.83716857408418
251015_020541_0000434638_CAM1_OK_bmp.rf.7f8c3306b45c3facc30d2bf701a08c17.jpg,qblock,5,#393939,57,57,57,"(77, 289, 93, 297)",43.30127018922193
251015_020541_0000434638_CAM1_OK_bmp.rf.7f8c3306b45c3facc30d2bf701a08c17.jpg,qblock,6,#505050,80,80,80,"(550, 60, 566, 68)",3.4641016151377544
251015_020541_0000434638_CAM1_OK_bmp.rf.7f8c3306b45c3facc30d2bf701a08c17.jpg,qblock,8,#545454,84,84,84,"(266, 288, 282, 297)",3.4641016151377544
251015_020541_0000434638_CAM1_OK_bmp.rf.7f8c3306b45c3facc30d2bf701a08c17.jpg,qblock,9,#4e4e4e,78,78,78,"(647, 286, 662, 295)",6.928203230275509
251015_020541_0000434638_CAM1_OK_bmp.rf.7f8c3306b45c3facc30d2bf701a08c17.jpg,qblock,10,#4b4b4b,75,75,75,"(361, 288, 377, 296)",12.12435565298214
251015_020541_0000434638_CAM1_OK_bmp.rf.7f8c3306b45c3facc30d2bf701a08c17.jpg,qblock,11,#474747,71,71,71,"(552, 287, 568, 296)",19.05255888325765
251015_020541_0000434638_CAM1_OK_bmp.rf.7f8c3306b45c3facc30d2bf701a08c17.jpg,qblock,12,#4c4c4c,76,76,76,"(457, 287, 472, 296)",10.392304845413264
251015_020541_0000434638_CAM1_OK_bmp.rf.7f8c3306b45c3facc30d2bf701a08c17.jpg,qblock,14,#5d5d5d,93,93,93,"(455, 60, 472, 69)",19.05255888325765
251015_020541_0000434638_CAM1_OK_bmp.rf.7f8c3306b45c3facc30d2bf701a08c17.jpg,qblock,18,#515151,81,81,81,"(360, 61, 376, 70)",1.7320508075688772
251107_232621_0000098291_CAM1_NG_bmp.rf.af58cd28d7a4e187674f7adf47fc2aba.jpg,incorrect qblock,0,#b5b5b5,181,181,181,"(266, 170, 281, 178)",171.47302994931886
251107_232621_0000098291_CAM1_NG_bmp.rf.af58cd28d7a4e187674f7adf47fc2aba.jpg,incorrect qblock,1,#b5b5b5,181,181,181,"(172, 170, 187, 178)",171.47302994931886
251107_232621_0000098291_CAM1_NG_bmp.rf.af58cd28d7a4e187674f7adf47fc2aba.jpg,incorrect qblock,2,#bfbfbf,191,191,191,"(361, 169, 376, 177)",188.79353802500762
251107_232621_0000098291_CAM1_NG_bmp.rf.af58cd28d7a4e187674f7adf47fc2aba.jpg,incorrect qblock,3,#b7b7b7,183,183,183,"(646, 167, 661, 175)",174.9371315644566
251107_232621_0000098291_CAM1_NG_bmp.rf.af58cd28d7a4e187674f7adf47fc2aba.jpg,incorrect qblock,4,#ababab,171,171,171,"(77, 171, 93, 179)",154.1525218736301
251107_232621_0000098291_CAM1_NG_bmp.rf.af58cd28d7a4e187674f7adf47fc2aba.jpg,incorrect qblock,5,#bebebe,190,190,190,"(346, 132, 359, 137)",187.06148721743875
251107_232621_0000098291_CAM1_NG_bmp.rf.af58cd28d7a4e187674f7adf47fc2aba.jpg,incorrect qblock,6,#c3c3c3,195,195,195,"(456, 169, 472, 176)",195.72174125528312
251107_232621_0000098291_CAM1_NG_bmp.rf.af58cd28d7a4e187674f7adf47fc2aba.jpg,incorrect qblock,7,#afafaf,175,175,175,"(632, 131, 644, 135)",161.0807251039056
251107_232621_0000098291_CAM1_NG_bmp.rf.af58cd28d7a4e187674f7adf47fc2aba.jpg,incorrect qblock,8,#c0c0c0,192,192,192,"(551, 168, 568, 176)",190.5255888325765
251107_232621_0000098291_CAM1_NG_bmp.rf.af58cd28d7a4e187674f7adf47fc2aba.jpg,incorrect qblock,9,#bebebe,190,190,190,"(441, 132, 454, 136)",187.06148721743875
251107_232621_0000098291_CAM1_NG_bmp.rf.af58cd28d7a4e187674f7adf47fc2aba.jpg,incorrect qblock,10,#b2b2b2,178,178,178,"(251, 133, 264, 138)",166.27687752661222
251107_232621_0000098291_CAM1_NG_bmp.rf.af58cd28d7a4e187674f7adf47fc2aba.jpg,incorrect qblock,11,#bcbcbc,188,188,188,"(536, 131, 549, 136)",183.597385602301
251107_232621_0000098291_CAM1_NG_bmp.rf.af58cd28d7a4e187674f7adf47fc2aba.jpg,incorrect qblock,12,#aaaaaa,170,170,170,"(157, 134, 169, 138)",152.4204710660612
251010_124904_0000080549_CAM1_NG_bmp.rf.035679e4447ca6815d8558b1ebf145a6.jpg,qblock,0,#515151,81,81,81,"(267, 92, 283, 100)",1.7320508075688772
251010_124904_0000080549_CAM1_NG_bmp.rf.035679e4447ca6815d8558b1ebf145a6.jpg,qblock,1,#595959,89,89,89,"(647, 89, 664, 98)",12.12435565298214
251010_124904_0000080549_CAM1_NG_bmp.rf.035679e4447ca6815d8558b1ebf145a6.jpg,qblock,2,#464646,70,70,70,"(79, 93, 95, 102)",20.784609690826528
251010_124904_0000080549_CAM1_NG_bmp.rf.035679e4447ca6815d8558b1ebf145a6.jpg,qblock,3,#4c4c4c,76,76,76,"(649, 317, 665, 325)",10.392304845413264
251010_124904_0000080549_CAM1_NG_bmp.rf.035679e4447ca6815d8558b1ebf145a6.jpg,qblock,4,#585858,88,88,88,"(174, 319, 191, 328)",10.392304845413264
251010_124904_0000080549_CAM1_NG_bmp.rf.035679e4447ca6815d8558b1ebf145a6.jpg,qblock,5,#5b5b5b,91,91,91,"(457, 90, 473, 99)",15.588457268119896
251010_124904_0000080549_CAM1_NG_bmp.rf.035679e4447ca6815d8558b1ebf145a6.jpg,qblock,6,#535353,83,83,83,"(552, 90, 569, 98)",1.7320508075688772
251010_124904_0000080549_CAM1_NG_bmp.rf.035679e4447ca6815d8558b1ebf145a6.jpg,qblock,7,#444444,68,68,68,"(80, 319, 96, 328)",24.24871130596428
251010_124904_0000080549_CAM1_NG_bmp.rf.035679e4447ca6815d8558b1ebf145a6.jpg,qblock,8,#575757,87,87,87,"(268, 319, 285, 327)",8.660254037844387
251010_124904_0000080549_CAM1_NG_bmp.rf.035679e4447ca6815d8558b1ebf145a6.jpg,qblock,9,#535353,83,83,83,"(362, 91, 378, 99)",1.7320508075688772
251010_124904_0000080549_CAM1_NG_bmp.rf.035679e4447ca6815d8558b1ebf145a6.jpg,qblock,10,#5a5a5a,90,90,90,"(173, 92, 189, 101)",13.856406460551018
251010_124904_0000080549_CAM1_NG_bmp.rf.035679e4447ca6815d8558b1ebf145a6.jpg,qblock,11,#515151,81,81,81,"(459, 318, 475, 327)",1.7320508075688772
251010_124904_0000080549_CAM1_NG_bmp.rf.035679e4447ca6815d8558b1ebf145a6.jpg,qblock,15,#575757,87,87,87,"(554, 317, 570, 326)",8.660254037844387
251010_124904_0000080549_CAM1_NG_bmp.rf.035679e4447ca6815d8558b1ebf145a6.jpg,qblock,17,#585858,88,88,88,"(364, 318, 380, 327)",10.392304845413264
251010_125624_0000080727_CAM1_NG_bmp.rf.623178d0c95d58cc3e7a9c988b8afbe3.jpg,qblock,1,#4c4c4c,76,76,76,"(172, 99, 188, 107)",10.392304845413264
251010_125624_0000080727_CAM1_NG_bmp.rf.623178d0c95d58cc3e7a9c988b8afbe3.jpg,qblock,3,#434343,67,67,67,"(649, 324, 665, 332)",25.98076211353316
251010_125624_0000080727_CAM1_NG_bmp.rf.623178d0c95d58cc3e7a9c988b8afbe3.jpg,qblock,5,#545454,84,84,84,"(362, 97, 378, 106)",3.4641016151377544
251010_125624_0000080727_CAM1_NG_bmp.rf.623178d0c95d58cc3e7a9c988b8afbe3.jpg,qblock,6,#565656,86,86,86,"(266, 98, 283, 106)",6.928203230275509
251010_125624_0000080727_CAM1_NG_bmp.rf.623178d0c95d58cc3e7a9c988b8afbe3.jpg,qblock,7,#494949,73,73,73,"(78, 99, 94, 108)",15.588457268119896
251010_125624_0000080727_CAM1_NG_bmp.rf.623178d0c95d58cc3e7a9c988b8afbe3.jpg,qblock,8,#5a5a5a,90,90,90,"(268, 325, 284, 333)",13.856406460551018
251010_125624_0000080727_CAM1_NG_bmp.rf.623178d0c95d58cc3e7a9c988b8afbe3.jpg,qblock,11,#5b5b5b,91,91,91,"(458, 324, 474, 333)",15.588457268119896
251010_125624_0000080727_CAM1_NG_bmp.rf.623178d0c95d58cc3e7a9c988b8afbe3.jpg,qblock,13,#535353,83,83,83,"(363, 325, 379, 333)",1.7320508075688772
251010_125624_0000080727_CAM1_NG_bmp.rf.623178d0c95d58cc3e7a9c988b8afbe3.jpg,qblock,15,#4e4e4e,78,78,78,"(80, 325, 96, 334)",6.928203230275509
251010_125624_0000080727_CAM1_NG_bmp.rf.623178d0c95d58cc3e7a9c988b8afbe3.jpg,qblock,16,#4c4c4c,76,76,76,"(457, 97, 473, 105)",10.392304845413264
251010_125624_0000080727_CAM1_NG_bmp.rf.623178d0c95d58cc3e7a9c988b8afbe3.jpg,qblock,17,#535353,83,83,83,"(648, 95, 663, 103)",1.7320508075688772
251010_125624_0000080727_CAM1_NG_bmp.rf.623178d0c95d58cc3e7a9c988b8afbe3.jpg,qblock,19,#575757,87,87,87,"(553, 324, 570, 332)",8.660254037844387
251010_125624_0000080727_CAM1_NG_bmp.rf.623178d0c95d58cc3e7a9c988b8afbe3.jpg,qblock,23,#5f5f5f,95,95,95,"(173, 325, 190, 334)",22.516660498395403
251107_231611_0000096269_CAM1_NG_bmp.rf.3ca46ab996a94939b705d0cef960b9e4.jpg,incorrect qblock,0,#ababab,171,171,171,"(266, 170, 281, 178)",154.1525218736301
251107_231611_0000096269_CAM1_NG_bmp.rf.3ca46ab996a94939b705d0cef960b9e4.jpg,incorrect qblock,1,#a4a4a4,164,164,164,"(172, 170, 187, 179)",142.02816622064793
251107_231611_0000096269_CAM1_NG_bmp.rf.3ca46ab996a94939b705d0cef960b9e4.jpg,incorrect qblock,2,#acacac,172,172,172,"(361, 170, 376, 177)",155.88457268119896
251107_231611_0000096269_CAM1_NG_bmp.rf.3ca46ab996a94939b705d0cef960b9e4.jpg,incorrect qblock,3,#b7b7b7,183,183,183,"(456, 169, 472, 177)",174.9371315644566
251107_231611_0000096269_CAM1_NG_bmp.rf.3ca46ab996a94939b705d0cef960b9e4.jpg,incorrect qblock,4,#aeaeae,174,174,174,"(646, 167, 661, 175)",159.34867429633672
251107_231611_0000096269_CAM1_NG_bmp.rf.3ca46ab996a94939b705d0cef960b9e4.jpg,incorrect qblock,5,#b0b0b0,176,176,176,"(346, 132, 359, 137)",162.81277591147446
251107_231611_0000096269_CAM1_NG_bmp.rf.3ca46ab996a94939b705d0cef960b9e4.jpg,incorrect qblock,6,#949494,148,148,148,"(77, 171, 93, 180)",114.3153532995459
251107_231611_0000096269_CAM1_NG_bmp.rf.3ca46ab996a94939b705d0cef960b9e4.jpg,incorrect qblock,7,#b6b6b6,182,182,182,"(551, 168, 568, 176)",173.20508075688772
251107_231611_0000096269_CAM1_NG_bmp.rf.3ca46ab996a94939b705d0cef960b9e4.jpg,incorrect qblock,8,#bbbbbb,187,187,187,"(536, 130, 549, 136)",181.86533479473212
251107_231611_0000096269_CAM1_NG_bmp.rf.3ca46ab996a94939b705d0cef960b9e4.jpg,incorrect qblock,9,#b1b1b1,177,177,177,"(252, 132, 264, 137)",164.54482671904336
251107_231611_0000096269_CAM1_NG_bmp.rf.3ca46ab996a94939b705d0cef960b9e4.jpg,incorrect qblock,10,#a6a6a6,166,166,166,"(157, 133, 169, 138)",145.4922678357857
251107_231611_0000096269_CAM1_NG_bmp.rf.3ca46ab996a94939b705d0cef960b9e4.jpg,incorrect qblock,11,#ababab,171,171,171,"(632, 130, 644, 135)",154.1525218736301
251107_231611_0000096269_CAM1_NG_bmp.rf.3ca46ab996a94939b705d0cef960b9e4.jpg,incorrect qblock,12,#b8b8b8,184,184,184,"(442, 131, 454, 136)",176.6691823720255
251107_232453_0000098001_CAM1_NG_bmp.rf.43c7cc907cf4df798e3ecf7bae7593ea.jpg,incorrect qblock,0,#b2b2b2,178,178,178,"(266, 169, 281, 177)",166.27687752661222
251107_232453_0000098001_CAM1_NG_bmp.rf.43c7cc907cf4df798e3ecf7bae7593ea.jpg,incorrect qblock,1,#adadad,173,173,173,"(172, 170, 187, 178)",157.61662348876783
251107_232453_0000098001_CAM1_NG_bmp.rf.43c7cc907cf4df798e3ecf7bae7593ea.jpg,incorrect qblock,2,#b6b6b6,182,182,182,"(646, 166, 662, 175)",173.20508075688772
251107_232453_0000098001_CAM1_NG_bmp.rf.43c7cc907cf4df798e3ecf7bae7593ea.jpg,incorrect qblock,3,#bdbdbd,189,189,189,"(456, 168, 472, 175)",185.32943640986986
251107_232453_0000098001_CAM1_NG_bmp.rf.43c7cc907cf4df798e3ecf7bae7593ea.jpg,incorrect qblock,4,#a9a9a9,169,169,169,"(77, 170, 93, 179)",150.68842025849233
251107_232453_0000098001_CAM1_NG_bmp.rf.43c7cc907cf4df798e3ecf7bae7593ea.jpg,incorrect qblock,5,#b5b5b5,181,181,181,"(251, 132, 264, 137)",171.47302994931886
251107_232453_0000098001_CAM1_NG_bmp.rf.43c7cc907cf4df798e3ecf7bae7593ea.jpg,incorrect qblock,6,#b3b3b3,179,179,179,"(361, 169, 376, 176)",168.0089283341811
251107_232453_0000098001_CAM1_NG_bmp.rf.43c7cc907cf4df798e3ecf7bae7593ea.jpg,incorrect qblock,7,#adadad,173,173,173,"(157, 133, 169, 137)",157.61662348876783
251107_232453_0000098001_CAM1_NG_bmp.rf.43c7cc907cf4df798e3ecf7bae7593ea.jpg,incorrect qblock,8,#bbbbbb,187,187,187,"(346, 131, 359, 136)",181.86533479473212
251107_232453_0000098001_CAM1_NG_bmp.rf.43c7cc907cf4df798e3ecf7bae7593ea.jpg,incorrect qblock,9,#bbbbbb,187,187,187,"(442, 131, 454, 135)",181.86533479473212
251010_201506_0000147686_CAM1_NG_bmp.rf.1a57511db1c2ac93f5c86461ffef2326.jpg,qblock,0,#545454,84,84,84,"(172, 292, 188, 301)",3.4641016151377544
251010_201506_0000147686_CAM1_NG_bmp.rf.1a57511db1c2ac93f5c86461ffef2326.jpg,qblock,1,#535353,83,83,83,"(550, 63, 567, 71)",1.7320508075688772
251010_201506_0000147686_CAM1_NG_bmp.rf.1a57511db1c2ac93f5c86461ffef2326.jpg,qblock,2,#5a5a5a,90,90,90,"(361, 291, 377, 300)",13.856406460551018
251010_201506_0000147686_CAM1_NG_bmp.rf.1a57511db1c2ac93f5c86461ffef2326.jpg,qblock,3,#595959,89,89,89,"(266, 292, 283, 300)",12.12435565298214
251010_201506_0000147686_CAM1_NG_bmp.rf.1a57511db1c2ac93f5c86461ffef2326.jpg,qblock,4,#555555,85,85,85,"(646, 290, 663, 299)",5.196152422706632
251010_201506_0000147686_CAM1_NG_bmp.rf.1a57511db1c2ac93f5c86461ffef2326.jpg,qblock,5,#5a5a5a,90,90,90,"(645, 62, 662, 71)",13.856406460551018
251010_201506_0000147686_CAM1_NG_bmp.rf.1a57511db1c2ac93f5c86461ffef2326.jpg,qblock,6,#555555,85,85,85,"(552, 290, 568, 299)",5.196152422706632
251010_201506_0000147686_CAM1_NG_bmp.rf.1a57511db1c2ac93f5c86461ffef2326.jpg,qblock,8,#6f6f6f,111,111,111,"(82, 292, 95, 300)",50.22947341949744
251010_201506_0000147686_CAM1_NG_bmp.rf.1a57511db1c2ac93f5c86461ffef2326.jpg,qblock,9,#575757,87,87,87,"(456, 291, 473, 300)",8.660254037844387
251010_201506_0000147686_CAM1_NG_bmp.rf.1a57511db1c2ac93f5c86461ffef2326.jpg,qblock,10,#505050,80,80,80,"(265, 65, 281, 73)",3.4641016151377544
251010_201506_0000147686_CAM1_NG_bmp.rf.1a57511db1c2ac93f5c86461ffef2326.jpg,qblock,15,#535353,83,83,83,"(360, 64, 376, 73)",1.7320508075688772
251010_201506_0000147686_CAM1_NG_bmp.rf.1a57511db1c2ac93f5c86461ffef2326.jpg,qblock,16,#4a4a4a,74,74,74,"(455, 64, 471, 72)",13.856406460551018
251010_201506_0000147686_CAM1_NG_bmp.rf.1a57511db1c2ac93f5c86461ffef2326.jpg,qblock,19,#606060,96,96,96,"(80, 67, 93, 75)",24.24871130596428
251010_125634_0000080761_CAM1_NG_bmp.rf.0cf1178d427474ba79584a27790c6acc.jpg,qblock,0,#535353,83,83,83,"(268, 312, 284, 320)",1.7320508075688772
251010_125634_0000080761_CAM1_NG_bmp.rf.0cf1178d427474ba79584a27790c6acc.jpg,qblock,1,#545454,84,84,84,"(647, 82, 663, 90)",3.4641016151377544
251010_125634_0000080761_CAM1_NG_bmp.rf.0cf1178d427474ba79584a27790c6acc.jpg,qblock,2,#595959,89,89,89,"(363, 311, 379, 320)",12.12435565298214
251010_125634_0000080761_CAM1_NG_bmp.rf.0cf1178d427474ba79584a27790c6acc.jpg,qblock,3,#545454,84,84,84,"(458, 311, 474, 319)",3.4641016151377544
251010_125634_0000080761_CAM1_NG_bmp.rf.0cf1178d427474ba79584a27790c6acc.jpg,qblock,4,#555555,85,85,85,"(648, 310, 665, 318)",5.196152422706632
251010_125634_0000080761_CAM1_NG_bmp.rf.0cf1178d427474ba79584a27790c6acc.jpg,qblock,5,#4c4c4c,76,76,76,"(552, 83, 568, 91)",10.392304845413264
251010_125634_0000080761_CAM1_NG_bmp.rf.0cf1178d427474ba79584a27790c6acc.jpg,qblock,7,#4a4a4a,74,74,74,"(553, 311, 569, 319)",13.856406460551018
251010_125634_0000080761_CAM1_NG_bmp.rf.0cf1178d427474ba79584a27790c6acc.jpg,qblock,8,#505050,80,80,80,"(362, 84, 377, 92)",3.4641016151377544
251010_125634_0000080761_CAM1_NG_bmp.rf.0cf1178d427474ba79584a27790c6acc.jpg,qblock,10,#464646,70,70,70,"(80, 312, 95, 321)",20.784609690826528
251010_125634_0000080761_CAM1_NG_bmp.rf.0cf1178d427474ba79584a27790c6acc.jpg,qblock,11,#535353,83,83,83,"(174, 312, 190, 320)",1.7320508075688772
251010_125634_0000080761_CAM1_NG_bmp.rf.0cf1178d427474ba79584a27790c6acc.jpg,qblock,12,#5a5a5a,90,90,90,"(457, 83, 473, 91)",13.856406460551018
251010_125634_0000080761_CAM1_NG_bmp.rf.0cf1178d427474ba79584a27790c6acc.jpg,qblock,13,#5c5c5c,92,92,92,"(267, 84, 283, 93)",17.320508075688775
251010_125634_0000080761_CAM1_NG_bmp.rf.0cf1178d427474ba79584a27790c6acc.jpg,qblock,21,#454545,69,69,69,"(79, 86, 94, 95)",22.516660498395403
251107_232212_0000097464_CAM1_NG_bmp.rf.5756a14a994d3f1f58a08d97cd5b2eb4.jpg,incorrect qblock,0,#b6b6b6,182,182,182,"(172, 170, 187, 179)",173.20508075688772
251107_232212_0000097464_CAM1_NG_bmp.rf.5756a14a994d3f1f58a08d97cd5b2eb4.jpg,incorrect qblock,1,#b5b5b5,181,181,181,"(266, 170, 281, 178)",171.47302994931886
251107_232212_0000097464_CAM1_NG_bmp.rf.5756a14a994d3f1f58a08d97cd5b2eb4.jpg,incorrect qblock,2,#a6a6a6,166,166,166,"(77, 171, 93, 179)",145.4922678357857
251107_232212_0000097464_CAM1_NG_bmp.rf.5756a14a994d3f1f58a08d97cd5b2eb4.jpg,incorrect qblock,3,#b7b7b7,183,183,183,"(646, 167, 661, 175)",174.9371315644566
251107_232212_0000097464_CAM1_NG_bmp.rf.5756a14a994d3f1f58a08d97cd5b2eb4.jpg,incorrect qblock,4,#bfbfbf,191,191,191,"(456, 169, 472, 177)",188.79353802500762
251107_232212_0000097464_CAM1_NG_bmp.rf.5756a14a994d3f1f58a08d97cd5b2eb4.jpg,incorrect qblock,5,#bbbbbb,187,187,187,"(361, 169, 376, 177)",181.86533479473212
251107_232212_0000097464_CAM1_NG_bmp.rf.5756a14a994d3f1f58a08d97cd5b2eb4.jpg,incorrect qblock,6,#bcbcbc,188,188,188,"(346, 132, 358, 136)",183.597385602301
251107_232212_0000097464_CAM1_NG_bmp.rf.5756a14a994d3f1f58a08d97cd5b2eb4.jpg,incorrect qblock,7,#bebebe,190,190,190,"(551, 168, 568, 176)",187.06148721743875
251107_232212_0000097464_CAM1_NG_bmp.rf.5756a14a994d3f1f58a08d97cd5b2eb4.jpg,incorrect qblock,8,#aeaeae,174,174,174,"(252, 133, 264, 138)",159.34867429633672
251107_232212_0000097464_CAM1_NG_bmp.rf.5756a14a994d3f1f58a08d97cd5b2eb4.jpg,incorrect qblock,9,#c2c2c2,194,194,194,"(441, 131, 454, 136)",193.98969044771425
251107_232212_0000097464_CAM1_NG_bmp.rf.5756a14a994d3f1f58a08d97cd5b2eb4.jpg,incorrect qblock,10,#a8a8a8,168,168,168,"(157, 134, 169, 138)",148.95636945092346
251107_232212_0000097464_CAM1_NG_bmp.rf.5756a14a994d3f1f58a08d97cd5b2eb4.jpg,incorrect qblock,11,#c6c6c6,198,198,198,"(536, 130, 549, 136)",200.91789367798975
251107_232212_0000097464_CAM1_NG_bmp.rf.5756a14a994d3f1f58a08d97cd5b2eb4.jpg,incorrect qblock,12,#b4b4b4,180,180,180,"(632, 130, 644, 135)",169.74097914175
251010_124907_0000080558_CAM1_NG_bmp.rf.d0ed17866a0ebe4642072c5294850992.jpg,qblock,0,#3e3e3e,62,62,62,"(79, 94, 94, 102)",34.64101615137755
251010_124907_0000080558_CAM1_NG_bmp.rf.d0ed17866a0ebe4642072c5294850992.jpg,qblock,1,#525252,82,82,82,"(647, 90, 664, 98)",0.0
251010_124907_0000080558_CAM1_NG_bmp.rf.d0ed17866a0ebe4642072c5294850992.jpg,qblock,2,#575757,87,87,87,"(267, 92, 283, 101)",8.660254037844387
251010_124907_0000080558_CAM1_NG_bmp.rf.d0ed17866a0ebe4642072c5294850992.jpg,qblock,3,#606060,96,96,96,"(268, 318, 284, 327)",24.24871130596428
251010_124907_0000080558_CAM1_NG_bmp.rf.d0ed17866a0ebe4642072c5294850992.jpg,qblock,4,#585858,88,88,88,"(552, 90, 568, 99)",10.392304845413264
251010_124907_0000080558_CAM1_NG_bmp.rf.d0ed17866a0ebe4642072c5294850992.jpg,qblock,5,#454545,69,69,69,"(80, 319, 96, 328)",22.516660498395403
251010_124907_0000080558_CAM1_NG_bmp.rf.d0ed17866a0ebe4642072c5294850992.jpg,qblock,6,#525252,82,82,82,"(648, 317, 665, 325)",0.0
251010_124907_0000080558_CAM1_NG_bmp.rf.d0ed17866a0ebe4642072c5294850992.jpg,qblock,7,#4e4e4e,78,78,78,"(174, 319, 190, 327)",6.928203230275509
251010_124907_0000080558_CAM1_NG_bmp.rf.d0ed17866a0ebe4642072c5294850992.jpg,qblock,8,#525252,82,82,82,"(457, 91, 473, 99)",0.0
251010_124907_0000080558_CAM1_NG_bmp.rf.d0ed17866a0ebe4642072c5294850992.jpg,qblock,9,#5c5c5c,92,92,92,"(362, 91, 378, 100)",17.320508075688775
251010_124907_0000080558_CAM1_NG_bmp.rf.d0ed17866a0ebe4642072c5294850992.jpg,qblock,10,#565656,86,86,86,"(172, 93, 188, 101)",6.928203230275509
251010_124907_0000080558_CAM1_NG_bmp.rf.d0ed17866a0ebe4642072c5294850992.jpg,qblock,11,#535353,83,83,83,"(458, 318, 474, 326)",1.7320508075688772
251010_124907_0000080558_CAM1_NG_bmp.rf.d0ed17866a0ebe4642072c5294850992.jpg,qblock,14,#5b5b5b,91,91,91,"(553, 317, 570, 326)",15.588457268119896
251010_124907_0000080558_CAM1_NG_bmp.rf.d0ed17866a0ebe4642072c5294850992.jpg,qblock,15,#5e5e5e,94,94,94,"(363, 318, 380, 327)",20.784609690826528
251107_231952_0000097001_CAM1_NG_bmp.rf.7f69b5935e8e5260075e44e10b2740a0.jpg,incorrect qblock,0,#b9b9b9,185,185,185,"(266, 169, 281, 177)",178.40123317959436
251107_231952_0000097001_CAM1_NG_bmp.rf.7f69b5935e8e5260075e44e10b2740a0.jpg,incorrect qblock,1,#b3b3b3,179,179,179,"(172, 170, 187, 178)",168.0089283341811
251107_231952_0000097001_CAM1_NG_bmp.rf.7f69b5935e8e5260075e44e10b2740a0.jpg,incorrect qblock,2,#bababa,186,186,186,"(646, 166, 662, 175)",180.13328398716322
251107_231952_0000097001_CAM1_NG_bmp.rf.7f69b5935e8e5260075e44e10b2740a0.jpg,incorrect qblock,3,#a1a1a1,161,161,161,"(77, 171, 93, 179)",136.8320137979413
251107_231952_0000097001_CAM1_NG_bmp.rf.7f69b5935e8e5260075e44e10b2740a0.jpg,incorrect qblock,4,#c2c2c2,194,194,194,"(457, 168, 472, 176)",193.98969044771425
251107_231952_0000097001_CAM1_NG_bmp.rf.7f69b5935e8e5260075e44e10b2740a0.jpg,incorrect qblock,5,#bbbbbb,187,187,187,"(361, 169, 376, 177)",181.86533479473212
251107_231952_0000097001_CAM1_NG_bmp.rf.7f69b5935e8e5260075e44e10b2740a0.jpg,incorrect qblock,6,#b7b7b7,183,183,183,"(346, 132, 358, 136)",174.9371315644566
251107_231952_0000097001_CAM1_NG_bmp.rf.7f69b5935e8e5260075e44e10b2740a0.jpg,incorrect qblock,7,#acacac,172,172,172,"(158, 133, 170, 138)",155.88457268119896
251107_231952_0000097001_CAM1_NG_bmp.rf.7f69b5935e8e5260075e44e10b2740a0.jpg,incorrect qblock,8,#b1b1b1,177,177,177,"(252, 132, 264, 137)",164.54482671904336
251107_231952_0000097001_CAM1_NG_bmp.rf.7f69b5935e8e5260075e44e10b2740a0.jpg,incorrect qblock,9,#bebebe,190,190,190,"(551, 167, 568, 176)",187.06148721743875
251107_231952_0000097001_CAM1_NG_bmp.rf.7f69b5935e8e5260075e44e10b2740a0.jpg,incorrect qblock,10,#c4c4c4,196,196,196,"(536, 130, 550, 135)",197.45379206285202
251107_231952_0000097001_CAM1_NG_bmp.rf.7f69b5935e8e5260075e44e10b2740a0.jpg,incorrect qblock,11,#bbbbbb,187,187,187,"(442, 131, 454, 136)",181.86533479473212
251107_231952_0000097001_CAM1_NG_bmp.rf.7f69b5935e8e5260075e44e10b2740a0.jpg,incorrect qblock,12,#b4b4b4,180,180,180,"(632, 130, 644, 135)",169.74097914175
251010_125645_0000080799_CAM1_NG_bmp.rf.a1aba995965d81768144476f86d812cf.jpg,qblock,0,#515151,81,81,81,"(267, 82, 283, 90)",1.7320508075688772
251010_125645_0000080799_CAM1_NG_bmp.rf.a1aba995965d81768144476f86d812cf.jpg,qblock,1,#626262,98,98,98,"(172, 82, 188, 91)",27.712812921102035
251010_125645_0000080799_CAM1_NG_bmp.rf.a1aba995965d81768144476f86d812cf.jpg,qblock,2,#565656,86,86,86,"(647, 79, 663, 88)",6.928203230275509
251010_125645_0000080799_CAM1_NG_bmp.rf.a1aba995965d81768144476f86d812cf.jpg,qblock,3,#515151,81,81,81,"(552, 80, 568, 88)",1.7320508075688772
251010_125645_0000080799_CAM1_NG_bmp.rf.a1aba995965d81768144476f86d812cf.jpg,qblock,4,#5e5e5e,94,94,94,"(268, 308, 284, 317)",20.784609690826528
251010_125645_0000080799_CAM1_NG_bmp.rf.a1aba995965d81768144476f86d812cf.jpg,qblock,5,#5c5c5c,92,92,92,"(457, 80, 473, 89)",17.320508075688775
251010_125645_0000080799_CAM1_NG_bmp.rf.a1aba995965d81768144476f86d812cf.jpg,qblock,6,#555555,85,85,85,"(362, 81, 378, 89)",5.196152422706632
251010_125645_0000080799_CAM1_NG_bmp.rf.a1aba995965d81768144476f86d812cf.jpg,qblock,7,#4d4d4d,77,77,77,"(174, 309, 190, 317)",8.660254037844387
251010_125645_0000080799_CAM1_NG_bmp.rf.a1aba995965d81768144476f86d812cf.jpg,qblock,8,#4f4f4f,79,79,79,"(458, 308, 474, 316)",5.196152422706632
251010_125645_0000080799_CAM1_NG_bmp.rf.a1aba995965d81768144476f86d812cf.jpg,qblock,9,#5c5c5c,92,92,92,"(363, 308, 380, 316)",17.320508075688775
251010_125645_0000080799_CAM1_NG_bmp.rf.a1aba995965d81768144476f86d812cf.jpg,qblock,12,#454545,69,69,69,"(80, 309, 96, 317)",22.516660498395403
251010_125645_0000080799_CAM1_NG_bmp.rf.a1aba995965d81768144476f86d812cf.jpg,qblock,18,#4d4d4d,77,77,77,"(79, 83, 95, 92)",8.660254037844387
251010_125645_0000080799_CAM1_NG_bmp.rf.a1aba995965d81768144476f86d812cf.jpg,qblock,22,#474747,71,71,71,"(649, 307, 665, 315)",19.05255888325765
251010_125645_0000080799_CAM1_NG_bmp.rf.a1aba995965d81768144476f86d812cf.jpg,qblock,24,#535353,83,83,83,"(554, 307, 570, 315)",1.7320508075688772
251010_125625_0000080729_CAM1_NG_bmp.rf.0ef668c4903c1ea6856b1a9046ef2c7d.jpg,qblock,0,#5c5c5c,92,92,92,"(172, 99, 188, 107)",17.320508075688775
251010_125625_0000080729_CAM1_NG_bmp.rf.0ef668c4903c1ea6856b1a9046ef2c7d.jpg,qblock,3,#434343,67,67,67,"(649, 324, 665, 332)",25.98076211353316
251010_125625_0000080729_CAM1_NG_bmp.rf.0ef668c4903c1ea6856b1a9046ef2c7d.jpg,qblock,5,#5b5b5b,91,91,91,"(267, 98, 283, 107)",15.588457268119896
251010_125625_0000080729_CAM1_NG_bmp.rf.0ef668c4903c1ea6856b1a9046ef2c7d.jpg,qblock,6,#606060,96,96,96,"(362, 97, 378, 106)",24.24871130596428
251010_125625_0000080729_CAM1_NG_bmp.rf.0ef668c4903c1ea6856b1a9046ef2c7d.jpg,qblock,10,#5c5c5c,92,92,92,"(268, 325, 284, 334)",17.320508075688775
251010_125625_0000080729_CAM1_NG_bmp.rf.0ef668c4903c1ea6856b1a9046ef2c7d.jpg,qblock,11,#595959,89,89,89,"(457, 97, 473, 105)",12.12435565298214
251010_125625_0000080729_CAM1_NG_bmp.rf.0ef668c4903c1ea6856b1a9046ef2c7d.jpg,qblock,12,#4b4b4b,75,75,75,"(458, 325, 474, 333)",12.12435565298214
251010_125625_0000080729_CAM1_NG_bmp.rf.0ef668c4903c1ea6856b1a9046ef2c7d.jpg,qblock,14,#444444,68,68,68,"(79, 100, 95, 108)",24.24871130596428
251010_125625_0000080729_CAM1_NG_bmp.rf.0ef668c4903c1ea6856b1a9046ef2c7d.jpg,qblock,15,#545454,84,84,84,"(363, 325, 379, 333)",3.4641016151377544
251010_125625_0000080729_CAM1_NG_bmp.rf.0ef668c4903c1ea6856b1a9046ef2c7d.jpg,qblock,16,#4b4b4b,75,75,75,"(80, 325, 96, 334)",12.12435565298214
251010_125625_0000080729_CAM1_NG_bmp.rf.0ef668c4903c1ea6856b1a9046ef2c7d.jpg,qblock,19,#545454,84,84,84,"(553, 324, 569, 332)",3.4641016151377544
251010_125625_0000080729_CAM1_NG_bmp.rf.0ef668c4903c1ea6856b1a9046ef2c7d.jpg,qblock,20,#4b4b4b,75,75,75,"(648, 96, 663, 104)",12.12435565298214
251010_125625_0000080729_CAM1_NG_bmp.rf.0ef668c4903c1ea6856b1a9046ef2c7d.jpg,qblock,21,#4c4c4c,76,76,76,"(552, 97, 568, 105)",10.392304845413264
251010_125625_0000080729_CAM1_NG_bmp.rf.0ef668c4903c1ea6856b1a9046ef2c7d.jpg,qblock,22,#595959,89,89,89,"(174, 325, 190, 334)",12.12435565298214
251107_231842_0000096768_CAM1_NG_bmp.rf.9ab23181022570981df21ab3cc593dc2.jpg,incorrect qblock,0,#b7b7b7,183,183,183,"(266, 169, 281, 177)",174.9371315644566
251107_231842_0000096768_CAM1_NG_bmp.rf.9ab23181022570981df21ab3cc593dc2.jpg,incorrect qblock,1,#afafaf,175,175,175,"(172, 170, 187, 178)",161.0807251039056
251107_231842_0000096768_CAM1_NG_bmp.rf.9ab23181022570981df21ab3cc593dc2.jpg,incorrect qblock,2,#bdbdbd,189,189,189,"(646, 166, 662, 175)",185.32943640986986
251107_231842_0000096768_CAM1_NG_bmp.rf.9ab23181022570981df21ab3cc593dc2.jpg,incorrect qblock,3,#a5a5a5,165,165,165,"(77, 170, 93, 179)",143.76021702821683
251107_231842_0000096768_CAM1_NG_bmp.rf.9ab23181022570981df21ab3cc593dc2.jpg,incorrect qblock,4,#c1c1c1,193,193,193,"(457, 168, 472, 176)",192.25763964014538
251107_231842_0000096768_CAM1_NG_bmp.rf.9ab23181022570981df21ab3cc593dc2.jpg,incorrect qblock,5,#bababa,186,186,186,"(361, 169, 376, 176)",180.13328398716322
251107_231842_0000096768_CAM1_NG_bmp.rf.9ab23181022570981df21ab3cc593dc2.jpg,incorrect qblock,6,#bfbfbf,191,191,191,"(346, 131, 359, 136)",188.79353802500762
251107_231842_0000096768_CAM1_NG_bmp.rf.9ab23181022570981df21ab3cc593dc2.jpg,incorrect qblock,7,#afafaf,175,175,175,"(157, 133, 170, 137)",161.0807251039056
251107_231842_0000096768_CAM1_NG_bmp.rf.9ab23181022570981df21ab3cc593dc2.jpg,incorrect qblock,8,#b2b2b2,178,178,178,"(252, 132, 264, 137)",166.27687752661222
251107_231842_0000096768_CAM1_NG_bmp.rf.9ab23181022570981df21ab3cc593dc2.jpg,incorrect qblock,9,#bdbdbd,189,189,189,"(442, 131, 454, 136)",185.32943640986986
251107_231842_0000096768_CAM1_NG_bmp.rf.9ab23181022570981df21ab3cc593dc2.jpg,incorrect qblock,10,#c4c4c4,196,196,196,"(536, 130, 550, 135)",197.45379206285202
251107_231842_0000096768_CAM1_NG_bmp.rf.9ab23181022570981df21ab3cc593dc2.jpg,incorrect qblock,11,#b4b4b4,180,180,180,"(632, 130, 644, 135)",169.74097914175
251107_231842_0000096768_CAM1_NG_bmp.rf.9ab23181022570981df21ab3cc593dc2.jpg,incorrect qblock,12,#bebebe,190,190,190,"(551, 167, 568, 176)",187.06148721743875
251010_125638_0000080774_CAM1_NG_bmp.rf.6ccd22150a192c09066cd75e341ff0c7.jpg,qblock,0,#505050,80,80,80,"(647, 81, 663, 89)",3.4641016151377544
251010_125638_0000080774_CAM1_NG_bmp.rf.6ccd22150a192c09066cd75e341ff0c7.jpg,qblock,1,#595959,89,89,89,"(552, 81, 568, 90)",12.12435565298214
251010_125638_0000080774_CAM1_NG_bmp.rf.6ccd22150a192c09066cd75e341ff0c7.jpg,qblock,2,#505050,80,80,80,"(269, 311, 285, 319)",3.4641016151377544
251010_125638_0000080774_CAM1_NG_bmp.rf.6ccd22150a192c09066cd75e341ff0c7.jpg,qblock,3,#4b4b4b,75,75,75,"(267, 84, 283, 92)",12.12435565298214
251010_125638_0000080774_CAM1_NG_bmp.rf.6ccd22150a192c09066cd75e341ff0c7.jpg,qblock,4,#4d4d4d,77,77,77,"(459, 310, 475, 318)",8.660254037844387
251010_125638_0000080774_CAM1_NG_bmp.rf.6ccd22150a192c09066cd75e341ff0c7.jpg,qblock,6,#4f4f4f,79,79,79,"(362, 83, 378, 91)",5.196152422706632
251010_125638_0000080774_CAM1_NG_bmp.rf.6ccd22150a192c09066cd75e341ff0c7.jpg,qblock,8,#555555,85,85,85,"(457, 82, 473, 90)",5.196152422706632
251010_125638_0000080774_CAM1_NG_bmp.rf.6ccd22150a192c09066cd75e341ff0c7.jpg,qblock,9,#525252,82,82,82,"(554, 309, 570, 318)",0.0
251010_125638_0000080774_CAM1_NG_bmp.rf.6ccd22150a192c09066cd75e341ff0c7.jpg,qblock,12,#565656,86,86,86,"(364, 310, 380, 319)",6.928203230275509
251010_125638_0000080774_CAM1_NG_bmp.rf.6ccd22150a192c09066cd75e341ff0c7.jpg,qblock,13,#464646,70,70,70,"(80, 311, 96, 320)",20.784609690826528
251010_125638_0000080774_CAM1_NG_bmp.rf.6ccd22150a192c09066cd75e341ff0c7.jpg,qblock,16,#545454,84,84,84,"(174, 311, 190, 319)",3.4641016151377544
251010_125638_0000080774_CAM1_NG_bmp.rf.6ccd22150a192c09066cd75e341ff0c7.jpg,qblock,17,#494949,73,73,73,"(649, 309, 665, 317)",15.588457268119896
251010_125638_0000080774_CAM1_NG_bmp.rf.6ccd22150a192c09066cd75e341ff0c7.jpg,qblock,22,#525252,82,82,82,"(173, 84, 188, 93)",0.0
251010_125638_0000080774_CAM1_NG_bmp.rf.6ccd22150a192c09066cd75e341ff0c7.jpg,qblock,23,#464646,70,70,70,"(79, 85, 95, 94)",20.784609690826528
251107_232103_0000097236_CAM1_NG_bmp.rf.c7f621774bf0a8088b5d1445dd50179f.jpg,incorrect qblock,0,#b7b7b7,183,183,183,"(266, 169, 281, 177)",174.9371315644566
251107_232103_0000097236_CAM1_NG_bmp.rf.c7f621774bf0a8088b5d1445dd50179f.jpg,incorrect qblock,1,#b2b2b2,178,178,178,"(172, 170, 187, 178)",166.27687752661222
251107_232103_0000097236_CAM1_NG_bmp.rf.c7f621774bf0a8088b5d1445dd50179f.jpg,incorrect qblock,2,#b6b6b6,182,182,182,"(646, 166, 662, 175)",173.20508075688772
251107_232103_0000097236_CAM1_NG_bmp.rf.c7f621774bf0a8088b5d1445dd50179f.jpg,incorrect qblock,3,#a4a4a4,164,164,164,"(77, 171, 93, 179)",142.02816622064793
251107_232103_0000097236_CAM1_NG_bmp.rf.c7f621774bf0a8088b5d1445dd50179f.jpg,incorrect qblock,4,#c5c5c5,197,197,197,"(457, 168, 472, 176)",199.18584287042088
251107_232103_0000097236_CAM1_NG_bmp.rf.c7f621774bf0a8088b5d1445dd50179f.jpg,incorrect qblock,5,#bababa,186,186,186,"(361, 169, 376, 177)",180.13328398716322
251107_232103_0000097236_CAM1_NG_bmp.rf.c7f621774bf0a8088b5d1445dd50179f.jpg,incorrect qblock,6,#b0b0b0,176,176,176,"(157, 133, 169, 137)",162.81277591147446
251107_232103_0000097236_CAM1_NG_bmp.rf.c7f621774bf0a8088b5d1445dd50179f.jpg,incorrect qblock,7,#b5b5b5,181,181,181,"(252, 132, 264, 137)",171.47302994931886
251107_232103_0000097236_CAM1_NG_bmp.rf.c7f621774bf0a8088b5d1445dd50179f.jpg,incorrect qblock,8,#bfbfbf,191,191,191,"(346, 131, 359, 136)",188.79353802500762
251107_232103_0000097236_CAM1_NG_bmp.rf.c7f621774bf0a8088b5d1445dd50179f.jpg,incorrect qblock,9,#bababa,186,186,186,"(442, 131, 454, 135)",180.13328398716322
251107_232103_0000097236_CAM1_NG_bmp.rf.c7f621774bf0a8088b5d1445dd50179f.jpg,incorrect qblock,10,#c3c3c3,195,195,195,"(536, 130, 549, 135)",195.72174125528312
251107_232103_0000097236_CAM1_NG_bmp.rf.c7f621774bf0a8088b5d1445dd50179f.jpg,incorrect qblock,11,#bebebe,190,190,190,"(551, 167, 568, 176)",187.06148721743875
251107_232330_0000097726_CAM1_NG_bmp.rf.3323a65b827bb7098df1edb10c60c4ac.jpg,incorrect qblock,0,#b6b6b6,182,182,182,"(266, 170, 281, 178)",173.20508075688772
251107_232330_0000097726_CAM1_NG_bmp.rf.3323a65b827bb7098df1edb10c60c4ac.jpg,incorrect qblock,1,#aeaeae,174,174,174,"(172, 171, 187, 179)",159.34867429633672
251107_232330_0000097726_CAM1_NG_bmp.rf.3323a65b827bb7098df1edb10c60c4ac.jpg,incorrect qblock,2,#b7b7b7,183,183,183,"(361, 170, 376, 178)",174.9371315644566
251107_232330_0000097726_CAM1_NG_bmp.rf.3323a65b827bb7098df1edb10c60c4ac.jpg,incorrect qblock,3,#c0c0c0,192,192,192,"(646, 167, 662, 175)",190.5255888325765
251107_232330_0000097726_CAM1_NG_bmp.rf.3323a65b827bb7098df1edb10c60c4ac.jpg,incorrect qblock,4,#c1c1c1,193,193,193,"(456, 169, 472, 177)",192.25763964014538
251107_232330_0000097726_CAM1_NG_bmp.rf.3323a65b827bb7098df1edb10c60c4ac.jpg,incorrect qblock,5,#c1c1c1,193,193,193,"(346, 132, 359, 137)",192.25763964014538
251107_232330_0000097726_CAM1_NG_bmp.rf.3323a65b827bb7098df1edb10c60c4ac.jpg,incorrect qblock,6,#c3c3c3,195,195,195,"(551, 168, 568, 176)",195.72174125528312
251107_232330_0000097726_CAM1_NG_bmp.rf.3323a65b827bb7098df1edb10c60c4ac.jpg,incorrect qblock,7,#a4a4a4,164,164,164,"(78, 172, 93, 180)",142.02816622064793
251107_232330_0000097726_CAM1_NG_bmp.rf.3323a65b827bb7098df1edb10c60c4ac.jpg,incorrect qblock,8,#b0b0b0,176,176,176,"(632, 131, 644, 136)",162.81277591147446
251107_232330_0000097726_CAM1_NG_bmp.rf.3323a65b827bb7098df1edb10c60c4ac.jpg,incorrect qblock,9,#cacaca,202,202,202,"(442, 131, 454, 136)",207.84609690826528
251107_232330_0000097726_CAM1_NG_bmp.rf.3323a65b827bb7098df1edb10c60c4ac.jpg,incorrect qblock,10,#c2c2c2,194,194,194,"(536, 131, 549, 136)",193.98969044771425
251107_232330_0000097726_CAM1_NG_bmp.rf.3323a65b827bb7098df1edb10c60c4ac.jpg,incorrect qblock,11,#b9b9b9,185,185,185,"(251, 133, 263, 138)",178.40123317959436
251107_232330_0000097726_CAM1_NG_bmp.rf.3323a65b827bb7098df1edb10c60c4ac.jpg,incorrect qblock,12,#b1b1b1,177,177,177,"(157, 134, 169, 138)",164.54482671904336
251107_231741_0000096566_CAM1_NG_bmp.rf.27391f330c398610a0db23215598ffb1.jpg,incorrect qblock,0,#acacac,172,172,172,"(172, 171, 187, 179)",155.88457268119896
251107_231741_0000096566_CAM1_NG_bmp.rf.27391f330c398610a0db23215598ffb1.jpg,incorrect qblock,1,#b4b4b4,180,180,180,"(266, 170, 281, 178)",169.74097914175
251107_231741_0000096566_CAM1_NG_bmp.rf.27391f330c398610a0db23215598ffb1.jpg,incorrect qblock,2,#bdbdbd,189,189,189,"(361, 169, 376, 177)",185.32943640986986
251107_231741_0000096566_CAM1_NG_bmp.rf.27391f330c398610a0db23215598ffb1.jpg,incorrect qblock,3,#b6b6b6,182,182,182,"(646, 167, 662, 175)",173.20508075688772
251107_231741_0000096566_CAM1_NG_bmp.rf.27391f330c398610a0db23215598ffb1.jpg,incorrect qblock,4,#a6a6a6,166,166,166,"(77, 171, 93, 180)",145.4922678357857
251107_231741_0000096566_CAM1_NG_bmp.rf.27391f330c398610a0db23215598ffb1.jpg,incorrect qblock,5,#bfbfbf,191,191,191,"(456, 169, 472, 177)",188.79353802500762
251107_231741_0000096566_CAM1_NG_bmp.rf.27391f330c398610a0db23215598ffb1.jpg,incorrect qblock,6,#bababa,186,186,186,"(346, 132, 359, 136)",180.13328398716322
251107_231741_0000096566_CAM1_NG_bmp.rf.27391f330c398610a0db23215598ffb1.jpg,incorrect qblock,7,#b7b7b7,183,183,183,"(551, 168, 567, 176)",174.9371315644566
251107_231741_0000096566_CAM1_NG_bmp.rf.27391f330c398610a0db23215598ffb1.jpg,incorrect qblock,8,#b8b8b8,184,184,184,"(252, 132, 264, 137)",176.6691823720255
251107_231741_0000096566_CAM1_NG_bmp.rf.27391f330c398610a0db23215598ffb1.jpg,incorrect qblock,9,#acacac,172,172,172,"(157, 133, 169, 138)",155.88457268119896
251107_231741_0000096566_CAM1_NG_bmp.rf.27391f330c398610a0db23215598ffb1.jpg,incorrect qblock,10,#bfbfbf,191,191,191,"(537, 130, 549, 136)",188.79353802500762
251107_231741_0000096566_CAM1_NG_bmp.rf.27391f330c398610a0db23215598ffb1.jpg,incorrect qblock,11,#bdbdbd,189,189,189,"(442, 131, 454, 136)",185.32943640986986
251107_231741_0000096566_CAM1_NG_bmp.rf.27391f330c398610a0db23215598ffb1.jpg,incorrect qblock,12,#b3b3b3,179,179,179,"(632, 130, 644, 135)",168.0089283341811
251010_115528_0000080416_CAM1_NG_bmp.rf.58f66051d819bc9d7761b0b8cac4600f.jpg,qblock,0,#5f5f5f,95,95,95,"(268, 59, 285, 68)",22.516660498395403
251010_115528_0000080416_CAM1_NG_bmp.rf.58f66051d819bc9d7761b0b8cac4600f.jpg,qblock,1,#595959,89,89,89,"(80, 60, 96, 70)",12.12435565298214
251010_115528_0000080416_CAM1_NG_bmp.rf.58f66051d819bc9d7761b0b8cac4600f.jpg,qblock,2,#565656,86,86,86,"(174, 60, 190, 69)",6.928203230275509
251010_115528_0000080416_CAM1_NG_bmp.rf.58f66051d819bc9d7761b0b8cac4600f.jpg,qblock,4,#545454,84,84,84,"(650, 283, 666, 292)",3.4641016151377544
251010_115528_0000080416_CAM1_NG_bmp.rf.58f66051d819bc9d7761b0b8cac4600f.jpg,qblock,6,#4d4d4d,77,77,77,"(459, 58, 475, 66)",8.660254037844387
251010_115528_0000080416_CAM1_NG_bmp.rf.58f66051d819bc9d7761b0b8cac4600f.jpg,qblock,7,#5a5a5a,90,90,90,"(175, 285, 191, 294)",13.856406460551018
251010_115528_0000080416_CAM1_NG_bmp.rf.58f66051d819bc9d7761b0b8cac4600f.jpg,qblock,9,#4e4e4e,78,78,78,"(365, 285, 381, 293)",6.928203230275509
251010_115528_0000080416_CAM1_NG_bmp.rf.58f66051d819bc9d7761b0b8cac4600f.jpg,qblock,10,#545454,84,84,84,"(554, 57, 570, 66)",3.4641016151377544
251010_115528_0000080416_CAM1_NG_bmp.rf.58f66051d819bc9d7761b0b8cac4600f.jpg,qblock,11,#5d5d5d,93,93,93,"(649, 56, 665, 65)",19.05255888325765
251010_115528_0000080416_CAM1_NG_bmp.rf.58f66051d819bc9d7761b0b8cac4600f.jpg,qblock,12,#565656,86,86,86,"(460, 284, 476, 293)",6.928203230275509
251010_115528_0000080416_CAM1_NG_bmp.rf.58f66051d819bc9d7761b0b8cac4600f.jpg,qblock,13,#636363,99,99,99,"(363, 58, 380, 67)",29.444863728670914
251010_115528_0000080416_CAM1_NG_bmp.rf.58f66051d819bc9d7761b0b8cac4600f.jpg,qblock,14,#525252,82,82,82,"(555, 284, 572, 292)",0.0
251010_115528_0000080416_CAM1_NG_bmp.rf.58f66051d819bc9d7761b0b8cac4600f.jpg,qblock,15,#555555,85,85,85,"(81, 285, 97, 294)",5.196152422706632
251010_125650_0000080816_CAM1_NG_bmp.rf.c0c79562c5537889b8958f77bc01287d.jpg,qblock,0,#4e4e4e,78,78,78,"(647, 80, 663, 88)",6.928203230275509
251010_125650_0000080816_CAM1_NG_bmp.rf.c0c79562c5537889b8958f77bc01287d.jpg,qblock,1,#575757,87,87,87,"(267, 82, 283, 91)",8.660254037844387
251010_125650_0000080816_CAM1_NG_bmp.rf.c0c79562c5537889b8958f77bc01287d.jpg,qblock,2,#5b5b5b,91,91,91,"(268, 309, 284, 318)",15.588457268119896
251010_125650_0000080816_CAM1_NG_bmp.rf.c0c79562c5537889b8958f77bc01287d.jpg,qblock,3,#575757,87,87,87,"(172, 83, 188, 91)",8.660254037844387
251010_125650_0000080816_CAM1_NG_bmp.rf.c0c79562c5537889b8958f77bc01287d.jpg,qblock,4,#585858,88,88,88,"(552, 80, 568, 88)",10.392304845413264
251010_125650_0000080816_CAM1_NG_bmp.rf.c0c79562c5537889b8958f77bc01287d.jpg,qblock,5,#585858,88,88,88,"(362, 81, 377, 90)",10.392304845413264
251010_125650_0000080816_CAM1_NG_bmp.rf.c0c79562c5537889b8958f77bc01287d.jpg,qblock,6,#5a5a5a,90,90,90,"(174, 309, 190, 318)",13.856406460551018
251010_125650_0000080816_CAM1_NG_bmp.rf.c0c79562c5537889b8958f77bc01287d.jpg,qblock,7,#535353,83,83,83,"(363, 309, 379, 317)",1.7320508075688772
251010_125650_0000080816_CAM1_NG_bmp.rf.c0c79562c5537889b8958f77bc01287d.jpg,qblock,8,#535353,83,83,83,"(457, 81, 473, 89)",1.7320508075688772
251010_125650_0000080816_CAM1_NG_bmp.rf.c0c79562c5537889b8958f77bc01287d.jpg,qblock,9,#535353,83,83,83,"(649, 307, 665, 316)",1.7320508075688772
251010_125650_0000080816_CAM1_NG_bmp.rf.c0c79562c5537889b8958f77bc01287d.jpg,qblock,10,#5a5a5a,90,90,90,"(458, 308, 474, 317)",13.856406460551018
251010_125650_0000080816_CAM1_NG_bmp.rf.c0c79562c5537889b8958f77bc01287d.jpg,qblock,14,#4e4e4e,78,78,78,"(554, 308, 570, 316)",6.928203230275509
251010_125650_0000080816_CAM1_NG_bmp.rf.c0c79562c5537889b8958f77bc01287d.jpg,qblock,20,#454545,69,69,69,"(78, 84, 94, 93)",22.516660498395403
251010_125650_0000080816_CAM1_NG_bmp.rf.c0c79562c5537889b8958f77bc01287d.jpg,qblock,22,#505050,80,80,80,"(80, 309, 96, 318)",3.4641016151377544
251010_070211_0000043540_CAM1_NG_bmp.rf.b37d5cbef9c5fc1ee92cd52985d506a4.jpg,qblock,0,#5e5e5e,94,94,94,"(553, 62, 570, 71)",20.784609690826528
251010_070211_0000043540_CAM1_NG_bmp.rf.b37d5cbef9c5fc1ee92cd52985d506a4.jpg,qblock,1,#565656,86,86,86,"(648, 62, 665, 71)",6.928203230275509
251010_070211_0000043540_CAM1_NG_bmp.rf.b37d5cbef9c5fc1ee92cd52985d506a4.jpg,qblock,2,#585858,88,88,88,"(269, 291, 286, 300)",10.392304845413264
251010_070211_0000043540_CAM1_NG_bmp.rf.b37d5cbef9c5fc1ee92cd52985d506a4.jpg,qblock,3,#4f4f4f,79,79,79,"(555, 290, 572, 299)",5.196152422706632
251010_070211_0000043540_CAM1_NG_bmp.rf.b37d5cbef9c5fc1ee92cd52985d506a4.jpg,qblock,4,#515151,81,81,81,"(363, 64, 379, 72)",1.7320508075688772
251010_070211_0000043540_CAM1_NG_bmp.rf.b37d5cbef9c5fc1ee92cd52985d506a4.jpg,qblock,5,#535353,83,83,83,"(364, 291, 381, 300)",1.7320508075688772
251010_070211_0000043540_CAM1_NG_bmp.rf.b37d5cbef9c5fc1ee92cd52985d506a4.jpg,qblock,6,#515151,81,81,81,"(650, 289, 666, 298)",1.7320508075688772
251010_070211_0000043540_CAM1_NG_bmp.rf.b37d5cbef9c5fc1ee92cd52985d506a4.jpg,qblock,7,#5a5a5a,90,90,90,"(268, 64, 284, 73)",13.856406460551018
251010_070211_0000043540_CAM1_NG_bmp.rf.b37d5cbef9c5fc1ee92cd52985d506a4.jpg,qblock,8,#4c4c4c,76,76,76,"(175, 292, 191, 300)",10.392304845413264
251010_070211_0000043540_CAM1_NG_bmp.rf.b37d5cbef9c5fc1ee92cd52985d506a4.jpg,qblock,11,#595959,89,89,89,"(459, 290, 476, 299)",12.12435565298214
251010_070211_0000043540_CAM1_NG_bmp.rf.b37d5cbef9c5fc1ee92cd52985d506a4.jpg,qblock,12,#565656,86,86,86,"(458, 63, 475, 72)",6.928203230275509
251010_070211_0000043540_CAM1_NG_bmp.rf.b37d5cbef9c5fc1ee92cd52985d506a4.jpg,qblock,23,#676767,103,103,103,"(173, 65, 190, 74)",36.373066958946424
251107_232301_0000097627_CAM1_NG_bmp.rf.eec17793f2c984ea2097d423010ceffc.jpg,incorrect qblock,0,#b5b5b5,181,181,181,"(266, 170, 281, 178)",171.47302994931886
251107_232301_0000097627_CAM1_NG_bmp.rf.eec17793f2c984ea2097d423010ceffc.jpg,incorrect qblock,1,#aeaeae,174,174,174,"(172, 171, 187, 179)",159.34867429633672
251107_232301_0000097627_CAM1_NG_bmp.rf.eec17793f2c984ea2097d423010ceffc.jpg,incorrect qblock,2,#c2c2c2,194,194,194,"(456, 169, 472, 177)",193.98969044771425
251107_232301_0000097627_CAM1_NG_bmp.rf.eec17793f2c984ea2097d423010ceffc.jpg,incorrect qblock,3,#b1b1b1,177,177,177,"(646, 168, 662, 176)",164.54482671904336
251107_232301_0000097627_CAM1_NG_bmp.rf.eec17793f2c984ea2097d423010ceffc.jpg,incorrect qblock,4,#a4a4a4,164,164,164,"(78, 172, 93, 180)",142.02816622064793
251107_232301_0000097627_CAM1_NG_bmp.rf.eec17793f2c984ea2097d423010ceffc.jpg,incorrect qblock,5,#b7b7b7,183,183,183,"(361, 170, 376, 177)",174.9371315644566
251107_232301_0000097627_CAM1_NG_bmp.rf.eec17793f2c984ea2097d423010ceffc.jpg,incorrect qblock,6,#bbbbbb,187,187,187,"(347, 132, 359, 137)",181.86533479473212
251107_232301_0000097627_CAM1_NG_bmp.rf.eec17793f2c984ea2097d423010ceffc.jpg,incorrect qblock,7,#bdbdbd,189,189,189,"(551, 168, 568, 176)",185.32943640986986
251107_232301_0000097627_CAM1_NG_bmp.rf.eec17793f2c984ea2097d423010ceffc.jpg,incorrect qblock,8,#b4b4b4,180,180,180,"(252, 133, 264, 137)",169.74097914175
251107_232301_0000097627_CAM1_NG_bmp.rf.eec17793f2c984ea2097d423010ceffc.jpg,incorrect qblock,9,#c5c5c5,197,197,197,"(442, 131, 454, 136)",199.18584287042088
251107_232301_0000097627_CAM1_NG_bmp.rf.eec17793f2c984ea2097d423010ceffc.jpg,incorrect qblock,10,#bfbfbf,191,191,191,"(537, 131, 550, 136)",188.79353802500762
251107_232301_0000097627_CAM1_NG_bmp.rf.eec17793f2c984ea2097d423010ceffc.jpg,incorrect qblock,11,#b1b1b1,177,177,177,"(157, 134, 169, 138)",164.54482671904336
251107_232301_0000097627_CAM1_NG_bmp.rf.eec17793f2c984ea2097d423010ceffc.jpg,incorrect qblock,12,#b8b8b8,184,184,184,"(633, 130, 645, 135)",176.6691823720255
251107_231809_0000096658_CAM1_NG_bmp.rf.033e0a6bb59c7628eec787b17897b8d9.jpg,incorrect qblock,0,#b3b3b3,179,179,179,"(266, 170, 281, 178)",168.0089283341811
251107_231809_0000096658_CAM1_NG_bmp.rf.033e0a6bb59c7628eec787b17897b8d9.jpg,incorrect qblock,1,#b2b2b2,178,178,178,"(172, 170, 188, 178)",166.27687752661222
251107_231809_0000096658_CAM1_NG_bmp.rf.033e0a6bb59c7628eec787b17897b8d9.jpg,incorrect qblock,2,#a4a4a4,164,164,164,"(78, 171, 93, 179)",142.02816622064793
251107_231809_0000096658_CAM1_NG_bmp.rf.033e0a6bb59c7628eec787b17897b8d9.jpg,incorrect qblock,3,#b4b4b4,180,180,180,"(646, 167, 662, 175)",169.74097914175
251107_231809_0000096658_CAM1_NG_bmp.rf.033e0a6bb59c7628eec787b17897b8d9.jpg,incorrect qblock,4,#b9b9b9,185,185,185,"(362, 169, 376, 177)",178.40123317959436
251107_231809_0000096658_CAM1_NG_bmp.rf.033e0a6bb59c7628eec787b17897b8d9.jpg,incorrect qblock,5,#c2c2c2,194,194,194,"(457, 168, 472, 176)",193.98969044771425
251107_231809_0000096658_CAM1_NG_bmp.rf.033e0a6bb59c7628eec787b17897b8d9.jpg,incorrect qblock,6,#b9b9b9,185,185,185,"(252, 132, 264, 137)",178.40123317959436
251107_231809_0000096658_CAM1_NG_bmp.rf.033e0a6bb59c7628eec787b17897b8d9.jpg,incorrect qblock,7,#b6b6b6,182,182,182,"(347, 132, 359, 136)",173.20508075688772
251107_231809_0000096658_CAM1_NG_bmp.rf.033e0a6bb59c7628eec787b17897b8d9.jpg,incorrect qblock,8,#bababa,186,186,186,"(552, 167, 568, 176)",180.13328398716322
251107_231809_0000096658_CAM1_NG_bmp.rf.033e0a6bb59c7628eec787b17897b8d9.jpg,incorrect qblock,9,#ababab,171,171,171,"(158, 133, 169, 138)",154.1525218736301
251107_231809_0000096658_CAM1_NG_bmp.rf.033e0a6bb59c7628eec787b17897b8d9.jpg,incorrect qblock,10,#c2c2c2,194,194,194,"(537, 130, 550, 136)",193.98969044771425
251107_231809_0000096658_CAM1_NG_bmp.rf.033e0a6bb59c7628eec787b17897b8d9.jpg,incorrect qblock,11,#b5b5b5,181,181,181,"(632, 130, 644, 135)",171.47302994931886
251107_231809_0000096658_CAM1_NG_bmp.rf.033e0a6bb59c7628eec787b17897b8d9.jpg,incorrect qblock,12,#bfbfbf,191,191,191,"(442, 131, 454, 136)",188.79353802500762
251010_070226_0000043592_CAM1_NG_bmp.rf.70696547d1f67f46eb7f6c9bce46d3de.jpg,qblock,0,#545454,84,84,84,"(363, 62, 379, 71)",3.4641016151377544
251010_070226_0000043592_CAM1_NG_bmp.rf.70696547d1f67f46eb7f6c9bce46d3de.jpg,qblock,1,#565656,86,86,86,"(553, 61, 570, 70)",6.928203230275509
251010_070226_0000043592_CAM1_NG_bmp.rf.70696547d1f67f46eb7f6c9bce46d3de.jpg,qblock,2,#505050,80,80,80,"(268, 63, 284, 72)",3.4641016151377544
251010_070226_0000043592_CAM1_NG_bmp.rf.70696547d1f67f46eb7f6c9bce46d3de.jpg,qblock,3,#4b4b4b,75,75,75,"(458, 62, 474, 70)",12.12435565298214
251010_070226_0000043592_CAM1_NG_bmp.rf.70696547d1f67f46eb7f6c9bce46d3de.jpg,qblock,4,#4e4e4e,78,78,78,"(648, 61, 665, 69)",6.928203230275509
251010_070226_0000043592_CAM1_NG_bmp.rf.70696547d1f67f46eb7f6c9bce46d3de.jpg,qblock,5,#565656,86,86,86,"(269, 290, 285, 299)",6.928203230275509
251010_070226_0000043592_CAM1_NG_bmp.rf.70696547d1f67f46eb7f6c9bce46d3de.jpg,qblock,6,#515151,81,81,81,"(364, 290, 381, 299)",1.7320508075688772
251010_070226_0000043592_CAM1_NG_bmp.rf.70696547d1f67f46eb7f6c9bce46d3de.jpg,qblock,7,#535353,83,83,83,"(175, 290, 191, 299)",1.7320508075688772
251010_070226_0000043592_CAM1_NG_bmp.rf.70696547d1f67f46eb7f6c9bce46d3de.jpg,qblock,8,#484848,72,72,72,"(555, 289, 571, 297)",17.320508075688775
251010_070226_0000043592_CAM1_NG_bmp.rf.70696547d1f67f46eb7f6c9bce46d3de.jpg,qblock,10,#585858,88,88,88,"(459, 289, 476, 298)",10.392304845413264
251010_070226_0000043592_CAM1_NG_bmp.rf.70696547d1f67f46eb7f6c9bce46d3de.jpg,qblock,11,#505050,80,80,80,"(173, 64, 189, 72)",3.4641016151377544
251010_070226_0000043592_CAM1_NG_bmp.rf.70696547d1f67f46eb7f6c9bce46d3de.jpg,qblock,12,#4e4e4e,78,78,78,"(650, 288, 666, 297)",6.928203230275509
251107_232342_0000097765_CAM1_NG_bmp.rf.b37d0eb7ef75e2efb83e0e4c1f227c08.jpg,incorrect qblock,0,#b7b7b7,183,183,183,"(266, 170, 282, 178)",174.9371315644566
251107_232342_0000097765_CAM1_NG_bmp.rf.b37d0eb7ef75e2efb83e0e4c1f227c08.jpg,incorrect qblock,1,#b2b2b2,178,178,178,"(172, 171, 188, 179)",166.27687752661222
251107_232342_0000097765_CAM1_NG_bmp.rf.b37d0eb7ef75e2efb83e0e4c1f227c08.jpg,incorrect qblock,2,#c3c3c3,195,195,195,"(456, 169, 472, 177)",195.72174125528312
251107_232342_0000097765_CAM1_NG_bmp.rf.b37d0eb7ef75e2efb83e0e4c1f227c08.jpg,incorrect qblock,3,#b7b7b7,183,183,183,"(361, 170, 376, 177)",174.9371315644566
251107_232342_0000097765_CAM1_NG_bmp.rf.b37d0eb7ef75e2efb83e0e4c1f227c08.jpg,incorrect qblock,4,#a7a7a7,167,167,167,"(78, 172, 93, 180)",147.22431864335456
251107_232342_0000097765_CAM1_NG_bmp.rf.b37d0eb7ef75e2efb83e0e4c1f227c08.jpg,incorrect qblock,5,#b6b6b6,182,182,182,"(646, 167, 662, 176)",173.20508075688772
251107_232342_0000097765_CAM1_NG_bmp.rf.b37d0eb7ef75e2efb83e0e4c1f227c08.jpg,incorrect qblock,6,#bfbfbf,191,191,191,"(347, 132, 359, 137)",188.79353802500762
251107_232342_0000097765_CAM1_NG_bmp.rf.b37d0eb7ef75e2efb83e0e4c1f227c08.jpg,incorrect qblock,7,#bebebe,190,190,190,"(552, 168, 568, 176)",187.06148721743875
251107_232342_0000097765_CAM1_NG_bmp.rf.b37d0eb7ef75e2efb83e0e4c1f227c08.jpg,incorrect qblock,8,#b8b8b8,184,184,184,"(252, 133, 264, 138)",176.6691823720255
251107_232342_0000097765_CAM1_NG_bmp.rf.b37d0eb7ef75e2efb83e0e4c1f227c08.jpg,incorrect qblock,9,#bcbcbc,188,188,188,"(442, 132, 454, 136)",183.597385602301
251107_232342_0000097765_CAM1_NG_bmp.rf.b37d0eb7ef75e2efb83e0e4c1f227c08.jpg,incorrect qblock,10,#bfbfbf,191,191,191,"(537, 131, 549, 136)",188.79353802500762
251107_232342_0000097765_CAM1_NG_bmp.rf.b37d0eb7ef75e2efb83e0e4c1f227c08.jpg,incorrect qblock,11,#bababa,186,186,186,"(632, 130, 644, 135)",180.13328398716322
251107_232342_0000097765_CAM1_NG_bmp.rf.b37d0eb7ef75e2efb83e0e4c1f227c08.jpg,incorrect qblock,12,#ababab,171,171,171,"(158, 134, 169, 138)",154.1525218736301
251010_125702_0000080857_CAM1_NG_bmp.rf.a9b33dd13e5233c4af446b269fb98c10.jpg,qblock,0,#5b5b5b,91,91,91,"(267, 82, 283, 91)",15.588457268119896
251010_125702_0000080857_CAM1_NG_bmp.rf.a9b33dd13e5233c4af446b269fb98c10.jpg,qblock,1,#4b4b4b,75,75,75,"(648, 80, 664, 88)",12.12435565298214
251010_125702_0000080857_CAM1_NG_bmp.rf.a9b33dd13e5233c4af446b269fb98c10.jpg,qblock,3,#5b5b5b,91,91,91,"(552, 80, 568, 89)",15.588457268119896
251010_125702_0000080857_CAM1_NG_bmp.rf.a9b33dd13e5233c4af446b269fb98c10.jpg,qblock,4,#585858,88,88,88,"(457, 81, 473, 89)",10.392304845413264
251010_125702_0000080857_CAM1_NG_bmp.rf.a9b33dd13e5233c4af446b269fb98c10.jpg,qblock,5,#5c5c5c,92,92,92,"(269, 310, 285, 319)",17.320508075688775
251010_125702_0000080857_CAM1_NG_bmp.rf.a9b33dd13e5233c4af446b269fb98c10.jpg,qblock,6,#5e5e5e,94,94,94,"(362, 81, 378, 90)",20.784609690826528
251010_125702_0000080857_CAM1_NG_bmp.rf.a9b33dd13e5233c4af446b269fb98c10.jpg,qblock,7,#494949,73,73,73,"(459, 310, 475, 318)",15.588457268119896
251010_125702_0000080857_CAM1_NG_bmp.rf.a9b33dd13e5233c4af446b269fb98c10.jpg,qblock,8,#5c5c5c,92,92,92,"(172, 83, 188, 92)",17.320508075688775
251010_125702_0000080857_CAM1_NG_bmp.rf.a9b33dd13e5233c4af446b269fb98c10.jpg,qblock,9,#5a5a5a,90,90,90,"(363, 310, 380, 318)",13.856406460551018
251010_125702_0000080857_CAM1_NG_bmp.rf.a9b33dd13e5233c4af446b269fb98c10.jpg,qblock,10,#515151,81,81,81,"(554, 309, 570, 317)",1.7320508075688772
251010_125702_0000080857_CAM1_NG_bmp.rf.a9b33dd13e5233c4af446b269fb98c10.jpg,qblock,14,#565656,86,86,86,"(649, 308, 665, 317)",6.928203230275509
251010_125702_0000080857_CAM1_NG_bmp.rf.a9b33dd13e5233c4af446b269fb98c10.jpg,qblock,18,#444444,68,68,68,"(80, 311, 96, 319)",24.24871130596428
251010_125702_0000080857_CAM1_NG_bmp.rf.a9b33dd13e5233c4af446b269fb98c10.jpg,qblock,21,#4e4e4e,78,78,78,"(174, 311, 190, 319)",6.928203230275509
251010_125702_0000080857_CAM1_NG_bmp.rf.a9b33dd13e5233c4af446b269fb98c10.jpg,qblock,24,#474747,71,71,71,"(79, 84, 95, 93)",19.05255888325765
251010_125629_0000080742_CAM1_NG_bmp.rf.42bdcc4beff6c80adf09aa4c36573c8c.jpg,qblock,0,#5d5d5d,93,93,93,"(267, 90, 283, 99)",19.05255888325765
251010_125629_0000080742_CAM1_NG_bmp.rf.42bdcc4beff6c80adf09aa4c36573c8c.jpg,qblock,1,#545454,84,84,84,"(269, 318, 285, 326)",3.4641016151377544
251010_125629_0000080742_CAM1_NG_bmp.rf.42bdcc4beff6c80adf09aa4c36573c8c.jpg,qblock,2,#545454,84,84,84,"(173, 91, 188, 100)",3.4641016151377544
251010_125629_0000080742_CAM1_NG_bmp.rf.42bdcc4beff6c80adf09aa4c36573c8c.jpg,qblock,3,#525252,82,82,82,"(459, 317, 475, 326)",0.0
251010_125629_0000080742_CAM1_NG_bmp.rf.42bdcc4beff6c80adf09aa4c36573c8c.jpg,qblock,4,#5c5c5c,92,92,92,"(552, 88, 568, 97)",17.320508075688775
251010_125629_0000080742_CAM1_NG_bmp.rf.42bdcc4beff6c80adf09aa4c36573c8c.jpg,qblock,6,#575757,87,87,87,"(174, 318, 190, 327)",8.660254037844387
251010_125629_0000080742_CAM1_NG_bmp.rf.42bdcc4beff6c80adf09aa4c36573c8c.jpg,qblock,7,#484848,72,72,72,"(79, 92, 95, 101)",17.320508075688775
251010_125629_0000080742_CAM1_NG_bmp.rf.42bdcc4beff6c80adf09aa4c36573c8c.jpg,qblock,8,#515151,81,81,81,"(362, 90, 378, 98)",1.7320508075688772
251010_125629_0000080742_CAM1_NG_bmp.rf.42bdcc4beff6c80adf09aa4c36573c8c.jpg,qblock,9,#545454,84,84,84,"(647, 88, 664, 96)",3.4641016151377544
251010_125629_0000080742_CAM1_NG_bmp.rf.42bdcc4beff6c80adf09aa4c36573c8c.jpg,qblock,10,#585858,88,88,88,"(457, 89, 473, 98)",10.392304845413264
251010_125629_0000080742_CAM1_NG_bmp.rf.42bdcc4beff6c80adf09aa4c36573c8c.jpg,qblock,13,#616161,97,97,97,"(363, 317, 380, 326)",25.98076211353316
251010_125629_0000080742_CAM1_NG_bmp.rf.42bdcc4beff6c80adf09aa4c36573c8c.jpg,qblock,14,#4d4d4d,77,77,77,"(80, 318, 96, 327)",8.660254037844387
251010_125629_0000080742_CAM1_NG_bmp.rf.42bdcc4beff6c80adf09aa4c36573c8c.jpg,qblock,24,#484848,72,72,72,"(554, 317, 570, 325)",17.320508075688775
251107_232111_0000097264_CAM1_NG_bmp.rf.c43cce8052aaa7de0bf4a07fcd9876d9.jpg,incorrect qblock,0,#b4b4b4,180,180,180,"(266, 170, 281, 178)",169.74097914175
251107_232111_0000097264_CAM1_NG_bmp.rf.c43cce8052aaa7de0bf4a07fcd9876d9.jpg,incorrect qblock,1,#b6b6b6,182,182,182,"(172, 170, 187, 178)",173.20508075688772
251107_232111_0000097264_CAM1_NG_bmp.rf.c43cce8052aaa7de0bf4a07fcd9876d9.jpg,incorrect qblock,2,#b6b6b6,182,182,182,"(646, 167, 662, 175)",173.20508075688772
251107_232111_0000097264_CAM1_NG_bmp.rf.c43cce8052aaa7de0bf4a07fcd9876d9.jpg,incorrect qblock,3,#a7a7a7,167,167,167,"(78, 171, 93, 179)",147.22431864335456
251107_232111_0000097264_CAM1_NG_bmp.rf.c43cce8052aaa7de0bf4a07fcd9876d9.jpg,incorrect qblock,4,#bebebe,190,190,190,"(361, 169, 376, 177)",187.06148721743875
251107_232111_0000097264_CAM1_NG_bmp.rf.c43cce8052aaa7de0bf4a07fcd9876d9.jpg,incorrect qblock,5,#c6c6c6,198,198,198,"(456, 168, 472, 176)",200.91789367798975
251107_232111_0000097264_CAM1_NG_bmp.rf.c43cce8052aaa7de0bf4a07fcd9876d9.jpg,incorrect qblock,6,#b9b9b9,185,185,185,"(347, 132, 359, 137)",178.40123317959436
251107_232111_0000097264_CAM1_NG_bmp.rf.c43cce8052aaa7de0bf4a07fcd9876d9.jpg,incorrect qblock,7,#a9a9a9,169,169,169,"(157, 134, 169, 138)",150.68842025849233
251107_232111_0000097264_CAM1_NG_bmp.rf.c43cce8052aaa7de0bf4a07fcd9876d9.jpg,incorrect qblock,8,#b2b2b2,178,178,178,"(252, 133, 263, 137)",166.27687752661222
251107_232111_0000097264_CAM1_NG_bmp.rf.c43cce8052aaa7de0bf4a07fcd9876d9.jpg,incorrect qblock,9,#c1c1c1,193,193,193,"(536, 131, 549, 136)",192.25763964014538
251107_232111_0000097264_CAM1_NG_bmp.rf.c43cce8052aaa7de0bf4a07fcd9876d9.jpg,incorrect qblock,10,#b9b9b9,185,185,185,"(442, 132, 454, 136)",178.40123317959436
251107_232111_0000097264_CAM1_NG_bmp.rf.c43cce8052aaa7de0bf4a07fcd9876d9.jpg,incorrect qblock,11,#bfbfbf,191,191,191,"(551, 168, 568, 176)",188.79353802500762
251107_232111_0000097264_CAM1_NG_bmp.rf.c43cce8052aaa7de0bf4a07fcd9876d9.jpg,incorrect qblock,12,#b6b6b6,182,182,182,"(632, 130, 644, 135)",173.20508075688772
251107_232048_0000097186_CAM1_NG_bmp.rf.8206efdfa65d9682080ff04229bdbc25.jpg,incorrect qblock,0,#b1b1b1,177,177,177,"(266, 170, 281, 178)",164.54482671904336
251107_232048_0000097186_CAM1_NG_bmp.rf.8206efdfa65d9682080ff04229bdbc25.jpg,incorrect qblock,1,#b0b0b0,176,176,176,"(172, 170, 187, 178)",162.81277591147446
251107_232048_0000097186_CAM1_NG_bmp.rf.8206efdfa65d9682080ff04229bdbc25.jpg,incorrect qblock,2,#a1a1a1,161,161,161,"(77, 171, 93, 179)",136.8320137979413
251107_232048_0000097186_CAM1_NG_bmp.rf.8206efdfa65d9682080ff04229bdbc25.jpg,incorrect qblock,3,#b2b2b2,178,178,178,"(646, 167, 662, 175)",166.27687752661222
251107_232048_0000097186_CAM1_NG_bmp.rf.8206efdfa65d9682080ff04229bdbc25.jpg,incorrect qblock,4,#bebebe,190,190,190,"(457, 168, 472, 176)",187.06148721743875
251107_232048_0000097186_CAM1_NG_bmp.rf.8206efdfa65d9682080ff04229bdbc25.jpg,incorrect qblock,5,#b8b8b8,184,184,184,"(361, 169, 376, 177)",176.6691823720255
251107_232048_0000097186_CAM1_NG_bmp.rf.8206efdfa65d9682080ff04229bdbc25.jpg,incorrect qblock,6,#b9b9b9,185,185,185,"(346, 132, 359, 136)",178.40123317959436
251107_232048_0000097186_CAM1_NG_bmp.rf.8206efdfa65d9682080ff04229bdbc25.jpg,incorrect qblock,7,#b4b4b4,180,180,180,"(252, 132, 263, 137)",169.74097914175
251107_232048_0000097186_CAM1_NG_bmp.rf.8206efdfa65d9682080ff04229bdbc25.jpg,incorrect qblock,8,#b4b4b4,180,180,180,"(157, 133, 169, 138)",169.74097914175
251107_232048_0000097186_CAM1_NG_bmp.rf.8206efdfa65d9682080ff04229bdbc25.jpg,incorrect qblock,9,#bfbfbf,191,191,191,"(551, 167, 568, 176)",188.79353802500762
251107_232048_0000097186_CAM1_NG_bmp.rf.8206efdfa65d9682080ff04229bdbc25.jpg,incorrect qblock,10,#bebebe,190,190,190,"(442, 131, 454, 136)",187.06148721743875
251107_232048_0000097186_CAM1_NG_bmp.rf.8206efdfa65d9682080ff04229bdbc25.jpg,incorrect qblock,11,#c2c2c2,194,194,194,"(537, 130, 550, 135)",193.98969044771425
251107_231715_0000096480_CAM1_NG_bmp.rf.5293efba98b2f6b2926c5fba7f26c2f0.jpg,incorrect qblock,0,#aeaeae,174,174,174,"(172, 169, 187, 177)",159.34867429633672
251107_231715_0000096480_CAM1_NG_bmp.rf.5293efba98b2f6b2926c5fba7f26c2f0.jpg,incorrect qblock,1,#b3b3b3,179,179,179,"(646, 166, 662, 174)",168.0089283341811
251107_231715_0000096480_CAM1_NG_bmp.rf.5293efba98b2f6b2926c5fba7f26c2f0.jpg,incorrect qblock,2,#c2c2c2,194,194,194,"(457, 167, 472, 175)",193.98969044771425
251107_231715_0000096480_CAM1_NG_bmp.rf.5293efba98b2f6b2926c5fba7f26c2f0.jpg,incorrect qblock,3,#b0b0b0,176,176,176,"(266, 169, 282, 177)",162.81277591147446
251107_231715_0000096480_CAM1_NG_bmp.rf.5293efba98b2f6b2926c5fba7f26c2f0.jpg,incorrect qblock,4,#9a9a9a,154,154,154,"(77, 170, 93, 178)",124.70765814495917
251107_231715_0000096480_CAM1_NG_bmp.rf.5293efba98b2f6b2926c5fba7f26c2f0.jpg,incorrect qblock,5,#b5b5b5,181,181,181,"(346, 131, 359, 135)",171.47302994931886
251107_231715_0000096480_CAM1_NG_bmp.rf.5293efba98b2f6b2926c5fba7f26c2f0.jpg,incorrect qblock,6,#bababa,186,186,186,"(361, 168, 376, 176)",180.13328398716322
251107_231715_0000096480_CAM1_NG_bmp.rf.5293efba98b2f6b2926c5fba7f26c2f0.jpg,incorrect qblock,7,#a6a6a6,166,166,166,"(157, 132, 169, 137)",145.4922678357857
251107_231715_0000096480_CAM1_NG_bmp.rf.5293efba98b2f6b2926c5fba7f26c2f0.jpg,incorrect qblock,8,#a5a5a5,165,165,165,"(252, 132, 264, 136)",143.76021702821683
251015_020247_0000434147_CAM1_OK_bmp.rf.61b9442193e145039dac13f3b7a98360.jpg,qblock,0,#4a4a4a,74,74,74,"(266, 289, 282, 297)",13.856406460551018
251015_020247_0000434147_CAM1_OK_bmp.rf.61b9442193e145039dac13f3b7a98360.jpg,qblock,1,#484848,72,72,72,"(172, 289, 188, 298)",17.320508075688775
251015_020247_0000434147_CAM1_OK_bmp.rf.61b9442193e145039dac13f3b7a98360.jpg,qblock,2,#585858,88,88,88,"(645, 59, 662, 68)",10.392304845413264
251015_020247_0000434147_CAM1_OK_bmp.rf.61b9442193e145039dac13f3b7a98360.jpg,qblock,3,#4b4b4b,75,75,75,"(265, 62, 281, 70)",12.12435565298214
251015_020247_0000434147_CAM1_OK_bmp.rf.61b9442193e145039dac13f3b7a98360.jpg,qblock,4,#404040,64,64,64,"(77, 289, 93, 298)",31.176914536239792
251015_020247_0000434147_CAM1_OK_bmp.rf.61b9442193e145039dac13f3b7a98360.jpg,qblock,5,#4c4c4c,76,76,76,"(550, 60, 566, 68)",10.392304845413264
251015_020247_0000434147_CAM1_OK_bmp.rf.61b9442193e145039dac13f3b7a98360.jpg,qblock,6,#545454,84,84,84,"(171, 62, 186, 71)",3.4641016151377544
251015_020247_0000434147_CAM1_OK_bmp.rf.61b9442193e145039dac13f3b7a98360.jpg,qblock,7,#515151,81,81,81,"(361, 288, 377, 297)",1.7320508075688772
251015_020247_0000434147_CAM1_OK_bmp.rf.61b9442193e145039dac13f3b7a98360.jpg,qblock,8,#484848,72,72,72,"(78, 63, 92, 72)",17.320508075688775
251015_020247_0000434147_CAM1_OK_bmp.rf.61b9442193e145039dac13f3b7a98360.jpg,qblock,9,#5d5d5d,93,93,93,"(646, 286, 662, 295)",19.05255888325765
251015_020247_0000434147_CAM1_OK_bmp.rf.61b9442193e145039dac13f3b7a98360.jpg,qblock,11,#555555,85,85,85,"(551, 287, 568, 296)",5.196152422706632
251015_020247_0000434147_CAM1_OK_bmp.rf.61b9442193e145039dac13f3b7a98360.jpg,qblock,14,#4c4c4c,76,76,76,"(456, 288, 472, 296)",10.392304845413264
251015_020247_0000434147_CAM1_OK_bmp.rf.61b9442193e145039dac13f3b7a98360.jpg,qblock,15,#565656,86,86,86,"(455, 60, 471, 69)",6.928203230275509
251015_020247_0000434147_CAM1_OK_bmp.rf.61b9442193e145039dac13f3b7a98360.jpg,qblock,18,#4e4e4e,78,78,78,"(360, 61, 376, 69)",6.928203230275509
251010_125626_0000080734_CAM1_NG_bmp.rf.c5044ec7982ee5beccc0cf361c8407ba.jpg,qblock,0,#4b4b4b,75,75,75,"(649, 322, 665, 330)",12.12435565298214
251010_125626_0000080734_CAM1_NG_bmp.rf.c5044ec7982ee5beccc0cf361c8407ba.jpg,qblock,2,#4e4e4e,78,78,78,"(269, 324, 285, 332)",6.928203230275509
251010_125626_0000080734_CAM1_NG_bmp.rf.c5044ec7982ee5beccc0cf361c8407ba.jpg,qblock,3,#595959,89,89,89,"(173, 98, 189, 107)",12.12435565298214
251010_125626_0000080734_CAM1_NG_bmp.rf.c5044ec7982ee5beccc0cf361c8407ba.jpg,qblock,4,#5f5f5f,95,95,95,"(267, 97, 283, 106)",22.516660498395403
251010_125626_0000080734_CAM1_NG_bmp.rf.c5044ec7982ee5beccc0cf361c8407ba.jpg,qblock,6,#505050,80,80,80,"(459, 323, 475, 331)",3.4641016151377544
251010_125626_0000080734_CAM1_NG_bmp.rf.c5044ec7982ee5beccc0cf361c8407ba.jpg,qblock,7,#454545,69,69,69,"(364, 324, 379, 332)",22.516660498395403
251010_125626_0000080734_CAM1_NG_bmp.rf.c5044ec7982ee5beccc0cf361c8407ba.jpg,qblock,8,#545454,84,84,84,"(362, 97, 378, 105)",3.4641016151377544
251010_125626_0000080734_CAM1_NG_bmp.rf.c5044ec7982ee5beccc0cf361c8407ba.jpg,qblock,10,#464646,70,70,70,"(79, 99, 95, 108)",20.784609690826528
251010_125626_0000080734_CAM1_NG_bmp.rf.c5044ec7982ee5beccc0cf361c8407ba.jpg,qblock,11,#545454,84,84,84,"(554, 322, 570, 331)",3.4641016151377544
251010_125626_0000080734_CAM1_NG_bmp.rf.c5044ec7982ee5beccc0cf361c8407ba.jpg,qblock,12,#434343,67,67,67,"(81, 324, 96, 333)",25.98076211353316
251010_125626_0000080734_CAM1_NG_bmp.rf.c5044ec7982ee5beccc0cf361c8407ba.jpg,qblock,18,#535353,83,83,83,"(174, 324, 190, 332)",1.7320508075688772
251010_125626_0000080734_CAM1_NG_bmp.rf.c5044ec7982ee5beccc0cf361c8407ba.jpg,qblock,19,#4d4d4d,77,77,77,"(648, 95, 663, 103)",8.660254037844387
251010_125626_0000080734_CAM1_NG_bmp.rf.c5044ec7982ee5beccc0cf361c8407ba.jpg,qblock,20,#585858,88,88,88,"(458, 96, 474, 104)",10.392304845413264
251107_232342_0000097764_CAM1_NG_bmp.rf.26a562fd2896d1db5886e234874d13dc.jpg,incorrect qblock,0,#afafaf,175,175,175,"(266, 170, 281, 177)",161.0807251039056
251107_232342_0000097764_CAM1_NG_bmp.rf.26a562fd2896d1db5886e234874d13dc.jpg,incorrect qblock,1,#aeaeae,174,174,174,"(172, 170, 187, 178)",159.34867429633672
251107_232342_0000097764_CAM1_NG_bmp.rf.26a562fd2896d1db5886e234874d13dc.jpg,incorrect qblock,2,#b8b8b8,184,184,184,"(646, 167, 661, 175)",176.6691823720255
251107_232342_0000097764_CAM1_NG_bmp.rf.26a562fd2896d1db5886e234874d13dc.jpg,incorrect qblock,3,#a5a5a5,165,165,165,"(77, 171, 93, 179)",143.76021702821683
251107_232342_0000097764_CAM1_NG_bmp.rf.26a562fd2896d1db5886e234874d13dc.jpg,incorrect qblock,4,#c1c1c1,193,193,193,"(456, 168, 472, 176)",192.25763964014538
251107_232342_0000097764_CAM1_NG_bmp.rf.26a562fd2896d1db5886e234874d13dc.jpg,incorrect qblock,5,#b8b8b8,184,184,184,"(361, 169, 376, 177)",176.6691823720255
251107_232342_0000097764_CAM1_NG_bmp.rf.26a562fd2896d1db5886e234874d13dc.jpg,incorrect qblock,6,#c1c1c1,193,193,193,"(346, 131, 359, 136)",192.25763964014538
251107_232342_0000097764_CAM1_NG_bmp.rf.26a562fd2896d1db5886e234874d13dc.jpg,incorrect qblock,7,#b9b9b9,185,185,185,"(251, 132, 264, 137)",178.40123317959436
251107_232342_0000097764_CAM1_NG_bmp.rf.26a562fd2896d1db5886e234874d13dc.jpg,incorrect qblock,8,#adadad,173,173,173,"(157, 133, 169, 138)",157.61662348876783
251107_232342_0000097764_CAM1_NG_bmp.rf.26a562fd2896d1db5886e234874d13dc.jpg,incorrect qblock,9,#c2c2c2,194,194,194,"(551, 167, 568, 176)",193.98969044771425
251107_232342_0000097764_CAM1_NG_bmp.rf.26a562fd2896d1db5886e234874d13dc.jpg,incorrect qblock,10,#bdbdbd,189,189,189,"(442, 131, 454, 136)",185.32943640986986
251107_232342_0000097764_CAM1_NG_bmp.rf.26a562fd2896d1db5886e234874d13dc.jpg,incorrect qblock,11,#c4c4c4,196,196,196,"(536, 130, 549, 135)",197.45379206285202
251010_070235_0000043622_CAM1_NG_bmp.rf.66266a433650b7311f273fdbd3d796f7.jpg,qblock,0,#454545,69,69,69,"(554, 62, 570, 70)",22.516660498395403
251010_070235_0000043622_CAM1_NG_bmp.rf.66266a433650b7311f273fdbd3d796f7.jpg,qblock,1,#4c4c4c,76,76,76,"(268, 64, 285, 72)",10.392304845413264
251010_070235_0000043622_CAM1_NG_bmp.rf.66266a433650b7311f273fdbd3d796f7.jpg,qblock,2,#4e4e4e,78,78,78,"(363, 63, 379, 71)",6.928203230275509
251010_070235_0000043622_CAM1_NG_bmp.rf.66266a433650b7311f273fdbd3d796f7.jpg,qblock,3,#4d4d4d,77,77,77,"(175, 291, 192, 299)",8.660254037844387
251010_070235_0000043622_CAM1_NG_bmp.rf.66266a433650b7311f273fdbd3d796f7.jpg,qblock,4,#4e4e4e,78,78,78,"(649, 61, 665, 70)",6.928203230275509
251010_070235_0000043622_CAM1_NG_bmp.rf.66266a433650b7311f273fdbd3d796f7.jpg,qblock,5,#525252,82,82,82,"(555, 289, 572, 298)",0.0
251010_070235_0000043622_CAM1_NG_bmp.rf.66266a433650b7311f273fdbd3d796f7.jpg,qblock,6,#555555,85,85,85,"(364, 290, 381, 299)",5.196152422706632
251010_070235_0000043622_CAM1_NG_bmp.rf.66266a433650b7311f273fdbd3d796f7.jpg,qblock,8,#575757,87,87,87,"(458, 62, 475, 71)",8.660254037844387
251010_070235_0000043622_CAM1_NG_bmp.rf.66266a433650b7311f273fdbd3d796f7.jpg,qblock,9,#464646,70,70,70,"(460, 290, 476, 298)",20.784609690826528
251010_070235_0000043622_CAM1_NG_bmp.rf.66266a433650b7311f273fdbd3d796f7.jpg,qblock,10,#4e4e4e,78,78,78,"(269, 291, 286, 299)",6.928203230275509
251010_070235_0000043622_CAM1_NG_bmp.rf.66266a433650b7311f273fdbd3d796f7.jpg,qblock,11,#454545,69,69,69,"(650, 289, 666, 297)",22.516660498395403
251010_070235_0000043622_CAM1_NG_bmp.rf.66266a433650b7311f273fdbd3d796f7.jpg,qblock,21,#545454,84,84,84,"(174, 64, 190, 73)",3.4641016151377544
251010_070220_0000043571_CAM1_NG_bmp.rf.bbb63162b83f56b9e44149c6afce8ec1.jpg,qblock,0,#535353,83,83,83,"(648, 62, 665, 71)",1.7320508075688772
251010_070220_0000043571_CAM1_NG_bmp.rf.bbb63162b83f56b9e44149c6afce8ec1.jpg,qblock,1,#535353,83,83,83,"(554, 62, 570, 71)",1.7320508075688772
251010_070220_0000043571_CAM1_NG_bmp.rf.bbb63162b83f56b9e44149c6afce8ec1.jpg,qblock,2,#595959,89,89,89,"(363, 63, 379, 72)",12.12435565298214
251010_070220_0000043571_CAM1_NG_bmp.rf.bbb63162b83f56b9e44149c6afce8ec1.jpg,qblock,3,#535353,83,83,83,"(175, 290, 192, 299)",1.7320508075688772
251010_070220_0000043571_CAM1_NG_bmp.rf.bbb63162b83f56b9e44149c6afce8ec1.jpg,qblock,4,#4c4c4c,76,76,76,"(364, 290, 381, 298)",10.392304845413264
251010_070220_0000043571_CAM1_NG_bmp.rf.bbb63162b83f56b9e44149c6afce8ec1.jpg,qblock,5,#4e4e4e,78,78,78,"(650, 288, 666, 296)",6.928203230275509
251010_070220_0000043571_CAM1_NG_bmp.rf.bbb63162b83f56b9e44149c6afce8ec1.jpg,qblock,6,#484848,72,72,72,"(555, 289, 572, 297)",17.320508075688775
251010_070220_0000043571_CAM1_NG_bmp.rf.bbb63162b83f56b9e44149c6afce8ec1.jpg,qblock,8,#545454,84,84,84,"(269, 290, 286, 299)",3.4641016151377544
251010_070220_0000043571_CAM1_NG_bmp.rf.bbb63162b83f56b9e44149c6afce8ec1.jpg,qblock,9,#515151,81,81,81,"(458, 63, 475, 71)",1.7320508075688772
251010_070220_0000043571_CAM1_NG_bmp.rf.bbb63162b83f56b9e44149c6afce8ec1.jpg,qblock,10,#4c4c4c,76,76,76,"(460, 289, 476, 298)",10.392304845413264
251010_070220_0000043571_CAM1_NG_bmp.rf.bbb63162b83f56b9e44149c6afce8ec1.jpg,qblock,12,#565656,86,86,86,"(268, 64, 284, 73)",6.928203230275509
251010_070220_0000043571_CAM1_NG_bmp.rf.bbb63162b83f56b9e44149c6afce8ec1.jpg,qblock,22,#575757,87,87,87,"(173, 65, 190, 74)",8.660254037844387
251107_232041_0000097165_CAM1_NG_bmp.rf.d812e1056224109481465630875c104e.jpg,incorrect qblock,0,#b3b3b3,179,179,179,"(266, 170, 281, 178)",168.0089283341811
251107_232041_0000097165_CAM1_NG_bmp.rf.d812e1056224109481465630875c104e.jpg,incorrect qblock,1,#b2b2b2,178,178,178,"(172, 170, 187, 178)",166.27687752661222
251107_232041_0000097165_CAM1_NG_bmp.rf.d812e1056224109481465630875c104e.jpg,incorrect qblock,2,#bcbcbc,188,188,188,"(646, 166, 662, 175)",183.597385602301
251107_232041_0000097165_CAM1_NG_bmp.rf.d812e1056224109481465630875c104e.jpg,incorrect qblock,3,#9f9f9f,159,159,159,"(77, 171, 93, 179)",133.36791218280356
251107_232041_0000097165_CAM1_NG_bmp.rf.d812e1056224109481465630875c104e.jpg,incorrect qblock,4,#bdbdbd,189,189,189,"(361, 169, 376, 177)",185.32943640986986
251107_232041_0000097165_CAM1_NG_bmp.rf.d812e1056224109481465630875c104e.jpg,incorrect qblock,5,#b5b5b5,181,181,181,"(346, 132, 359, 136)",171.47302994931886
251107_232041_0000097165_CAM1_NG_bmp.rf.d812e1056224109481465630875c104e.jpg,incorrect qblock,6,#c5c5c5,197,197,197,"(456, 168, 472, 176)",199.18584287042088
251107_232041_0000097165_CAM1_NG_bmp.rf.d812e1056224109481465630875c104e.jpg,incorrect qblock,7,#adadad,173,173,173,"(157, 133, 169, 138)",157.61662348876783
251107_232041_0000097165_CAM1_NG_bmp.rf.d812e1056224109481465630875c104e.jpg,incorrect qblock,8,#c4c4c4,196,196,196,"(551, 167, 568, 176)",197.45379206285202
251107_232041_0000097165_CAM1_NG_bmp.rf.d812e1056224109481465630875c104e.jpg,incorrect qblock,9,#b2b2b2,178,178,178,"(252, 132, 264, 137)",166.27687752661222
251107_232041_0000097165_CAM1_NG_bmp.rf.d812e1056224109481465630875c104e.jpg,incorrect qblock,10,#bdbdbd,189,189,189,"(537, 130, 549, 135)",185.32943640986986
251107_232041_0000097165_CAM1_NG_bmp.rf.d812e1056224109481465630875c104e.jpg,incorrect qblock,11,#bdbdbd,189,189,189,"(442, 131, 454, 136)",185.32943640986986
251107_232306_0000097645_CAM1_NG_bmp.rf.e8bdcbf23d7ffec7093ddef58b464c03.jpg,incorrect qblock,0,#b3b3b3,179,179,179,"(266, 170, 281, 178)",168.0089283341811
251107_232306_0000097645_CAM1_NG_bmp.rf.e8bdcbf23d7ffec7093ddef58b464c03.jpg,incorrect qblock,1,#afafaf,175,175,175,"(172, 171, 187, 179)",161.0807251039056
251107_232306_0000097645_CAM1_NG_bmp.rf.e8bdcbf23d7ffec7093ddef58b464c03.jpg,incorrect qblock,2,#b5b5b5,181,181,181,"(646, 167, 661, 175)",171.47302994931886
251107_232306_0000097645_CAM1_NG_bmp.rf.e8bdcbf23d7ffec7093ddef58b464c03.jpg,incorrect qblock,3,#acacac,172,172,172,"(78, 171, 93, 179)",155.88457268119896
251107_232306_0000097645_CAM1_NG_bmp.rf.e8bdcbf23d7ffec7093ddef58b464c03.jpg,incorrect qblock,4,#b6b6b6,182,182,182,"(361, 170, 376, 177)",173.20508075688772
251107_232306_0000097645_CAM1_NG_bmp.rf.e8bdcbf23d7ffec7093ddef58b464c03.jpg,incorrect qblock,5,#b8b8b8,184,184,184,"(346, 132, 358, 136)",176.6691823720255
251107_232306_0000097645_CAM1_NG_bmp.rf.e8bdcbf23d7ffec7093ddef58b464c03.jpg,incorrect qblock,6,#c0c0c0,192,192,192,"(456, 169, 472, 177)",190.5255888325765
251107_232306_0000097645_CAM1_NG_bmp.rf.e8bdcbf23d7ffec7093ddef58b464c03.jpg,incorrect qblock,7,#bdbdbd,189,189,189,"(551, 168, 568, 176)",185.32943640986986
251107_232306_0000097645_CAM1_NG_bmp.rf.e8bdcbf23d7ffec7093ddef58b464c03.jpg,incorrect qblock,8,#b4b4b4,180,180,180,"(252, 132, 264, 137)",169.74097914175
251107_232306_0000097645_CAM1_NG_bmp.rf.e8bdcbf23d7ffec7093ddef58b464c03.jpg,incorrect qblock,9,#acacac,172,172,172,"(157, 133, 169, 138)",155.88457268119896
251107_232306_0000097645_CAM1_NG_bmp.rf.e8bdcbf23d7ffec7093ddef58b464c03.jpg,incorrect qblock,10,#bdbdbd,189,189,189,"(442, 131, 454, 136)",185.32943640986986
251107_232306_0000097645_CAM1_NG_bmp.rf.e8bdcbf23d7ffec7093ddef58b464c03.jpg,incorrect qblock,11,#c4c4c4,196,196,196,"(536, 130, 549, 136)",197.45379206285202
251107_232306_0000097645_CAM1_NG_bmp.rf.e8bdcbf23d7ffec7093ddef58b464c03.jpg,incorrect qblock,12,#adadad,173,173,173,"(632, 130, 644, 135)",157.61662348876783
251107_232044_0000097173_CAM1_NG_bmp.rf.b8950a01826e83c85d9833cc49a77676.jpg,incorrect qblock,0,#b9b9b9,185,185,185,"(266, 170, 281, 178)",178.40123317959436
251107_232044_0000097173_CAM1_NG_bmp.rf.b8950a01826e83c85d9833cc49a77676.jpg,incorrect qblock,1,#b0b0b0,176,176,176,"(172, 171, 187, 179)",162.81277591147446
251107_232044_0000097173_CAM1_NG_bmp.rf.b8950a01826e83c85d9833cc49a77676.jpg,incorrect qblock,2,#b7b7b7,183,183,183,"(361, 170, 376, 178)",174.9371315644566
251107_232044_0000097173_CAM1_NG_bmp.rf.b8950a01826e83c85d9833cc49a77676.jpg,incorrect qblock,3,#bfbfbf,191,191,191,"(456, 169, 472, 177)",188.79353802500762
251107_232044_0000097173_CAM1_NG_bmp.rf.b8950a01826e83c85d9833cc49a77676.jpg,incorrect qblock,4,#b2b2b2,178,178,178,"(646, 168, 662, 176)",166.27687752661222
251107_232044_0000097173_CAM1_NG_bmp.rf.b8950a01826e83c85d9833cc49a77676.jpg,incorrect qblock,5,#bbbbbb,187,187,187,"(346, 132, 358, 137)",181.86533479473212
251107_232044_0000097173_CAM1_NG_bmp.rf.b8950a01826e83c85d9833cc49a77676.jpg,incorrect qblock,6,#c0c0c0,192,192,192,"(551, 168, 568, 177)",190.5255888325765
251107_232044_0000097173_CAM1_NG_bmp.rf.b8950a01826e83c85d9833cc49a77676.jpg,incorrect qblock,7,#a0a0a0,160,160,160,"(77, 172, 93, 180)",135.09996299037243
251107_232044_0000097173_CAM1_NG_bmp.rf.b8950a01826e83c85d9833cc49a77676.jpg,incorrect qblock,8,#b0b0b0,176,176,176,"(252, 133, 264, 137)",162.81277591147446
251107_232044_0000097173_CAM1_NG_bmp.rf.b8950a01826e83c85d9833cc49a77676.jpg,incorrect qblock,9,#bfbfbf,191,191,191,"(536, 131, 549, 136)",188.79353802500762
251107_232044_0000097173_CAM1_NG_bmp.rf.b8950a01826e83c85d9833cc49a77676.jpg,incorrect qblock,10,#c5c5c5,197,197,197,"(442, 131, 454, 136)",199.18584287042088
251107_232044_0000097173_CAM1_NG_bmp.rf.b8950a01826e83c85d9833cc49a77676.jpg,incorrect qblock,11,#adadad,173,173,173,"(157, 134, 169, 138)",157.61662348876783
251107_232044_0000097173_CAM1_NG_bmp.rf.b8950a01826e83c85d9833cc49a77676.jpg,incorrect qblock,12,#b3b3b3,179,179,179,"(632, 130, 644, 135)",168.0089283341811
251107_232044_0000097173_CAM1_NG_bmp.rf.b8950a01826e83c85d9833cc49a77676.jpg,incorrect qblock,13,#b7b7b7,183,183,183,"(159, 360, 171, 366)",174.9371315644566
251107_232044_0000097173_CAM1_NG_bmp.rf.b8950a01826e83c85d9833cc49a77676.jpg,incorrect qblock,14,#bfbfbf,191,191,191,"(348, 360, 361, 365)",188.79353802500762
251107_232103_0000097235_CAM1_NG_bmp.rf.2247ce984c2c55c5dd109c09b50b7e09.jpg,incorrect qblock,0,#b9b9b9,185,185,185,"(266, 170, 281, 178)",178.40123317959436
251107_232103_0000097235_CAM1_NG_bmp.rf.2247ce984c2c55c5dd109c09b50b7e09.jpg,incorrect qblock,1,#b4b4b4,180,180,180,"(172, 170, 187, 179)",169.74097914175
251107_232103_0000097235_CAM1_NG_bmp.rf.2247ce984c2c55c5dd109c09b50b7e09.jpg,incorrect qblock,2,#b6b6b6,182,182,182,"(646, 167, 661, 175)",173.20508075688772
251107_232103_0000097235_CAM1_NG_bmp.rf.2247ce984c2c55c5dd109c09b50b7e09.jpg,incorrect qblock,3,#a7a7a7,167,167,167,"(77, 171, 93, 179)",147.22431864335456
251107_232103_0000097235_CAM1_NG_bmp.rf.2247ce984c2c55c5dd109c09b50b7e09.jpg,incorrect qblock,4,#c1c1c1,193,193,193,"(361, 169, 376, 177)",192.25763964014538
251107_232103_0000097235_CAM1_NG_bmp.rf.2247ce984c2c55c5dd109c09b50b7e09.jpg,incorrect qblock,5,#c9c9c9,201,201,201,"(456, 168, 472, 176)",206.11404610069638
251107_232103_0000097235_CAM1_NG_bmp.rf.2247ce984c2c55c5dd109c09b50b7e09.jpg,incorrect qblock,6,#bfbfbf,191,191,191,"(346, 131, 358, 136)",188.79353802500762
251107_232103_0000097235_CAM1_NG_bmp.rf.2247ce984c2c55c5dd109c09b50b7e09.jpg,incorrect qblock,7,#afafaf,175,175,175,"(157, 133, 169, 137)",161.0807251039056
251107_232103_0000097235_CAM1_NG_bmp.rf.2247ce984c2c55c5dd109c09b50b7e09.jpg,incorrect qblock,8,#b6b6b6,182,182,182,"(252, 132, 264, 137)",173.20508075688772
251107_232103_0000097235_CAM1_NG_bmp.rf.2247ce984c2c55c5dd109c09b50b7e09.jpg,incorrect qblock,9,#c6c6c6,198,198,198,"(551, 167, 568, 176)",200.91789367798975
251107_232103_0000097235_CAM1_NG_bmp.rf.2247ce984c2c55c5dd109c09b50b7e09.jpg,incorrect qblock,10,#c5c5c5,197,197,197,"(536, 130, 549, 135)",199.18584287042088
251107_232103_0000097235_CAM1_NG_bmp.rf.2247ce984c2c55c5dd109c09b50b7e09.jpg,incorrect qblock,11,#b9b9b9,185,185,185,"(442, 131, 454, 136)",178.40123317959436
251010_114738_0000080381_CAM1_NG_bmp.rf.8220d6986c5e29e679c6b1a7b866419c.jpg,qblock,7,#555555,85,85,85,"(460, 289, 476, 298)",5.196152422706632
251010_114738_0000080381_CAM1_NG_bmp.rf.8220d6986c5e29e679c6b1a7b866419c.jpg,qblock,8,#696969,105,105,105,"(270, 289, 287, 299)",39.83716857408418
251010_114738_0000080381_CAM1_NG_bmp.rf.8220d6986c5e29e679c6b1a7b866419c.jpg,qblock,9,#5d5d5d,93,93,93,"(175, 290, 192, 299)",19.05255888325765
251010_114738_0000080381_CAM1_NG_bmp.rf.8220d6986c5e29e679c6b1a7b866419c.jpg,qblock,10,#595959,89,89,89,"(81, 290, 98, 299)",12.12435565298214
251010_114738_0000080381_CAM1_NG_bmp.rf.8220d6986c5e29e679c6b1a7b866419c.jpg,qblock,11,#646464,100,100,100,"(650, 287, 667, 296)",31.176914536239792
251010_114738_0000080381_CAM1_NG_bmp.rf.8220d6986c5e29e679c6b1a7b866419c.jpg,qblock,12,#8c8c8c,140,140,140,"(159, 25, 173, 34)",100.45894683899488
251010_114738_0000080381_CAM1_NG_bmp.rf.8220d6986c5e29e679c6b1a7b866419c.jpg,qblock,13,#686868,104,104,104,"(364, 289, 382, 298)",38.1051177665153
251010_114738_0000080381_CAM1_NG_bmp.rf.8220d6986c5e29e679c6b1a7b866419c.jpg,qblock,14,#5f5f5f,95,95,95,"(555, 288, 572, 297)",22.516660498395403
251010_114738_0000080381_CAM1_NG_bmp.rf.8220d6986c5e29e679c6b1a7b866419c.jpg,qblock,15,#838383,131,131,131,"(633, 23, 648, 30)",84.870489570875
251010_114738_0000080381_CAM1_NG_bmp.rf.8220d6986c5e29e679c6b1a7b866419c.jpg,qblock,16,#828282,130,130,130,"(538, 23, 552, 30)",83.13843876330611
251010_114738_0000080381_CAM1_NG_bmp.rf.8220d6986c5e29e679c6b1a7b866419c.jpg,qblock,17,#8d8d8d,141,141,141,"(443, 23, 458, 31)",102.19099764656376
251010_114738_0000080381_CAM1_NG_bmp.rf.8220d6986c5e29e679c6b1a7b866419c.jpg,qblock,18,#949494,148,148,148,"(348, 23, 363, 32)",114.3153532995459
251107_231853_0000096805_CAM1_NG_bmp.rf.8f5b0274ad24b6f7c17c301318edfb52.jpg,incorrect qblock,0,#b5b5b5,181,181,181,"(172, 171, 187, 180)",171.47302994931886
251107_231853_0000096805_CAM1_NG_bmp.rf.8f5b0274ad24b6f7c17c301318edfb52.jpg,incorrect qblock,1,#b4b4b4,180,180,180,"(266, 171, 281, 179)",169.74097914175
251107_231853_0000096805_CAM1_NG_bmp.rf.8f5b0274ad24b6f7c17c301318edfb52.jpg,incorrect qblock,2,#b9b9b9,185,185,185,"(362, 170, 376, 178)",178.40123317959436
251107_231853_0000096805_CAM1_NG_bmp.rf.8f5b0274ad24b6f7c17c301318edfb52.jpg,incorrect qblock,3,#b3b3b3,179,179,179,"(646, 168, 662, 176)",168.0089283341811
251107_231853_0000096805_CAM1_NG_bmp.rf.8f5b0274ad24b6f7c17c301318edfb52.jpg,incorrect qblock,4,#bebebe,190,190,190,"(456, 170, 472, 178)",187.06148721743875
251107_231853_0000096805_CAM1_NG_bmp.rf.8f5b0274ad24b6f7c17c301318edfb52.jpg,incorrect qblock,5,#b9b9b9,185,185,185,"(551, 169, 568, 177)",178.40123317959436
251107_231853_0000096805_CAM1_NG_bmp.rf.8f5b0274ad24b6f7c17c301318edfb52.jpg,incorrect qblock,6,#a9a9a9,169,169,169,"(78, 172, 93, 180)",150.68842025849233
251107_231853_0000096805_CAM1_NG_bmp.rf.8f5b0274ad24b6f7c17c301318edfb52.jpg,incorrect qblock,7,#b5b5b5,181,181,181,"(346, 133, 359, 137)",171.47302994931886
251107_231853_0000096805_CAM1_NG_bmp.rf.8f5b0274ad24b6f7c17c301318edfb52.jpg,incorrect qblock,8,#b0b0b0,176,176,176,"(632, 131, 644, 136)",162.81277591147446
251107_231853_0000096805_CAM1_NG_bmp.rf.8f5b0274ad24b6f7c17c301318edfb52.jpg,incorrect qblock,9,#bcbcbc,188,188,188,"(442, 132, 454, 137)",183.597385602301
251107_231853_0000096805_CAM1_NG_bmp.rf.8f5b0274ad24b6f7c17c301318edfb52.jpg,incorrect qblock,10,#b7b7b7,183,183,183,"(251, 133, 264, 138)",174.9371315644566
251107_231853_0000096805_CAM1_NG_bmp.rf.8f5b0274ad24b6f7c17c301318edfb52.jpg,incorrect qblock,11,#bdbdbd,189,189,189,"(537, 131, 549, 136)",185.32943640986986
251107_231853_0000096805_CAM1_NG_bmp.rf.8f5b0274ad24b6f7c17c301318edfb52.jpg,incorrect qblock,12,#b4b4b4,180,180,180,"(159, 360, 171, 366)",169.74097914175
251107_231853_0000096805_CAM1_NG_bmp.rf.8f5b0274ad24b6f7c17c301318edfb52.jpg,incorrect qblock,13,#bbbbbb,187,187,187,"(348, 360, 360, 365)",181.86533479473212
251107_231853_0000096805_CAM1_NG_bmp.rf.8f5b0274ad24b6f7c17c301318edfb52.jpg,incorrect qblock,14,#bbbbbb,187,187,187,"(538, 359, 551, 365)",181.86533479473212
251107_231853_0000096805_CAM1_NG_bmp.rf.8f5b0274ad24b6f7c17c301318edfb52.jpg,incorrect qblock,15,#b9b9b9,185,185,185,"(727, 131, 740, 136)",178.40123317959436
251015_020546_0000434654_CAM1_OK_bmp.rf.b53df37691e879b8b57d114730da221d.jpg,qblock,0,#555555,85,85,85,"(645, 59, 662, 68)",5.196152422706632
251015_020546_0000434654_CAM1_OK_bmp.rf.b53df37691e879b8b57d114730da221d.jpg,qblock,1,#484848,72,72,72,"(172, 288, 188, 297)",17.320508075688775
251015_020546_0000434654_CAM1_OK_bmp.rf.b53df37691e879b8b57d114730da221d.jpg,qblock,2,#464646,70,70,70,"(265, 62, 281, 70)",20.784609690826528
251015_020546_0000434654_CAM1_OK_bmp.rf.b53df37691e879b8b57d114730da221d.jpg,qblock,3,#505050,80,80,80,"(171, 62, 186, 71)",3.4641016151377544
251015_020546_0000434654_CAM1_OK_bmp.rf.b53df37691e879b8b57d114730da221d.jpg,qblock,4,#5d5d5d,93,93,93,"(550, 59, 567, 68)",19.05255888325765
251015_020546_0000434654_CAM1_OK_bmp.rf.b53df37691e879b8b57d114730da221d.jpg,qblock,5,#4e4e4e,78,78,78,"(646, 286, 662, 294)",6.928203230275509
251015_020546_0000434654_CAM1_OK_bmp.rf.b53df37691e879b8b57d114730da221d.jpg,qblock,6,#454545,69,69,69,"(77, 63, 92, 72)",22.516660498395403
251015_020546_0000434654_CAM1_OK_bmp.rf.b53df37691e879b8b57d114730da221d.jpg,qblock,8,#585858,88,88,88,"(266, 287, 282, 296)",10.392304845413264
251015_020546_0000434654_CAM1_OK_bmp.rf.b53df37691e879b8b57d114730da221d.jpg,qblock,9,#414141,65,65,65,"(77, 288, 93, 297)",29.444863728670914
251015_020546_0000434654_CAM1_OK_bmp.rf.b53df37691e879b8b57d114730da221d.jpg,qblock,10,#565656,86,86,86,"(457, 286, 473, 295)",6.928203230275509
251015_020546_0000434654_CAM1_OK_bmp.rf.b53df37691e879b8b57d114730da221d.jpg,qblock,11,#565656,86,86,86,"(455, 60, 472, 69)",6.928203230275509
251015_020546_0000434654_CAM1_OK_bmp.rf.b53df37691e879b8b57d114730da221d.jpg,qblock,12,#505050,80,80,80,"(361, 287, 377, 296)",3.4641016151377544
251015_020546_0000434654_CAM1_OK_bmp.rf.b53df37691e879b8b57d114730da221d.jpg,qblock,15,#555555,85,85,85,"(551, 286, 568, 295)",5.196152422706632
251015_020546_0000434654_CAM1_OK_bmp.rf.b53df37691e879b8b57d114730da221d.jpg,qblock,18,#4c4c4c,76,76,76,"(360, 61, 376, 69)",10.392304845413264
251107_231855_0000096813_CAM1_NG_bmp.rf.fc1bf51878a8cd7d0628adb1ec799072.jpg,incorrect qblock,0,#b6b6b6,182,182,182,"(266, 170, 281, 178)",173.20508075688772
251107_231855_0000096813_CAM1_NG_bmp.rf.fc1bf51878a8cd7d0628adb1ec799072.jpg,incorrect qblock,1,#afafaf,175,175,175,"(172, 171, 187, 179)",161.0807251039056
251107_231855_0000096813_CAM1_NG_bmp.rf.fc1bf51878a8cd7d0628adb1ec799072.jpg,incorrect qblock,2,#bababa,186,186,186,"(361, 170, 376, 177)",180.13328398716322
251107_231855_0000096813_CAM1_NG_bmp.rf.fc1bf51878a8cd7d0628adb1ec799072.jpg,incorrect qblock,3,#b7b7b7,183,183,183,"(646, 167, 661, 176)",174.9371315644566
251107_231855_0000096813_CAM1_NG_bmp.rf.fc1bf51878a8cd7d0628adb1ec799072.jpg,incorrect qblock,4,#c4c4c4,196,196,196,"(456, 169, 472, 177)",197.45379206285202
251107_231855_0000096813_CAM1_NG_bmp.rf.fc1bf51878a8cd7d0628adb1ec799072.jpg,incorrect qblock,5,#9f9f9f,159,159,159,"(77, 172, 93, 180)",133.36791218280356
251107_231855_0000096813_CAM1_NG_bmp.rf.fc1bf51878a8cd7d0628adb1ec799072.jpg,incorrect qblock,6,#bcbcbc,188,188,188,"(551, 168, 567, 176)",183.597385602301
251107_231855_0000096813_CAM1_NG_bmp.rf.fc1bf51878a8cd7d0628adb1ec799072.jpg,incorrect qblock,7,#b9b9b9,185,185,185,"(346, 132, 358, 137)",178.40123317959436
251107_231855_0000096813_CAM1_NG_bmp.rf.fc1bf51878a8cd7d0628adb1ec799072.jpg,incorrect qblock,8,#b2b2b2,178,178,178,"(632, 131, 644, 135)",166.27687752661222
251107_231855_0000096813_CAM1_NG_bmp.rf.fc1bf51878a8cd7d0628adb1ec799072.jpg,incorrect qblock,9,#b0b0b0,176,176,176,"(252, 133, 264, 138)",162.81277591147446
251107_231855_0000096813_CAM1_NG_bmp.rf.fc1bf51878a8cd7d0628adb1ec799072.jpg,incorrect qblock,10,#c0c0c0,192,192,192,"(536, 131, 549, 136)",190.5255888325765
251107_231855_0000096813_CAM1_NG_bmp.rf.fc1bf51878a8cd7d0628adb1ec799072.jpg,incorrect qblock,11,#a6a6a6,166,166,166,"(157, 134, 169, 138)",145.4922678357857
251107_231855_0000096813_CAM1_NG_bmp.rf.fc1bf51878a8cd7d0628adb1ec799072.jpg,incorrect qblock,12,#bababa,186,186,186,"(442, 132, 454, 136)",180.13328398716322
251107_231855_0000096813_CAM1_NG_bmp.rf.fc1bf51878a8cd7d0628adb1ec799072.jpg,incorrect qblock,13,#b6b6b6,182,182,182,"(159, 360, 171, 365)",173.20508075688772
251107_231855_0000096813_CAM1_NG_bmp.rf.fc1bf51878a8cd7d0628adb1ec799072.jpg,incorrect qblock,14,#b7b7b7,183,183,183,"(348, 360, 360, 365)",174.9371315644566
251107_232141_0000097362_CAM1_NG_bmp.rf.839e32ba37645cdd1e00c49f9fa3e364.jpg,incorrect qblock,0,#b8b8b8,184,184,184,"(266, 170, 281, 178)",176.6691823720255
251107_232141_0000097362_CAM1_NG_bmp.rf.839e32ba37645cdd1e00c49f9fa3e364.jpg,incorrect qblock,1,#b4b4b4,180,180,180,"(172, 170, 187, 179)",169.74097914175
251107_232141_0000097362_CAM1_NG_bmp.rf.839e32ba37645cdd1e00c49f9fa3e364.jpg,incorrect qblock,2,#a7a7a7,167,167,167,"(77, 171, 93, 179)",147.22431864335456
251107_232141_0000097362_CAM1_NG_bmp.rf.839e32ba37645cdd1e00c49f9fa3e364.jpg,incorrect qblock,3,#c1c1c1,193,193,193,"(361, 169, 376, 177)",192.25763964014538
251107_232141_0000097362_CAM1_NG_bmp.rf.839e32ba37645cdd1e00c49f9fa3e364.jpg,incorrect qblock,4,#c2c2c2,194,194,194,"(456, 169, 472, 177)",193.98969044771425
251107_232141_0000097362_CAM1_NG_bmp.rf.839e32ba37645cdd1e00c49f9fa3e364.jpg,incorrect qblock,5,#bababa,186,186,186,"(646, 167, 662, 175)",180.13328398716322
251107_232141_0000097362_CAM1_NG_bmp.rf.839e32ba37645cdd1e00c49f9fa3e364.jpg,incorrect qblock,6,#b9b9b9,185,185,185,"(346, 132, 358, 137)",178.40123317959436
251107_232141_0000097362_CAM1_NG_bmp.rf.839e32ba37645cdd1e00c49f9fa3e364.jpg,incorrect qblock,7,#b0b0b0,176,176,176,"(252, 133, 264, 138)",162.81277591147446
251107_232141_0000097362_CAM1_NG_bmp.rf.839e32ba37645cdd1e00c49f9fa3e364.jpg,incorrect qblock,8,#c1c1c1,193,193,193,"(551, 168, 568, 176)",192.25763964014538
251107_232141_0000097362_CAM1_NG_bmp.rf.839e32ba37645cdd1e00c49f9fa3e364.jpg,incorrect qblock,9,#bfbfbf,191,191,191,"(442, 131, 454, 136)",188.79353802500762
251107_232141_0000097362_CAM1_NG_bmp.rf.839e32ba37645cdd1e00c49f9fa3e364.jpg,incorrect qblock,10,#b7b7b7,183,183,183,"(632, 130, 645, 135)",174.9371315644566
251107_232141_0000097362_CAM1_NG_bmp.rf.839e32ba37645cdd1e00c49f9fa3e364.jpg,incorrect qblock,11,#a6a6a6,166,166,166,"(158, 134, 169, 138)",145.4922678357857
251107_232141_0000097362_CAM1_NG_bmp.rf.839e32ba37645cdd1e00c49f9fa3e364.jpg,incorrect qblock,12,#bdbdbd,189,189,189,"(537, 131, 549, 136)",185.32943640986986
251010_125635_0000080763_CAM1_NG_bmp.rf.d94051ba3008c05664221b13aeaa9ede.jpg,qblock,0,#535353,83,83,83,"(268, 309, 284, 317)",1.7320508075688772
251010_125635_0000080763_CAM1_NG_bmp.rf.d94051ba3008c05664221b13aeaa9ede.jpg,qblock,1,#575757,87,87,87,"(266, 83, 283, 91)",8.660254037844387
251010_125635_0000080763_CAM1_NG_bmp.rf.d94051ba3008c05664221b13aeaa9ede.jpg,qblock,2,#575757,87,87,87,"(647, 80, 663, 89)",8.660254037844387
251010_125635_0000080763_CAM1_NG_bmp.rf.d94051ba3008c05664221b13aeaa9ede.jpg,qblock,3,#515151,81,81,81,"(552, 81, 568, 89)",1.7320508075688772
251010_125635_0000080763_CAM1_NG_bmp.rf.d94051ba3008c05664221b13aeaa9ede.jpg,qblock,4,#5d5d5d,93,93,93,"(457, 81, 473, 90)",19.05255888325765
251010_125635_0000080763_CAM1_NG_bmp.rf.d94051ba3008c05664221b13aeaa9ede.jpg,qblock,5,#525252,82,82,82,"(174, 309, 190, 318)",0.0
251010_125635_0000080763_CAM1_NG_bmp.rf.d94051ba3008c05664221b13aeaa9ede.jpg,qblock,6,#5e5e5e,94,94,94,"(361, 82, 377, 90)",20.784609690826528
251010_125635_0000080763_CAM1_NG_bmp.rf.d94051ba3008c05664221b13aeaa9ede.jpg,qblock,7,#535353,83,83,83,"(458, 308, 474, 316)",1.7320508075688772
251010_125635_0000080763_CAM1_NG_bmp.rf.d94051ba3008c05664221b13aeaa9ede.jpg,qblock,8,#4f4f4f,79,79,79,"(172, 84, 188, 92)",5.196152422706632
251010_125635_0000080763_CAM1_NG_bmp.rf.d94051ba3008c05664221b13aeaa9ede.jpg,qblock,9,#555555,85,85,85,"(648, 307, 665, 315)",5.196152422706632
251010_125635_0000080763_CAM1_NG_bmp.rf.d94051ba3008c05664221b13aeaa9ede.jpg,qblock,10,#5b5b5b,91,91,91,"(363, 308, 379, 317)",15.588457268119896
251010_125635_0000080763_CAM1_NG_bmp.rf.d94051ba3008c05664221b13aeaa9ede.jpg,qblock,14,#474747,71,71,71,"(80, 309, 95, 318)",19.05255888325765
251010_125635_0000080763_CAM1_NG_bmp.rf.d94051ba3008c05664221b13aeaa9ede.jpg,qblock,16,#595959,89,89,89,"(553, 307, 569, 316)",12.12435565298214
251010_125635_0000080763_CAM1_NG_bmp.rf.d94051ba3008c05664221b13aeaa9ede.jpg,qblock,22,#4c4c4c,76,76,76,"(79, 84, 94, 93)",10.392304845413264
251107_232237_0000097550_CAM1_NG_bmp.rf.44c996fd4c408e81b9e8edf38949a1ea.jpg,incorrect qblock,0,#b4b4b4,180,180,180,"(266, 170, 281, 178)",169.74097914175
251107_232237_0000097550_CAM1_NG_bmp.rf.44c996fd4c408e81b9e8edf38949a1ea.jpg,incorrect qblock,1,#b6b6b6,182,182,182,"(172, 170, 188, 179)",173.20508075688772
251107_232237_0000097550_CAM1_NG_bmp.rf.44c996fd4c408e81b9e8edf38949a1ea.jpg,incorrect qblock,2,#b2b2b2,178,178,178,"(647, 167, 662, 175)",166.27687752661222
251107_232237_0000097550_CAM1_NG_bmp.rf.44c996fd4c408e81b9e8edf38949a1ea.jpg,incorrect qblock,3,#a9a9a9,169,169,169,"(78, 171, 93, 179)",150.68842025849233
251107_232237_0000097550_CAM1_NG_bmp.rf.44c996fd4c408e81b9e8edf38949a1ea.jpg,incorrect qblock,4,#bebebe,190,190,190,"(361, 169, 376, 177)",187.06148721743875
251107_232237_0000097550_CAM1_NG_bmp.rf.44c996fd4c408e81b9e8edf38949a1ea.jpg,incorrect qblock,5,#c0c0c0,192,192,192,"(456, 169, 472, 176)",190.5255888325765
251107_232237_0000097550_CAM1_NG_bmp.rf.44c996fd4c408e81b9e8edf38949a1ea.jpg,incorrect qblock,6,#c1c1c1,193,193,193,"(346, 131, 358, 136)",192.25763964014538
251107_232237_0000097550_CAM1_NG_bmp.rf.44c996fd4c408e81b9e8edf38949a1ea.jpg,incorrect qblock,7,#b9b9b9,185,185,185,"(252, 132, 264, 137)",178.40123317959436
251107_232237_0000097550_CAM1_NG_bmp.rf.44c996fd4c408e81b9e8edf38949a1ea.jpg,incorrect qblock,8,#b8b8b8,184,184,184,"(552, 168, 568, 176)",176.6691823720255
251107_232237_0000097550_CAM1_NG_bmp.rf.44c996fd4c408e81b9e8edf38949a1ea.jpg,incorrect qblock,9,#b1b1b1,177,177,177,"(158, 133, 169, 138)",164.54482671904336
251107_232237_0000097550_CAM1_NG_bmp.rf.44c996fd4c408e81b9e8edf38949a1ea.jpg,incorrect qblock,10,#bbbbbb,187,187,187,"(442, 131, 454, 136)",181.86533479473212
251107_232237_0000097550_CAM1_NG_bmp.rf.44c996fd4c408e81b9e8edf38949a1ea.jpg,incorrect qblock,11,#c7c7c7,199,199,199,"(536, 130, 549, 136)",202.64994448555865
251107_232237_0000097550_CAM1_NG_bmp.rf.44c996fd4c408e81b9e8edf38949a1ea.jpg,incorrect qblock,12,#b1b1b1,177,177,177,"(632, 130, 644, 135)",164.54482671904336
251010_124906_0000080555_CAM1_NG_bmp.rf.bc8b7edfdb1964fd320a033366770542.jpg,qblock,0,#4e4e4e,78,78,78,"(647, 90, 664, 98)",6.928203230275509
251010_124906_0000080555_CAM1_NG_bmp.rf.bc8b7edfdb1964fd320a033366770542.jpg,qblock,1,#414141,65,65,65,"(79, 94, 95, 102)",29.444863728670914
251010_124906_0000080555_CAM1_NG_bmp.rf.bc8b7edfdb1964fd320a033366770542.jpg,qblock,2,#585858,88,88,88,"(267, 92, 283, 101)",10.392304845413264
251010_124906_0000080555_CAM1_NG_bmp.rf.bc8b7edfdb1964fd320a033366770542.jpg,qblock,3,#5b5b5b,91,91,91,"(268, 320, 285, 329)",15.588457268119896
251010_124906_0000080555_CAM1_NG_bmp.rf.bc8b7edfdb1964fd320a033366770542.jpg,qblock,4,#505050,80,80,80,"(457, 91, 473, 99)",3.4641016151377544
251010_124906_0000080555_CAM1_NG_bmp.rf.bc8b7edfdb1964fd320a033366770542.jpg,qblock,5,#585858,88,88,88,"(552, 90, 569, 99)",10.392304845413264
251010_124906_0000080555_CAM1_NG_bmp.rf.bc8b7edfdb1964fd320a033366770542.jpg,qblock,6,#4f4f4f,79,79,79,"(649, 318, 665, 327)",5.196152422706632
251010_124906_0000080555_CAM1_NG_bmp.rf.bc8b7edfdb1964fd320a033366770542.jpg,qblock,7,#474747,71,71,71,"(80, 320, 96, 329)",19.05255888325765
251010_124906_0000080555_CAM1_NG_bmp.rf.bc8b7edfdb1964fd320a033366770542.jpg,qblock,8,#545454,84,84,84,"(174, 320, 190, 329)",3.4641016151377544
251010_124906_0000080555_CAM1_NG_bmp.rf.bc8b7edfdb1964fd320a033366770542.jpg,qblock,9,#494949,73,73,73,"(554, 319, 570, 327)",15.588457268119896
251010_124906_0000080555_CAM1_NG_bmp.rf.bc8b7edfdb1964fd320a033366770542.jpg,qblock,10,#5b5b5b,91,91,91,"(362, 91, 378, 100)",15.588457268119896
251010_124906_0000080555_CAM1_NG_bmp.rf.bc8b7edfdb1964fd320a033366770542.jpg,qblock,11,#5a5a5a,90,90,90,"(458, 319, 475, 328)",13.856406460551018
251010_124906_0000080555_CAM1_NG_bmp.rf.bc8b7edfdb1964fd320a033366770542.jpg,qblock,12,#515151,81,81,81,"(173, 93, 189, 102)",1.7320508075688772
251010_124906_0000080555_CAM1_NG_bmp.rf.bc8b7edfdb1964fd320a033366770542.jpg,qblock,13,#616161,97,97,97,"(363, 319, 380, 328)",25.98076211353316
251107_232600_0000098221_CAM1_NG_bmp.rf.4b6cc54b2b2254bed086e2010ac29519.jpg,incorrect qblock,0,#b7b7b7,183,183,183,"(266, 170, 281, 178)",174.9371315644566
251107_232600_0000098221_CAM1_NG_bmp.rf.4b6cc54b2b2254bed086e2010ac29519.jpg,incorrect qblock,1,#aeaeae,174,174,174,"(172, 171, 187, 179)",159.34867429633672
251107_232600_0000098221_CAM1_NG_bmp.rf.4b6cc54b2b2254bed086e2010ac29519.jpg,incorrect qblock,2,#b7b7b7,183,183,183,"(362, 170, 376, 177)",174.9371315644566
251107_232600_0000098221_CAM1_NG_bmp.rf.4b6cc54b2b2254bed086e2010ac29519.jpg,incorrect qblock,3,#b9b9b9,185,185,185,"(646, 167, 662, 176)",178.40123317959436
251107_232600_0000098221_CAM1_NG_bmp.rf.4b6cc54b2b2254bed086e2010ac29519.jpg,incorrect qblock,4,#c1c1c1,193,193,193,"(456, 169, 472, 177)",192.25763964014538
251107_232600_0000098221_CAM1_NG_bmp.rf.4b6cc54b2b2254bed086e2010ac29519.jpg,incorrect qblock,5,#b8b8b8,184,184,184,"(346, 132, 359, 137)",176.6691823720255
251107_232600_0000098221_CAM1_NG_bmp.rf.4b6cc54b2b2254bed086e2010ac29519.jpg,incorrect qblock,6,#a0a0a0,160,160,160,"(77, 172, 93, 180)",135.09996299037243
251107_232600_0000098221_CAM1_NG_bmp.rf.4b6cc54b2b2254bed086e2010ac29519.jpg,incorrect qblock,7,#acacac,172,172,172,"(252, 133, 264, 137)",155.88457268119896
251107_232600_0000098221_CAM1_NG_bmp.rf.4b6cc54b2b2254bed086e2010ac29519.jpg,incorrect qblock,8,#bfbfbf,191,191,191,"(551, 168, 568, 176)",188.79353802500762
251107_232600_0000098221_CAM1_NG_bmp.rf.4b6cc54b2b2254bed086e2010ac29519.jpg,incorrect qblock,9,#b4b4b4,180,180,180,"(157, 133, 169, 138)",169.74097914175
251107_232600_0000098221_CAM1_NG_bmp.rf.4b6cc54b2b2254bed086e2010ac29519.jpg,incorrect qblock,10,#bebebe,190,190,190,"(442, 131, 454, 136)",187.06148721743875
251107_232600_0000098221_CAM1_NG_bmp.rf.4b6cc54b2b2254bed086e2010ac29519.jpg,incorrect qblock,11,#bababa,186,186,186,"(632, 130, 644, 135)",180.13328398716322
251107_232600_0000098221_CAM1_NG_bmp.rf.4b6cc54b2b2254bed086e2010ac29519.jpg,incorrect qblock,12,#c1c1c1,193,193,193,"(536, 130, 549, 136)",192.25763964014538
251107_231942_0000096967_CAM1_NG_bmp.rf.525cf4c0e5095cc9e7cd8833a273f2f9.jpg,incorrect qblock,0,#b5b5b5,181,181,181,"(266, 170, 281, 178)",171.47302994931886
251107_231942_0000096967_CAM1_NG_bmp.rf.525cf4c0e5095cc9e7cd8833a273f2f9.jpg,incorrect qblock,1,#b2b2b2,178,178,178,"(172, 171, 187, 179)",166.27687752661222
251107_231942_0000096967_CAM1_NG_bmp.rf.525cf4c0e5095cc9e7cd8833a273f2f9.jpg,incorrect qblock,2,#b6b6b6,182,182,182,"(361, 170, 376, 178)",173.20508075688772
251107_231942_0000096967_CAM1_NG_bmp.rf.525cf4c0e5095cc9e7cd8833a273f2f9.jpg,incorrect qblock,3,#b0b0b0,176,176,176,"(646, 168, 662, 176)",162.81277591147446
251107_231942_0000096967_CAM1_NG_bmp.rf.525cf4c0e5095cc9e7cd8833a273f2f9.jpg,incorrect qblock,4,#c2c2c2,194,194,194,"(456, 169, 472, 177)",193.98969044771425
251107_231942_0000096967_CAM1_NG_bmp.rf.525cf4c0e5095cc9e7cd8833a273f2f9.jpg,incorrect qblock,5,#a1a1a1,161,161,161,"(78, 172, 93, 180)",136.8320137979413
251107_231942_0000096967_CAM1_NG_bmp.rf.525cf4c0e5095cc9e7cd8833a273f2f9.jpg,incorrect qblock,6,#b9b9b9,185,185,185,"(346, 132, 358, 137)",178.40123317959436
251107_231942_0000096967_CAM1_NG_bmp.rf.525cf4c0e5095cc9e7cd8833a273f2f9.jpg,incorrect qblock,7,#bcbcbc,188,188,188,"(551, 168, 568, 177)",183.597385602301
251107_231942_0000096967_CAM1_NG_bmp.rf.525cf4c0e5095cc9e7cd8833a273f2f9.jpg,incorrect qblock,8,#b1b1b1,177,177,177,"(252, 133, 264, 137)",164.54482671904336
251107_231942_0000096967_CAM1_NG_bmp.rf.525cf4c0e5095cc9e7cd8833a273f2f9.jpg,incorrect qblock,9,#ababab,171,171,171,"(157, 134, 169, 138)",154.1525218736301
251107_231942_0000096967_CAM1_NG_bmp.rf.525cf4c0e5095cc9e7cd8833a273f2f9.jpg,incorrect qblock,10,#c3c3c3,195,195,195,"(442, 131, 454, 136)",195.72174125528312
251107_231942_0000096967_CAM1_NG_bmp.rf.525cf4c0e5095cc9e7cd8833a273f2f9.jpg,incorrect qblock,11,#b9b9b9,185,185,185,"(632, 130, 644, 135)",178.40123317959436
251107_231942_0000096967_CAM1_NG_bmp.rf.525cf4c0e5095cc9e7cd8833a273f2f9.jpg,incorrect qblock,12,#bebebe,190,190,190,"(537, 131, 550, 136)",187.06148721743875
251107_231856_0000096816_CAM1_NG_bmp.rf.8a4209bd5b7e9985db3cb9cf760e63d9.jpg,incorrect qblock,0,#adadad,173,173,173,"(172, 171, 187, 179)",157.61662348876783
251107_231856_0000096816_CAM1_NG_bmp.rf.8a4209bd5b7e9985db3cb9cf760e63d9.jpg,incorrect qblock,1,#b5b5b5,181,181,181,"(266, 170, 282, 178)",171.47302994931886
251107_231856_0000096816_CAM1_NG_bmp.rf.8a4209bd5b7e9985db3cb9cf760e63d9.jpg,incorrect qblock,2,#bababa,186,186,186,"(361, 170, 376, 178)",180.13328398716322
251107_231856_0000096816_CAM1_NG_bmp.rf.8a4209bd5b7e9985db3cb9cf760e63d9.jpg,incorrect qblock,3,#b3b3b3,179,179,179,"(646, 168, 662, 176)",168.0089283341811
251107_231856_0000096816_CAM1_NG_bmp.rf.8a4209bd5b7e9985db3cb9cf760e63d9.jpg,incorrect qblock,4,#c2c2c2,194,194,194,"(456, 169, 472, 177)",193.98969044771425
251107_231856_0000096816_CAM1_NG_bmp.rf.8a4209bd5b7e9985db3cb9cf760e63d9.jpg,incorrect qblock,5,#bdbdbd,189,189,189,"(346, 132, 358, 137)",185.32943640986986
251107_231856_0000096816_CAM1_NG_bmp.rf.8a4209bd5b7e9985db3cb9cf760e63d9.jpg,incorrect qblock,6,#bdbdbd,189,189,189,"(551, 168, 568, 177)",185.32943640986986
251107_231856_0000096816_CAM1_NG_bmp.rf.8a4209bd5b7e9985db3cb9cf760e63d9.jpg,incorrect qblock,7,#9c9c9c,156,156,156,"(77, 172, 93, 180)",128.17175976009693
251107_231856_0000096816_CAM1_NG_bmp.rf.8a4209bd5b7e9985db3cb9cf760e63d9.jpg,incorrect qblock,8,#bdbdbd,189,189,189,"(632, 131, 644, 136)",185.32943640986986
251107_231856_0000096816_CAM1_NG_bmp.rf.8a4209bd5b7e9985db3cb9cf760e63d9.jpg,incorrect qblock,9,#c1c1c1,193,193,193,"(537, 131, 549, 136)",192.25763964014538
251107_231856_0000096816_CAM1_NG_bmp.rf.8a4209bd5b7e9985db3cb9cf760e63d9.jpg,incorrect qblock,10,#bebebe,190,190,190,"(442, 132, 454, 137)",187.06148721743875
251107_231856_0000096816_CAM1_NG_bmp.rf.8a4209bd5b7e9985db3cb9cf760e63d9.jpg,incorrect qblock,11,#b5b5b5,181,181,181,"(252, 133, 264, 138)",171.47302994931886
251107_231856_0000096816_CAM1_NG_bmp.rf.8a4209bd5b7e9985db3cb9cf760e63d9.jpg,incorrect qblock,12,#bbbbbb,187,187,187,"(348, 360, 360, 365)",181.86533479473212
251107_231856_0000096816_CAM1_NG_bmp.rf.8a4209bd5b7e9985db3cb9cf760e63d9.jpg,incorrect qblock,13,#bdbdbd,189,189,189,"(159, 360, 171, 366)",185.32943640986986
251107_231856_0000096816_CAM1_NG_bmp.rf.8a4209bd5b7e9985db3cb9cf760e63d9.jpg,incorrect qblock,14,#adadad,173,173,173,"(157, 134, 170, 139)",157.61662348876783
251107_231856_0000096816_CAM1_NG_bmp.rf.8a4209bd5b7e9985db3cb9cf760e63d9.jpg,incorrect qblock,15,#bababa,186,186,186,"(538, 359, 551, 365)",180.13328398716322
251107_231856_0000096816_CAM1_NG_bmp.rf.8a4209bd5b7e9985db3cb9cf760e63d9.jpg,incorrect qblock,16,#bdbdbd,189,189,189,"(727, 131, 739, 136)",185.32943640986986
251107_232410_0000097856_CAM1_NG_bmp.rf.b1dfd90d95c0e5b3b8757845a2460f79.jpg,incorrect qblock,0,#acacac,172,172,172,"(172, 171, 187, 179)",155.88457268119896
251107_232410_0000097856_CAM1_NG_bmp.rf.b1dfd90d95c0e5b3b8757845a2460f79.jpg,incorrect qblock,1,#b4b4b4,180,180,180,"(266, 170, 281, 178)",169.74097914175
251107_232410_0000097856_CAM1_NG_bmp.rf.b1dfd90d95c0e5b3b8757845a2460f79.jpg,incorrect qblock,2,#bfbfbf,191,191,191,"(456, 169, 472, 177)",188.79353802500762
251107_232410_0000097856_CAM1_NG_bmp.rf.b1dfd90d95c0e5b3b8757845a2460f79.jpg,incorrect qblock,3,#bbbbbb,187,187,187,"(646, 167, 662, 175)",181.86533479473212
251107_232410_0000097856_CAM1_NG_bmp.rf.b1dfd90d95c0e5b3b8757845a2460f79.jpg,incorrect qblock,4,#a8a8a8,168,168,168,"(78, 172, 93, 180)",148.95636945092346
251107_232410_0000097856_CAM1_NG_bmp.rf.b1dfd90d95c0e5b3b8757845a2460f79.jpg,incorrect qblock,5,#b6b6b6,182,182,182,"(361, 170, 376, 178)",173.20508075688772
251107_232410_0000097856_CAM1_NG_bmp.rf.b1dfd90d95c0e5b3b8757845a2460f79.jpg,incorrect qblock,6,#b7b7b7,183,183,183,"(347, 132, 359, 137)",174.9371315644566
251107_232410_0000097856_CAM1_NG_bmp.rf.b1dfd90d95c0e5b3b8757845a2460f79.jpg,incorrect qblock,7,#c0c0c0,192,192,192,"(442, 131, 454, 136)",190.5255888325765
251107_232410_0000097856_CAM1_NG_bmp.rf.b1dfd90d95c0e5b3b8757845a2460f79.jpg,incorrect qblock,8,#bfbfbf,191,191,191,"(551, 168, 568, 176)",188.79353802500762
251107_232410_0000097856_CAM1_NG_bmp.rf.b1dfd90d95c0e5b3b8757845a2460f79.jpg,incorrect qblock,9,#a9a9a9,169,169,169,"(157, 134, 169, 138)",150.68842025849233
251107_232410_0000097856_CAM1_NG_bmp.rf.b1dfd90d95c0e5b3b8757845a2460f79.jpg,incorrect qblock,10,#b0b0b0,176,176,176,"(252, 133, 264, 137)",162.81277591147446
251107_232410_0000097856_CAM1_NG_bmp.rf.b1dfd90d95c0e5b3b8757845a2460f79.jpg,incorrect qblock,11,#bbbbbb,187,187,187,"(537, 131, 550, 136)",181.86533479473212
251107_232410_0000097856_CAM1_NG_bmp.rf.b1dfd90d95c0e5b3b8757845a2460f79.jpg,incorrect qblock,12,#b9b9b9,185,185,185,"(632, 130, 644, 135)",178.40123317959436
251015_020553_0000434679_CAM1_OK_bmp.rf.ed43b9b147b5334159e1b677dfcf7b7b.jpg,qblock,0,#404040,64,64,64,"(172, 289, 188, 297)",31.176914536239792
251015_020553_0000434679_CAM1_OK_bmp.rf.ed43b9b147b5334159e1b677dfcf7b7b.jpg,qblock,1,#4d4d4d,77,77,77,"(265, 61, 281, 70)",8.660254037844387
251015_020553_0000434679_CAM1_OK_bmp.rf.ed43b9b147b5334159e1b677dfcf7b7b.jpg,qblock,2,#444444,68,68,68,"(171, 62, 186, 70)",24.24871130596428
251015_020553_0000434679_CAM1_OK_bmp.rf.ed43b9b147b5334159e1b677dfcf7b7b.jpg,qblock,3,#3c3c3c,60,60,60,"(77, 63, 92, 71)",38.1051177665153
251015_020553_0000434679_CAM1_OK_bmp.rf.ed43b9b147b5334159e1b677dfcf7b7b.jpg,qblock,4,#4d4d4d,77,77,77,"(550, 59, 566, 67)",8.660254037844387
251015_020553_0000434679_CAM1_OK_bmp.rf.ed43b9b147b5334159e1b677dfcf7b7b.jpg,qblock,5,#535353,83,83,83,"(266, 288, 282, 297)",1.7320508075688772
251015_020553_0000434679_CAM1_OK_bmp.rf.ed43b9b147b5334159e1b677dfcf7b7b.jpg,qblock,6,#3b3b3b,59,59,59,"(77, 289, 93, 297)",39.83716857408418
251015_020553_0000434679_CAM1_OK_bmp.rf.ed43b9b147b5334159e1b677dfcf7b7b.jpg,qblock,8,#555555,85,85,85,"(646, 286, 662, 295)",5.196152422706632
251015_020553_0000434679_CAM1_OK_bmp.rf.ed43b9b147b5334159e1b677dfcf7b7b.jpg,qblock,9,#5a5a5a,90,90,90,"(645, 58, 662, 67)",13.856406460551018
251015_020553_0000434679_CAM1_OK_bmp.rf.ed43b9b147b5334159e1b677dfcf7b7b.jpg,qblock,10,#4a4a4a,74,74,74,"(361, 288, 377, 296)",13.856406460551018
251015_020553_0000434679_CAM1_OK_bmp.rf.ed43b9b147b5334159e1b677dfcf7b7b.jpg,qblock,11,#464646,70,70,70,"(455, 60, 471, 68)",20.784609690826528
251015_020553_0000434679_CAM1_OK_bmp.rf.ed43b9b147b5334159e1b677dfcf7b7b.jpg,qblock,12,#535353,83,83,83,"(456, 287, 472, 296)",1.7320508075688772
251015_020553_0000434679_CAM1_OK_bmp.rf.ed43b9b147b5334159e1b677dfcf7b7b.jpg,qblock,14,#4d4d4d,77,77,77,"(551, 287, 568, 296)",8.660254037844387
251015_020553_0000434679_CAM1_OK_bmp.rf.ed43b9b147b5334159e1b677dfcf7b7b.jpg,qblock,19,#4e4e4e,78,78,78,"(360, 60, 375, 69)",6.928203230275509
251010_125547_0000080603_CAM1_NG_bmp.rf.45472cfcb44937235897a8a40f5fe4df.jpg,qblock,0,#5c5c5c,92,92,92,"(267, 88, 283, 97)",17.320508075688775
251010_125547_0000080603_CAM1_NG_bmp.rf.45472cfcb44937235897a8a40f5fe4df.jpg,qblock,1,#525252,82,82,82,"(173, 89, 188, 98)",0.0
251010_125547_0000080603_CAM1_NG_bmp.rf.45472cfcb44937235897a8a40f5fe4df.jpg,qblock,2,#3d3d3d,61,61,61,"(79, 90, 94, 99)",36.373066958946424
251010_125547_0000080603_CAM1_NG_bmp.rf.45472cfcb44937235897a8a40f5fe4df.jpg,qblock,3,#404040,64,64,64,"(80, 316, 96, 325)",31.176914536239792
251010_125547_0000080603_CAM1_NG_bmp.rf.45472cfcb44937235897a8a40f5fe4df.jpg,qblock,4,#4f4f4f,79,79,79,"(362, 88, 378, 96)",5.196152422706632
251010_125547_0000080603_CAM1_NG_bmp.rf.45472cfcb44937235897a8a40f5fe4df.jpg,qblock,5,#565656,86,86,86,"(457, 87, 473, 96)",6.928203230275509
251010_125547_0000080603_CAM1_NG_bmp.rf.45472cfcb44937235897a8a40f5fe4df.jpg,qblock,6,#555555,85,85,85,"(647, 86, 663, 94)",5.196152422706632
251010_125547_0000080603_CAM1_NG_bmp.rf.45472cfcb44937235897a8a40f5fe4df.jpg,qblock,9,#4d4d4d,77,77,77,"(552, 87, 568, 95)",8.660254037844387
251010_125547_0000080603_CAM1_NG_bmp.rf.45472cfcb44937235897a8a40f5fe4df.jpg,qblock,10,#454545,69,69,69,"(174, 317, 190, 325)",22.516660498395403
251010_125547_0000080603_CAM1_NG_bmp.rf.45472cfcb44937235897a8a40f5fe4df.jpg,qblock,13,#585858,88,88,88,"(268, 316, 284, 325)",10.392304845413264
251010_125547_0000080603_CAM1_NG_bmp.rf.45472cfcb44937235897a8a40f5fe4df.jpg,qblock,16,#505050,80,80,80,"(649, 314, 665, 323)",3.4641016151377544
251107_232354_0000097804_CAM1_NG_bmp.rf.c296a9c6a948361b1194e6b35031df65.jpg,incorrect qblock,0,#b6b6b6,182,182,182,"(266, 169, 281, 177)",173.20508075688772
251107_232354_0000097804_CAM1_NG_bmp.rf.c296a9c6a948361b1194e6b35031df65.jpg,incorrect qblock,1,#b1b1b1,177,177,177,"(172, 170, 188, 178)",164.54482671904336
251107_232354_0000097804_CAM1_NG_bmp.rf.c296a9c6a948361b1194e6b35031df65.jpg,incorrect qblock,2,#b5b5b5,181,181,181,"(646, 166, 662, 175)",171.47302994931886
251107_232354_0000097804_CAM1_NG_bmp.rf.c296a9c6a948361b1194e6b35031df65.jpg,incorrect qblock,3,#adadad,173,173,173,"(77, 170, 93, 179)",157.61662348876783
251107_232354_0000097804_CAM1_NG_bmp.rf.c296a9c6a948361b1194e6b35031df65.jpg,incorrect qblock,4,#bdbdbd,189,189,189,"(457, 168, 472, 175)",185.32943640986986
251107_232354_0000097804_CAM1_NG_bmp.rf.c296a9c6a948361b1194e6b35031df65.jpg,incorrect qblock,5,#b7b7b7,183,183,183,"(251, 132, 264, 137)",174.9371315644566
251107_232354_0000097804_CAM1_NG_bmp.rf.c296a9c6a948361b1194e6b35031df65.jpg,incorrect qblock,6,#b3b3b3,179,179,179,"(157, 133, 169, 137)",168.0089283341811
251107_232354_0000097804_CAM1_NG_bmp.rf.c296a9c6a948361b1194e6b35031df65.jpg,incorrect qblock,7,#bdbdbd,189,189,189,"(346, 131, 359, 136)",185.32943640986986
251107_232354_0000097804_CAM1_NG_bmp.rf.c296a9c6a948361b1194e6b35031df65.jpg,incorrect qblock,8,#bdbdbd,189,189,189,"(361, 168, 376, 176)",185.32943640986986
251107_232354_0000097804_CAM1_NG_bmp.rf.c296a9c6a948361b1194e6b35031df65.jpg,incorrect qblock,9,#c4c4c4,196,196,196,"(442, 130, 454, 135)",197.45379206285202
251010_201457_0000147657_CAM1_NG_bmp.rf.49e62eb33c6995471bb166bac53500e6.jpg,qblock,0,#656565,101,101,101,"(82, 292, 95, 301)",32.90896534380867
251010_201457_0000147657_CAM1_NG_bmp.rf.49e62eb33c6995471bb166bac53500e6.jpg,qblock,1,#575757,87,87,87,"(550, 63, 567, 71)",8.660254037844387
251010_201457_0000147657_CAM1_NG_bmp.rf.49e62eb33c6995471bb166bac53500e6.jpg,qblock,2,#555555,85,85,85,"(266, 292, 283, 301)",5.196152422706632
251010_201457_0000147657_CAM1_NG_bmp.rf.49e62eb33c6995471bb166bac53500e6.jpg,qblock,3,#525252,82,82,82,"(172, 292, 188, 301)",0.0
251010_201457_0000147657_CAM1_NG_bmp.rf.49e62eb33c6995471bb166bac53500e6.jpg,qblock,4,#5c5c5c,92,92,92,"(645, 62, 662, 71)",17.320508075688775
251010_201457_0000147657_CAM1_NG_bmp.rf.49e62eb33c6995471bb166bac53500e6.jpg,qblock,5,#4e4e4e,78,78,78,"(647, 290, 663, 299)",6.928203230275509
251010_201457_0000147657_CAM1_NG_bmp.rf.49e62eb33c6995471bb166bac53500e6.jpg,qblock,6,#5b5b5b,91,91,91,"(361, 291, 377, 300)",15.588457268119896
251010_201457_0000147657_CAM1_NG_bmp.rf.49e62eb33c6995471bb166bac53500e6.jpg,qblock,7,#565656,86,86,86,"(552, 290, 568, 299)",6.928203230275509
251010_201457_0000147657_CAM1_NG_bmp.rf.49e62eb33c6995471bb166bac53500e6.jpg,qblock,8,#565656,86,86,86,"(456, 291, 473, 300)",6.928203230275509
251010_201457_0000147657_CAM1_NG_bmp.rf.49e62eb33c6995471bb166bac53500e6.jpg,qblock,9,#505050,80,80,80,"(265, 65, 281, 74)",3.4641016151377544
251010_201457_0000147657_CAM1_NG_bmp.rf.49e62eb33c6995471bb166bac53500e6.jpg,qblock,15,#555555,85,85,85,"(360, 64, 376, 73)",5.196152422706632
251010_201457_0000147657_CAM1_NG_bmp.rf.49e62eb33c6995471bb166bac53500e6.jpg,qblock,18,#606060,96,96,96,"(455, 63, 472, 72)",24.24871130596428
251010_201457_0000147657_CAM1_NG_bmp.rf.49e62eb33c6995471bb166bac53500e6.jpg,qblock,20,#5a5a5a,90,90,90,"(80, 67, 93, 75)",13.856406460551018
251010_125636_0000080769_CAM1_NG_bmp.rf.1d3f9d112025a022dbfedc1b42ae2b2f.jpg,qblock,0,#535353,83,83,83,"(647, 80, 663, 88)",1.7320508075688772
251010_125636_0000080769_CAM1_NG_bmp.rf.1d3f9d112025a022dbfedc1b42ae2b2f.jpg,qblock,1,#5a5a5a,90,90,90,"(172, 83, 188, 91)",13.856406460551018
251010_125636_0000080769_CAM1_NG_bmp.rf.1d3f9d112025a022dbfedc1b42ae2b2f.jpg,qblock,2,#5b5b5b,91,91,91,"(552, 80, 568, 89)",15.588457268119896
251010_125636_0000080769_CAM1_NG_bmp.rf.1d3f9d112025a022dbfedc1b42ae2b2f.jpg,qblock,3,#585858,88,88,88,"(267, 82, 283, 91)",10.392304845413264
251010_125636_0000080769_CAM1_NG_bmp.rf.1d3f9d112025a022dbfedc1b42ae2b2f.jpg,qblock,4,#5e5e5e,94,94,94,"(362, 81, 378, 90)",20.784609690826528
251010_125636_0000080769_CAM1_NG_bmp.rf.1d3f9d112025a022dbfedc1b42ae2b2f.jpg,qblock,5,#4d4d4d,77,77,77,"(268, 309, 284, 317)",8.660254037844387
251010_125636_0000080769_CAM1_NG_bmp.rf.1d3f9d112025a022dbfedc1b42ae2b2f.jpg,qblock,6,#4d4d4d,77,77,77,"(174, 309, 190, 317)",8.660254037844387
251010_125636_0000080769_CAM1_NG_bmp.rf.1d3f9d112025a022dbfedc1b42ae2b2f.jpg,qblock,7,#565656,86,86,86,"(457, 81, 473, 89)",6.928203230275509
251010_125636_0000080769_CAM1_NG_bmp.rf.1d3f9d112025a022dbfedc1b42ae2b2f.jpg,qblock,8,#565656,86,86,86,"(363, 308, 379, 317)",6.928203230275509
251010_125636_0000080769_CAM1_NG_bmp.rf.1d3f9d112025a022dbfedc1b42ae2b2f.jpg,qblock,10,#4f4f4f,79,79,79,"(458, 308, 474, 316)",5.196152422706632
251010_125636_0000080769_CAM1_NG_bmp.rf.1d3f9d112025a022dbfedc1b42ae2b2f.jpg,qblock,11,#3e3e3e,62,62,62,"(80, 309, 95, 318)",34.64101615137755
251010_125636_0000080769_CAM1_NG_bmp.rf.1d3f9d112025a022dbfedc1b42ae2b2f.jpg,qblock,12,#494949,73,73,73,"(649, 307, 665, 315)",15.588457268119896
251010_125636_0000080769_CAM1_NG_bmp.rf.1d3f9d112025a022dbfedc1b42ae2b2f.jpg,qblock,21,#595959,89,89,89,"(553, 307, 570, 316)",12.12435565298214
251010_125636_0000080769_CAM1_NG_bmp.rf.1d3f9d112025a022dbfedc1b42ae2b2f.jpg,qblock,22,#434343,67,67,67,"(78, 84, 94, 93)",25.98076211353316
251107_232438_0000097951_CAM1_NG_bmp.rf.8ade70806362f3e62345a2a0e34801a5.jpg,incorrect qblock,0,#b5b5b5,181,181,181,"(266, 170, 281, 178)",171.47302994931886
251107_232438_0000097951_CAM1_NG_bmp.rf.8ade70806362f3e62345a2a0e34801a5.jpg,incorrect qblock,1,#afafaf,175,175,175,"(172, 171, 187, 179)",161.0807251039056
251107_232438_0000097951_CAM1_NG_bmp.rf.8ade70806362f3e62345a2a0e34801a5.jpg,incorrect qblock,2,#a2a2a2,162,162,162,"(77, 172, 93, 180)",138.5640646055102
251107_232438_0000097951_CAM1_NG_bmp.rf.8ade70806362f3e62345a2a0e34801a5.jpg,incorrect qblock,3,#b7b7b7,183,183,183,"(361, 170, 376, 177)",174.9371315644566
251107_232438_0000097951_CAM1_NG_bmp.rf.8ade70806362f3e62345a2a0e34801a5.jpg,incorrect qblock,4,#c1c1c1,193,193,193,"(456, 169, 472, 177)",192.25763964014538
251107_232438_0000097951_CAM1_NG_bmp.rf.8ade70806362f3e62345a2a0e34801a5.jpg,incorrect qblock,5,#bdbdbd,189,189,189,"(646, 167, 661, 176)",185.32943640986986
251107_232438_0000097951_CAM1_NG_bmp.rf.8ade70806362f3e62345a2a0e34801a5.jpg,incorrect qblock,6,#b8b8b8,184,184,184,"(346, 132, 359, 136)",176.6691823720255
251107_232438_0000097951_CAM1_NG_bmp.rf.8ade70806362f3e62345a2a0e34801a5.jpg,incorrect qblock,7,#b4b4b4,180,180,180,"(252, 132, 264, 137)",169.74097914175
251107_232438_0000097951_CAM1_NG_bmp.rf.8ade70806362f3e62345a2a0e34801a5.jpg,incorrect qblock,8,#b0b0b0,176,176,176,"(157, 133, 169, 138)",162.81277591147446
251107_232438_0000097951_CAM1_NG_bmp.rf.8ade70806362f3e62345a2a0e34801a5.jpg,incorrect qblock,9,#bdbdbd,189,189,189,"(551, 168, 568, 176)",185.32943640986986
251107_232438_0000097951_CAM1_NG_bmp.rf.8ade70806362f3e62345a2a0e34801a5.jpg,incorrect qblock,10,#bdbdbd,189,189,189,"(442, 131, 454, 136)",185.32943640986986
251107_232438_0000097951_CAM1_NG_bmp.rf.8ade70806362f3e62345a2a0e34801a5.jpg,incorrect qblock,11,#c2c2c2,194,194,194,"(537, 130, 549, 136)",193.98969044771425
251107_232438_0000097951_CAM1_NG_bmp.rf.8ade70806362f3e62345a2a0e34801a5.jpg,incorrect qblock,12,#b5b5b5,181,181,181,"(632, 130, 644, 135)",171.47302994931886
251010_125658_0000080841_CAM1_NG_bmp.rf.a4915023e68134248c3298eb5b22a0f7.jpg,qblock,0,#545454,84,84,84,"(647, 81, 664, 89)",3.4641016151377544
251010_125658_0000080841_CAM1_NG_bmp.rf.a4915023e68134248c3298eb5b22a0f7.jpg,qblock,1,#535353,83,83,83,"(269, 311, 285, 319)",1.7320508075688772
251010_125658_0000080841_CAM1_NG_bmp.rf.a4915023e68134248c3298eb5b22a0f7.jpg,qblock,2,#4c4c4c,76,76,76,"(552, 82, 568, 90)",10.392304845413264
251010_125658_0000080841_CAM1_NG_bmp.rf.a4915023e68134248c3298eb5b22a0f7.jpg,qblock,3,#505050,80,80,80,"(459, 310, 475, 319)",3.4641016151377544
251010_125658_0000080841_CAM1_NG_bmp.rf.a4915023e68134248c3298eb5b22a0f7.jpg,qblock,5,#585858,88,88,88,"(457, 82, 473, 91)",10.392304845413264
251010_125658_0000080841_CAM1_NG_bmp.rf.a4915023e68134248c3298eb5b22a0f7.jpg,qblock,7,#525252,82,82,82,"(362, 83, 378, 91)",0.0
251010_125658_0000080841_CAM1_NG_bmp.rf.a4915023e68134248c3298eb5b22a0f7.jpg,qblock,8,#4c4c4c,76,76,76,"(80, 311, 96, 320)",10.392304845413264
251010_125658_0000080841_CAM1_NG_bmp.rf.a4915023e68134248c3298eb5b22a0f7.jpg,qblock,9,#4d4d4d,77,77,77,"(267, 84, 283, 92)",8.660254037844387
251010_125658_0000080841_CAM1_NG_bmp.rf.a4915023e68134248c3298eb5b22a0f7.jpg,qblock,10,#4b4b4b,75,75,75,"(649, 309, 665, 317)",12.12435565298214
251010_125658_0000080841_CAM1_NG_bmp.rf.a4915023e68134248c3298eb5b22a0f7.jpg,qblock,13,#585858,88,88,88,"(174, 311, 190, 319)",10.392304845413264
251010_125658_0000080841_CAM1_NG_bmp.rf.a4915023e68134248c3298eb5b22a0f7.jpg,qblock,14,#606060,96,96,96,"(363, 310, 380, 319)",24.24871130596428
251010_125658_0000080841_CAM1_NG_bmp.rf.a4915023e68134248c3298eb5b22a0f7.jpg,qblock,15,#464646,70,70,70,"(554, 310, 570, 318)",20.784609690826528
251010_125658_0000080841_CAM1_NG_bmp.rf.a4915023e68134248c3298eb5b22a0f7.jpg,qblock,24,#4b4b4b,75,75,75,"(79, 85, 95, 94)",12.12435565298214
251010_125658_0000080841_CAM1_NG_bmp.rf.a4915023e68134248c3298eb5b22a0f7.jpg,qblock,26,#595959,89,89,89,"(173, 84, 188, 93)",12.12435565298214
251010_124900_0000080534_CAM1_NG_bmp.rf.0e36d0f43861849a7c4691c210478bda.jpg,qblock,0,#3f3f3f,63,63,63,"(79, 93, 94, 101)",32.90896534380867
251010_124900_0000080534_CAM1_NG_bmp.rf.0e36d0f43861849a7c4691c210478bda.jpg,qblock,1,#595959,89,89,89,"(267, 91, 283, 100)",12.12435565298214
251010_124900_0000080534_CAM1_NG_bmp.rf.0e36d0f43861849a7c4691c210478bda.jpg,qblock,2,#525252,82,82,82,"(80, 317, 96, 326)",0.0
251010_124900_0000080534_CAM1_NG_bmp.rf.0e36d0f43861849a7c4691c210478bda.jpg,qblock,3,#4f4f4f,79,79,79,"(647, 89, 663, 97)",5.196152422706632
251010_124900_0000080534_CAM1_NG_bmp.rf.0e36d0f43861849a7c4691c210478bda.jpg,qblock,4,#545454,84,84,84,"(457, 90, 473, 99)",3.4641016151377544
251010_124900_0000080534_CAM1_NG_bmp.rf.0e36d0f43861849a7c4691c210478bda.jpg,qblock,5,#585858,88,88,88,"(552, 89, 568, 98)",10.392304845413264
251010_124900_0000080534_CAM1_NG_bmp.rf.0e36d0f43861849a7c4691c210478bda.jpg,qblock,6,#5d5d5d,93,93,93,"(362, 90, 378, 99)",19.05255888325765
251010_124900_0000080534_CAM1_NG_bmp.rf.0e36d0f43861849a7c4691c210478bda.jpg,qblock,7,#505050,80,80,80,"(458, 317, 474, 325)",3.4641016151377544
251010_124900_0000080534_CAM1_NG_bmp.rf.0e36d0f43861849a7c4691c210478bda.jpg,qblock,8,#585858,88,88,88,"(172, 92, 188, 101)",10.392304845413264
251010_124900_0000080534_CAM1_NG_bmp.rf.0e36d0f43861849a7c4691c210478bda.jpg,qblock,9,#5d5d5d,93,93,93,"(174, 317, 190, 326)",19.05255888325765
251010_124900_0000080534_CAM1_NG_bmp.rf.0e36d0f43861849a7c4691c210478bda.jpg,qblock,10,#5e5e5e,94,94,94,"(268, 317, 284, 326)",20.784609690826528
251010_124900_0000080534_CAM1_NG_bmp.rf.0e36d0f43861849a7c4691c210478bda.jpg,qblock,12,#575757,87,87,87,"(363, 317, 379, 326)",8.660254037844387
251107_231858_0000096821_CAM1_NG_bmp.rf.440b71c65c1154750648872b01ea0adf.jpg,incorrect qblock,0,#b6b6b6,182,182,182,"(266, 170, 281, 178)",173.20508075688772
251107_231858_0000096821_CAM1_NG_bmp.rf.440b71c65c1154750648872b01ea0adf.jpg,incorrect qblock,1,#aeaeae,174,174,174,"(172, 171, 187, 179)",159.34867429633672
251107_231858_0000096821_CAM1_NG_bmp.rf.440b71c65c1154750648872b01ea0adf.jpg,incorrect qblock,2,#b7b7b7,183,183,183,"(361, 170, 376, 178)",174.9371315644566
251107_231858_0000096821_CAM1_NG_bmp.rf.440b71c65c1154750648872b01ea0adf.jpg,incorrect qblock,3,#b2b2b2,178,178,178,"(646, 168, 662, 176)",166.27687752661222
251107_231858_0000096821_CAM1_NG_bmp.rf.440b71c65c1154750648872b01ea0adf.jpg,incorrect qblock,4,#c1c1c1,193,193,193,"(456, 169, 472, 177)",192.25763964014538
251107_231858_0000096821_CAM1_NG_bmp.rf.440b71c65c1154750648872b01ea0adf.jpg,incorrect qblock,5,#bcbcbc,188,188,188,"(551, 168, 568, 177)",183.597385602301
251107_231858_0000096821_CAM1_NG_bmp.rf.440b71c65c1154750648872b01ea0adf.jpg,incorrect qblock,6,#9f9f9f,159,159,159,"(78, 172, 93, 180)",133.36791218280356
251107_231858_0000096821_CAM1_NG_bmp.rf.440b71c65c1154750648872b01ea0adf.jpg,incorrect qblock,7,#bbbbbb,187,187,187,"(346, 132, 359, 137)",181.86533479473212
251107_231858_0000096821_CAM1_NG_bmp.rf.440b71c65c1154750648872b01ea0adf.jpg,incorrect qblock,8,#adadad,173,173,173,"(632, 131, 644, 136)",157.61662348876783
251107_231858_0000096821_CAM1_NG_bmp.rf.440b71c65c1154750648872b01ea0adf.jpg,incorrect qblock,9,#a9a9a9,169,169,169,"(157, 134, 169, 138)",150.68842025849233
251107_231858_0000096821_CAM1_NG_bmp.rf.440b71c65c1154750648872b01ea0adf.jpg,incorrect qblock,10,#c1c1c1,193,193,193,"(441, 132, 454, 137)",192.25763964014538
251107_231858_0000096821_CAM1_NG_bmp.rf.440b71c65c1154750648872b01ea0adf.jpg,incorrect qblock,11,#bcbcbc,188,188,188,"(537, 131, 549, 136)",183.597385602301
251107_231858_0000096821_CAM1_NG_bmp.rf.440b71c65c1154750648872b01ea0adf.jpg,incorrect qblock,12,#b4b4b4,180,180,180,"(251, 133, 264, 138)",169.74097914175
251107_231858_0000096821_CAM1_NG_bmp.rf.440b71c65c1154750648872b01ea0adf.jpg,incorrect qblock,13,#aeaeae,174,174,174,"(159, 360, 171, 365)",159.34867429633672
251010_115514_0000080413_CAM1_NG_bmp.rf.57d6b3e3de4f253b447259ab9624cd03.jpg,qblock,0,#595959,89,89,89,"(269, 58, 285, 67)",12.12435565298214
251010_115514_0000080413_CAM1_NG_bmp.rf.57d6b3e3de4f253b447259ab9624cd03.jpg,qblock,1,#585858,88,88,88,"(174, 59, 190, 68)",10.392304845413264
251010_115514_0000080413_CAM1_NG_bmp.rf.57d6b3e3de4f253b447259ab9624cd03.jpg,qblock,2,#595959,89,89,89,"(80, 59, 96, 69)",12.12435565298214
251010_115514_0000080413_CAM1_NG_bmp.rf.57d6b3e3de4f253b447259ab9624cd03.jpg,qblock,3,#4f4f4f,79,79,79,"(459, 57, 475, 65)",5.196152422706632
251010_115514_0000080413_CAM1_NG_bmp.rf.57d6b3e3de4f253b447259ab9624cd03.jpg,qblock,4,#606060,96,96,96,"(175, 284, 192, 293)",24.24871130596428
251010_115514_0000080413_CAM1_NG_bmp.rf.57d6b3e3de4f253b447259ab9624cd03.jpg,qblock,6,#5c5c5c,92,92,92,"(364, 57, 380, 66)",17.320508075688775
251010_115514_0000080413_CAM1_NG_bmp.rf.57d6b3e3de4f253b447259ab9624cd03.jpg,qblock,8,#484848,72,72,72,"(81, 285, 97, 294)",17.320508075688775
251010_115514_0000080413_CAM1_NG_bmp.rf.57d6b3e3de4f253b447259ab9624cd03.jpg,qblock,9,#535353,83,83,83,"(650, 282, 666, 291)",1.7320508075688772
251010_115514_0000080413_CAM1_NG_bmp.rf.57d6b3e3de4f253b447259ab9624cd03.jpg,qblock,11,#505050,80,80,80,"(365, 284, 380, 293)",3.4641016151377544
251010_115514_0000080413_CAM1_NG_bmp.rf.57d6b3e3de4f253b447259ab9624cd03.jpg,qblock,12,#474747,71,71,71,"(460, 284, 476, 292)",19.05255888325765
251010_115514_0000080413_CAM1_NG_bmp.rf.57d6b3e3de4f253b447259ab9624cd03.jpg,qblock,13,#4e4e4e,78,78,78,"(555, 283, 571, 291)",6.928203230275509
251010_115514_0000080413_CAM1_NG_bmp.rf.57d6b3e3de4f253b447259ab9624cd03.jpg,qblock,14,#595959,89,89,89,"(270, 284, 286, 293)",12.12435565298214
251010_115514_0000080413_CAM1_NG_bmp.rf.57d6b3e3de4f253b447259ab9624cd03.jpg,qblock,15,#4d4d4d,77,77,77,"(649, 56, 664, 64)",8.660254037844387
251010_125642_0000080787_CAM1_NG_bmp.rf.2ad6eef5f2a33bf9e01b4fabed76eaf9.jpg,qblock,0,#515151,81,81,81,"(267, 82, 283, 90)",1.7320508075688772
251010_125642_0000080787_CAM1_NG_bmp.rf.2ad6eef5f2a33bf9e01b4fabed76eaf9.jpg,qblock,1,#4e4e4e,78,78,78,"(268, 310, 284, 318)",6.928203230275509
251010_125642_0000080787_CAM1_NG_bmp.rf.2ad6eef5f2a33bf9e01b4fabed76eaf9.jpg,qblock,2,#575757,87,87,87,"(647, 79, 663, 88)",8.660254037844387
251010_125642_0000080787_CAM1_NG_bmp.rf.2ad6eef5f2a33bf9e01b4fabed76eaf9.jpg,qblock,3,#505050,80,80,80,"(552, 80, 568, 88)",3.4641016151377544
251010_125642_0000080787_CAM1_NG_bmp.rf.2ad6eef5f2a33bf9e01b4fabed76eaf9.jpg,qblock,4,#525252,82,82,82,"(172, 83, 188, 91)",0.0
251010_125642_0000080787_CAM1_NG_bmp.rf.2ad6eef5f2a33bf9e01b4fabed76eaf9.jpg,qblock,5,#4f4f4f,79,79,79,"(458, 309, 474, 317)",5.196152422706632
251010_125642_0000080787_CAM1_NG_bmp.rf.2ad6eef5f2a33bf9e01b4fabed76eaf9.jpg,qblock,6,#5b5b5b,91,91,91,"(457, 80, 473, 89)",15.588457268119896
251010_125642_0000080787_CAM1_NG_bmp.rf.2ad6eef5f2a33bf9e01b4fabed76eaf9.jpg,qblock,7,#555555,85,85,85,"(362, 81, 378, 89)",5.196152422706632
251010_125642_0000080787_CAM1_NG_bmp.rf.2ad6eef5f2a33bf9e01b4fabed76eaf9.jpg,qblock,8,#565656,86,86,86,"(363, 309, 379, 318)",6.928203230275509
251010_125642_0000080787_CAM1_NG_bmp.rf.2ad6eef5f2a33bf9e01b4fabed76eaf9.jpg,qblock,10,#474747,71,71,71,"(649, 308, 665, 316)",19.05255888325765
251010_125642_0000080787_CAM1_NG_bmp.rf.2ad6eef5f2a33bf9e01b4fabed76eaf9.jpg,qblock,11,#4d4d4d,77,77,77,"(174, 310, 190, 318)",8.660254037844387
251010_125642_0000080787_CAM1_NG_bmp.rf.2ad6eef5f2a33bf9e01b4fabed76eaf9.jpg,qblock,14,#4b4b4b,75,75,75,"(78, 83, 94, 92)",12.12435565298214
251010_125642_0000080787_CAM1_NG_bmp.rf.2ad6eef5f2a33bf9e01b4fabed76eaf9.jpg,qblock,18,#535353,83,83,83,"(554, 308, 570, 316)",1.7320508075688772
251010_125642_0000080787_CAM1_NG_bmp.rf.2ad6eef5f2a33bf9e01b4fabed76eaf9.jpg,qblock,21,#454545,69,69,69,"(80, 310, 96, 319)",22.516660498395403
251107_231816_0000096684_CAM1_NG_bmp.rf.1c29cfa83013ea3135d1841fdb33d494.jpg,incorrect qblock,0,#b2b2b2,178,178,178,"(266, 170, 281, 178)",166.27687752661222
251107_231816_0000096684_CAM1_NG_bmp.rf.1c29cfa83013ea3135d1841fdb33d494.jpg,incorrect qblock,1,#b0b0b0,176,176,176,"(172, 170, 187, 178)",162.81277591147446
251107_231816_0000096684_CAM1_NG_bmp.rf.1c29cfa83013ea3135d1841fdb33d494.jpg,incorrect qblock,2,#a4a4a4,164,164,164,"(78, 171, 93, 179)",142.02816622064793
251107_231816_0000096684_CAM1_NG_bmp.rf.1c29cfa83013ea3135d1841fdb33d494.jpg,incorrect qblock,3,#bababa,186,186,186,"(361, 169, 376, 177)",180.13328398716322
251107_231816_0000096684_CAM1_NG_bmp.rf.1c29cfa83013ea3135d1841fdb33d494.jpg,incorrect qblock,4,#b0b0b0,176,176,176,"(646, 167, 662, 175)",162.81277591147446
251107_231816_0000096684_CAM1_NG_bmp.rf.1c29cfa83013ea3135d1841fdb33d494.jpg,incorrect qblock,5,#c4c4c4,196,196,196,"(456, 168, 472, 176)",197.45379206285202
251107_231816_0000096684_CAM1_NG_bmp.rf.1c29cfa83013ea3135d1841fdb33d494.jpg,incorrect qblock,6,#bbbbbb,187,187,187,"(347, 132, 359, 137)",181.86533479473212
251107_231816_0000096684_CAM1_NG_bmp.rf.1c29cfa83013ea3135d1841fdb33d494.jpg,incorrect qblock,7,#c5c5c5,197,197,197,"(442, 131, 454, 136)",199.18584287042088
251107_231816_0000096684_CAM1_NG_bmp.rf.1c29cfa83013ea3135d1841fdb33d494.jpg,incorrect qblock,8,#b0b0b0,176,176,176,"(252, 133, 264, 137)",162.81277591147446
251107_231816_0000096684_CAM1_NG_bmp.rf.1c29cfa83013ea3135d1841fdb33d494.jpg,incorrect qblock,9,#b3b3b3,179,179,179,"(158, 133, 170, 138)",168.0089283341811
251107_231816_0000096684_CAM1_NG_bmp.rf.1c29cfa83013ea3135d1841fdb33d494.jpg,incorrect qblock,10,#b8b8b8,184,184,184,"(551, 168, 568, 176)",176.6691823720255
251107_231816_0000096684_CAM1_NG_bmp.rf.1c29cfa83013ea3135d1841fdb33d494.jpg,incorrect qblock,11,#bababa,186,186,186,"(632, 130, 645, 135)",180.13328398716322
251107_231816_0000096684_CAM1_NG_bmp.rf.1c29cfa83013ea3135d1841fdb33d494.jpg,incorrect qblock,12,#c6c6c6,198,198,198,"(536, 130, 550, 136)",200.91789367798975
251010_070221_0000043576_CAM1_NG_bmp.rf.f9407d42d4fce409c527ed1234d68428.jpg,qblock,0,#505050,80,80,80,"(363, 62, 379, 71)",3.4641016151377544
251010_070221_0000043576_CAM1_NG_bmp.rf.f9407d42d4fce409c527ed1234d68428.jpg,qblock,1,#4b4b4b,75,75,75,"(268, 63, 284, 71)",12.12435565298214
251010_070221_0000043576_CAM1_NG_bmp.rf.f9407d42d4fce409c527ed1234d68428.jpg,qblock,2,#595959,89,89,89,"(648, 60, 665, 69)",12.12435565298214
251010_070221_0000043576_CAM1_NG_bmp.rf.f9407d42d4fce409c527ed1234d68428.jpg,qblock,3,#4a4a4a,74,74,74,"(175, 290, 191, 299)",13.856406460551018
251010_070221_0000043576_CAM1_NG_bmp.rf.f9407d42d4fce409c527ed1234d68428.jpg,qblock,4,#535353,83,83,83,"(553, 61, 570, 69)",1.7320508075688772
251010_070221_0000043576_CAM1_NG_bmp.rf.f9407d42d4fce409c527ed1234d68428.jpg,qblock,5,#4f4f4f,79,79,79,"(269, 290, 286, 299)",5.196152422706632
251010_070221_0000043576_CAM1_NG_bmp.rf.f9407d42d4fce409c527ed1234d68428.jpg,qblock,6,#575757,87,87,87,"(364, 289, 381, 298)",8.660254037844387
251010_070221_0000043576_CAM1_NG_bmp.rf.f9407d42d4fce409c527ed1234d68428.jpg,qblock,7,#595959,89,89,89,"(458, 61, 475, 70)",12.12435565298214
251010_070221_0000043576_CAM1_NG_bmp.rf.f9407d42d4fce409c527ed1234d68428.jpg,qblock,9,#434343,67,67,67,"(174, 64, 189, 72)",25.98076211353316
251010_070221_0000043576_CAM1_NG_bmp.rf.f9407d42d4fce409c527ed1234d68428.jpg,qblock,10,#494949,73,73,73,"(650, 288, 666, 296)",15.588457268119896
251010_070221_0000043576_CAM1_NG_bmp.rf.f9407d42d4fce409c527ed1234d68428.jpg,qblock,11,#515151,81,81,81,"(459, 289, 476, 298)",1.7320508075688772
251010_070221_0000043576_CAM1_NG_bmp.rf.f9407d42d4fce409c527ed1234d68428.jpg,qblock,12,#404040,64,64,64,"(555, 289, 571, 297)",31.176914536239792
251010_070221_0000043575_CAM1_NG_bmp.rf.7ac5f1b3f301202772a9c938c788f356.jpg,qblock,0,#494949,73,73,73,"(270, 292, 286, 300)",15.588457268119896
251010_070221_0000043575_CAM1_NG_bmp.rf.7ac5f1b3f301202772a9c938c788f356.jpg,qblock,1,#585858,88,88,88,"(364, 291, 381, 300)",10.392304845413264
251010_070221_0000043575_CAM1_NG_bmp.rf.7ac5f1b3f301202772a9c938c788f356.jpg,qblock,2,#505050,80,80,80,"(175, 292, 192, 301)",3.4641016151377544
251010_070221_0000043575_CAM1_NG_bmp.rf.7ac5f1b3f301202772a9c938c788f356.jpg,qblock,3,#474747,71,71,71,"(554, 63, 570, 71)",19.05255888325765
251010_070221_0000043575_CAM1_NG_bmp.rf.7ac5f1b3f301202772a9c938c788f356.jpg,qblock,4,#515151,81,81,81,"(649, 62, 665, 71)",1.7320508075688772
251010_070221_0000043575_CAM1_NG_bmp.rf.7ac5f1b3f301202772a9c938c788f356.jpg,qblock,5,#4a4a4a,74,74,74,"(460, 291, 476, 300)",13.856406460551018
251010_070221_0000043575_CAM1_NG_bmp.rf.7ac5f1b3f301202772a9c938c788f356.jpg,qblock,7,#4e4e4e,78,78,78,"(650, 290, 667, 298)",6.928203230275509
251010_070221_0000043575_CAM1_NG_bmp.rf.7ac5f1b3f301202772a9c938c788f356.jpg,qblock,9,#555555,85,85,85,"(555, 290, 572, 299)",5.196152422706632
251010_070221_0000043575_CAM1_NG_bmp.rf.7ac5f1b3f301202772a9c938c788f356.jpg,qblock,11,#505050,80,80,80,"(459, 63, 475, 72)",3.4641016151377544
251010_070221_0000043575_CAM1_NG_bmp.rf.7ac5f1b3f301202772a9c938c788f356.jpg,qblock,12,#5d5d5d,93,93,93,"(268, 64, 285, 73)",19.05255888325765
251010_070221_0000043575_CAM1_NG_bmp.rf.7ac5f1b3f301202772a9c938c788f356.jpg,qblock,13,#515151,81,81,81,"(363, 64, 379, 72)",1.7320508075688772
251010_070221_0000043575_CAM1_NG_bmp.rf.7ac5f1b3f301202772a9c938c788f356.jpg,qblock,21,#565656,86,86,86,"(174, 65, 190, 74)",6.928203230275509
251107_231859_0000096825_CAM1_NG_bmp.rf.46c60f35cc94aa591feddef3c05ec696.jpg,incorrect qblock,0,#b4b4b4,180,180,180,"(266, 170, 281, 178)",169.74097914175
251107_231859_0000096825_CAM1_NG_bmp.rf.46c60f35cc94aa591feddef3c05ec696.jpg,incorrect qblock,1,#ababab,171,171,171,"(172, 171, 187, 179)",154.1525218736301
251107_231859_0000096825_CAM1_NG_bmp.rf.46c60f35cc94aa591feddef3c05ec696.jpg,incorrect qblock,2,#b7b7b7,183,183,183,"(361, 170, 376, 178)",174.9371315644566
251107_231859_0000096825_CAM1_NG_bmp.rf.46c60f35cc94aa591feddef3c05ec696.jpg,incorrect qblock,3,#c0c0c0,192,192,192,"(456, 169, 472, 177)",190.5255888325765
251107_231859_0000096825_CAM1_NG_bmp.rf.46c60f35cc94aa591feddef3c05ec696.jpg,incorrect qblock,4,#b8b8b8,184,184,184,"(646, 168, 662, 176)",176.6691823720255
251107_231859_0000096825_CAM1_NG_bmp.rf.46c60f35cc94aa591feddef3c05ec696.jpg,incorrect qblock,5,#b2b2b2,178,178,178,"(346, 133, 358, 137)",166.27687752661222
251107_231859_0000096825_CAM1_NG_bmp.rf.46c60f35cc94aa591feddef3c05ec696.jpg,incorrect qblock,6,#bababa,186,186,186,"(551, 168, 568, 177)",180.13328398716322
251107_231859_0000096825_CAM1_NG_bmp.rf.46c60f35cc94aa591feddef3c05ec696.jpg,incorrect qblock,7,#9c9c9c,156,156,156,"(77, 172, 93, 180)",128.17175976009693
251107_231859_0000096825_CAM1_NG_bmp.rf.46c60f35cc94aa591feddef3c05ec696.jpg,incorrect qblock,8,#c3c3c3,195,195,195,"(536, 131, 549, 136)",195.72174125528312
251107_231859_0000096825_CAM1_NG_bmp.rf.46c60f35cc94aa591feddef3c05ec696.jpg,incorrect qblock,9,#b1b1b1,177,177,177,"(632, 131, 644, 136)",164.54482671904336
251107_231859_0000096825_CAM1_NG_bmp.rf.46c60f35cc94aa591feddef3c05ec696.jpg,incorrect qblock,10,#b0b0b0,176,176,176,"(252, 133, 264, 138)",162.81277591147446
251107_231859_0000096825_CAM1_NG_bmp.rf.46c60f35cc94aa591feddef3c05ec696.jpg,incorrect qblock,11,#b9b9b9,185,185,185,"(727, 131, 740, 136)",178.40123317959436
251107_231859_0000096825_CAM1_NG_bmp.rf.46c60f35cc94aa591feddef3c05ec696.jpg,incorrect qblock,12,#bababa,186,186,186,"(442, 132, 454, 137)",180.13328398716322
251107_231859_0000096825_CAM1_NG_bmp.rf.46c60f35cc94aa591feddef3c05ec696.jpg,incorrect qblock,13,#adadad,173,173,173,"(157, 134, 169, 139)",157.61662348876783
251107_232037_0000097151_CAM1_NG_bmp.rf.162bc657ac1667020b156ff731914bd1.jpg,incorrect qblock,0,#b4b4b4,180,180,180,"(266, 170, 281, 178)",169.74097914175
251107_232037_0000097151_CAM1_NG_bmp.rf.162bc657ac1667020b156ff731914bd1.jpg,incorrect qblock,1,#acacac,172,172,172,"(172, 171, 187, 179)",155.88457268119896
251107_232037_0000097151_CAM1_NG_bmp.rf.162bc657ac1667020b156ff731914bd1.jpg,incorrect qblock,2,#b4b4b4,180,180,180,"(361, 170, 376, 178)",169.74097914175
251107_232037_0000097151_CAM1_NG_bmp.rf.162bc657ac1667020b156ff731914bd1.jpg,incorrect qblock,3,#c1c1c1,193,193,193,"(456, 169, 472, 177)",192.25763964014538
251107_232037_0000097151_CAM1_NG_bmp.rf.162bc657ac1667020b156ff731914bd1.jpg,incorrect qblock,4,#b0b0b0,176,176,176,"(646, 168, 662, 176)",162.81277591147446
251107_232037_0000097151_CAM1_NG_bmp.rf.162bc657ac1667020b156ff731914bd1.jpg,incorrect qblock,5,#bfbfbf,191,191,191,"(551, 168, 568, 177)",188.79353802500762
251107_232037_0000097151_CAM1_NG_bmp.rf.162bc657ac1667020b156ff731914bd1.jpg,incorrect qblock,6,#9f9f9f,159,159,159,"(77, 172, 93, 180)",133.36791218280356
251107_232037_0000097151_CAM1_NG_bmp.rf.162bc657ac1667020b156ff731914bd1.jpg,incorrect qblock,7,#b8b8b8,184,184,184,"(346, 132, 358, 137)",176.6691823720255
251107_232037_0000097151_CAM1_NG_bmp.rf.162bc657ac1667020b156ff731914bd1.jpg,incorrect qblock,8,#b1b1b1,177,177,177,"(252, 133, 264, 138)",164.54482671904336
251107_232037_0000097151_CAM1_NG_bmp.rf.162bc657ac1667020b156ff731914bd1.jpg,incorrect qblock,9,#bcbcbc,188,188,188,"(536, 131, 549, 136)",183.597385602301
251107_232037_0000097151_CAM1_NG_bmp.rf.162bc657ac1667020b156ff731914bd1.jpg,incorrect qblock,10,#b2b2b2,178,178,178,"(442, 132, 454, 136)",166.27687752661222
251107_232037_0000097151_CAM1_NG_bmp.rf.162bc657ac1667020b156ff731914bd1.jpg,incorrect qblock,11,#aaaaaa,170,170,170,"(157, 134, 169, 138)",152.4204710660612
251107_232037_0000097151_CAM1_NG_bmp.rf.162bc657ac1667020b156ff731914bd1.jpg,incorrect qblock,12,#b2b2b2,178,178,178,"(632, 130, 644, 135)",166.27687752661222
251015_020545_0000434652_CAM1_OK_bmp.rf.021787199ae9d529c80312d3702cd5ba.jpg,qblock,0,#4e4e4e,78,78,78,"(266, 289, 282, 298)",6.928203230275509
251015_020545_0000434652_CAM1_OK_bmp.rf.021787199ae9d529c80312d3702cd5ba.jpg,qblock,1,#4b4b4b,75,75,75,"(172, 289, 188, 298)",12.12435565298214
251015_020545_0000434652_CAM1_OK_bmp.rf.021787199ae9d529c80312d3702cd5ba.jpg,qblock,2,#5a5a5a,90,90,90,"(645, 59, 662, 68)",13.856406460551018
251015_020545_0000434652_CAM1_OK_bmp.rf.021787199ae9d529c80312d3702cd5ba.jpg,qblock,3,#4e4e4e,78,78,78,"(265, 62, 281, 71)",6.928203230275509
251015_020545_0000434652_CAM1_OK_bmp.rf.021787199ae9d529c80312d3702cd5ba.jpg,qblock,4,#434343,67,67,67,"(77, 289, 93, 298)",25.98076211353316
251015_020545_0000434652_CAM1_OK_bmp.rf.021787199ae9d529c80312d3702cd5ba.jpg,qblock,5,#454545,69,69,69,"(171, 63, 186, 71)",22.516660498395403
251015_020545_0000434652_CAM1_OK_bmp.rf.021787199ae9d529c80312d3702cd5ba.jpg,qblock,6,#3c3c3c,60,60,60,"(77, 64, 92, 72)",38.1051177665153
251015_020545_0000434652_CAM1_OK_bmp.rf.021787199ae9d529c80312d3702cd5ba.jpg,qblock,7,#4f4f4f,79,79,79,"(550, 60, 566, 68)",5.196152422706632
251015_020545_0000434652_CAM1_OK_bmp.rf.021787199ae9d529c80312d3702cd5ba.jpg,qblock,8,#565656,86,86,86,"(551, 287, 568, 296)",6.928203230275509
251015_020545_0000434652_CAM1_OK_bmp.rf.021787199ae9d529c80312d3702cd5ba.jpg,qblock,9,#444444,68,68,68,"(361, 289, 377, 297)",24.24871130596428
251015_020545_0000434652_CAM1_OK_bmp.rf.021787199ae9d529c80312d3702cd5ba.jpg,qblock,11,#515151,81,81,81,"(646, 287, 662, 295)",1.7320508075688772
251015_020545_0000434652_CAM1_OK_bmp.rf.021787199ae9d529c80312d3702cd5ba.jpg,qblock,12,#575757,87,87,87,"(455, 60, 471, 69)",8.660254037844387
251015_020545_0000434652_CAM1_OK_bmp.rf.021787199ae9d529c80312d3702cd5ba.jpg,qblock,15,#4e4e4e,78,78,78,"(456, 288, 472, 296)",6.928203230275509
251015_020545_0000434652_CAM1_OK_bmp.rf.021787199ae9d529c80312d3702cd5ba.jpg,qblock,18,#505050,80,80,80,"(360, 61, 376, 70)",3.4641016151377544
251107_231801_0000096633_CAM1_NG_bmp.rf.62bac9d389f3626a633964c06cabe531.jpg,incorrect qblock,0,#b6b6b6,182,182,182,"(266, 170, 281, 178)",173.20508075688772
251107_231801_0000096633_CAM1_NG_bmp.rf.62bac9d389f3626a633964c06cabe531.jpg,incorrect qblock,1,#b3b3b3,179,179,179,"(172, 170, 187, 178)",168.0089283341811
251107_231801_0000096633_CAM1_NG_bmp.rf.62bac9d389f3626a633964c06cabe531.jpg,incorrect qblock,2,#bababa,186,186,186,"(646, 166, 662, 175)",180.13328398716322
251107_231801_0000096633_CAM1_NG_bmp.rf.62bac9d389f3626a633964c06cabe531.jpg,incorrect qblock,3,#a4a4a4,164,164,164,"(78, 171, 93, 179)",142.02816622064793
251107_231801_0000096633_CAM1_NG_bmp.rf.62bac9d389f3626a633964c06cabe531.jpg,incorrect qblock,4,#b4b4b4,180,180,180,"(347, 132, 359, 136)",169.74097914175
251107_231801_0000096633_CAM1_NG_bmp.rf.62bac9d389f3626a633964c06cabe531.jpg,incorrect qblock,5,#c2c2c2,194,194,194,"(457, 168, 472, 176)",193.98969044771425
251107_231801_0000096633_CAM1_NG_bmp.rf.62bac9d389f3626a633964c06cabe531.jpg,incorrect qblock,6,#bcbcbc,188,188,188,"(361, 169, 376, 177)",183.597385602301
251107_231801_0000096633_CAM1_NG_bmp.rf.62bac9d389f3626a633964c06cabe531.jpg,incorrect qblock,7,#b6b6b6,182,182,182,"(252, 132, 264, 137)",173.20508075688772
251107_231801_0000096633_CAM1_NG_bmp.rf.62bac9d389f3626a633964c06cabe531.jpg,incorrect qblock,8,#bebebe,190,190,190,"(551, 167, 568, 176)",187.06148721743875
251107_231801_0000096633_CAM1_NG_bmp.rf.62bac9d389f3626a633964c06cabe531.jpg,incorrect qblock,9,#bebebe,190,190,190,"(442, 131, 454, 136)",187.06148721743875
251107_231801_0000096633_CAM1_NG_bmp.rf.62bac9d389f3626a633964c06cabe531.jpg,incorrect qblock,10,#b0b0b0,176,176,176,"(157, 133, 169, 138)",162.81277591147446
251107_231801_0000096633_CAM1_NG_bmp.rf.62bac9d389f3626a633964c06cabe531.jpg,incorrect qblock,11,#c4c4c4,196,196,196,"(537, 130, 550, 136)",197.45379206285202
251010_125641_0000080783_CAM1_NG_bmp.rf.f4131c677f4332864d49aaa58f9a4576.jpg,qblock,0,#515151,81,81,81,"(647, 80, 663, 88)",1.7320508075688772
251010_125641_0000080783_CAM1_NG_bmp.rf.f4131c677f4332864d49aaa58f9a4576.jpg,qblock,1,#595959,89,89,89,"(267, 82, 283, 91)",12.12435565298214
251010_125641_0000080783_CAM1_NG_bmp.rf.f4131c677f4332864d49aaa58f9a4576.jpg,qblock,2,#565656,86,86,86,"(268, 310, 284, 318)",6.928203230275509
251010_125641_0000080783_CAM1_NG_bmp.rf.f4131c677f4332864d49aaa58f9a4576.jpg,qblock,3,#555555,85,85,85,"(458, 309, 474, 318)",5.196152422706632
251010_125641_0000080783_CAM1_NG_bmp.rf.f4131c677f4332864d49aaa58f9a4576.jpg,qblock,4,#5b5b5b,91,91,91,"(552, 80, 568, 89)",15.588457268119896
251010_125641_0000080783_CAM1_NG_bmp.rf.f4131c677f4332864d49aaa58f9a4576.jpg,qblock,5,#5c5c5c,92,92,92,"(172, 83, 188, 91)",17.320508075688775
251010_125641_0000080783_CAM1_NG_bmp.rf.f4131c677f4332864d49aaa58f9a4576.jpg,qblock,6,#5d5d5d,93,93,93,"(362, 81, 377, 90)",19.05255888325765
251010_125641_0000080783_CAM1_NG_bmp.rf.f4131c677f4332864d49aaa58f9a4576.jpg,qblock,7,#5d5d5d,93,93,93,"(363, 309, 379, 318)",19.05255888325765
251010_125641_0000080783_CAM1_NG_bmp.rf.f4131c677f4332864d49aaa58f9a4576.jpg,qblock,8,#555555,85,85,85,"(457, 81, 473, 89)",5.196152422706632
251010_125641_0000080783_CAM1_NG_bmp.rf.f4131c677f4332864d49aaa58f9a4576.jpg,qblock,9,#565656,86,86,86,"(648, 308, 665, 316)",6.928203230275509
251010_125641_0000080783_CAM1_NG_bmp.rf.f4131c677f4332864d49aaa58f9a4576.jpg,qblock,11,#494949,73,73,73,"(554, 309, 570, 317)",15.588457268119896
251010_125641_0000080783_CAM1_NG_bmp.rf.f4131c677f4332864d49aaa58f9a4576.jpg,qblock,12,#545454,84,84,84,"(174, 310, 190, 318)",3.4641016151377544
251010_125641_0000080783_CAM1_NG_bmp.rf.f4131c677f4332864d49aaa58f9a4576.jpg,qblock,23,#4b4b4b,75,75,75,"(80, 310, 96, 319)",12.12435565298214
251010_125641_0000080783_CAM1_NG_bmp.rf.f4131c677f4332864d49aaa58f9a4576.jpg,qblock,24,#4a4a4a,74,74,74,"(79, 84, 95, 92)",13.856406460551018
251010_125638_0000080773_CAM1_NG_bmp.rf.8f2e8c9761f133550a37a837f5dc366a.jpg,qblock,0,#575757,87,87,87,"(647, 80, 663, 89)",8.660254037844387
251010_125638_0000080773_CAM1_NG_bmp.rf.8f2e8c9761f133550a37a837f5dc366a.jpg,qblock,1,#505050,80,80,80,"(267, 83, 283, 91)",3.4641016151377544
251010_125638_0000080773_CAM1_NG_bmp.rf.8f2e8c9761f133550a37a837f5dc366a.jpg,qblock,2,#575757,87,87,87,"(268, 309, 284, 318)",8.660254037844387
251010_125638_0000080773_CAM1_NG_bmp.rf.8f2e8c9761f133550a37a837f5dc366a.jpg,qblock,3,#505050,80,80,80,"(363, 309, 379, 317)",3.4641016151377544
251010_125638_0000080773_CAM1_NG_bmp.rf.8f2e8c9761f133550a37a837f5dc366a.jpg,qblock,4,#515151,81,81,81,"(172, 84, 188, 92)",1.7320508075688772
251010_125638_0000080773_CAM1_NG_bmp.rf.8f2e8c9761f133550a37a837f5dc366a.jpg,qblock,5,#505050,80,80,80,"(552, 81, 568, 89)",3.4641016151377544
251010_125638_0000080773_CAM1_NG_bmp.rf.8f2e8c9761f133550a37a837f5dc366a.jpg,qblock,6,#555555,85,85,85,"(362, 82, 377, 90)",5.196152422706632
251010_125638_0000080773_CAM1_NG_bmp.rf.8f2e8c9761f133550a37a837f5dc366a.jpg,qblock,7,#494949,73,73,73,"(458, 309, 474, 317)",15.588457268119896
251010_125638_0000080773_CAM1_NG_bmp.rf.8f2e8c9761f133550a37a837f5dc366a.jpg,qblock,8,#5c5c5c,92,92,92,"(457, 81, 473, 90)",17.320508075688775
251010_125638_0000080773_CAM1_NG_bmp.rf.8f2e8c9761f133550a37a837f5dc366a.jpg,qblock,9,#464646,70,70,70,"(174, 310, 190, 318)",20.784609690826528
251010_125638_0000080773_CAM1_NG_bmp.rf.8f2e8c9761f133550a37a837f5dc366a.jpg,qblock,10,#535353,83,83,83,"(648, 307, 664, 316)",1.7320508075688772
251010_125638_0000080773_CAM1_NG_bmp.rf.8f2e8c9761f133550a37a837f5dc366a.jpg,qblock,11,#3d3d3d,61,61,61,"(80, 310, 96, 318)",36.373066958946424
251010_125638_0000080773_CAM1_NG_bmp.rf.8f2e8c9761f133550a37a837f5dc366a.jpg,qblock,14,#4f4f4f,79,79,79,"(553, 308, 569, 316)",5.196152422706632
251010_125638_0000080773_CAM1_NG_bmp.rf.8f2e8c9761f133550a37a837f5dc366a.jpg,qblock,22,#4f4f4f,79,79,79,"(79, 84, 95, 93)",5.196152422706632
251010_132054_0000083827_CAM1_NG_bmp.rf.ea16910ff5c4d6919e68f74471ff07fb.jpg,qblock,0,#575757,87,87,87,"(265, 80, 282, 88)",8.660254037844387
251010_132054_0000083827_CAM1_NG_bmp.rf.ea16910ff5c4d6919e68f74471ff07fb.jpg,qblock,1,#5d5d5d,93,93,93,"(171, 80, 187, 89)",19.05255888325765
251010_132054_0000083827_CAM1_NG_bmp.rf.ea16910ff5c4d6919e68f74471ff07fb.jpg,qblock,2,#4d4d4d,77,77,77,"(77, 81, 93, 90)",8.660254037844387
251010_132054_0000083827_CAM1_NG_bmp.rf.ea16910ff5c4d6919e68f74471ff07fb.jpg,qblock,3,#585858,88,88,88,"(360, 79, 376, 88)",10.392304845413264
251010_132054_0000083827_CAM1_NG_bmp.rf.ea16910ff5c4d6919e68f74471ff07fb.jpg,qblock,5,#575757,87,87,87,"(550, 78, 567, 86)",8.660254037844387
251010_132054_0000083827_CAM1_NG_bmp.rf.ea16910ff5c4d6919e68f74471ff07fb.jpg,qblock,9,#565656,86,86,86,"(646, 304, 663, 312)",6.928203230275509
251010_132054_0000083827_CAM1_NG_bmp.rf.ea16910ff5c4d6919e68f74471ff07fb.jpg,qblock,10,#5a5a5a,90,90,90,"(266, 306, 283, 315)",13.856406460551018
251010_132054_0000083827_CAM1_NG_bmp.rf.ea16910ff5c4d6919e68f74471ff07fb.jpg,qblock,11,#525252,82,82,82,"(457, 305, 473, 314)",0.0
251010_132054_0000083827_CAM1_NG_bmp.rf.ea16910ff5c4d6919e68f74471ff07fb.jpg,qblock,12,#525252,82,82,82,"(455, 79, 472, 87)",0.0
251010_132054_0000083827_CAM1_NG_bmp.rf.ea16910ff5c4d6919e68f74471ff07fb.jpg,qblock,13,#4b4b4b,75,75,75,"(78, 306, 94, 315)",12.12435565298214
251010_132054_0000083827_CAM1_NG_bmp.rf.ea16910ff5c4d6919e68f74471ff07fb.jpg,qblock,14,#5c5c5c,92,92,92,"(362, 305, 378, 314)",17.320508075688775
251010_132054_0000083827_CAM1_NG_bmp.rf.ea16910ff5c4d6919e68f74471ff07fb.jpg,qblock,17,#5e5e5e,94,94,94,"(645, 77, 662, 86)",20.784609690826528
251010_132054_0000083827_CAM1_NG_bmp.rf.ea16910ff5c4d6919e68f74471ff07fb.jpg,qblock,19,#555555,85,85,85,"(172, 306, 188, 315)",5.196152422706632
251107_232353_0000097802_CAM1_NG_bmp.rf.d8c88bfbfd50ce93857b00670bb57269.jpg,incorrect qblock,0,#b1b1b1,177,177,177,"(266, 170, 281, 178)",164.54482671904336
251107_232353_0000097802_CAM1_NG_bmp.rf.d8c88bfbfd50ce93857b00670bb57269.jpg,incorrect qblock,1,#b3b3b3,179,179,179,"(172, 170, 187, 179)",168.0089283341811
251107_232353_0000097802_CAM1_NG_bmp.rf.d8c88bfbfd50ce93857b00670bb57269.jpg,incorrect qblock,2,#b9b9b9,185,185,185,"(646, 167, 662, 175)",178.40123317959436
251107_232353_0000097802_CAM1_NG_bmp.rf.d8c88bfbfd50ce93857b00670bb57269.jpg,incorrect qblock,3,#bababa,186,186,186,"(361, 169, 376, 177)",180.13328398716322
251107_232353_0000097802_CAM1_NG_bmp.rf.d8c88bfbfd50ce93857b00670bb57269.jpg,incorrect qblock,4,#a5a5a5,165,165,165,"(77, 171, 93, 179)",143.76021702821683
251107_232353_0000097802_CAM1_NG_bmp.rf.d8c88bfbfd50ce93857b00670bb57269.jpg,incorrect qblock,5,#c0c0c0,192,192,192,"(456, 169, 472, 176)",190.5255888325765
251107_232353_0000097802_CAM1_NG_bmp.rf.d8c88bfbfd50ce93857b00670bb57269.jpg,incorrect qblock,6,#c1c1c1,193,193,193,"(346, 131, 359, 136)",192.25763964014538
251107_232353_0000097802_CAM1_NG_bmp.rf.d8c88bfbfd50ce93857b00670bb57269.jpg,incorrect qblock,7,#b5b5b5,181,181,181,"(252, 132, 264, 137)",171.47302994931886
251107_232353_0000097802_CAM1_NG_bmp.rf.d8c88bfbfd50ce93857b00670bb57269.jpg,incorrect qblock,8,#b2b2b2,178,178,178,"(157, 133, 169, 138)",166.27687752661222
251107_232353_0000097802_CAM1_NG_bmp.rf.d8c88bfbfd50ce93857b00670bb57269.jpg,incorrect qblock,9,#bcbcbc,188,188,188,"(551, 168, 568, 176)",183.597385602301
251107_232353_0000097802_CAM1_NG_bmp.rf.d8c88bfbfd50ce93857b00670bb57269.jpg,incorrect qblock,10,#bfbfbf,191,191,191,"(442, 131, 454, 136)",188.79353802500762
251107_232353_0000097802_CAM1_NG_bmp.rf.d8c88bfbfd50ce93857b00670bb57269.jpg,incorrect qblock,11,#c0c0c0,192,192,192,"(537, 130, 549, 136)",190.5255888325765
251010_131955_0000083637_CAM1_NG_bmp.rf.29e9d996207a46d2ec31aeb946d37a00.jpg,qblock,0,#585858,88,88,88,"(266, 79, 283, 88)",10.392304845413264
251010_131955_0000083637_CAM1_NG_bmp.rf.29e9d996207a46d2ec31aeb946d37a00.jpg,qblock,1,#4f4f4f,79,79,79,"(172, 80, 188, 88)",5.196152422706632
251010_131955_0000083637_CAM1_NG_bmp.rf.29e9d996207a46d2ec31aeb946d37a00.jpg,qblock,3,#545454,84,84,84,"(78, 80, 94, 89)",3.4641016151377544
251010_131955_0000083637_CAM1_NG_bmp.rf.29e9d996207a46d2ec31aeb946d37a00.jpg,qblock,4,#515151,81,81,81,"(552, 77, 568, 85)",1.7320508075688772
251010_131955_0000083637_CAM1_NG_bmp.rf.29e9d996207a46d2ec31aeb946d37a00.jpg,qblock,5,#5d5d5d,93,93,93,"(361, 78, 378, 87)",19.05255888325765
251010_131955_0000083637_CAM1_NG_bmp.rf.29e9d996207a46d2ec31aeb946d37a00.jpg,qblock,6,#525252,82,82,82,"(268, 306, 284, 314)",0.0
251010_131955_0000083637_CAM1_NG_bmp.rf.29e9d996207a46d2ec31aeb946d37a00.jpg,qblock,8,#5c5c5c,92,92,92,"(457, 77, 473, 86)",17.320508075688775
251010_131955_0000083637_CAM1_NG_bmp.rf.29e9d996207a46d2ec31aeb946d37a00.jpg,qblock,10,#555555,85,85,85,"(458, 305, 475, 314)",5.196152422706632
251010_131955_0000083637_CAM1_NG_bmp.rf.29e9d996207a46d2ec31aeb946d37a00.jpg,qblock,14,#5b5b5b,91,91,91,"(363, 305, 379, 314)",15.588457268119896
251010_131955_0000083637_CAM1_NG_bmp.rf.29e9d996207a46d2ec31aeb946d37a00.jpg,qblock,15,#4b4b4b,75,75,75,"(649, 304, 665, 312)",12.12435565298214
251010_131955_0000083637_CAM1_NG_bmp.rf.29e9d996207a46d2ec31aeb946d37a00.jpg,qblock,16,#4f4f4f,79,79,79,"(80, 306, 96, 315)",5.196152422706632
251010_131955_0000083637_CAM1_NG_bmp.rf.29e9d996207a46d2ec31aeb946d37a00.jpg,qblock,20,#585858,88,88,88,"(647, 76, 663, 85)",10.392304845413264
251010_131955_0000083637_CAM1_NG_bmp.rf.29e9d996207a46d2ec31aeb946d37a00.jpg,qblock,22,#595959,89,89,89,"(173, 306, 190, 315)",12.12435565298214
251010_131955_0000083637_CAM1_NG_bmp.rf.29e9d996207a46d2ec31aeb946d37a00.jpg,qblock,23,#5c5c5c,92,92,92,"(553, 304, 570, 313)",17.320508075688775
251010_125651_0000080818_CAM1_NG_bmp.rf.3407e6fbcd9e86b6b457b0df16bc1525.jpg,qblock,0,#4e4e4e,78,78,78,"(647, 80, 663, 88)",6.928203230275509
251010_125651_0000080818_CAM1_NG_bmp.rf.3407e6fbcd9e86b6b457b0df16bc1525.jpg,qblock,1,#515151,81,81,81,"(268, 310, 284, 318)",1.7320508075688772
251010_125651_0000080818_CAM1_NG_bmp.rf.3407e6fbcd9e86b6b457b0df16bc1525.jpg,qblock,2,#5a5a5a,90,90,90,"(267, 82, 283, 91)",13.856406460551018
251010_125651_0000080818_CAM1_NG_bmp.rf.3407e6fbcd9e86b6b457b0df16bc1525.jpg,qblock,3,#5c5c5c,92,92,92,"(172, 83, 188, 91)",17.320508075688775
251010_125651_0000080818_CAM1_NG_bmp.rf.3407e6fbcd9e86b6b457b0df16bc1525.jpg,qblock,4,#5b5b5b,91,91,91,"(552, 80, 568, 89)",15.588457268119896
251010_125651_0000080818_CAM1_NG_bmp.rf.3407e6fbcd9e86b6b457b0df16bc1525.jpg,qblock,5,#515151,81,81,81,"(458, 309, 474, 317)",1.7320508075688772
251010_125651_0000080818_CAM1_NG_bmp.rf.3407e6fbcd9e86b6b457b0df16bc1525.jpg,qblock,6,#5e5e5e,94,94,94,"(362, 81, 378, 90)",20.784609690826528
251010_125651_0000080818_CAM1_NG_bmp.rf.3407e6fbcd9e86b6b457b0df16bc1525.jpg,qblock,7,#565656,86,86,86,"(457, 81, 473, 89)",6.928203230275509
251010_125651_0000080818_CAM1_NG_bmp.rf.3407e6fbcd9e86b6b457b0df16bc1525.jpg,qblock,8,#595959,89,89,89,"(363, 309, 379, 318)",12.12435565298214
251010_125651_0000080818_CAM1_NG_bmp.rf.3407e6fbcd9e86b6b457b0df16bc1525.jpg,qblock,10,#505050,80,80,80,"(174, 310, 190, 318)",3.4641016151377544
251010_125651_0000080818_CAM1_NG_bmp.rf.3407e6fbcd9e86b6b457b0df16bc1525.jpg,qblock,11,#474747,71,71,71,"(649, 308, 665, 316)",19.05255888325765
251010_125651_0000080818_CAM1_NG_bmp.rf.3407e6fbcd9e86b6b457b0df16bc1525.jpg,qblock,12,#525252,82,82,82,"(554, 308, 570, 317)",0.0
251010_125651_0000080818_CAM1_NG_bmp.rf.3407e6fbcd9e86b6b457b0df16bc1525.jpg,qblock,20,#474747,71,71,71,"(78, 84, 94, 93)",19.05255888325765
251010_125651_0000080818_CAM1_NG_bmp.rf.3407e6fbcd9e86b6b457b0df16bc1525.jpg,qblock,23,#484848,72,72,72,"(80, 310, 96, 319)",17.320508075688775
251107_231924_0000096907_CAM1_NG_bmp.rf.41cdde0a1ef3936df61a936d48de2daa.jpg,incorrect qblock,0,#b0b0b0,176,176,176,"(266, 170, 281, 178)",162.81277591147446
251107_231924_0000096907_CAM1_NG_bmp.rf.41cdde0a1ef3936df61a936d48de2daa.jpg,incorrect qblock,1,#b0b0b0,176,176,176,"(172, 170, 187, 178)",162.81277591147446
251107_231924_0000096907_CAM1_NG_bmp.rf.41cdde0a1ef3936df61a936d48de2daa.jpg,incorrect qblock,2,#b5b5b5,181,181,181,"(646, 167, 662, 175)",171.47302994931886
251107_231924_0000096907_CAM1_NG_bmp.rf.41cdde0a1ef3936df61a936d48de2daa.jpg,incorrect qblock,3,#a1a1a1,161,161,161,"(77, 171, 93, 179)",136.8320137979413
251107_231924_0000096907_CAM1_NG_bmp.rf.41cdde0a1ef3936df61a936d48de2daa.jpg,incorrect qblock,4,#bdbdbd,189,189,189,"(456, 169, 472, 177)",185.32943640986986
251107_231924_0000096907_CAM1_NG_bmp.rf.41cdde0a1ef3936df61a936d48de2daa.jpg,incorrect qblock,5,#b4b4b4,180,180,180,"(252, 132, 264, 137)",169.74097914175
251107_231924_0000096907_CAM1_NG_bmp.rf.41cdde0a1ef3936df61a936d48de2daa.jpg,incorrect qblock,6,#bcbcbc,188,188,188,"(361, 169, 376, 177)",183.597385602301
251107_231924_0000096907_CAM1_NG_bmp.rf.41cdde0a1ef3936df61a936d48de2daa.jpg,incorrect qblock,7,#bdbdbd,189,189,189,"(347, 131, 359, 136)",185.32943640986986
251107_231924_0000096907_CAM1_NG_bmp.rf.41cdde0a1ef3936df61a936d48de2daa.jpg,incorrect qblock,8,#bbbbbb,187,187,187,"(551, 168, 568, 176)",181.86533479473212
251107_231924_0000096907_CAM1_NG_bmp.rf.41cdde0a1ef3936df61a936d48de2daa.jpg,incorrect qblock,9,#b2b2b2,178,178,178,"(157, 133, 170, 138)",166.27687752661222
251107_231924_0000096907_CAM1_NG_bmp.rf.41cdde0a1ef3936df61a936d48de2daa.jpg,incorrect qblock,10,#bbbbbb,187,187,187,"(442, 131, 454, 136)",181.86533479473212
251010_132055_0000083829_CAM1_NG_bmp.rf.bdd161d34586fd3c8f44bfe2b4a8e6bc.jpg,qblock,0,#5e5e5e,94,94,94,"(265, 79, 281, 88)",20.784609690826528
251010_132055_0000083829_CAM1_NG_bmp.rf.bdd161d34586fd3c8f44bfe2b4a8e6bc.jpg,qblock,1,#515151,81,81,81,"(360, 79, 376, 87)",1.7320508075688772
251010_132055_0000083829_CAM1_NG_bmp.rf.bdd161d34586fd3c8f44bfe2b4a8e6bc.jpg,qblock,2,#494949,73,73,73,"(77, 81, 93, 90)",15.588457268119896
251010_132055_0000083829_CAM1_NG_bmp.rf.bdd161d34586fd3c8f44bfe2b4a8e6bc.jpg,qblock,3,#585858,88,88,88,"(171, 80, 187, 89)",10.392304845413264
251010_132055_0000083829_CAM1_NG_bmp.rf.bdd161d34586fd3c8f44bfe2b4a8e6bc.jpg,qblock,7,#606060,96,96,96,"(550, 77, 567, 86)",24.24871130596428
251010_132055_0000083829_CAM1_NG_bmp.rf.bdd161d34586fd3c8f44bfe2b4a8e6bc.jpg,qblock,8,#555555,85,85,85,"(361, 305, 377, 314)",5.196152422706632
251010_132055_0000083829_CAM1_NG_bmp.rf.bdd161d34586fd3c8f44bfe2b4a8e6bc.jpg,qblock,9,#5c5c5c,92,92,92,"(266, 305, 282, 314)",17.320508075688775
251010_132055_0000083829_CAM1_NG_bmp.rf.bdd161d34586fd3c8f44bfe2b4a8e6bc.jpg,qblock,11,#515151,81,81,81,"(456, 305, 473, 313)",1.7320508075688772
251010_132055_0000083829_CAM1_NG_bmp.rf.bdd161d34586fd3c8f44bfe2b4a8e6bc.jpg,qblock,12,#5e5e5e,94,94,94,"(455, 78, 472, 87)",20.784609690826528
251010_132055_0000083829_CAM1_NG_bmp.rf.bdd161d34586fd3c8f44bfe2b4a8e6bc.jpg,qblock,13,#464646,70,70,70,"(647, 304, 663, 312)",20.784609690826528
251010_132055_0000083829_CAM1_NG_bmp.rf.bdd161d34586fd3c8f44bfe2b4a8e6bc.jpg,qblock,15,#4e4e4e,78,78,78,"(78, 305, 94, 315)",6.928203230275509
251010_132055_0000083829_CAM1_NG_bmp.rf.bdd161d34586fd3c8f44bfe2b4a8e6bc.jpg,qblock,21,#505050,80,80,80,"(552, 304, 568, 313)",3.4641016151377544
251010_132055_0000083829_CAM1_NG_bmp.rf.bdd161d34586fd3c8f44bfe2b4a8e6bc.jpg,qblock,22,#585858,88,88,88,"(645, 77, 662, 85)",10.392304845413264
251010_115849_0000080435_CAM1_NG_bmp.rf.86ba6bb34567216df123557a0cf207e6.jpg,qblock,0,#606060,96,96,96,"(269, 89, 285, 98)",24.24871130596428
251010_115849_0000080435_CAM1_NG_bmp.rf.86ba6bb34567216df123557a0cf207e6.jpg,qblock,1,#565656,86,86,86,"(82, 90, 98, 100)",6.928203230275509
251010_115849_0000080435_CAM1_NG_bmp.rf.86ba6bb34567216df123557a0cf207e6.jpg,qblock,2,#6a6a6a,106,106,106,"(363, 88, 379, 97)",41.569219381653056
251010_115849_0000080435_CAM1_NG_bmp.rf.86ba6bb34567216df123557a0cf207e6.jpg,qblock,3,#5e5e5e,94,94,94,"(270, 316, 286, 325)",20.784609690826528
251010_115849_0000080435_CAM1_NG_bmp.rf.86ba6bb34567216df123557a0cf207e6.jpg,qblock,4,#636363,99,99,99,"(458, 88, 474, 97)",29.444863728670914
251010_115849_0000080435_CAM1_NG_bmp.rf.86ba6bb34567216df123557a0cf207e6.jpg,qblock,5,#5f5f5f,95,95,95,"(649, 87, 665, 95)",22.516660498395403
251010_115849_0000080435_CAM1_NG_bmp.rf.86ba6bb34567216df123557a0cf207e6.jpg,qblock,8,#676767,103,103,103,"(554, 87, 570, 96)",36.373066958946424
251010_115849_0000080435_CAM1_NG_bmp.rf.86ba6bb34567216df123557a0cf207e6.jpg,qblock,12,#626262,98,98,98,"(364, 316, 381, 325)",27.712812921102035
251010_115849_0000080435_CAM1_NG_bmp.rf.86ba6bb34567216df123557a0cf207e6.jpg,qblock,14,#505050,80,80,80,"(176, 316, 192, 325)",3.4641016151377544
251010_115849_0000080435_CAM1_NG_bmp.rf.86ba6bb34567216df123557a0cf207e6.jpg,qblock,15,#4f4f4f,79,79,79,"(175, 90, 191, 99)",5.196152422706632
251107_231656_0000096416_CAM1_NG_bmp.rf.b5776d8fe9db18db51404f1bfe2e9a90.jpg,incorrect qblock,0,#acacac,172,172,172,"(266, 170, 281, 178)",155.88457268119896
251107_231656_0000096416_CAM1_NG_bmp.rf.b5776d8fe9db18db51404f1bfe2e9a90.jpg,incorrect qblock,1,#adadad,173,173,173,"(172, 170, 187, 179)",157.61662348876783
251107_231656_0000096416_CAM1_NG_bmp.rf.b5776d8fe9db18db51404f1bfe2e9a90.jpg,incorrect qblock,2,#b8b8b8,184,184,184,"(646, 167, 662, 175)",176.6691823720255
251107_231656_0000096416_CAM1_NG_bmp.rf.b5776d8fe9db18db51404f1bfe2e9a90.jpg,incorrect qblock,3,#b7b7b7,183,183,183,"(361, 169, 376, 177)",174.9371315644566
251107_231656_0000096416_CAM1_NG_bmp.rf.b5776d8fe9db18db51404f1bfe2e9a90.jpg,incorrect qblock,4,#b6b6b6,182,182,182,"(346, 132, 359, 136)",173.20508075688772
251107_231656_0000096416_CAM1_NG_bmp.rf.b5776d8fe9db18db51404f1bfe2e9a90.jpg,incorrect qblock,5,#9d9d9d,157,157,157,"(77, 171, 93, 179)",129.9038105676658
251107_231656_0000096416_CAM1_NG_bmp.rf.b5776d8fe9db18db51404f1bfe2e9a90.jpg,incorrect qblock,6,#c3c3c3,195,195,195,"(456, 168, 472, 176)",195.72174125528312
251107_231656_0000096416_CAM1_NG_bmp.rf.b5776d8fe9db18db51404f1bfe2e9a90.jpg,incorrect qblock,7,#ababab,171,171,171,"(252, 133, 264, 137)",154.1525218736301
251107_231656_0000096416_CAM1_NG_bmp.rf.b5776d8fe9db18db51404f1bfe2e9a90.jpg,incorrect qblock,8,#b7b7b7,183,183,183,"(551, 168, 568, 176)",174.9371315644566
251107_231656_0000096416_CAM1_NG_bmp.rf.b5776d8fe9db18db51404f1bfe2e9a90.jpg,incorrect qblock,9,#bbbbbb,187,187,187,"(537, 130, 550, 136)",181.86533479473212
251107_231656_0000096416_CAM1_NG_bmp.rf.b5776d8fe9db18db51404f1bfe2e9a90.jpg,incorrect qblock,10,#acacac,172,172,172,"(157, 133, 169, 138)",155.88457268119896
251107_231656_0000096416_CAM1_NG_bmp.rf.b5776d8fe9db18db51404f1bfe2e9a90.jpg,incorrect qblock,11,#bcbcbc,188,188,188,"(442, 131, 454, 136)",183.597385602301
251107_231656_0000096416_CAM1_NG_bmp.rf.b5776d8fe9db18db51404f1bfe2e9a90.jpg,incorrect qblock,12,#b3b3b3,179,179,179,"(632, 130, 644, 135)",168.0089283341811
251107_231656_0000096416_CAM1_NG_bmp.rf.b5776d8fe9db18db51404f1bfe2e9a90.jpg,incorrect qblock,13,#b2b2b2,178,178,178,"(159, 360, 171, 365)",166.27687752661222
251107_231656_0000096416_CAM1_NG_bmp.rf.b5776d8fe9db18db51404f1bfe2e9a90.jpg,incorrect qblock,14,#bcbcbc,188,188,188,"(254, 360, 266, 365)",183.597385602301
251107_231812_0000096669_CAM1_NG_bmp.rf.5743852c9b286e6de8718f01f7fcb48b.jpg,incorrect qblock,0,#b6b6b6,182,182,182,"(266, 169, 281, 178)",173.20508075688772
251107_231812_0000096669_CAM1_NG_bmp.rf.5743852c9b286e6de8718f01f7fcb48b.jpg,incorrect qblock,1,#afafaf,175,175,175,"(172, 170, 187, 178)",161.0807251039056
251107_231812_0000096669_CAM1_NG_bmp.rf.5743852c9b286e6de8718f01f7fcb48b.jpg,incorrect qblock,2,#b6b6b6,182,182,182,"(646, 166, 662, 175)",173.20508075688772
251107_231812_0000096669_CAM1_NG_bmp.rf.5743852c9b286e6de8718f01f7fcb48b.jpg,incorrect qblock,3,#9c9c9c,156,156,156,"(77, 171, 93, 179)",128.17175976009693
251107_231812_0000096669_CAM1_NG_bmp.rf.5743852c9b286e6de8718f01f7fcb48b.jpg,incorrect qblock,4,#c3c3c3,195,195,195,"(456, 168, 472, 176)",195.72174125528312
251107_231812_0000096669_CAM1_NG_bmp.rf.5743852c9b286e6de8718f01f7fcb48b.jpg,incorrect qblock,5,#b5b5b5,181,181,181,"(361, 169, 376, 177)",171.47302994931886
251107_231812_0000096669_CAM1_NG_bmp.rf.5743852c9b286e6de8718f01f7fcb48b.jpg,incorrect qblock,6,#bfbfbf,191,191,191,"(346, 131, 359, 136)",188.79353802500762
251107_231812_0000096669_CAM1_NG_bmp.rf.5743852c9b286e6de8718f01f7fcb48b.jpg,incorrect qblock,7,#adadad,173,173,173,"(157, 133, 169, 137)",157.61662348876783
251107_231812_0000096669_CAM1_NG_bmp.rf.5743852c9b286e6de8718f01f7fcb48b.jpg,incorrect qblock,8,#b1b1b1,177,177,177,"(252, 132, 263, 137)",164.54482671904336
251107_231812_0000096669_CAM1_NG_bmp.rf.5743852c9b286e6de8718f01f7fcb48b.jpg,incorrect qblock,9,#b8b8b8,184,184,184,"(442, 131, 454, 136)",176.6691823720255
251107_231812_0000096669_CAM1_NG_bmp.rf.5743852c9b286e6de8718f01f7fcb48b.jpg,incorrect qblock,10,#bcbcbc,188,188,188,"(551, 167, 568, 176)",183.597385602301
251107_231812_0000096669_CAM1_NG_bmp.rf.5743852c9b286e6de8718f01f7fcb48b.jpg,incorrect qblock,11,#c0c0c0,192,192,192,"(536, 130, 549, 135)",190.5255888325765
251107_231612_0000096271_CAM1_NG_bmp.rf.7679f116d71c80d7422934dffca85e50.jpg,incorrect qblock,0,#b0b0b0,176,176,176,"(266, 170, 281, 178)",162.81277591147446
251107_231612_0000096271_CAM1_NG_bmp.rf.7679f116d71c80d7422934dffca85e50.jpg,incorrect qblock,1,#9d9d9d,157,157,157,"(172, 171, 187, 179)",129.9038105676658
251107_231612_0000096271_CAM1_NG_bmp.rf.7679f116d71c80d7422934dffca85e50.jpg,incorrect qblock,2,#afafaf,175,175,175,"(361, 170, 376, 177)",161.0807251039056
251107_231612_0000096271_CAM1_NG_bmp.rf.7679f116d71c80d7422934dffca85e50.jpg,incorrect qblock,3,#b8b8b8,184,184,184,"(456, 169, 472, 177)",176.6691823720255
251107_231612_0000096271_CAM1_NG_bmp.rf.7679f116d71c80d7422934dffca85e50.jpg,incorrect qblock,4,#b2b2b2,178,178,178,"(646, 167, 662, 176)",166.27687752661222
251107_231612_0000096271_CAM1_NG_bmp.rf.7679f116d71c80d7422934dffca85e50.jpg,incorrect qblock,5,#b3b3b3,179,179,179,"(346, 132, 358, 137)",168.0089283341811
251107_231612_0000096271_CAM1_NG_bmp.rf.7679f116d71c80d7422934dffca85e50.jpg,incorrect qblock,6,#b8b8b8,184,184,184,"(551, 168, 568, 176)",176.6691823720255
251107_231612_0000096271_CAM1_NG_bmp.rf.7679f116d71c80d7422934dffca85e50.jpg,incorrect qblock,7,#b7b7b7,183,183,183,"(537, 131, 550, 136)",174.9371315644566
251107_231612_0000096271_CAM1_NG_bmp.rf.7679f116d71c80d7422934dffca85e50.jpg,incorrect qblock,8,#929292,146,146,146,"(77, 171, 93, 179)",110.85125168440814
251107_231612_0000096271_CAM1_NG_bmp.rf.7679f116d71c80d7422934dffca85e50.jpg,incorrect qblock,9,#acacac,172,172,172,"(251, 133, 264, 138)",155.88457268119896
251107_231612_0000096271_CAM1_NG_bmp.rf.7679f116d71c80d7422934dffca85e50.jpg,incorrect qblock,10,#afafaf,175,175,175,"(632, 131, 644, 136)",161.0807251039056
251107_231612_0000096271_CAM1_NG_bmp.rf.7679f116d71c80d7422934dffca85e50.jpg,incorrect qblock,11,#afafaf,175,175,175,"(442, 132, 454, 136)",161.0807251039056
251107_231612_0000096271_CAM1_NG_bmp.rf.7679f116d71c80d7422934dffca85e50.jpg,incorrect qblock,12,#969696,150,150,150,"(157, 134, 169, 138)",117.77945491468365
251107_231612_0000096271_CAM1_NG_bmp.rf.7679f116d71c80d7422934dffca85e50.jpg,incorrect qblock,13,#a1a1a1,161,161,161,"(159, 360, 171, 365)",136.8320137979413
251010_070225_0000043589_CAM1_NG_bmp.rf.16e950395b1ac4d609be67d17b6a1b28.jpg,qblock,0,#515151,81,81,81,"(554, 61, 570, 70)",1.7320508075688772
251010_070225_0000043589_CAM1_NG_bmp.rf.16e950395b1ac4d609be67d17b6a1b28.jpg,qblock,1,#5a5a5a,90,90,90,"(363, 62, 380, 71)",13.856406460551018
251010_070225_0000043589_CAM1_NG_bmp.rf.16e950395b1ac4d609be67d17b6a1b28.jpg,qblock,2,#575757,87,87,87,"(364, 290, 381, 299)",8.660254037844387
251010_070225_0000043589_CAM1_NG_bmp.rf.16e950395b1ac4d609be67d17b6a1b28.jpg,qblock,3,#565656,86,86,86,"(268, 63, 285, 72)",6.928203230275509
251010_070225_0000043589_CAM1_NG_bmp.rf.16e950395b1ac4d609be67d17b6a1b28.jpg,qblock,4,#515151,81,81,81,"(458, 62, 475, 70)",1.7320508075688772
251010_070225_0000043589_CAM1_NG_bmp.rf.16e950395b1ac4d609be67d17b6a1b28.jpg,qblock,6,#494949,73,73,73,"(649, 61, 665, 69)",15.588457268119896
251010_070225_0000043589_CAM1_NG_bmp.rf.16e950395b1ac4d609be67d17b6a1b28.jpg,qblock,7,#474747,71,71,71,"(460, 290, 476, 298)",19.05255888325765
251010_070225_0000043589_CAM1_NG_bmp.rf.16e950395b1ac4d609be67d17b6a1b28.jpg,qblock,9,#5e5e5e,94,94,94,"(269, 290, 286, 299)",20.784609690826528
251010_070225_0000043589_CAM1_NG_bmp.rf.16e950395b1ac4d609be67d17b6a1b28.jpg,qblock,10,#535353,83,83,83,"(555, 289, 572, 298)",1.7320508075688772
251010_070225_0000043589_CAM1_NG_bmp.rf.16e950395b1ac4d609be67d17b6a1b28.jpg,qblock,11,#4f4f4f,79,79,79,"(175, 291, 192, 299)",5.196152422706632
251010_070225_0000043589_CAM1_NG_bmp.rf.16e950395b1ac4d609be67d17b6a1b28.jpg,qblock,14,#464646,70,70,70,"(650, 289, 666, 297)",20.784609690826528
251010_070225_0000043589_CAM1_NG_bmp.rf.16e950395b1ac4d609be67d17b6a1b28.jpg,qblock,18,#4e4e4e,78,78,78,"(174, 64, 190, 73)",6.928203230275509
251107_232313_0000097667_CAM1_NG_bmp.rf.3fa5064b6b71c0ccddc1861a03edaa26.jpg,incorrect qblock,0,#b4b4b4,180,180,180,"(266, 170, 281, 178)",169.74097914175
251107_232313_0000097667_CAM1_NG_bmp.rf.3fa5064b6b71c0ccddc1861a03edaa26.jpg,incorrect qblock,1,#b6b6b6,182,182,182,"(172, 170, 187, 178)",173.20508075688772
251107_232313_0000097667_CAM1_NG_bmp.rf.3fa5064b6b71c0ccddc1861a03edaa26.jpg,incorrect qblock,2,#a3a3a3,163,163,163,"(77, 171, 93, 179)",140.29611541307906
251107_232313_0000097667_CAM1_NG_bmp.rf.3fa5064b6b71c0ccddc1861a03edaa26.jpg,incorrect qblock,3,#b5b5b5,181,181,181,"(646, 167, 662, 175)",171.47302994931886
251107_232313_0000097667_CAM1_NG_bmp.rf.3fa5064b6b71c0ccddc1861a03edaa26.jpg,incorrect qblock,4,#c1c1c1,193,193,193,"(457, 168, 472, 176)",192.25763964014538
251107_232313_0000097667_CAM1_NG_bmp.rf.3fa5064b6b71c0ccddc1861a03edaa26.jpg,incorrect qblock,5,#c4c4c4,196,196,196,"(346, 131, 359, 136)",197.45379206285202
251107_232313_0000097667_CAM1_NG_bmp.rf.3fa5064b6b71c0ccddc1861a03edaa26.jpg,incorrect qblock,6,#bababa,186,186,186,"(361, 169, 376, 177)",180.13328398716322
251107_232313_0000097667_CAM1_NG_bmp.rf.3fa5064b6b71c0ccddc1861a03edaa26.jpg,incorrect qblock,7,#b7b7b7,183,183,183,"(252, 132, 264, 137)",174.9371315644566
251107_232313_0000097667_CAM1_NG_bmp.rf.3fa5064b6b71c0ccddc1861a03edaa26.jpg,incorrect qblock,8,#b0b0b0,176,176,176,"(157, 133, 169, 138)",162.81277591147446
251107_232313_0000097667_CAM1_NG_bmp.rf.3fa5064b6b71c0ccddc1861a03edaa26.jpg,incorrect qblock,9,#bebebe,190,190,190,"(442, 131, 454, 136)",187.06148721743875
251107_232313_0000097667_CAM1_NG_bmp.rf.3fa5064b6b71c0ccddc1861a03edaa26.jpg,incorrect qblock,10,#c5c5c5,197,197,197,"(537, 130, 550, 136)",199.18584287042088
251107_232313_0000097667_CAM1_NG_bmp.rf.3fa5064b6b71c0ccddc1861a03edaa26.jpg,incorrect qblock,11,#c1c1c1,193,193,193,"(551, 167, 568, 176)",192.25763964014538
251015_020550_0000434667_CAM1_OK_bmp.rf.92cca60379cb31fa92ab4c1caa83b17f.jpg,qblock,0,#5d5d5d,93,93,93,"(645, 59, 662, 68)",19.05255888325765
251015_020550_0000434667_CAM1_OK_bmp.rf.92cca60379cb31fa92ab4c1caa83b17f.jpg,qblock,1,#424242,66,66,66,"(172, 289, 188, 297)",27.712812921102035
251015_020550_0000434667_CAM1_OK_bmp.rf.92cca60379cb31fa92ab4c1caa83b17f.jpg,qblock,2,#505050,80,80,80,"(265, 62, 281, 71)",3.4641016151377544
251015_020550_0000434667_CAM1_OK_bmp.rf.92cca60379cb31fa92ab4c1caa83b17f.jpg,qblock,3,#484848,72,72,72,"(171, 63, 186, 71)",17.320508075688775
251015_020550_0000434667_CAM1_OK_bmp.rf.92cca60379cb31fa92ab4c1caa83b17f.jpg,qblock,4,#525252,82,82,82,"(266, 288, 282, 297)",0.0
251015_020550_0000434667_CAM1_OK_bmp.rf.92cca60379cb31fa92ab4c1caa83b17f.jpg,qblock,5,#3d3d3d,61,61,61,"(77, 64, 92, 72)",36.373066958946424
251015_020550_0000434667_CAM1_OK_bmp.rf.92cca60379cb31fa92ab4c1caa83b17f.jpg,qblock,6,#505050,80,80,80,"(550, 60, 566, 68)",3.4641016151377544
251015_020550_0000434667_CAM1_OK_bmp.rf.92cca60379cb31fa92ab4c1caa83b17f.jpg,qblock,7,#3c3c3c,60,60,60,"(77, 289, 93, 298)",38.1051177665153
251015_020550_0000434667_CAM1_OK_bmp.rf.92cca60379cb31fa92ab4c1caa83b17f.jpg,qblock,8,#555555,85,85,85,"(646, 286, 662, 295)",5.196152422706632
251015_020550_0000434667_CAM1_OK_bmp.rf.92cca60379cb31fa92ab4c1caa83b17f.jpg,qblock,10,#4e4e4e,78,78,78,"(551, 287, 568, 296)",6.928203230275509
251015_020550_0000434667_CAM1_OK_bmp.rf.92cca60379cb31fa92ab4c1caa83b17f.jpg,qblock,11,#4b4b4b,75,75,75,"(361, 288, 377, 296)",12.12435565298214
251015_020550_0000434667_CAM1_OK_bmp.rf.92cca60379cb31fa92ab4c1caa83b17f.jpg,qblock,12,#5a5a5a,90,90,90,"(455, 60, 471, 69)",13.856406460551018
251015_020550_0000434667_CAM1_OK_bmp.rf.92cca60379cb31fa92ab4c1caa83b17f.jpg,qblock,14,#4d4d4d,77,77,77,"(457, 287, 472, 296)",8.660254037844387
251015_020550_0000434667_CAM1_OK_bmp.rf.92cca60379cb31fa92ab4c1caa83b17f.jpg,qblock,17,#515151,81,81,81,"(360, 61, 376, 70)",1.7320508075688772
251015_020546_0000434655_CAM1_OK_bmp.rf.287a0aaf4e002c8090bc16d5c0c56062.jpg,qblock,0,#474747,71,71,71,"(265, 62, 281, 70)",19.05255888325765
251015_020546_0000434655_CAM1_OK_bmp.rf.287a0aaf4e002c8090bc16d5c0c56062.jpg,qblock,1,#535353,83,83,83,"(645, 59, 661, 68)",1.7320508075688772
251015_020546_0000434655_CAM1_OK_bmp.rf.287a0aaf4e002c8090bc16d5c0c56062.jpg,qblock,2,#474747,71,71,71,"(172, 288, 188, 297)",19.05255888325765
251015_020546_0000434655_CAM1_OK_bmp.rf.287a0aaf4e002c8090bc16d5c0c56062.jpg,qblock,3,#505050,80,80,80,"(171, 62, 186, 71)",3.4641016151377544
251015_020546_0000434655_CAM1_OK_bmp.rf.287a0aaf4e002c8090bc16d5c0c56062.jpg,qblock,5,#4c4c4c,76,76,76,"(646, 286, 662, 294)",10.392304845413264
251015_020546_0000434655_CAM1_OK_bmp.rf.287a0aaf4e002c8090bc16d5c0c56062.jpg,qblock,6,#393939,57,57,57,"(77, 64, 92, 72)",43.30127018922193
251015_020546_0000434655_CAM1_OK_bmp.rf.287a0aaf4e002c8090bc16d5c0c56062.jpg,qblock,7,#494949,73,73,73,"(266, 288, 282, 296)",15.588457268119896
251015_020546_0000434655_CAM1_OK_bmp.rf.287a0aaf4e002c8090bc16d5c0c56062.jpg,qblock,8,#4a4a4a,74,74,74,"(550, 60, 566, 68)",13.856406460551018
251015_020546_0000434655_CAM1_OK_bmp.rf.287a0aaf4e002c8090bc16d5c0c56062.jpg,qblock,9,#313131,49,49,49,"(77, 289, 93, 297)",57.15767664977295
251015_020546_0000434655_CAM1_OK_bmp.rf.287a0aaf4e002c8090bc16d5c0c56062.jpg,qblock,10,#414141,65,65,65,"(361, 288, 377, 296)",29.444863728670914
251015_020546_0000434655_CAM1_OK_bmp.rf.287a0aaf4e002c8090bc16d5c0c56062.jpg,qblock,11,#4c4c4c,76,76,76,"(456, 287, 472, 295)",10.392304845413264
251015_020546_0000434655_CAM1_OK_bmp.rf.287a0aaf4e002c8090bc16d5c0c56062.jpg,qblock,12,#545454,84,84,84,"(455, 60, 471, 69)",3.4641016151377544
251015_020546_0000434655_CAM1_OK_bmp.rf.287a0aaf4e002c8090bc16d5c0c56062.jpg,qblock,13,#454545,69,69,69,"(551, 287, 568, 295)",22.516660498395403
251015_020546_0000434655_CAM1_OK_bmp.rf.287a0aaf4e002c8090bc16d5c0c56062.jpg,qblock,17,#4a4a4a,74,74,74,"(360, 61, 375, 69)",13.856406460551018
251010_124853_0000080510_CAM1_NG_bmp.rf.02252e49adc7d45765502093a6c5b8d7.jpg,qblock,0,#525252,82,82,82,"(267, 89, 283, 98)",0.0
251010_124853_0000080510_CAM1_NG_bmp.rf.02252e49adc7d45765502093a6c5b8d7.jpg,qblock,1,#393939,57,57,57,"(80, 91, 95, 99)",43.30127018922193
251010_124853_0000080510_CAM1_NG_bmp.rf.02252e49adc7d45765502093a6c5b8d7.jpg,qblock,2,#535353,83,83,83,"(172, 90, 189, 98)",1.7320508075688772
251010_124853_0000080510_CAM1_NG_bmp.rf.02252e49adc7d45765502093a6c5b8d7.jpg,qblock,3,#535353,83,83,83,"(362, 88, 378, 97)",1.7320508075688772
251010_124853_0000080510_CAM1_NG_bmp.rf.02252e49adc7d45765502093a6c5b8d7.jpg,qblock,4,#4c4c4c,76,76,76,"(457, 88, 473, 96)",10.392304845413264
251010_124853_0000080510_CAM1_NG_bmp.rf.02252e49adc7d45765502093a6c5b8d7.jpg,qblock,5,#575757,87,87,87,"(552, 87, 569, 96)",8.660254037844387
251010_124853_0000080510_CAM1_NG_bmp.rf.02252e49adc7d45765502093a6c5b8d7.jpg,qblock,6,#4b4b4b,75,75,75,"(649, 314, 665, 322)",12.12435565298214
251010_124853_0000080510_CAM1_NG_bmp.rf.02252e49adc7d45765502093a6c5b8d7.jpg,qblock,7,#5b5b5b,91,91,91,"(647, 86, 663, 95)",15.588457268119896
251010_124853_0000080510_CAM1_NG_bmp.rf.02252e49adc7d45765502093a6c5b8d7.jpg,qblock,8,#3e3e3e,62,62,62,"(81, 316, 96, 325)",34.64101615137755
251107_231827_0000096720_CAM1_NG_bmp.rf.4859b2febbcd2912cbed8afcee870171.jpg,incorrect qblock,0,#afafaf,175,175,175,"(266, 171, 281, 178)",161.0807251039056
251107_231827_0000096720_CAM1_NG_bmp.rf.4859b2febbcd2912cbed8afcee870171.jpg,incorrect qblock,1,#adadad,173,173,173,"(172, 171, 187, 179)",157.61662348876783
251107_231827_0000096720_CAM1_NG_bmp.rf.4859b2febbcd2912cbed8afcee870171.jpg,incorrect qblock,2,#bababa,186,186,186,"(361, 170, 376, 178)",180.13328398716322
251107_231827_0000096720_CAM1_NG_bmp.rf.4859b2febbcd2912cbed8afcee870171.jpg,incorrect qblock,3,#c4c4c4,196,196,196,"(456, 169, 472, 177)",197.45379206285202
251107_231827_0000096720_CAM1_NG_bmp.rf.4859b2febbcd2912cbed8afcee870171.jpg,incorrect qblock,4,#b1b1b1,177,177,177,"(646, 168, 662, 176)",164.54482671904336
251107_231827_0000096720_CAM1_NG_bmp.rf.4859b2febbcd2912cbed8afcee870171.jpg,incorrect qblock,5,#b7b7b7,183,183,183,"(551, 169, 568, 177)",174.9371315644566
251107_231827_0000096720_CAM1_NG_bmp.rf.4859b2febbcd2912cbed8afcee870171.jpg,incorrect qblock,6,#b7b7b7,183,183,183,"(346, 133, 358, 138)",174.9371315644566
251107_231827_0000096720_CAM1_NG_bmp.rf.4859b2febbcd2912cbed8afcee870171.jpg,incorrect qblock,7,#9f9f9f,159,159,159,"(77, 172, 93, 180)",133.36791218280356
251107_231827_0000096720_CAM1_NG_bmp.rf.4859b2febbcd2912cbed8afcee870171.jpg,incorrect qblock,8,#b6b6b6,182,182,182,"(632, 131, 644, 136)",173.20508075688772
251107_231827_0000096720_CAM1_NG_bmp.rf.4859b2febbcd2912cbed8afcee870171.jpg,incorrect qblock,9,#c1c1c1,193,193,193,"(537, 131, 549, 137)",192.25763964014538
251107_231827_0000096720_CAM1_NG_bmp.rf.4859b2febbcd2912cbed8afcee870171.jpg,incorrect qblock,10,#c0c0c0,192,192,192,"(442, 132, 454, 137)",190.5255888325765
251107_231827_0000096720_CAM1_NG_bmp.rf.4859b2febbcd2912cbed8afcee870171.jpg,incorrect qblock,11,#adadad,173,173,173,"(251, 134, 263, 138)",157.61662348876783
251107_231827_0000096720_CAM1_NG_bmp.rf.4859b2febbcd2912cbed8afcee870171.jpg,incorrect qblock,12,#b5b5b5,181,181,181,"(727, 131, 739, 136)",171.47302994931886
251107_231827_0000096720_CAM1_NG_bmp.rf.4859b2febbcd2912cbed8afcee870171.jpg,incorrect qblock,13,#b3b3b3,179,179,179,"(159, 360, 171, 365)",168.0089283341811
251107_231827_0000096720_CAM1_NG_bmp.rf.4859b2febbcd2912cbed8afcee870171.jpg,incorrect qblock,14,#b8b8b8,184,184,184,"(348, 360, 360, 365)",176.6691823720255
251010_124900_0000080535_CAM1_NG_bmp.rf.560d4037f2234250710036d4ce5c587a.jpg,qblock,0,#505050,80,80,80,"(648, 90, 664, 99)",3.4641016151377544
251010_124900_0000080535_CAM1_NG_bmp.rf.560d4037f2234250710036d4ce5c587a.jpg,qblock,1,#5e5e5e,94,94,94,"(267, 92, 283, 101)",20.784609690826528
251010_124900_0000080535_CAM1_NG_bmp.rf.560d4037f2234250710036d4ce5c587a.jpg,qblock,2,#535353,83,83,83,"(458, 91, 473, 100)",1.7320508075688772
251010_124900_0000080535_CAM1_NG_bmp.rf.560d4037f2234250710036d4ce5c587a.jpg,qblock,3,#505050,80,80,80,"(269, 320, 285, 328)",3.4641016151377544
251010_124900_0000080535_CAM1_NG_bmp.rf.560d4037f2234250710036d4ce5c587a.jpg,qblock,5,#505050,80,80,80,"(459, 319, 475, 328)",3.4641016151377544
251010_124900_0000080535_CAM1_NG_bmp.rf.560d4037f2234250710036d4ce5c587a.jpg,qblock,6,#646464,100,100,100,"(362, 91, 378, 100)",31.176914536239792
251010_124900_0000080535_CAM1_NG_bmp.rf.560d4037f2234250710036d4ce5c587a.jpg,qblock,7,#464646,70,70,70,"(79, 94, 95, 103)",20.784609690826528
251010_124900_0000080535_CAM1_NG_bmp.rf.560d4037f2234250710036d4ce5c587a.jpg,qblock,8,#565656,86,86,86,"(174, 320, 191, 328)",6.928203230275509
251010_124900_0000080535_CAM1_NG_bmp.rf.560d4037f2234250710036d4ce5c587a.jpg,qblock,9,#595959,89,89,89,"(364, 319, 380, 328)",12.12435565298214
251010_124900_0000080535_CAM1_NG_bmp.rf.560d4037f2234250710036d4ce5c587a.jpg,qblock,10,#595959,89,89,89,"(553, 90, 569, 99)",12.12435565298214
251010_124900_0000080535_CAM1_NG_bmp.rf.560d4037f2234250710036d4ce5c587a.jpg,qblock,12,#464646,70,70,70,"(81, 320, 97, 329)",20.784609690826528
251010_124900_0000080535_CAM1_NG_bmp.rf.560d4037f2234250710036d4ce5c587a.jpg,qblock,14,#494949,73,73,73,"(649, 318, 665, 326)",15.588457268119896
251010_124900_0000080535_CAM1_NG_bmp.rf.560d4037f2234250710036d4ce5c587a.jpg,qblock,15,#575757,87,87,87,"(554, 318, 570, 327)",8.660254037844387
251010_124900_0000080535_CAM1_NG_bmp.rf.560d4037f2234250710036d4ce5c587a.jpg,qblock,18,#4a4a4a,74,74,74,"(173, 94, 189, 102)",13.856406460551018
251015_020255_0000434173_CAM1_OK_bmp.rf.e0485adca80ee54090079257b7b6e8d3.jpg,qblock,0,#434343,67,67,67,"(172, 289, 188, 297)",25.98076211353316
251015_020255_0000434173_CAM1_OK_bmp.rf.e0485adca80ee54090079257b7b6e8d3.jpg,qblock,1,#595959,89,89,89,"(645, 59, 662, 68)",12.12435565298214
251015_020255_0000434173_CAM1_OK_bmp.rf.e0485adca80ee54090079257b7b6e8d3.jpg,qblock,2,#4a4a4a,74,74,74,"(265, 62, 281, 70)",13.856406460551018
251015_020255_0000434173_CAM1_OK_bmp.rf.e0485adca80ee54090079257b7b6e8d3.jpg,qblock,3,#555555,85,85,85,"(266, 288, 282, 297)",5.196152422706632
251015_020255_0000434173_CAM1_OK_bmp.rf.e0485adca80ee54090079257b7b6e8d3.jpg,qblock,4,#3f3f3f,63,63,63,"(77, 289, 93, 298)",32.90896534380867
251015_020255_0000434173_CAM1_OK_bmp.rf.e0485adca80ee54090079257b7b6e8d3.jpg,qblock,5,#545454,84,84,84,"(171, 62, 186, 71)",3.4641016151377544
251015_020255_0000434173_CAM1_OK_bmp.rf.e0485adca80ee54090079257b7b6e8d3.jpg,qblock,6,#4b4b4b,75,75,75,"(77, 63, 92, 72)",12.12435565298214
251015_020255_0000434173_CAM1_OK_bmp.rf.e0485adca80ee54090079257b7b6e8d3.jpg,qblock,7,#4d4d4d,77,77,77,"(550, 60, 566, 68)",8.660254037844387
251015_020255_0000434173_CAM1_OK_bmp.rf.e0485adca80ee54090079257b7b6e8d3.jpg,qblock,8,#505050,80,80,80,"(647, 286, 662, 295)",3.4641016151377544
251015_020255_0000434173_CAM1_OK_bmp.rf.e0485adca80ee54090079257b7b6e8d3.jpg,qblock,10,#515151,81,81,81,"(551, 287, 568, 296)",1.7320508075688772
251015_020255_0000434173_CAM1_OK_bmp.rf.e0485adca80ee54090079257b7b6e8d3.jpg,qblock,11,#4d4d4d,77,77,77,"(361, 288, 377, 297)",8.660254037844387
251015_020255_0000434173_CAM1_OK_bmp.rf.e0485adca80ee54090079257b7b6e8d3.jpg,qblock,12,#575757,87,87,87,"(456, 287, 472, 296)",8.660254037844387
251015_020255_0000434173_CAM1_OK_bmp.rf.e0485adca80ee54090079257b7b6e8d3.jpg,qblock,13,#565656,86,86,86,"(455, 60, 471, 69)",6.928203230275509
251015_020255_0000434173_CAM1_OK_bmp.rf.e0485adca80ee54090079257b7b6e8d3.jpg,qblock,17,#4f4f4f,79,79,79,"(360, 61, 376, 69)",5.196152422706632
251107_232123_0000097304_CAM1_NG_bmp.rf.0bf7624116fceef07f7f208404896682.jpg,incorrect qblock,0,#b1b1b1,177,177,177,"(172, 170, 187, 178)",164.54482671904336
251107_232123_0000097304_CAM1_NG_bmp.rf.0bf7624116fceef07f7f208404896682.jpg,incorrect qblock,1,#b3b3b3,179,179,179,"(266, 170, 281, 178)",168.0089283341811
251107_232123_0000097304_CAM1_NG_bmp.rf.0bf7624116fceef07f7f208404896682.jpg,incorrect qblock,2,#bebebe,190,190,190,"(361, 169, 376, 177)",187.06148721743875
251107_232123_0000097304_CAM1_NG_bmp.rf.0bf7624116fceef07f7f208404896682.jpg,incorrect qblock,3,#bcbcbc,188,188,188,"(646, 167, 661, 175)",183.597385602301
251107_232123_0000097304_CAM1_NG_bmp.rf.0bf7624116fceef07f7f208404896682.jpg,incorrect qblock,4,#a3a3a3,163,163,163,"(77, 171, 93, 179)",140.29611541307906
251107_232123_0000097304_CAM1_NG_bmp.rf.0bf7624116fceef07f7f208404896682.jpg,incorrect qblock,5,#bbbbbb,187,187,187,"(346, 132, 358, 137)",181.86533479473212
251107_232123_0000097304_CAM1_NG_bmp.rf.0bf7624116fceef07f7f208404896682.jpg,incorrect qblock,6,#bfbfbf,191,191,191,"(456, 169, 472, 176)",188.79353802500762
251107_232123_0000097304_CAM1_NG_bmp.rf.0bf7624116fceef07f7f208404896682.jpg,incorrect qblock,7,#b2b2b2,178,178,178,"(252, 133, 264, 138)",166.27687752661222
251107_232123_0000097304_CAM1_NG_bmp.rf.0bf7624116fceef07f7f208404896682.jpg,incorrect qblock,8,#acacac,172,172,172,"(632, 131, 644, 136)",155.88457268119896
251107_232123_0000097304_CAM1_NG_bmp.rf.0bf7624116fceef07f7f208404896682.jpg,incorrect qblock,9,#bcbcbc,188,188,188,"(551, 168, 568, 176)",183.597385602301
251107_232123_0000097304_CAM1_NG_bmp.rf.0bf7624116fceef07f7f208404896682.jpg,incorrect qblock,10,#bdbdbd,189,189,189,"(536, 131, 549, 136)",185.32943640986986
251107_232123_0000097304_CAM1_NG_bmp.rf.0bf7624116fceef07f7f208404896682.jpg,incorrect qblock,11,#ababab,171,171,171,"(157, 134, 169, 138)",154.1525218736301
251107_232123_0000097304_CAM1_NG_bmp.rf.0bf7624116fceef07f7f208404896682.jpg,incorrect qblock,12,#b8b8b8,184,184,184,"(442, 132, 454, 136)",176.6691823720255
251107_232123_0000097304_CAM1_NG_bmp.rf.0bf7624116fceef07f7f208404896682.jpg,incorrect qblock,13,#b3b3b3,179,179,179,"(159, 360, 171, 365)",168.0089283341811
251010_125701_0000080852_CAM1_NG_bmp.rf.8a628eb0708bebff0da8eaa46e5c720e.jpg,qblock,0,#595959,89,89,89,"(647, 80, 663, 89)",12.12435565298214
251010_125701_0000080852_CAM1_NG_bmp.rf.8a628eb0708bebff0da8eaa46e5c720e.jpg,qblock,1,#525252,82,82,82,"(267, 83, 283, 91)",0.0
251010_125701_0000080852_CAM1_NG_bmp.rf.8a628eb0708bebff0da8eaa46e5c720e.jpg,qblock,2,#515151,81,81,81,"(268, 309, 284, 317)",1.7320508075688772
251010_125701_0000080852_CAM1_NG_bmp.rf.8a628eb0708bebff0da8eaa46e5c720e.jpg,qblock,3,#525252,82,82,82,"(172, 84, 188, 92)",0.0
251010_125701_0000080852_CAM1_NG_bmp.rf.8a628eb0708bebff0da8eaa46e5c720e.jpg,qblock,4,#525252,82,82,82,"(552, 81, 568, 89)",0.0
251010_125701_0000080852_CAM1_NG_bmp.rf.8a628eb0708bebff0da8eaa46e5c720e.jpg,qblock,5,#5e5e5e,94,94,94,"(457, 81, 473, 90)",20.784609690826528
251010_125701_0000080852_CAM1_NG_bmp.rf.8a628eb0708bebff0da8eaa46e5c720e.jpg,qblock,6,#5a5a5a,90,90,90,"(363, 308, 379, 317)",13.856406460551018
251010_125701_0000080852_CAM1_NG_bmp.rf.8a628eb0708bebff0da8eaa46e5c720e.jpg,qblock,7,#555555,85,85,85,"(362, 82, 377, 90)",5.196152422706632
251010_125701_0000080852_CAM1_NG_bmp.rf.8a628eb0708bebff0da8eaa46e5c720e.jpg,qblock,8,#555555,85,85,85,"(458, 308, 474, 316)",5.196152422706632
251010_125701_0000080852_CAM1_NG_bmp.rf.8a628eb0708bebff0da8eaa46e5c720e.jpg,qblock,9,#535353,83,83,83,"(174, 309, 190, 317)",1.7320508075688772
251010_125701_0000080852_CAM1_NG_bmp.rf.8a628eb0708bebff0da8eaa46e5c720e.jpg,qblock,11,#555555,85,85,85,"(648, 307, 665, 315)",5.196152422706632
251010_125701_0000080852_CAM1_NG_bmp.rf.8a628eb0708bebff0da8eaa46e5c720e.jpg,qblock,14,#464646,70,70,70,"(80, 309, 95, 318)",20.784609690826528
251010_125701_0000080852_CAM1_NG_bmp.rf.8a628eb0708bebff0da8eaa46e5c720e.jpg,qblock,15,#4b4b4b,75,75,75,"(553, 308, 569, 316)",12.12435565298214
251010_125701_0000080852_CAM1_NG_bmp.rf.8a628eb0708bebff0da8eaa46e5c720e.jpg,qblock,20,#4d4d4d,77,77,77,"(79, 84, 94, 93)",8.660254037844387
251107_232357_0000097814_CAM1_NG_bmp.rf.6f26dd44420affbc02773629c58c7907.jpg,incorrect qblock,0,#b3b3b3,179,179,179,"(266, 170, 281, 178)",168.0089283341811
251107_232357_0000097814_CAM1_NG_bmp.rf.6f26dd44420affbc02773629c58c7907.jpg,incorrect qblock,1,#b1b1b1,177,177,177,"(172, 170, 187, 178)",164.54482671904336
251107_232357_0000097814_CAM1_NG_bmp.rf.6f26dd44420affbc02773629c58c7907.jpg,incorrect qblock,2,#b3b3b3,179,179,179,"(646, 167, 662, 175)",168.0089283341811
251107_232357_0000097814_CAM1_NG_bmp.rf.6f26dd44420affbc02773629c58c7907.jpg,incorrect qblock,3,#a5a5a5,165,165,165,"(77, 171, 93, 179)",143.76021702821683
251107_232357_0000097814_CAM1_NG_bmp.rf.6f26dd44420affbc02773629c58c7907.jpg,incorrect qblock,4,#b7b7b7,183,183,183,"(361, 169, 376, 177)",174.9371315644566
251107_232357_0000097814_CAM1_NG_bmp.rf.6f26dd44420affbc02773629c58c7907.jpg,incorrect qblock,5,#c1c1c1,193,193,193,"(346, 131, 359, 136)",192.25763964014538
251107_232357_0000097814_CAM1_NG_bmp.rf.6f26dd44420affbc02773629c58c7907.jpg,incorrect qblock,6,#c4c4c4,196,196,196,"(457, 168, 472, 176)",197.45379206285202
251107_232357_0000097814_CAM1_NG_bmp.rf.6f26dd44420affbc02773629c58c7907.jpg,incorrect qblock,7,#b8b8b8,184,184,184,"(252, 132, 264, 137)",176.6691823720255
251107_232357_0000097814_CAM1_NG_bmp.rf.6f26dd44420affbc02773629c58c7907.jpg,incorrect qblock,8,#b5b5b5,181,181,181,"(157, 133, 169, 138)",171.47302994931886
251107_232357_0000097814_CAM1_NG_bmp.rf.6f26dd44420affbc02773629c58c7907.jpg,incorrect qblock,9,#c1c1c1,193,193,193,"(551, 167, 568, 176)",192.25763964014538
251107_232357_0000097814_CAM1_NG_bmp.rf.6f26dd44420affbc02773629c58c7907.jpg,incorrect qblock,10,#c2c2c2,194,194,194,"(537, 130, 550, 136)",193.98969044771425
251107_232357_0000097814_CAM1_NG_bmp.rf.6f26dd44420affbc02773629c58c7907.jpg,incorrect qblock,11,#bdbdbd,189,189,189,"(442, 131, 454, 136)",185.32943640986986
251107_232357_0000097814_CAM1_NG_bmp.rf.6f26dd44420affbc02773629c58c7907.jpg,incorrect qblock,12,#b2b2b2,178,178,178,"(632, 130, 644, 135)",166.27687752661222
251107_232357_0000097814_CAM1_NG_bmp.rf.6f26dd44420affbc02773629c58c7907.jpg,incorrect qblock,13,#b1b1b1,177,177,177,"(159, 360, 171, 365)",164.54482671904336
251010_070231_0000043610_CAM1_NG_bmp.rf.5d9c86c25cb3d606c577d43c5b0dbe94.jpg,qblock,0,#4c4c4c,76,76,76,"(554, 62, 570, 70)",10.392304845413264
251010_070231_0000043610_CAM1_NG_bmp.rf.5d9c86c25cb3d606c577d43c5b0dbe94.jpg,qblock,1,#545454,84,84,84,"(363, 63, 379, 72)",3.4641016151377544
251010_070231_0000043610_CAM1_NG_bmp.rf.5d9c86c25cb3d606c577d43c5b0dbe94.jpg,qblock,2,#434343,67,67,67,"(649, 62, 665, 70)",25.98076211353316
251010_070231_0000043610_CAM1_NG_bmp.rf.5d9c86c25cb3d606c577d43c5b0dbe94.jpg,qblock,3,#4b4b4b,75,75,75,"(175, 291, 191, 300)",12.12435565298214
251010_070231_0000043610_CAM1_NG_bmp.rf.5d9c86c25cb3d606c577d43c5b0dbe94.jpg,qblock,4,#535353,83,83,83,"(268, 64, 285, 72)",1.7320508075688772
251010_070231_0000043610_CAM1_NG_bmp.rf.5d9c86c25cb3d606c577d43c5b0dbe94.jpg,qblock,5,#5d5d5d,93,93,93,"(458, 62, 475, 71)",19.05255888325765
251010_070231_0000043610_CAM1_NG_bmp.rf.5d9c86c25cb3d606c577d43c5b0dbe94.jpg,qblock,6,#585858,88,88,88,"(364, 290, 381, 299)",10.392304845413264
251010_070231_0000043610_CAM1_NG_bmp.rf.5d9c86c25cb3d606c577d43c5b0dbe94.jpg,qblock,7,#535353,83,83,83,"(269, 291, 286, 300)",1.7320508075688772
251010_070231_0000043610_CAM1_NG_bmp.rf.5d9c86c25cb3d606c577d43c5b0dbe94.jpg,qblock,8,#494949,73,73,73,"(460, 290, 476, 299)",15.588457268119896
251010_070231_0000043610_CAM1_NG_bmp.rf.5d9c86c25cb3d606c577d43c5b0dbe94.jpg,qblock,9,#474747,71,71,71,"(555, 290, 572, 298)",19.05255888325765
251010_070231_0000043610_CAM1_NG_bmp.rf.5d9c86c25cb3d606c577d43c5b0dbe94.jpg,qblock,10,#4a4a4a,74,74,74,"(650, 289, 666, 297)",13.856406460551018
251010_070231_0000043610_CAM1_NG_bmp.rf.5d9c86c25cb3d606c577d43c5b0dbe94.jpg,qblock,22,#5a5a5a,90,90,90,"(174, 64, 190, 73)",13.856406460551018
251010_125632_0000080755_CAM1_NG_bmp.rf.e925ac7bd1317e86fe838e41801b92ff.jpg,qblock,0,#5a5a5a,90,90,90,"(268, 312, 284, 321)",13.856406460551018
251010_125632_0000080755_CAM1_NG_bmp.rf.e925ac7bd1317e86fe838e41801b92ff.jpg,qblock,1,#4a4a4a,74,74,74,"(647, 83, 663, 91)",13.856406460551018
251010_125632_0000080755_CAM1_NG_bmp.rf.e925ac7bd1317e86fe838e41801b92ff.jpg,qblock,2,#525252,82,82,82,"(363, 312, 379, 320)",0.0
251010_125632_0000080755_CAM1_NG_bmp.rf.e925ac7bd1317e86fe838e41801b92ff.jpg,qblock,3,#494949,73,73,73,"(458, 312, 474, 320)",15.588457268119896
251010_125632_0000080755_CAM1_NG_bmp.rf.e925ac7bd1317e86fe838e41801b92ff.jpg,qblock,4,#555555,85,85,85,"(648, 310, 664, 319)",5.196152422706632
251010_125632_0000080755_CAM1_NG_bmp.rf.e925ac7bd1317e86fe838e41801b92ff.jpg,qblock,5,#575757,87,87,87,"(552, 83, 568, 91)",8.660254037844387
251010_125632_0000080755_CAM1_NG_bmp.rf.e925ac7bd1317e86fe838e41801b92ff.jpg,qblock,6,#505050,80,80,80,"(553, 311, 569, 319)",3.4641016151377544
251010_125632_0000080755_CAM1_NG_bmp.rf.e925ac7bd1317e86fe838e41801b92ff.jpg,qblock,7,#3e3e3e,62,62,62,"(80, 313, 95, 321)",34.64101615137755
251010_125632_0000080755_CAM1_NG_bmp.rf.e925ac7bd1317e86fe838e41801b92ff.jpg,qblock,10,#535353,83,83,83,"(267, 85, 282, 93)",1.7320508075688772
251010_125632_0000080755_CAM1_NG_bmp.rf.e925ac7bd1317e86fe838e41801b92ff.jpg,qblock,11,#595959,89,89,89,"(174, 312, 189, 320)",12.12435565298214
251010_125632_0000080755_CAM1_NG_bmp.rf.e925ac7bd1317e86fe838e41801b92ff.jpg,qblock,16,#565656,86,86,86,"(362, 84, 377, 93)",6.928203230275509
251010_125632_0000080755_CAM1_NG_bmp.rf.e925ac7bd1317e86fe838e41801b92ff.jpg,qblock,17,#505050,80,80,80,"(457, 84, 473, 92)",3.4641016151377544
251010_125632_0000080755_CAM1_NG_bmp.rf.e925ac7bd1317e86fe838e41801b92ff.jpg,qblock,19,#4d4d4d,77,77,77,"(78, 86, 94, 95)",8.660254037844387
251010_201506_0000147685_CAM1_NG_bmp.rf.d1ab85989a10a47899e19b7fe00aee5f.jpg,qblock,0,#545454,84,84,84,"(82, 292, 94, 300)",3.4641016151377544
251010_201506_0000147685_CAM1_NG_bmp.rf.d1ab85989a10a47899e19b7fe00aee5f.jpg,qblock,1,#4c4c4c,76,76,76,"(267, 291, 283, 299)",10.392304845413264
251010_201506_0000147685_CAM1_NG_bmp.rf.d1ab85989a10a47899e19b7fe00aee5f.jpg,qblock,2,#515151,81,81,81,"(172, 291, 188, 300)",1.7320508075688772
251010_201506_0000147685_CAM1_NG_bmp.rf.d1ab85989a10a47899e19b7fe00aee5f.jpg,qblock,3,#606060,96,96,96,"(550, 62, 567, 71)",24.24871130596428
251010_201506_0000147685_CAM1_NG_bmp.rf.d1ab85989a10a47899e19b7fe00aee5f.jpg,qblock,4,#4b4b4b,75,75,75,"(647, 289, 663, 298)",12.12435565298214
251010_201506_0000147685_CAM1_NG_bmp.rf.d1ab85989a10a47899e19b7fe00aee5f.jpg,qblock,5,#575757,87,87,87,"(645, 62, 662, 71)",8.660254037844387
251010_201506_0000147685_CAM1_NG_bmp.rf.d1ab85989a10a47899e19b7fe00aee5f.jpg,qblock,6,#555555,85,85,85,"(456, 290, 473, 299)",5.196152422706632
251010_201506_0000147685_CAM1_NG_bmp.rf.d1ab85989a10a47899e19b7fe00aee5f.jpg,qblock,7,#5a5a5a,90,90,90,"(551, 289, 568, 298)",13.856406460551018
251010_201506_0000147685_CAM1_NG_bmp.rf.d1ab85989a10a47899e19b7fe00aee5f.jpg,qblock,8,#5b5b5b,91,91,91,"(361, 290, 378, 299)",15.588457268119896
251010_201506_0000147685_CAM1_NG_bmp.rf.d1ab85989a10a47899e19b7fe00aee5f.jpg,qblock,9,#5e5e5e,94,94,94,"(265, 64, 281, 73)",20.784609690826528
251010_201506_0000147685_CAM1_NG_bmp.rf.d1ab85989a10a47899e19b7fe00aee5f.jpg,qblock,14,#5b5b5b,91,91,91,"(455, 63, 472, 72)",15.588457268119896
251010_201506_0000147685_CAM1_NG_bmp.rf.d1ab85989a10a47899e19b7fe00aee5f.jpg,qblock,16,#545454,84,84,84,"(360, 64, 377, 72)",3.4641016151377544
251010_201506_0000147685_CAM1_NG_bmp.rf.d1ab85989a10a47899e19b7fe00aee5f.jpg,qblock,20,#727272,114,114,114,"(80, 66, 94, 74)",55.42562584220407
251010_070207_0000043528_CAM1_NG_bmp.rf.7ab1616f89eeca44ec5ea6ecbeabfe34.jpg,qblock,0,#4e4e4e,78,78,78,"(554, 62, 570, 70)",6.928203230275509
251010_070207_0000043528_CAM1_NG_bmp.rf.7ab1616f89eeca44ec5ea6ecbeabfe34.jpg,qblock,1,#555555,85,85,85,"(175, 291, 192, 300)",5.196152422706632
251010_070207_0000043528_CAM1_NG_bmp.rf.7ab1616f89eeca44ec5ea6ecbeabfe34.jpg,qblock,2,#444444,68,68,68,"(649, 62, 665, 70)",24.24871130596428
251010_070207_0000043528_CAM1_NG_bmp.rf.7ab1616f89eeca44ec5ea6ecbeabfe34.jpg,qblock,3,#595959,89,89,89,"(363, 63, 379, 72)",12.12435565298214
251010_070207_0000043528_CAM1_NG_bmp.rf.7ab1616f89eeca44ec5ea6ecbeabfe34.jpg,qblock,5,#545454,84,84,84,"(270, 291, 286, 300)",3.4641016151377544
251010_070207_0000043528_CAM1_NG_bmp.rf.7ab1616f89eeca44ec5ea6ecbeabfe34.jpg,qblock,6,#535353,83,83,83,"(364, 291, 381, 300)",1.7320508075688772
251010_070207_0000043528_CAM1_NG_bmp.rf.7ab1616f89eeca44ec5ea6ecbeabfe34.jpg,qblock,7,#4d4d4d,77,77,77,"(555, 290, 572, 298)",8.660254037844387
251010_070207_0000043528_CAM1_NG_bmp.rf.7ab1616f89eeca44ec5ea6ecbeabfe34.jpg,qblock,8,#505050,80,80,80,"(460, 290, 476, 299)",3.4641016151377544
251010_070207_0000043528_CAM1_NG_bmp.rf.7ab1616f89eeca44ec5ea6ecbeabfe34.jpg,qblock,9,#4f4f4f,79,79,79,"(650, 289, 666, 298)",5.196152422706632
251010_070207_0000043528_CAM1_NG_bmp.rf.7ab1616f89eeca44ec5ea6ecbeabfe34.jpg,qblock,11,#4f4f4f,79,79,79,"(458, 63, 475, 71)",5.196152422706632
251010_070207_0000043528_CAM1_NG_bmp.rf.7ab1616f89eeca44ec5ea6ecbeabfe34.jpg,qblock,13,#626262,98,98,98,"(269, 64, 285, 72)",27.712812921102035
251010_070207_0000043528_CAM1_NG_bmp.rf.7ab1616f89eeca44ec5ea6ecbeabfe34.jpg,qblock,23,#5e5e5e,94,94,94,"(174, 64, 190, 73)",20.784609690826528
251107_231807_0000096653_CAM1_NG_bmp.rf.7c348ead9e0767bebc00c7f0e72d44ec.jpg,incorrect qblock,0,#b7b7b7,183,183,183,"(266, 170, 281, 178)",174.9371315644566
251107_231807_0000096653_CAM1_NG_bmp.rf.7c348ead9e0767bebc00c7f0e72d44ec.jpg,incorrect qblock,1,#b0b0b0,176,176,176,"(172, 171, 187, 179)",162.81277591147446
251107_231807_0000096653_CAM1_NG_bmp.rf.7c348ead9e0767bebc00c7f0e72d44ec.jpg,incorrect qblock,2,#bdbdbd,189,189,189,"(346, 132, 359, 136)",185.32943640986986
251107_231807_0000096653_CAM1_NG_bmp.rf.7c348ead9e0767bebc00c7f0e72d44ec.jpg,incorrect qblock,3,#b9b9b9,185,185,185,"(646, 167, 662, 176)",178.40123317959436
251107_231807_0000096653_CAM1_NG_bmp.rf.7c348ead9e0767bebc00c7f0e72d44ec.jpg,incorrect qblock,4,#c1c1c1,193,193,193,"(456, 169, 472, 177)",192.25763964014538
251107_231807_0000096653_CAM1_NG_bmp.rf.7c348ead9e0767bebc00c7f0e72d44ec.jpg,incorrect qblock,5,#b7b7b7,183,183,183,"(361, 170, 376, 178)",174.9371315644566
251107_231807_0000096653_CAM1_NG_bmp.rf.7c348ead9e0767bebc00c7f0e72d44ec.jpg,incorrect qblock,6,#a2a2a2,162,162,162,"(78, 172, 93, 180)",138.5640646055102
251107_231807_0000096653_CAM1_NG_bmp.rf.7c348ead9e0767bebc00c7f0e72d44ec.jpg,incorrect qblock,7,#bdbdbd,189,189,189,"(551, 168, 568, 177)",185.32943640986986
251107_231807_0000096653_CAM1_NG_bmp.rf.7c348ead9e0767bebc00c7f0e72d44ec.jpg,incorrect qblock,8,#bfbfbf,191,191,191,"(442, 131, 454, 136)",188.79353802500762
251107_231807_0000096653_CAM1_NG_bmp.rf.7c348ead9e0767bebc00c7f0e72d44ec.jpg,incorrect qblock,9,#b2b2b2,178,178,178,"(157, 133, 169, 138)",166.27687752661222
251107_231807_0000096653_CAM1_NG_bmp.rf.7c348ead9e0767bebc00c7f0e72d44ec.jpg,incorrect qblock,10,#adadad,173,173,173,"(252, 133, 264, 137)",157.61662348876783
251107_231807_0000096653_CAM1_NG_bmp.rf.7c348ead9e0767bebc00c7f0e72d44ec.jpg,incorrect qblock,11,#c7c7c7,199,199,199,"(536, 130, 549, 136)",202.64994448555865
251107_231807_0000096653_CAM1_NG_bmp.rf.7c348ead9e0767bebc00c7f0e72d44ec.jpg,incorrect qblock,12,#b8b8b8,184,184,184,"(632, 130, 644, 135)",176.6691823720255
251107_232612_0000098261_CAM1_NG_bmp.rf.a981971e882a86a764affb0ff8e8cf6b.jpg,incorrect qblock,0,#b5b5b5,181,181,181,"(172, 169, 187, 178)",171.47302994931886
251107_232612_0000098261_CAM1_NG_bmp.rf.a981971e882a86a764affb0ff8e8cf6b.jpg,incorrect qblock,1,#b4b4b4,180,180,180,"(266, 169, 281, 177)",169.74097914175
251107_232612_0000098261_CAM1_NG_bmp.rf.a981971e882a86a764affb0ff8e8cf6b.jpg,incorrect qblock,2,#b5b5b5,181,181,181,"(646, 166, 662, 174)",171.47302994931886
251107_232612_0000098261_CAM1_NG_bmp.rf.a981971e882a86a764affb0ff8e8cf6b.jpg,incorrect qblock,3,#aaaaaa,170,170,170,"(77, 170, 93, 179)",152.4204710660612
251107_232612_0000098261_CAM1_NG_bmp.rf.a981971e882a86a764affb0ff8e8cf6b.jpg,incorrect qblock,4,#bababa,186,186,186,"(457, 168, 472, 175)",180.13328398716322
251107_232612_0000098261_CAM1_NG_bmp.rf.a981971e882a86a764affb0ff8e8cf6b.jpg,incorrect qblock,5,#b8b8b8,184,184,184,"(361, 168, 376, 176)",176.6691823720255
251107_232612_0000098261_CAM1_NG_bmp.rf.a981971e882a86a764affb0ff8e8cf6b.jpg,incorrect qblock,6,#b2b2b2,178,178,178,"(251, 132, 263, 136)",166.27687752661222
251107_232612_0000098261_CAM1_NG_bmp.rf.a981971e882a86a764affb0ff8e8cf6b.jpg,incorrect qblock,7,#b9b9b9,185,185,185,"(346, 131, 359, 135)",178.40123317959436
251107_232612_0000098261_CAM1_NG_bmp.rf.a981971e882a86a764affb0ff8e8cf6b.jpg,incorrect qblock,8,#b4b4b4,180,180,180,"(157, 132, 169, 137)",169.74097914175
251107_232612_0000098261_CAM1_NG_bmp.rf.a981971e882a86a764affb0ff8e8cf6b.jpg,incorrect qblock,9,#c0c0c0,192,192,192,"(442, 130, 454, 135)",190.5255888325765
251010_115245_0000080403_CAM1_NG_bmp.rf.93ec6514ce342aa79ce6d0394413e236.jpg,qblock,1,#585858,88,88,88,"(268, 59, 285, 68)",10.392304845413264
251010_115245_0000080403_CAM1_NG_bmp.rf.93ec6514ce342aa79ce6d0394413e236.jpg,qblock,2,#585858,88,88,88,"(80, 60, 96, 69)",10.392304845413264
251010_115245_0000080403_CAM1_NG_bmp.rf.93ec6514ce342aa79ce6d0394413e236.jpg,qblock,3,#5f5f5f,95,95,95,"(175, 285, 192, 294)",22.516660498395403
251010_115245_0000080403_CAM1_NG_bmp.rf.93ec6514ce342aa79ce6d0394413e236.jpg,qblock,5,#4c4c4c,76,76,76,"(651, 283, 666, 292)",10.392304845413264
251010_115245_0000080403_CAM1_NG_bmp.rf.93ec6514ce342aa79ce6d0394413e236.jpg,qblock,6,#515151,81,81,81,"(174, 60, 190, 68)",1.7320508075688772
251010_115245_0000080403_CAM1_NG_bmp.rf.93ec6514ce342aa79ce6d0394413e236.jpg,qblock,7,#575757,87,87,87,"(460, 284, 476, 293)",8.660254037844387
251010_115245_0000080403_CAM1_NG_bmp.rf.93ec6514ce342aa79ce6d0394413e236.jpg,qblock,8,#505050,80,80,80,"(365, 285, 381, 293)",3.4641016151377544
251010_115245_0000080403_CAM1_NG_bmp.rf.93ec6514ce342aa79ce6d0394413e236.jpg,qblock,9,#4b4b4b,75,75,75,"(81, 286, 97, 295)",12.12435565298214
251010_115245_0000080403_CAM1_NG_bmp.rf.93ec6514ce342aa79ce6d0394413e236.jpg,qblock,11,#4a4a4a,74,74,74,"(459, 58, 475, 66)",13.856406460551018
251010_115245_0000080403_CAM1_NG_bmp.rf.93ec6514ce342aa79ce6d0394413e236.jpg,qblock,12,#545454,84,84,84,"(555, 284, 572, 292)",3.4641016151377544
251010_115245_0000080403_CAM1_NG_bmp.rf.93ec6514ce342aa79ce6d0394413e236.jpg,qblock,13,#464646,70,70,70,"(649, 57, 665, 65)",20.784609690826528
251010_115245_0000080403_CAM1_NG_bmp.rf.93ec6514ce342aa79ce6d0394413e236.jpg,qblock,14,#525252,82,82,82,"(554, 57, 570, 65)",0.0
251010_115245_0000080403_CAM1_NG_bmp.rf.93ec6514ce342aa79ce6d0394413e236.jpg,qblock,15,#5d5d5d,93,93,93,"(363, 58, 380, 67)",19.05255888325765
251015_020244_0000434137_CAM1_OK_bmp.rf.609cf5b1a4cceefe6ca2a60545a4fd57.jpg,qblock,0,#565656,86,86,86,"(266, 289, 282, 298)",6.928203230275509
251015_020244_0000434137_CAM1_OK_bmp.rf.609cf5b1a4cceefe6ca2a60545a4fd57.jpg,qblock,1,#454545,69,69,69,"(172, 290, 188, 298)",22.516660498395403
251015_020244_0000434137_CAM1_OK_bmp.rf.609cf5b1a4cceefe6ca2a60545a4fd57.jpg,qblock,2,#595959,89,89,89,"(645, 60, 662, 69)",12.12435565298214
251015_020244_0000434137_CAM1_OK_bmp.rf.609cf5b1a4cceefe6ca2a60545a4fd57.jpg,qblock,3,#404040,64,64,64,"(78, 290, 93, 298)",31.176914536239792
251015_020244_0000434137_CAM1_OK_bmp.rf.609cf5b1a4cceefe6ca2a60545a4fd57.jpg,qblock,4,#4d4d4d,77,77,77,"(265, 63, 281, 71)",8.660254037844387
251015_020244_0000434137_CAM1_OK_bmp.rf.609cf5b1a4cceefe6ca2a60545a4fd57.jpg,qblock,5,#4d4d4d,77,77,77,"(77, 64, 92, 73)",8.660254037844387
251015_020244_0000434137_CAM1_OK_bmp.rf.609cf5b1a4cceefe6ca2a60545a4fd57.jpg,qblock,6,#505050,80,80,80,"(551, 288, 568, 297)",3.4641016151377544
251015_020244_0000434137_CAM1_OK_bmp.rf.609cf5b1a4cceefe6ca2a60545a4fd57.jpg,qblock,7,#4d4d4d,77,77,77,"(361, 289, 377, 298)",8.660254037844387
251015_020244_0000434137_CAM1_OK_bmp.rf.609cf5b1a4cceefe6ca2a60545a4fd57.jpg,qblock,8,#5e5e5e,94,94,94,"(550, 60, 566, 69)",20.784609690826528
251015_020244_0000434137_CAM1_OK_bmp.rf.609cf5b1a4cceefe6ca2a60545a4fd57.jpg,qblock,9,#454545,69,69,69,"(171, 64, 186, 72)",22.516660498395403
251015_020244_0000434137_CAM1_OK_bmp.rf.609cf5b1a4cceefe6ca2a60545a4fd57.jpg,qblock,11,#585858,88,88,88,"(646, 287, 663, 296)",10.392304845413264
251015_020244_0000434137_CAM1_OK_bmp.rf.609cf5b1a4cceefe6ca2a60545a4fd57.jpg,qblock,12,#5c5c5c,92,92,92,"(455, 61, 472, 70)",17.320508075688775
251015_020244_0000434137_CAM1_OK_bmp.rf.609cf5b1a4cceefe6ca2a60545a4fd57.jpg,qblock,14,#494949,73,73,73,"(456, 289, 473, 297)",15.588457268119896
251015_020244_0000434137_CAM1_OK_bmp.rf.609cf5b1a4cceefe6ca2a60545a4fd57.jpg,qblock,19,#505050,80,80,80,"(360, 62, 376, 70)",3.4641016151377544
251015_020541_0000434637_CAM1_OK_bmp.rf.b1486897c69ec22f63fcb36edc9c58de.jpg,qblock,0,#434343,67,67,67,"(172, 289, 188, 297)",25.98076211353316
251015_020541_0000434637_CAM1_OK_bmp.rf.b1486897c69ec22f63fcb36edc9c58de.jpg,qblock,1,#474747,71,71,71,"(171, 62, 186, 70)",19.05255888325765
251015_020541_0000434637_CAM1_OK_bmp.rf.b1486897c69ec22f63fcb36edc9c58de.jpg,qblock,2,#4e4e4e,78,78,78,"(265, 61, 281, 70)",6.928203230275509
251015_020541_0000434637_CAM1_OK_bmp.rf.b1486897c69ec22f63fcb36edc9c58de.jpg,qblock,3,#545454,84,84,84,"(266, 288, 282, 297)",3.4641016151377544
251015_020541_0000434637_CAM1_OK_bmp.rf.b1486897c69ec22f63fcb36edc9c58de.jpg,qblock,4,#505050,80,80,80,"(550, 59, 566, 67)",3.4641016151377544
251015_020541_0000434637_CAM1_OK_bmp.rf.b1486897c69ec22f63fcb36edc9c58de.jpg,qblock,5,#3d3d3d,61,61,61,"(77, 289, 93, 298)",36.373066958946424
251015_020541_0000434637_CAM1_OK_bmp.rf.b1486897c69ec22f63fcb36edc9c58de.jpg,qblock,6,#3e3e3e,62,62,62,"(77, 63, 92, 71)",34.64101615137755
251015_020541_0000434637_CAM1_OK_bmp.rf.b1486897c69ec22f63fcb36edc9c58de.jpg,qblock,7,#5c5c5c,92,92,92,"(645, 58, 662, 67)",17.320508075688775
251015_020541_0000434637_CAM1_OK_bmp.rf.b1486897c69ec22f63fcb36edc9c58de.jpg,qblock,8,#505050,80,80,80,"(551, 287, 568, 296)",3.4641016151377544
251015_020541_0000434637_CAM1_OK_bmp.rf.b1486897c69ec22f63fcb36edc9c58de.jpg,qblock,10,#505050,80,80,80,"(647, 286, 662, 295)",3.4641016151377544
251015_020541_0000434637_CAM1_OK_bmp.rf.b1486897c69ec22f63fcb36edc9c58de.jpg,qblock,11,#4b4b4b,75,75,75,"(361, 288, 377, 297)",12.12435565298214
251015_020541_0000434637_CAM1_OK_bmp.rf.b1486897c69ec22f63fcb36edc9c58de.jpg,qblock,12,#484848,72,72,72,"(455, 60, 471, 68)",17.320508075688775
251015_020541_0000434637_CAM1_OK_bmp.rf.b1486897c69ec22f63fcb36edc9c58de.jpg,qblock,14,#575757,87,87,87,"(456, 287, 473, 296)",8.660254037844387
251015_020541_0000434637_CAM1_OK_bmp.rf.b1486897c69ec22f63fcb36edc9c58de.jpg,qblock,18,#515151,81,81,81,"(360, 60, 375, 69)",1.7320508075688772
251107_232609_0000098253_CAM1_NG_bmp.rf.6955709b3b4b3130c0a966938f83279d.jpg,incorrect qblock,0,#bababa,186,186,186,"(266, 169, 281, 177)",180.13328398716322
251107_232609_0000098253_CAM1_NG_bmp.rf.6955709b3b4b3130c0a966938f83279d.jpg,incorrect qblock,1,#b1b1b1,177,177,177,"(172, 170, 187, 178)",164.54482671904336
251107_232609_0000098253_CAM1_NG_bmp.rf.6955709b3b4b3130c0a966938f83279d.jpg,incorrect qblock,2,#b5b5b5,181,181,181,"(646, 167, 662, 175)",171.47302994931886
251107_232609_0000098253_CAM1_NG_bmp.rf.6955709b3b4b3130c0a966938f83279d.jpg,incorrect qblock,3,#a7a7a7,167,167,167,"(78, 171, 93, 179)",147.22431864335456
251107_232609_0000098253_CAM1_NG_bmp.rf.6955709b3b4b3130c0a966938f83279d.jpg,incorrect qblock,4,#bdbdbd,189,189,189,"(361, 169, 376, 177)",185.32943640986986
251107_232609_0000098253_CAM1_NG_bmp.rf.6955709b3b4b3130c0a966938f83279d.jpg,incorrect qblock,5,#c7c7c7,199,199,199,"(456, 168, 472, 176)",202.64994448555865
251107_232609_0000098253_CAM1_NG_bmp.rf.6955709b3b4b3130c0a966938f83279d.jpg,incorrect qblock,6,#bababa,186,186,186,"(346, 132, 359, 136)",180.13328398716322
251107_232609_0000098253_CAM1_NG_bmp.rf.6955709b3b4b3130c0a966938f83279d.jpg,incorrect qblock,7,#b6b6b6,182,182,182,"(252, 132, 264, 137)",173.20508075688772
251107_232609_0000098253_CAM1_NG_bmp.rf.6955709b3b4b3130c0a966938f83279d.jpg,incorrect qblock,8,#c2c2c2,194,194,194,"(536, 130, 549, 136)",193.98969044771425
251107_232609_0000098253_CAM1_NG_bmp.rf.6955709b3b4b3130c0a966938f83279d.jpg,incorrect qblock,9,#adadad,173,173,173,"(157, 133, 169, 138)",157.61662348876783
251107_232609_0000098253_CAM1_NG_bmp.rf.6955709b3b4b3130c0a966938f83279d.jpg,incorrect qblock,10,#bebebe,190,190,190,"(442, 131, 454, 136)",187.06148721743875
251107_232609_0000098253_CAM1_NG_bmp.rf.6955709b3b4b3130c0a966938f83279d.jpg,incorrect qblock,11,#c1c1c1,193,193,193,"(551, 167, 568, 176)",192.25763964014538
251107_232609_0000098253_CAM1_NG_bmp.rf.6955709b3b4b3130c0a966938f83279d.jpg,incorrect qblock,12,#bebebe,190,190,190,"(632, 130, 644, 135)",187.06148721743875
251107_232539_0000098154_CAM1_NG_bmp.rf.4e137d5bbf5bb80152c855beb05836fd.jpg,incorrect qblock,0,#b6b6b6,182,182,182,"(266, 170, 281, 178)",173.20508075688772
251107_232539_0000098154_CAM1_NG_bmp.rf.4e137d5bbf5bb80152c855beb05836fd.jpg,incorrect qblock,1,#afafaf,175,175,175,"(172, 171, 188, 179)",161.0807251039056
251107_232539_0000098154_CAM1_NG_bmp.rf.4e137d5bbf5bb80152c855beb05836fd.jpg,incorrect qblock,2,#c6c6c6,198,198,198,"(456, 169, 473, 177)",200.91789367798975
251107_232539_0000098154_CAM1_NG_bmp.rf.4e137d5bbf5bb80152c855beb05836fd.jpg,incorrect qblock,3,#b8b8b8,184,184,184,"(646, 168, 662, 176)",176.6691823720255
251107_232539_0000098154_CAM1_NG_bmp.rf.4e137d5bbf5bb80152c855beb05836fd.jpg,incorrect qblock,4,#b8b8b8,184,184,184,"(361, 170, 376, 178)",176.6691823720255
251107_232539_0000098154_CAM1_NG_bmp.rf.4e137d5bbf5bb80152c855beb05836fd.jpg,incorrect qblock,5,#a6a6a6,166,166,166,"(78, 172, 93, 180)",145.4922678357857
251107_232539_0000098154_CAM1_NG_bmp.rf.4e137d5bbf5bb80152c855beb05836fd.jpg,incorrect qblock,6,#c0c0c0,192,192,192,"(551, 168, 568, 177)",190.5255888325765
251107_232539_0000098154_CAM1_NG_bmp.rf.4e137d5bbf5bb80152c855beb05836fd.jpg,incorrect qblock,7,#b8b8b8,184,184,184,"(347, 132, 359, 137)",176.6691823720255
251107_232539_0000098154_CAM1_NG_bmp.rf.4e137d5bbf5bb80152c855beb05836fd.jpg,incorrect qblock,8,#b0b0b0,176,176,176,"(252, 133, 264, 137)",162.81277591147446
251107_232539_0000098154_CAM1_NG_bmp.rf.4e137d5bbf5bb80152c855beb05836fd.jpg,incorrect qblock,9,#c7c7c7,199,199,199,"(442, 131, 454, 136)",202.64994448555865
251107_232539_0000098154_CAM1_NG_bmp.rf.4e137d5bbf5bb80152c855beb05836fd.jpg,incorrect qblock,10,#adadad,173,173,173,"(157, 134, 170, 138)",157.61662348876783
251107_232539_0000098154_CAM1_NG_bmp.rf.4e137d5bbf5bb80152c855beb05836fd.jpg,incorrect qblock,11,#b9b9b9,185,185,185,"(537, 131, 549, 136)",178.40123317959436
251107_232539_0000098154_CAM1_NG_bmp.rf.4e137d5bbf5bb80152c855beb05836fd.jpg,incorrect qblock,12,#b5b5b5,181,181,181,"(632, 130, 644, 135)",171.47302994931886
251107_232119_0000097289_CAM1_NG_bmp.rf.eaece0ec2c9c953af88634263cea5a3c.jpg,incorrect qblock,0,#b5b5b5,181,181,181,"(266, 170, 281, 178)",171.47302994931886
251107_232119_0000097289_CAM1_NG_bmp.rf.eaece0ec2c9c953af88634263cea5a3c.jpg,incorrect qblock,1,#b5b5b5,181,181,181,"(172, 170, 188, 178)",171.47302994931886
251107_232119_0000097289_CAM1_NG_bmp.rf.eaece0ec2c9c953af88634263cea5a3c.jpg,incorrect qblock,2,#b8b8b8,184,184,184,"(646, 167, 662, 175)",176.6691823720255
251107_232119_0000097289_CAM1_NG_bmp.rf.eaece0ec2c9c953af88634263cea5a3c.jpg,incorrect qblock,3,#c0c0c0,192,192,192,"(361, 169, 376, 177)",190.5255888325765
251107_232119_0000097289_CAM1_NG_bmp.rf.eaece0ec2c9c953af88634263cea5a3c.jpg,incorrect qblock,4,#c3c3c3,195,195,195,"(456, 169, 472, 176)",195.72174125528312
251107_232119_0000097289_CAM1_NG_bmp.rf.eaece0ec2c9c953af88634263cea5a3c.jpg,incorrect qblock,5,#bebebe,190,190,190,"(346, 132, 359, 136)",187.06148721743875
251107_232119_0000097289_CAM1_NG_bmp.rf.eaece0ec2c9c953af88634263cea5a3c.jpg,incorrect qblock,6,#a9a9a9,169,169,169,"(77, 171, 93, 180)",150.68842025849233
251107_232119_0000097289_CAM1_NG_bmp.rf.eaece0ec2c9c953af88634263cea5a3c.jpg,incorrect qblock,7,#b2b2b2,178,178,178,"(252, 133, 264, 137)",166.27687752661222
251107_232119_0000097289_CAM1_NG_bmp.rf.eaece0ec2c9c953af88634263cea5a3c.jpg,incorrect qblock,8,#bfbfbf,191,191,191,"(551, 168, 568, 176)",188.79353802500762
251107_232119_0000097289_CAM1_NG_bmp.rf.eaece0ec2c9c953af88634263cea5a3c.jpg,incorrect qblock,9,#c2c2c2,194,194,194,"(442, 131, 454, 136)",193.98969044771425
251107_232119_0000097289_CAM1_NG_bmp.rf.eaece0ec2c9c953af88634263cea5a3c.jpg,incorrect qblock,10,#b8b8b8,184,184,184,"(632, 130, 645, 135)",176.6691823720255
251107_232119_0000097289_CAM1_NG_bmp.rf.eaece0ec2c9c953af88634263cea5a3c.jpg,incorrect qblock,11,#aaaaaa,170,170,170,"(157, 134, 169, 138)",152.4204710660612
251107_232119_0000097289_CAM1_NG_bmp.rf.eaece0ec2c9c953af88634263cea5a3c.jpg,incorrect qblock,12,#bfbfbf,191,191,191,"(537, 131, 550, 136)",188.79353802500762
251107_231833_0000096738_CAM1_NG_bmp.rf.ebe6e4077bf963581e6b6463527aeaf0.jpg,incorrect qblock,0,#b4b4b4,180,180,180,"(266, 170, 281, 178)",169.74097914175
251107_231833_0000096738_CAM1_NG_bmp.rf.ebe6e4077bf963581e6b6463527aeaf0.jpg,incorrect qblock,1,#b2b2b2,178,178,178,"(172, 170, 187, 178)",166.27687752661222
251107_231833_0000096738_CAM1_NG_bmp.rf.ebe6e4077bf963581e6b6463527aeaf0.jpg,incorrect qblock,2,#9d9d9d,157,157,157,"(77, 171, 93, 179)",129.9038105676658
251107_231833_0000096738_CAM1_NG_bmp.rf.ebe6e4077bf963581e6b6463527aeaf0.jpg,incorrect qblock,3,#b2b2b2,178,178,178,"(646, 167, 662, 175)",166.27687752661222
251107_231833_0000096738_CAM1_NG_bmp.rf.ebe6e4077bf963581e6b6463527aeaf0.jpg,incorrect qblock,4,#c1c1c1,193,193,193,"(456, 169, 472, 177)",192.25763964014538
251107_231833_0000096738_CAM1_NG_bmp.rf.ebe6e4077bf963581e6b6463527aeaf0.jpg,incorrect qblock,5,#bdbdbd,189,189,189,"(361, 169, 376, 177)",185.32943640986986
251107_231833_0000096738_CAM1_NG_bmp.rf.ebe6e4077bf963581e6b6463527aeaf0.jpg,incorrect qblock,6,#bababa,186,186,186,"(346, 132, 358, 136)",180.13328398716322
251107_231833_0000096738_CAM1_NG_bmp.rf.ebe6e4077bf963581e6b6463527aeaf0.jpg,incorrect qblock,7,#b9b9b9,185,185,185,"(252, 132, 264, 137)",178.40123317959436
251107_231833_0000096738_CAM1_NG_bmp.rf.ebe6e4077bf963581e6b6463527aeaf0.jpg,incorrect qblock,8,#b1b1b1,177,177,177,"(157, 133, 169, 138)",164.54482671904336
251107_231833_0000096738_CAM1_NG_bmp.rf.ebe6e4077bf963581e6b6463527aeaf0.jpg,incorrect qblock,9,#b8b8b8,184,184,184,"(551, 168, 568, 176)",176.6691823720255
251107_231833_0000096738_CAM1_NG_bmp.rf.ebe6e4077bf963581e6b6463527aeaf0.jpg,incorrect qblock,10,#bebebe,190,190,190,"(442, 131, 454, 136)",187.06148721743875
251107_231833_0000096738_CAM1_NG_bmp.rf.ebe6e4077bf963581e6b6463527aeaf0.jpg,incorrect qblock,11,#c7c7c7,199,199,199,"(536, 130, 549, 136)",202.64994448555865
251107_231833_0000096738_CAM1_NG_bmp.rf.ebe6e4077bf963581e6b6463527aeaf0.jpg,incorrect qblock,12,#b4b4b4,180,180,180,"(632, 130, 644, 135)",169.74097914175
251107_232059_0000097223_CAM1_NG_bmp.rf.f52239db8cab447ff7d8e4eae0562544.jpg,incorrect qblock,0,#b7b7b7,183,183,183,"(266, 169, 281, 177)",174.9371315644566
251107_232059_0000097223_CAM1_NG_bmp.rf.f52239db8cab447ff7d8e4eae0562544.jpg,incorrect qblock,1,#b1b1b1,177,177,177,"(172, 170, 187, 178)",164.54482671904336
251107_232059_0000097223_CAM1_NG_bmp.rf.f52239db8cab447ff7d8e4eae0562544.jpg,incorrect qblock,2,#a2a2a2,162,162,162,"(77, 171, 93, 179)",138.5640646055102
251107_232059_0000097223_CAM1_NG_bmp.rf.f52239db8cab447ff7d8e4eae0562544.jpg,incorrect qblock,3,#b6b6b6,182,182,182,"(646, 166, 661, 175)",173.20508075688772
251107_232059_0000097223_CAM1_NG_bmp.rf.f52239db8cab447ff7d8e4eae0562544.jpg,incorrect qblock,4,#c1c1c1,193,193,193,"(456, 168, 472, 176)",192.25763964014538
251107_232059_0000097223_CAM1_NG_bmp.rf.f52239db8cab447ff7d8e4eae0562544.jpg,incorrect qblock,5,#c0c0c0,192,192,192,"(346, 131, 359, 136)",190.5255888325765
251107_232059_0000097223_CAM1_NG_bmp.rf.f52239db8cab447ff7d8e4eae0562544.jpg,incorrect qblock,6,#b3b3b3,179,179,179,"(252, 132, 263, 136)",168.0089283341811
251107_232059_0000097223_CAM1_NG_bmp.rf.f52239db8cab447ff7d8e4eae0562544.jpg,incorrect qblock,7,#afafaf,175,175,175,"(157, 133, 169, 137)",161.0807251039056
251107_232059_0000097223_CAM1_NG_bmp.rf.f52239db8cab447ff7d8e4eae0562544.jpg,incorrect qblock,8,#b7b7b7,183,183,183,"(361, 169, 376, 176)",174.9371315644566
251107_232059_0000097223_CAM1_NG_bmp.rf.f52239db8cab447ff7d8e4eae0562544.jpg,incorrect qblock,9,#bbbbbb,187,187,187,"(442, 131, 454, 135)",181.86533479473212
251107_232059_0000097223_CAM1_NG_bmp.rf.f52239db8cab447ff7d8e4eae0562544.jpg,incorrect qblock,10,#c0c0c0,192,192,192,"(551, 167, 568, 175)",190.5255888325765
251010_125636_0000080768_CAM1_NG_bmp.rf.479e882c9f39e8e461a8db628afe9262.jpg,qblock,0,#555555,85,85,85,"(648, 81, 664, 90)",5.196152422706632
251010_125636_0000080768_CAM1_NG_bmp.rf.479e882c9f39e8e461a8db628afe9262.jpg,qblock,1,#545454,84,84,84,"(552, 82, 568, 90)",3.4641016151377544
251010_125636_0000080768_CAM1_NG_bmp.rf.479e882c9f39e8e461a8db628afe9262.jpg,qblock,2,#5c5c5c,92,92,92,"(269, 310, 285, 319)",17.320508075688775
251010_125636_0000080768_CAM1_NG_bmp.rf.479e882c9f39e8e461a8db628afe9262.jpg,qblock,3,#4b4b4b,75,75,75,"(459, 310, 475, 318)",12.12435565298214
251010_125636_0000080768_CAM1_NG_bmp.rf.479e882c9f39e8e461a8db628afe9262.jpg,qblock,4,#5a5a5a,90,90,90,"(362, 83, 378, 91)",13.856406460551018
251010_125636_0000080768_CAM1_NG_bmp.rf.479e882c9f39e8e461a8db628afe9262.jpg,qblock,6,#5f5f5f,95,95,95,"(457, 82, 473, 91)",22.516660498395403
251010_125636_0000080768_CAM1_NG_bmp.rf.479e882c9f39e8e461a8db628afe9262.jpg,qblock,7,#535353,83,83,83,"(554, 309, 570, 317)",1.7320508075688772
251010_125636_0000080768_CAM1_NG_bmp.rf.479e882c9f39e8e461a8db628afe9262.jpg,qblock,8,#5c5c5c,92,92,92,"(363, 310, 380, 318)",17.320508075688775
251010_125636_0000080768_CAM1_NG_bmp.rf.479e882c9f39e8e461a8db628afe9262.jpg,qblock,10,#404040,64,64,64,"(81, 311, 96, 319)",31.176914536239792
251010_125636_0000080768_CAM1_NG_bmp.rf.479e882c9f39e8e461a8db628afe9262.jpg,qblock,15,#545454,84,84,84,"(267, 84, 283, 92)",3.4641016151377544
251010_125636_0000080768_CAM1_NG_bmp.rf.479e882c9f39e8e461a8db628afe9262.jpg,qblock,16,#565656,86,86,86,"(649, 308, 665, 317)",6.928203230275509
251010_125636_0000080768_CAM1_NG_bmp.rf.479e882c9f39e8e461a8db628afe9262.jpg,qblock,17,#505050,80,80,80,"(174, 311, 190, 319)",3.4641016151377544
251010_125636_0000080768_CAM1_NG_bmp.rf.479e882c9f39e8e461a8db628afe9262.jpg,qblock,24,#4b4b4b,75,75,75,"(79, 85, 95, 94)",12.12435565298214
251107_232111_0000097263_CAM1_NG_bmp.rf.dfcd8a39f36755d614308fe5e73df954.jpg,incorrect qblock,0,#aeaeae,174,174,174,"(266, 170, 281, 177)",159.34867429633672
251107_232111_0000097263_CAM1_NG_bmp.rf.dfcd8a39f36755d614308fe5e73df954.jpg,incorrect qblock,1,#b0b0b0,176,176,176,"(172, 170, 187, 178)",162.81277591147446
251107_232111_0000097263_CAM1_NG_bmp.rf.dfcd8a39f36755d614308fe5e73df954.jpg,incorrect qblock,2,#bebebe,190,190,190,"(646, 166, 662, 175)",187.06148721743875
251107_232111_0000097263_CAM1_NG_bmp.rf.dfcd8a39f36755d614308fe5e73df954.jpg,incorrect qblock,3,#a3a3a3,163,163,163,"(77, 171, 93, 179)",140.29611541307906
251107_232111_0000097263_CAM1_NG_bmp.rf.dfcd8a39f36755d614308fe5e73df954.jpg,incorrect qblock,4,#bcbcbc,188,188,188,"(457, 168, 472, 176)",183.597385602301
251107_232111_0000097263_CAM1_NG_bmp.rf.dfcd8a39f36755d614308fe5e73df954.jpg,incorrect qblock,5,#c1c1c1,193,193,193,"(346, 131, 359, 136)",192.25763964014538
251107_232111_0000097263_CAM1_NG_bmp.rf.dfcd8a39f36755d614308fe5e73df954.jpg,incorrect qblock,6,#b7b7b7,183,183,183,"(361, 169, 376, 176)",174.9371315644566
251107_232111_0000097263_CAM1_NG_bmp.rf.dfcd8a39f36755d614308fe5e73df954.jpg,incorrect qblock,7,#b2b2b2,178,178,178,"(252, 132, 264, 137)",166.27687752661222
251107_232111_0000097263_CAM1_NG_bmp.rf.dfcd8a39f36755d614308fe5e73df954.jpg,incorrect qblock,8,#adadad,173,173,173,"(157, 133, 169, 138)",157.61662348876783
251107_232111_0000097263_CAM1_NG_bmp.rf.dfcd8a39f36755d614308fe5e73df954.jpg,incorrect qblock,9,#bbbbbb,187,187,187,"(442, 131, 454, 136)",181.86533479473212
251107_232111_0000097263_CAM1_NG_bmp.rf.dfcd8a39f36755d614308fe5e73df954.jpg,incorrect qblock,10,#bdbdbd,189,189,189,"(551, 167, 568, 176)",185.32943640986986
251107_232111_0000097263_CAM1_NG_bmp.rf.dfcd8a39f36755d614308fe5e73df954.jpg,incorrect qblock,11,#c4c4c4,196,196,196,"(536, 130, 549, 135)",197.45379206285202
251107_232049_0000097191_CAM1_NG_bmp.rf.084061310934a4fde3799ba059d28434.jpg,incorrect qblock,0,#b9b9b9,185,185,185,"(266, 169, 281, 178)",178.40123317959436
251107_232049_0000097191_CAM1_NG_bmp.rf.084061310934a4fde3799ba059d28434.jpg,incorrect qblock,1,#b2b2b2,178,178,178,"(172, 170, 187, 178)",166.27687752661222
251107_232049_0000097191_CAM1_NG_bmp.rf.084061310934a4fde3799ba059d28434.jpg,incorrect qblock,2,#bbbbbb,187,187,187,"(646, 166, 662, 175)",181.86533479473212
251107_232049_0000097191_CAM1_NG_bmp.rf.084061310934a4fde3799ba059d28434.jpg,incorrect qblock,3,#a9a9a9,169,169,169,"(78, 171, 93, 179)",150.68842025849233
251107_232049_0000097191_CAM1_NG_bmp.rf.084061310934a4fde3799ba059d28434.jpg,incorrect qblock,4,#c4c4c4,196,196,196,"(456, 168, 472, 176)",197.45379206285202
251107_232049_0000097191_CAM1_NG_bmp.rf.084061310934a4fde3799ba059d28434.jpg,incorrect qblock,5,#bdbdbd,189,189,189,"(361, 169, 376, 177)",185.32943640986986
251107_232049_0000097191_CAM1_NG_bmp.rf.084061310934a4fde3799ba059d28434.jpg,incorrect qblock,6,#b2b2b2,178,178,178,"(157, 133, 169, 138)",166.27687752661222
251107_232049_0000097191_CAM1_NG_bmp.rf.084061310934a4fde3799ba059d28434.jpg,incorrect qblock,7,#b9b9b9,185,185,185,"(347, 132, 359, 136)",178.40123317959436
251107_232049_0000097191_CAM1_NG_bmp.rf.084061310934a4fde3799ba059d28434.jpg,incorrect qblock,8,#bfbfbf,191,191,191,"(252, 132, 264, 137)",188.79353802500762
251107_232049_0000097191_CAM1_NG_bmp.rf.084061310934a4fde3799ba059d28434.jpg,incorrect qblock,9,#c0c0c0,192,192,192,"(442, 131, 454, 136)",190.5255888325765
251107_232049_0000097191_CAM1_NG_bmp.rf.084061310934a4fde3799ba059d28434.jpg,incorrect qblock,10,#c3c3c3,195,195,195,"(537, 130, 549, 136)",195.72174125528312
251107_232049_0000097191_CAM1_NG_bmp.rf.084061310934a4fde3799ba059d28434.jpg,incorrect qblock,11,#c3c3c3,195,195,195,"(551, 167, 568, 176)",195.72174125528312
251107_232049_0000097191_CAM1_NG_bmp.rf.084061310934a4fde3799ba059d28434.jpg,incorrect qblock,12,#b3b3b3,179,179,179,"(632, 130, 644, 135)",168.0089283341811
251107_232049_0000097191_CAM1_NG_bmp.rf.084061310934a4fde3799ba059d28434.jpg,incorrect qblock,13,#b0b0b0,176,176,176,"(159, 360, 171, 365)",162.81277591147446
251010_070214_0000043550_CAM1_NG_bmp.rf.537429902c6e6345d089eb5bda122c60.jpg,qblock,0,#555555,85,85,85,"(553, 62, 570, 70)",5.196152422706632
251010_070214_0000043550_CAM1_NG_bmp.rf.537429902c6e6345d089eb5bda122c60.jpg,qblock,1,#535353,83,83,83,"(363, 63, 379, 72)",1.7320508075688772
251010_070214_0000043550_CAM1_NG_bmp.rf.537429902c6e6345d089eb5bda122c60.jpg,qblock,2,#4d4d4d,77,77,77,"(648, 62, 665, 70)",8.660254037844387
251010_070214_0000043550_CAM1_NG_bmp.rf.537429902c6e6345d089eb5bda122c60.jpg,qblock,3,#595959,89,89,89,"(269, 291, 286, 300)",12.12435565298214
251010_070214_0000043550_CAM1_NG_bmp.rf.537429902c6e6345d089eb5bda122c60.jpg,qblock,4,#515151,81,81,81,"(364, 291, 381, 300)",1.7320508075688772
251010_070214_0000043550_CAM1_NG_bmp.rf.537429902c6e6345d089eb5bda122c60.jpg,qblock,5,#434343,67,67,67,"(175, 292, 191, 300)",25.98076211353316
251010_070214_0000043550_CAM1_NG_bmp.rf.537429902c6e6345d089eb5bda122c60.jpg,qblock,6,#515151,81,81,81,"(268, 64, 284, 73)",1.7320508075688772
251010_070214_0000043550_CAM1_NG_bmp.rf.537429902c6e6345d089eb5bda122c60.jpg,qblock,7,#4a4a4a,74,74,74,"(555, 290, 571, 299)",13.856406460551018
251010_070214_0000043550_CAM1_NG_bmp.rf.537429902c6e6345d089eb5bda122c60.jpg,qblock,8,#5d5d5d,93,93,93,"(458, 62, 475, 71)",19.05255888325765
251010_070214_0000043550_CAM1_NG_bmp.rf.537429902c6e6345d089eb5bda122c60.jpg,qblock,9,#525252,82,82,82,"(650, 289, 666, 298)",0.0
251010_070214_0000043550_CAM1_NG_bmp.rf.537429902c6e6345d089eb5bda122c60.jpg,qblock,12,#585858,88,88,88,"(459, 290, 476, 299)",10.392304845413264
251010_125547_0000080601_CAM1_NG_bmp.rf.d4763d49a195d7e770f6bbc9a5cfecf1.jpg,qblock,0,#505050,80,80,80,"(267, 90, 283, 98)",3.4641016151377544
251010_125547_0000080601_CAM1_NG_bmp.rf.d4763d49a195d7e770f6bbc9a5cfecf1.jpg,qblock,1,#414141,65,65,65,"(79, 91, 94, 100)",29.444863728670914
251010_125547_0000080601_CAM1_NG_bmp.rf.d4763d49a195d7e770f6bbc9a5cfecf1.jpg,qblock,2,#3c3c3c,60,60,60,"(80, 317, 96, 326)",38.1051177665153
251010_125547_0000080601_CAM1_NG_bmp.rf.d4763d49a195d7e770f6bbc9a5cfecf1.jpg,qblock,3,#606060,96,96,96,"(172, 90, 188, 99)",24.24871130596428
251010_125547_0000080601_CAM1_NG_bmp.rf.d4763d49a195d7e770f6bbc9a5cfecf1.jpg,qblock,4,#555555,85,85,85,"(362, 89, 378, 98)",5.196152422706632
251010_125547_0000080601_CAM1_NG_bmp.rf.d4763d49a195d7e770f6bbc9a5cfecf1.jpg,qblock,5,#5a5a5a,90,90,90,"(457, 88, 473, 97)",13.856406460551018
251010_125547_0000080601_CAM1_NG_bmp.rf.d4763d49a195d7e770f6bbc9a5cfecf1.jpg,qblock,6,#505050,80,80,80,"(268, 317, 284, 325)",3.4641016151377544
251010_125547_0000080601_CAM1_NG_bmp.rf.d4763d49a195d7e770f6bbc9a5cfecf1.jpg,qblock,7,#515151,81,81,81,"(552, 88, 568, 96)",1.7320508075688772
251010_125547_0000080601_CAM1_NG_bmp.rf.d4763d49a195d7e770f6bbc9a5cfecf1.jpg,qblock,8,#585858,88,88,88,"(647, 87, 663, 96)",10.392304845413264
251010_125547_0000080601_CAM1_NG_bmp.rf.d4763d49a195d7e770f6bbc9a5cfecf1.jpg,qblock,9,#505050,80,80,80,"(174, 317, 190, 325)",3.4641016151377544
251010_125547_0000080601_CAM1_NG_bmp.rf.d4763d49a195d7e770f6bbc9a5cfecf1.jpg,qblock,16,#585858,88,88,88,"(363, 316, 379, 325)",10.392304845413264
251107_232327_0000097714_CAM1_NG_bmp.rf.a76f5383d5e623504b42e9a9e0c9a62e.jpg,incorrect qblock,0,#bebebe,190,190,190,"(266, 169, 281, 177)",187.06148721743875
251107_232327_0000097714_CAM1_NG_bmp.rf.a76f5383d5e623504b42e9a9e0c9a62e.jpg,incorrect qblock,1,#b2b2b2,178,178,178,"(172, 170, 187, 178)",166.27687752661222
251107_232327_0000097714_CAM1_NG_bmp.rf.a76f5383d5e623504b42e9a9e0c9a62e.jpg,incorrect qblock,2,#bbbbbb,187,187,187,"(646, 166, 662, 175)",181.86533479473212
251107_232327_0000097714_CAM1_NG_bmp.rf.a76f5383d5e623504b42e9a9e0c9a62e.jpg,incorrect qblock,3,#a3a3a3,163,163,163,"(77, 171, 93, 179)",140.29611541307906
251107_232327_0000097714_CAM1_NG_bmp.rf.a76f5383d5e623504b42e9a9e0c9a62e.jpg,incorrect qblock,4,#c8c8c8,200,200,200,"(456, 168, 472, 176)",204.38199529312752
251107_232327_0000097714_CAM1_NG_bmp.rf.a76f5383d5e623504b42e9a9e0c9a62e.jpg,incorrect qblock,5,#bfbfbf,191,191,191,"(361, 169, 376, 177)",188.79353802500762
251107_232327_0000097714_CAM1_NG_bmp.rf.a76f5383d5e623504b42e9a9e0c9a62e.jpg,incorrect qblock,6,#bebebe,190,190,190,"(346, 131, 358, 136)",187.06148721743875
251107_232327_0000097714_CAM1_NG_bmp.rf.a76f5383d5e623504b42e9a9e0c9a62e.jpg,incorrect qblock,7,#b2b2b2,178,178,178,"(252, 132, 264, 136)",166.27687752661222
251107_232327_0000097714_CAM1_NG_bmp.rf.a76f5383d5e623504b42e9a9e0c9a62e.jpg,incorrect qblock,8,#adadad,173,173,173,"(157, 133, 169, 138)",157.61662348876783
251107_232327_0000097714_CAM1_NG_bmp.rf.a76f5383d5e623504b42e9a9e0c9a62e.jpg,incorrect qblock,9,#c3c3c3,195,195,195,"(551, 167, 568, 176)",195.72174125528312
251107_232327_0000097714_CAM1_NG_bmp.rf.a76f5383d5e623504b42e9a9e0c9a62e.jpg,incorrect qblock,10,#bababa,186,186,186,"(442, 131, 454, 136)",180.13328398716322
251010_124857_0000080523_CAM1_NG_bmp.rf.0ab14c121fbfb91a48e6b0376cae3154.jpg,qblock,0,#484848,72,72,72,"(80, 93, 95, 102)",17.320508075688775
251010_124857_0000080523_CAM1_NG_bmp.rf.0ab14c121fbfb91a48e6b0376cae3154.jpg,qblock,1,#5f5f5f,95,95,95,"(267, 91, 283, 100)",22.516660498395403
251010_124857_0000080523_CAM1_NG_bmp.rf.0ab14c121fbfb91a48e6b0376cae3154.jpg,qblock,2,#5c5c5c,92,92,92,"(457, 90, 474, 99)",17.320508075688775
251010_124857_0000080523_CAM1_NG_bmp.rf.0ab14c121fbfb91a48e6b0376cae3154.jpg,qblock,3,#565656,86,86,86,"(647, 89, 664, 97)",6.928203230275509
251010_124857_0000080523_CAM1_NG_bmp.rf.0ab14c121fbfb91a48e6b0376cae3154.jpg,qblock,4,#585858,88,88,88,"(553, 89, 569, 98)",10.392304845413264
251010_124857_0000080523_CAM1_NG_bmp.rf.0ab14c121fbfb91a48e6b0376cae3154.jpg,qblock,5,#5c5c5c,92,92,92,"(174, 319, 191, 328)",17.320508075688775
251010_124857_0000080523_CAM1_NG_bmp.rf.0ab14c121fbfb91a48e6b0376cae3154.jpg,qblock,6,#545454,84,84,84,"(459, 318, 475, 327)",3.4641016151377544
251010_124857_0000080523_CAM1_NG_bmp.rf.0ab14c121fbfb91a48e6b0376cae3154.jpg,qblock,7,#555555,85,85,85,"(269, 319, 285, 328)",5.196152422706632
251010_124857_0000080523_CAM1_NG_bmp.rf.0ab14c121fbfb91a48e6b0376cae3154.jpg,qblock,8,#494949,73,73,73,"(81, 319, 97, 328)",15.588457268119896
251010_124857_0000080523_CAM1_NG_bmp.rf.0ab14c121fbfb91a48e6b0376cae3154.jpg,qblock,10,#525252,82,82,82,"(362, 91, 378, 99)",0.0
251010_124857_0000080523_CAM1_NG_bmp.rf.0ab14c121fbfb91a48e6b0376cae3154.jpg,qblock,12,#4e4e4e,78,78,78,"(649, 317, 665, 325)",6.928203230275509
251010_124857_0000080523_CAM1_NG_bmp.rf.0ab14c121fbfb91a48e6b0376cae3154.jpg,qblock,13,#5c5c5c,92,92,92,"(364, 318, 380, 327)",17.320508075688775
251010_124857_0000080523_CAM1_NG_bmp.rf.0ab14c121fbfb91a48e6b0376cae3154.jpg,qblock,14,#595959,89,89,89,"(173, 92, 189, 101)",12.12435565298214
251010_124857_0000080523_CAM1_NG_bmp.rf.0ab14c121fbfb91a48e6b0376cae3154.jpg,qblock,17,#5a5a5a,90,90,90,"(554, 317, 570, 326)",13.856406460551018
251010_070157_0000043494_CAM1_NG_bmp.rf.0dec38a0db7e07165532a1c23307e952.jpg,qblock,0,#5c5c5c,92,92,92,"(363, 63, 379, 72)",17.320508075688775
251010_070157_0000043494_CAM1_NG_bmp.rf.0dec38a0db7e07165532a1c23307e952.jpg,qblock,1,#515151,81,81,81,"(554, 62, 570, 71)",1.7320508075688772
251010_070157_0000043494_CAM1_NG_bmp.rf.0dec38a0db7e07165532a1c23307e952.jpg,qblock,2,#4a4a4a,74,74,74,"(649, 62, 665, 70)",13.856406460551018
251010_070157_0000043494_CAM1_NG_bmp.rf.0dec38a0db7e07165532a1c23307e952.jpg,qblock,3,#545454,84,84,84,"(458, 63, 475, 71)",3.4641016151377544
251010_070157_0000043494_CAM1_NG_bmp.rf.0dec38a0db7e07165532a1c23307e952.jpg,qblock,5,#525252,82,82,82,"(175, 291, 192, 300)",0.0
251010_070157_0000043494_CAM1_NG_bmp.rf.0dec38a0db7e07165532a1c23307e952.jpg,qblock,7,#4a4a4a,74,74,74,"(650, 289, 666, 297)",13.856406460551018
251010_070157_0000043494_CAM1_NG_bmp.rf.0dec38a0db7e07165532a1c23307e952.jpg,qblock,8,#474747,71,71,71,"(555, 290, 572, 298)",19.05255888325765
251010_070157_0000043494_CAM1_NG_bmp.rf.0dec38a0db7e07165532a1c23307e952.jpg,qblock,10,#5d5d5d,93,93,93,"(364, 290, 381, 299)",19.05255888325765
251010_070157_0000043494_CAM1_NG_bmp.rf.0dec38a0db7e07165532a1c23307e952.jpg,qblock,12,#545454,84,84,84,"(269, 291, 286, 299)",3.4641016151377544
251010_070157_0000043494_CAM1_NG_bmp.rf.0dec38a0db7e07165532a1c23307e952.jpg,qblock,14,#585858,88,88,88,"(268, 64, 284, 73)",10.392304845413264
251010_070157_0000043494_CAM1_NG_bmp.rf.0dec38a0db7e07165532a1c23307e952.jpg,qblock,15,#4c4c4c,76,76,76,"(460, 290, 476, 299)",10.392304845413264
251010_070157_0000043494_CAM1_NG_bmp.rf.0dec38a0db7e07165532a1c23307e952.jpg,qblock,22,#515151,81,81,81,"(174, 65, 190, 74)",1.7320508075688772
251010_070154_0000043483_CAM1_NG_bmp.rf.b463bca6111892779644d83dfdfe2c2a.jpg,qblock,0,#505050,80,80,80,"(553, 62, 570, 70)",3.4641016151377544
251010_070154_0000043483_CAM1_NG_bmp.rf.b463bca6111892779644d83dfdfe2c2a.jpg,qblock,1,#505050,80,80,80,"(363, 63, 379, 71)",3.4641016151377544
251010_070154_0000043483_CAM1_NG_bmp.rf.b463bca6111892779644d83dfdfe2c2a.jpg,qblock,2,#575757,87,87,87,"(648, 61, 665, 70)",8.660254037844387
251010_070154_0000043483_CAM1_NG_bmp.rf.b463bca6111892779644d83dfdfe2c2a.jpg,qblock,3,#5a5a5a,90,90,90,"(269, 290, 285, 299)",13.856406460551018
251010_070154_0000043483_CAM1_NG_bmp.rf.b463bca6111892779644d83dfdfe2c2a.jpg,qblock,4,#585858,88,88,88,"(458, 62, 475, 71)",10.392304845413264
251010_070154_0000043483_CAM1_NG_bmp.rf.b463bca6111892779644d83dfdfe2c2a.jpg,qblock,5,#4c4c4c,76,76,76,"(555, 289, 571, 298)",10.392304845413264
251010_070154_0000043483_CAM1_NG_bmp.rf.b463bca6111892779644d83dfdfe2c2a.jpg,qblock,6,#4d4d4d,77,77,77,"(268, 64, 284, 72)",8.660254037844387
251010_070154_0000043483_CAM1_NG_bmp.rf.b463bca6111892779644d83dfdfe2c2a.jpg,qblock,7,#474747,71,71,71,"(175, 291, 191, 299)",19.05255888325765
251010_070154_0000043483_CAM1_NG_bmp.rf.b463bca6111892779644d83dfdfe2c2a.jpg,qblock,8,#565656,86,86,86,"(364, 290, 381, 299)",6.928203230275509
251010_070154_0000043483_CAM1_NG_bmp.rf.b463bca6111892779644d83dfdfe2c2a.jpg,qblock,10,#4c4c4c,76,76,76,"(459, 290, 476, 298)",10.392304845413264
251010_070154_0000043483_CAM1_NG_bmp.rf.b463bca6111892779644d83dfdfe2c2a.jpg,qblock,13,#444444,68,68,68,"(650, 289, 666, 297)",24.24871130596428
251010_070154_0000043483_CAM1_NG_bmp.rf.b463bca6111892779644d83dfdfe2c2a.jpg,qblock,19,#5c5c5c,92,92,92,"(173, 64, 189, 73)",17.320508075688775
251010_070154_0000043483_CAM1_NG_bmp.rf.b463bca6111892779644d83dfdfe2c2a.jpg,incorrect qblock,25,#787878,120,120,120,"(79, 291, 92, 299)",65.81793068761733
251015_020300_0000434189_CAM1_OK_bmp.rf.fee3e477be79a574583c87d52aa601a9.jpg,qblock,0,#484848,72,72,72,"(172, 289, 188, 298)",17.320508075688775
251015_020300_0000434189_CAM1_OK_bmp.rf.fee3e477be79a574583c87d52aa601a9.jpg,qblock,1,#494949,73,73,73,"(266, 289, 282, 297)",15.588457268119896
251015_020300_0000434189_CAM1_OK_bmp.rf.fee3e477be79a574583c87d52aa601a9.jpg,qblock,2,#5c5c5c,92,92,92,"(265, 61, 281, 70)",17.320508075688775
251015_020300_0000434189_CAM1_OK_bmp.rf.fee3e477be79a574583c87d52aa601a9.jpg,qblock,3,#585858,88,88,88,"(645, 59, 662, 67)",10.392304845413264
251015_020300_0000434189_CAM1_OK_bmp.rf.fee3e477be79a574583c87d52aa601a9.jpg,qblock,4,#424242,66,66,66,"(77, 289, 93, 298)",27.712812921102035
251015_020300_0000434189_CAM1_OK_bmp.rf.fee3e477be79a574583c87d52aa601a9.jpg,qblock,5,#545454,84,84,84,"(171, 62, 186, 71)",3.4641016151377544
251015_020300_0000434189_CAM1_OK_bmp.rf.fee3e477be79a574583c87d52aa601a9.jpg,qblock,6,#5d5d5d,93,93,93,"(550, 59, 566, 68)",19.05255888325765
251015_020300_0000434189_CAM1_OK_bmp.rf.fee3e477be79a574583c87d52aa601a9.jpg,qblock,7,#4a4a4a,74,74,74,"(77, 63, 92, 71)",13.856406460551018
251015_020300_0000434189_CAM1_OK_bmp.rf.fee3e477be79a574583c87d52aa601a9.jpg,qblock,8,#515151,81,81,81,"(361, 288, 377, 297)",1.7320508075688772
251015_020300_0000434189_CAM1_OK_bmp.rf.fee3e477be79a574583c87d52aa601a9.jpg,qblock,9,#5d5d5d,93,93,93,"(646, 286, 662, 295)",19.05255888325765
251015_020300_0000434189_CAM1_OK_bmp.rf.fee3e477be79a574583c87d52aa601a9.jpg,qblock,10,#555555,85,85,85,"(551, 287, 568, 296)",5.196152422706632
251015_020300_0000434189_CAM1_OK_bmp.rf.fee3e477be79a574583c87d52aa601a9.jpg,qblock,13,#565656,86,86,86,"(455, 60, 471, 69)",6.928203230275509
251015_020300_0000434189_CAM1_OK_bmp.rf.fee3e477be79a574583c87d52aa601a9.jpg,qblock,15,#4c4c4c,76,76,76,"(456, 288, 472, 296)",10.392304845413264
251015_020300_0000434189_CAM1_OK_bmp.rf.fee3e477be79a574583c87d52aa601a9.jpg,qblock,18,#4e4e4e,78,78,78,"(360, 61, 376, 69)",6.928203230275509
251015_020242_0000434130_CAM1_OK_bmp.rf.66569255a00c621759278061c82354a6.jpg,qblock,0,#585858,88,88,88,"(645, 59, 662, 68)",10.392304845413264
251015_020242_0000434130_CAM1_OK_bmp.rf.66569255a00c621759278061c82354a6.jpg,qblock,1,#494949,73,73,73,"(265, 62, 281, 70)",15.588457268119896
251015_020242_0000434130_CAM1_OK_bmp.rf.66569255a00c621759278061c82354a6.jpg,qblock,2,#494949,73,73,73,"(172, 288, 188, 297)",15.588457268119896
251015_020242_0000434130_CAM1_OK_bmp.rf.66569255a00c621759278061c82354a6.jpg,qblock,3,#535353,83,83,83,"(171, 62, 186, 71)",1.7320508075688772
251015_020242_0000434130_CAM1_OK_bmp.rf.66569255a00c621759278061c82354a6.jpg,qblock,4,#5b5b5b,91,91,91,"(550, 59, 566, 68)",15.588457268119896
251015_020242_0000434130_CAM1_OK_bmp.rf.66569255a00c621759278061c82354a6.jpg,qblock,5,#484848,72,72,72,"(77, 63, 92, 72)",17.320508075688775
251015_020242_0000434130_CAM1_OK_bmp.rf.66569255a00c621759278061c82354a6.jpg,qblock,6,#454545,69,69,69,"(647, 286, 662, 295)",22.516660498395403
251015_020242_0000434130_CAM1_OK_bmp.rf.66569255a00c621759278061c82354a6.jpg,qblock,8,#404040,64,64,64,"(77, 288, 93, 297)",31.176914536239792
251015_020242_0000434130_CAM1_OK_bmp.rf.66569255a00c621759278061c82354a6.jpg,qblock,9,#4a4a4a,74,74,74,"(266, 288, 282, 296)",13.856406460551018
251015_020242_0000434130_CAM1_OK_bmp.rf.66569255a00c621759278061c82354a6.jpg,qblock,10,#434343,67,67,67,"(361, 288, 377, 296)",25.98076211353316
251015_020242_0000434130_CAM1_OK_bmp.rf.66569255a00c621759278061c82354a6.jpg,qblock,11,#545454,84,84,84,"(455, 60, 471, 69)",3.4641016151377544
251015_020242_0000434130_CAM1_OK_bmp.rf.66569255a00c621759278061c82354a6.jpg,qblock,12,#4d4d4d,77,77,77,"(456, 287, 472, 295)",8.660254037844387
251015_020242_0000434130_CAM1_OK_bmp.rf.66569255a00c621759278061c82354a6.jpg,qblock,13,#555555,85,85,85,"(551, 286, 568, 295)",5.196152422706632
251015_020242_0000434130_CAM1_OK_bmp.rf.66569255a00c621759278061c82354a6.jpg,qblock,18,#4c4c4c,76,76,76,"(360, 61, 375, 69)",10.392304845413264
251010_070204_0000043517_CAM1_NG_bmp.rf.1011e3e3d7be4dc8cc2ed7b737c37c7b.jpg,qblock,0,#525252,82,82,82,"(553, 62, 570, 70)",0.0
251010_070204_0000043517_CAM1_NG_bmp.rf.1011e3e3d7be4dc8cc2ed7b737c37c7b.jpg,qblock,1,#464646,70,70,70,"(175, 290, 191, 298)",20.784609690826528
251010_070204_0000043517_CAM1_NG_bmp.rf.1011e3e3d7be4dc8cc2ed7b737c37c7b.jpg,qblock,2,#515151,81,81,81,"(363, 63, 379, 72)",1.7320508075688772
251010_070204_0000043517_CAM1_NG_bmp.rf.1011e3e3d7be4dc8cc2ed7b737c37c7b.jpg,qblock,3,#535353,83,83,83,"(364, 289, 381, 298)",1.7320508075688772
251010_070204_0000043517_CAM1_NG_bmp.rf.1011e3e3d7be4dc8cc2ed7b737c37c7b.jpg,qblock,4,#4a4a4a,74,74,74,"(269, 290, 285, 298)",13.856406460551018
251010_070204_0000043517_CAM1_NG_bmp.rf.1011e3e3d7be4dc8cc2ed7b737c37c7b.jpg,qblock,5,#494949,73,73,73,"(648, 62, 665, 70)",15.588457268119896
251010_070204_0000043517_CAM1_NG_bmp.rf.1011e3e3d7be4dc8cc2ed7b737c37c7b.jpg,qblock,6,#4f4f4f,79,79,79,"(268, 64, 284, 72)",5.196152422706632
251010_070204_0000043517_CAM1_NG_bmp.rf.1011e3e3d7be4dc8cc2ed7b737c37c7b.jpg,qblock,7,#4b4b4b,75,75,75,"(459, 289, 476, 297)",12.12435565298214
251010_070204_0000043517_CAM1_NG_bmp.rf.1011e3e3d7be4dc8cc2ed7b737c37c7b.jpg,qblock,8,#434343,67,67,67,"(650, 288, 666, 296)",25.98076211353316
251010_070204_0000043517_CAM1_NG_bmp.rf.1011e3e3d7be4dc8cc2ed7b737c37c7b.jpg,qblock,9,#5a5a5a,90,90,90,"(458, 62, 475, 71)",13.856406460551018
251010_070204_0000043517_CAM1_NG_bmp.rf.1011e3e3d7be4dc8cc2ed7b737c37c7b.jpg,qblock,10,#4a4a4a,74,74,74,"(555, 288, 571, 297)",13.856406460551018
251010_070204_0000043517_CAM1_NG_bmp.rf.1011e3e3d7be4dc8cc2ed7b737c37c7b.jpg,qblock,24,#5f5f5f,95,95,95,"(173, 64, 190, 73)",22.516660498395403
251107_231845_0000096778_CAM1_NG_bmp.rf.5253393e546fd5a272812165d96d4fde.jpg,incorrect qblock,0,#b5b5b5,181,181,181,"(266, 170, 281, 178)",171.47302994931886
251107_231845_0000096778_CAM1_NG_bmp.rf.5253393e546fd5a272812165d96d4fde.jpg,incorrect qblock,1,#b3b3b3,179,179,179,"(172, 170, 187, 179)",168.0089283341811
251107_231845_0000096778_CAM1_NG_bmp.rf.5253393e546fd5a272812165d96d4fde.jpg,incorrect qblock,2,#bbbbbb,187,187,187,"(361, 170, 376, 177)",181.86533479473212
251107_231845_0000096778_CAM1_NG_bmp.rf.5253393e546fd5a272812165d96d4fde.jpg,incorrect qblock,3,#b9b9b9,185,185,185,"(646, 167, 661, 175)",178.40123317959436
251107_231845_0000096778_CAM1_NG_bmp.rf.5253393e546fd5a272812165d96d4fde.jpg,incorrect qblock,4,#c2c2c2,194,194,194,"(456, 169, 472, 177)",193.98969044771425
251107_231845_0000096778_CAM1_NG_bmp.rf.5253393e546fd5a272812165d96d4fde.jpg,incorrect qblock,5,#a5a5a5,165,165,165,"(78, 171, 93, 179)",143.76021702821683
251107_231845_0000096778_CAM1_NG_bmp.rf.5253393e546fd5a272812165d96d4fde.jpg,incorrect qblock,6,#b9b9b9,185,185,185,"(347, 132, 359, 137)",178.40123317959436
251107_231845_0000096778_CAM1_NG_bmp.rf.5253393e546fd5a272812165d96d4fde.jpg,incorrect qblock,7,#bababa,186,186,186,"(551, 168, 568, 177)",180.13328398716322
251107_231845_0000096778_CAM1_NG_bmp.rf.5253393e546fd5a272812165d96d4fde.jpg,incorrect qblock,8,#bbbbbb,187,187,187,"(632, 131, 644, 136)",181.86533479473212
251107_231845_0000096778_CAM1_NG_bmp.rf.5253393e546fd5a272812165d96d4fde.jpg,incorrect qblock,9,#aeaeae,174,174,174,"(252, 133, 264, 138)",159.34867429633672
251107_231845_0000096778_CAM1_NG_bmp.rf.5253393e546fd5a272812165d96d4fde.jpg,incorrect qblock,10,#c3c3c3,195,195,195,"(442, 131, 454, 136)",195.72174125528312
251107_231845_0000096778_CAM1_NG_bmp.rf.5253393e546fd5a272812165d96d4fde.jpg,incorrect qblock,11,#c1c1c1,193,193,193,"(536, 131, 549, 136)",192.25763964014538
251107_231845_0000096778_CAM1_NG_bmp.rf.5253393e546fd5a272812165d96d4fde.jpg,incorrect qblock,12,#a8a8a8,168,168,168,"(157, 134, 169, 138)",148.95636945092346
251107_231845_0000096778_CAM1_NG_bmp.rf.5253393e546fd5a272812165d96d4fde.jpg,incorrect qblock,13,#b6b6b6,182,182,182,"(159, 360, 171, 365)",173.20508075688772
251107_231923_0000096905_CAM1_NG_bmp.rf.ee42a4e547e1289c3e9f7d2c97a9ddd2.jpg,incorrect qblock,0,#b7b7b7,183,183,183,"(266, 170, 282, 178)",174.9371315644566
251107_231923_0000096905_CAM1_NG_bmp.rf.ee42a4e547e1289c3e9f7d2c97a9ddd2.jpg,incorrect qblock,1,#b3b3b3,179,179,179,"(172, 170, 187, 178)",168.0089283341811
251107_231923_0000096905_CAM1_NG_bmp.rf.ee42a4e547e1289c3e9f7d2c97a9ddd2.jpg,incorrect qblock,2,#b9b9b9,185,185,185,"(647, 166, 662, 175)",178.40123317959436
251107_231923_0000096905_CAM1_NG_bmp.rf.ee42a4e547e1289c3e9f7d2c97a9ddd2.jpg,incorrect qblock,3,#a4a4a4,164,164,164,"(78, 171, 93, 179)",142.02816622064793
251107_231923_0000096905_CAM1_NG_bmp.rf.ee42a4e547e1289c3e9f7d2c97a9ddd2.jpg,incorrect qblock,4,#c6c6c6,198,198,198,"(457, 168, 472, 176)",200.91789367798975
251107_231923_0000096905_CAM1_NG_bmp.rf.ee42a4e547e1289c3e9f7d2c97a9ddd2.jpg,incorrect qblock,5,#bdbdbd,189,189,189,"(347, 131, 359, 136)",185.32943640986986
251107_231923_0000096905_CAM1_NG_bmp.rf.ee42a4e547e1289c3e9f7d2c97a9ddd2.jpg,incorrect qblock,6,#bdbdbd,189,189,189,"(361, 169, 376, 177)",185.32943640986986
251107_231923_0000096905_CAM1_NG_bmp.rf.ee42a4e547e1289c3e9f7d2c97a9ddd2.jpg,incorrect qblock,7,#b3b3b3,179,179,179,"(252, 132, 264, 137)",168.0089283341811
251107_231923_0000096905_CAM1_NG_bmp.rf.ee42a4e547e1289c3e9f7d2c97a9ddd2.jpg,incorrect qblock,8,#afafaf,175,175,175,"(157, 133, 170, 138)",161.0807251039056
251107_231923_0000096905_CAM1_NG_bmp.rf.ee42a4e547e1289c3e9f7d2c97a9ddd2.jpg,incorrect qblock,9,#bcbcbc,188,188,188,"(442, 131, 454, 136)",183.597385602301
251107_231923_0000096905_CAM1_NG_bmp.rf.ee42a4e547e1289c3e9f7d2c97a9ddd2.jpg,incorrect qblock,10,#c0c0c0,192,192,192,"(551, 167, 568, 176)",190.5255888325765
251107_231923_0000096905_CAM1_NG_bmp.rf.ee42a4e547e1289c3e9f7d2c97a9ddd2.jpg,incorrect qblock,11,#c2c2c2,194,194,194,"(537, 130, 550, 135)",193.98969044771425
251010_070153_0000043479_CAM1_NG_bmp.rf.b159a45fa454351ccbbe474c36408bde.jpg,qblock,0,#515151,81,81,81,"(553, 62, 570, 70)",1.7320508075688772
251010_070153_0000043479_CAM1_NG_bmp.rf.b159a45fa454351ccbbe474c36408bde.jpg,qblock,1,#4f4f4f,79,79,79,"(363, 63, 379, 71)",5.196152422706632
251010_070153_0000043479_CAM1_NG_bmp.rf.b159a45fa454351ccbbe474c36408bde.jpg,qblock,2,#4e4e4e,78,78,78,"(268, 64, 284, 72)",6.928203230275509
251010_070153_0000043479_CAM1_NG_bmp.rf.b159a45fa454351ccbbe474c36408bde.jpg,qblock,3,#595959,89,89,89,"(648, 61, 665, 70)",12.12435565298214
251010_070153_0000043479_CAM1_NG_bmp.rf.b159a45fa454351ccbbe474c36408bde.jpg,qblock,4,#515151,81,81,81,"(175, 290, 191, 299)",1.7320508075688772
251010_070153_0000043479_CAM1_NG_bmp.rf.b159a45fa454351ccbbe474c36408bde.jpg,qblock,5,#4e4e4e,78,78,78,"(460, 289, 476, 298)",6.928203230275509
251010_070153_0000043479_CAM1_NG_bmp.rf.b159a45fa454351ccbbe474c36408bde.jpg,qblock,6,#595959,89,89,89,"(458, 62, 475, 71)",12.12435565298214
251010_070153_0000043479_CAM1_NG_bmp.rf.b159a45fa454351ccbbe474c36408bde.jpg,qblock,7,#505050,80,80,80,"(364, 290, 381, 298)",3.4641016151377544
251010_070153_0000043479_CAM1_NG_bmp.rf.b159a45fa454351ccbbe474c36408bde.jpg,qblock,8,#565656,86,86,86,"(269, 290, 285, 299)",6.928203230275509
251010_070153_0000043479_CAM1_NG_bmp.rf.b159a45fa454351ccbbe474c36408bde.jpg,qblock,11,#474747,71,71,71,"(555, 289, 571, 297)",19.05255888325765
251010_070153_0000043479_CAM1_NG_bmp.rf.b159a45fa454351ccbbe474c36408bde.jpg,qblock,12,#4e4e4e,78,78,78,"(650, 288, 666, 297)",6.928203230275509
251010_070153_0000043479_CAM1_NG_bmp.rf.b159a45fa454351ccbbe474c36408bde.jpg,qblock,24,#757575,117,117,117,"(80, 65, 94, 74)",60.6217782649107
251010_070153_0000043479_CAM1_NG_bmp.rf.b159a45fa454351ccbbe474c36408bde.jpg,qblock,25,#5e5e5e,94,94,94,"(173, 64, 190, 73)",20.784609690826528
251010_125659_0000080846_CAM1_NG_bmp.rf.8d834304f1a8b2b8722beb1b2e171924.jpg,qblock,0,#464646,70,70,70,"(647, 81, 663, 89)",20.784609690826528
251010_125659_0000080846_CAM1_NG_bmp.rf.8d834304f1a8b2b8722beb1b2e171924.jpg,qblock,1,#4c4c4c,76,76,76,"(268, 310, 284, 318)",10.392304845413264
251010_125659_0000080846_CAM1_NG_bmp.rf.8d834304f1a8b2b8722beb1b2e171924.jpg,qblock,2,#545454,84,84,84,"(267, 83, 283, 91)",3.4641016151377544
251010_125659_0000080846_CAM1_NG_bmp.rf.8d834304f1a8b2b8722beb1b2e171924.jpg,qblock,3,#555555,85,85,85,"(363, 309, 379, 318)",5.196152422706632
251010_125659_0000080846_CAM1_NG_bmp.rf.8d834304f1a8b2b8722beb1b2e171924.jpg,qblock,4,#515151,81,81,81,"(552, 81, 568, 89)",1.7320508075688772
251010_125659_0000080846_CAM1_NG_bmp.rf.8d834304f1a8b2b8722beb1b2e171924.jpg,qblock,5,#4d4d4d,77,77,77,"(457, 82, 473, 90)",8.660254037844387
251010_125659_0000080846_CAM1_NG_bmp.rf.8d834304f1a8b2b8722beb1b2e171924.jpg,qblock,6,#585858,88,88,88,"(362, 82, 378, 91)",10.392304845413264
251010_125659_0000080846_CAM1_NG_bmp.rf.8d834304f1a8b2b8722beb1b2e171924.jpg,qblock,7,#4d4d4d,77,77,77,"(458, 309, 474, 317)",8.660254037844387
251010_125659_0000080846_CAM1_NG_bmp.rf.8d834304f1a8b2b8722beb1b2e171924.jpg,qblock,8,#474747,71,71,71,"(648, 308, 664, 316)",19.05255888325765
251010_125659_0000080846_CAM1_NG_bmp.rf.8d834304f1a8b2b8722beb1b2e171924.jpg,qblock,9,#535353,83,83,83,"(172, 84, 188, 92)",1.7320508075688772
251010_125659_0000080846_CAM1_NG_bmp.rf.8d834304f1a8b2b8722beb1b2e171924.jpg,qblock,10,#4b4b4b,75,75,75,"(174, 310, 190, 318)",12.12435565298214
251010_125659_0000080846_CAM1_NG_bmp.rf.8d834304f1a8b2b8722beb1b2e171924.jpg,qblock,11,#535353,83,83,83,"(553, 308, 569, 317)",1.7320508075688772
251010_125659_0000080846_CAM1_NG_bmp.rf.8d834304f1a8b2b8722beb1b2e171924.jpg,qblock,13,#404040,64,64,64,"(80, 310, 96, 319)",31.176914536239792
251010_125659_0000080846_CAM1_NG_bmp.rf.8d834304f1a8b2b8722beb1b2e171924.jpg,qblock,23,#4f4f4f,79,79,79,"(79, 84, 95, 93)",5.196152422706632
251107_232209_0000097454_CAM1_NG_bmp.rf.7c54bc56b089511c120d5312c490e518.jpg,incorrect qblock,0,#b8b8b8,184,184,184,"(266, 170, 281, 178)",176.6691823720255
251107_232209_0000097454_CAM1_NG_bmp.rf.7c54bc56b089511c120d5312c490e518.jpg,incorrect qblock,1,#adadad,173,173,173,"(172, 171, 187, 179)",157.61662348876783
251107_232209_0000097454_CAM1_NG_bmp.rf.7c54bc56b089511c120d5312c490e518.jpg,incorrect qblock,2,#c0c0c0,192,192,192,"(361, 169, 376, 177)",190.5255888325765
251107_232209_0000097454_CAM1_NG_bmp.rf.7c54bc56b089511c120d5312c490e518.jpg,incorrect qblock,3,#a6a6a6,166,166,166,"(77, 171, 93, 179)",145.4922678357857
251107_232209_0000097454_CAM1_NG_bmp.rf.7c54bc56b089511c120d5312c490e518.jpg,incorrect qblock,4,#b7b7b7,183,183,183,"(646, 167, 661, 175)",174.9371315644566
251107_232209_0000097454_CAM1_NG_bmp.rf.7c54bc56b089511c120d5312c490e518.jpg,incorrect qblock,5,#bbbbbb,187,187,187,"(346, 132, 359, 137)",181.86533479473212
251107_232209_0000097454_CAM1_NG_bmp.rf.7c54bc56b089511c120d5312c490e518.jpg,incorrect qblock,6,#c2c2c2,194,194,194,"(456, 169, 472, 177)",193.98969044771425
251107_232209_0000097454_CAM1_NG_bmp.rf.7c54bc56b089511c120d5312c490e518.jpg,incorrect qblock,7,#c2c2c2,194,194,194,"(551, 168, 568, 176)",193.98969044771425
251107_232209_0000097454_CAM1_NG_bmp.rf.7c54bc56b089511c120d5312c490e518.jpg,incorrect qblock,8,#bbbbbb,187,187,187,"(251, 132, 264, 137)",181.86533479473212
251107_232209_0000097454_CAM1_NG_bmp.rf.7c54bc56b089511c120d5312c490e518.jpg,incorrect qblock,9,#b2b2b2,178,178,178,"(157, 133, 169, 138)",166.27687752661222
251107_232209_0000097454_CAM1_NG_bmp.rf.7c54bc56b089511c120d5312c490e518.jpg,incorrect qblock,10,#bebebe,190,190,190,"(442, 131, 454, 136)",187.06148721743875
251107_232209_0000097454_CAM1_NG_bmp.rf.7c54bc56b089511c120d5312c490e518.jpg,incorrect qblock,11,#c3c3c3,195,195,195,"(537, 130, 550, 136)",195.72174125528312
251107_232209_0000097454_CAM1_NG_bmp.rf.7c54bc56b089511c120d5312c490e518.jpg,incorrect qblock,12,#b4b4b4,180,180,180,"(632, 130, 644, 135)",169.74097914175
251107_232209_0000097454_CAM1_NG_bmp.rf.7c54bc56b089511c120d5312c490e518.jpg,incorrect qblock,13,#afafaf,175,175,175,"(159, 360, 171, 365)",161.0807251039056
251107_231831_0000096731_CAM1_NG_bmp.rf.7c73c41f8836cc552634426469214a95.jpg,incorrect qblock,0,#b0b0b0,176,176,176,"(266, 170, 281, 178)",162.81277591147446
251107_231831_0000096731_CAM1_NG_bmp.rf.7c73c41f8836cc552634426469214a95.jpg,incorrect qblock,1,#b3b3b3,179,179,179,"(172, 170, 188, 178)",168.0089283341811
251107_231831_0000096731_CAM1_NG_bmp.rf.7c73c41f8836cc552634426469214a95.jpg,incorrect qblock,2,#a6a6a6,166,166,166,"(78, 171, 93, 179)",145.4922678357857
251107_231831_0000096731_CAM1_NG_bmp.rf.7c73c41f8836cc552634426469214a95.jpg,incorrect qblock,3,#b1b1b1,177,177,177,"(646, 167, 662, 175)",164.54482671904336
251107_231831_0000096731_CAM1_NG_bmp.rf.7c73c41f8836cc552634426469214a95.jpg,incorrect qblock,4,#bbbbbb,187,187,187,"(361, 169, 376, 177)",181.86533479473212
251107_231831_0000096731_CAM1_NG_bmp.rf.7c73c41f8836cc552634426469214a95.jpg,incorrect qblock,5,#c6c6c6,198,198,198,"(456, 168, 472, 176)",200.91789367798975
251107_231831_0000096731_CAM1_NG_bmp.rf.7c73c41f8836cc552634426469214a95.jpg,incorrect qblock,6,#b4b4b4,180,180,180,"(347, 132, 359, 136)",169.74097914175
251107_231831_0000096731_CAM1_NG_bmp.rf.7c73c41f8836cc552634426469214a95.jpg,incorrect qblock,7,#b9b9b9,185,185,185,"(252, 132, 264, 137)",178.40123317959436
251107_231831_0000096731_CAM1_NG_bmp.rf.7c73c41f8836cc552634426469214a95.jpg,incorrect qblock,8,#aaaaaa,170,170,170,"(158, 133, 169, 138)",152.4204710660612
251107_231831_0000096731_CAM1_NG_bmp.rf.7c73c41f8836cc552634426469214a95.jpg,incorrect qblock,9,#bdbdbd,189,189,189,"(551, 167, 568, 176)",185.32943640986986
251107_231831_0000096731_CAM1_NG_bmp.rf.7c73c41f8836cc552634426469214a95.jpg,incorrect qblock,10,#c1c1c1,193,193,193,"(537, 130, 550, 135)",192.25763964014538
251107_231831_0000096731_CAM1_NG_bmp.rf.7c73c41f8836cc552634426469214a95.jpg,incorrect qblock,11,#bcbcbc,188,188,188,"(442, 131, 454, 136)",183.597385602301
251107_231831_0000096731_CAM1_NG_bmp.rf.7c73c41f8836cc552634426469214a95.jpg,incorrect qblock,12,#b5b5b5,181,181,181,"(632, 130, 644, 135)",171.47302994931886
251107_232613_0000098264_CAM1_NG_bmp.rf.56196b6e1ccc740e54bd96413ebbf49c.jpg,incorrect qblock,0,#b7b7b7,183,183,183,"(266, 169, 281, 177)",174.9371315644566
251107_232613_0000098264_CAM1_NG_bmp.rf.56196b6e1ccc740e54bd96413ebbf49c.jpg,incorrect qblock,1,#b2b2b2,178,178,178,"(172, 170, 187, 178)",166.27687752661222
251107_232613_0000098264_CAM1_NG_bmp.rf.56196b6e1ccc740e54bd96413ebbf49c.jpg,incorrect qblock,2,#b2b2b2,178,178,178,"(646, 167, 661, 175)",166.27687752661222
251107_232613_0000098264_CAM1_NG_bmp.rf.56196b6e1ccc740e54bd96413ebbf49c.jpg,incorrect qblock,3,#b5b5b5,181,181,181,"(361, 169, 376, 177)",171.47302994931886
251107_232613_0000098264_CAM1_NG_bmp.rf.56196b6e1ccc740e54bd96413ebbf49c.jpg,incorrect qblock,4,#aaaaaa,170,170,170,"(78, 171, 93, 179)",152.4204710660612
251107_232613_0000098264_CAM1_NG_bmp.rf.56196b6e1ccc740e54bd96413ebbf49c.jpg,incorrect qblock,5,#c2c2c2,194,194,194,"(456, 168, 472, 176)",193.98969044771425
251107_232613_0000098264_CAM1_NG_bmp.rf.56196b6e1ccc740e54bd96413ebbf49c.jpg,incorrect qblock,6,#b3b3b3,179,179,179,"(252, 132, 264, 137)",168.0089283341811
251107_232613_0000098264_CAM1_NG_bmp.rf.56196b6e1ccc740e54bd96413ebbf49c.jpg,incorrect qblock,7,#bfbfbf,191,191,191,"(346, 131, 359, 136)",188.79353802500762
251107_232613_0000098264_CAM1_NG_bmp.rf.56196b6e1ccc740e54bd96413ebbf49c.jpg,incorrect qblock,8,#acacac,172,172,172,"(158, 133, 169, 137)",155.88457268119896
251107_232613_0000098264_CAM1_NG_bmp.rf.56196b6e1ccc740e54bd96413ebbf49c.jpg,incorrect qblock,9,#c0c0c0,192,192,192,"(442, 131, 454, 135)",190.5255888325765
251107_232613_0000098264_CAM1_NG_bmp.rf.56196b6e1ccc740e54bd96413ebbf49c.jpg,incorrect qblock,10,#bfbfbf,191,191,191,"(551, 167, 568, 176)",188.79353802500762
251107_232613_0000098264_CAM1_NG_bmp.rf.56196b6e1ccc740e54bd96413ebbf49c.jpg,incorrect qblock,11,#bcbcbc,188,188,188,"(537, 130, 550, 135)",183.597385602301
251010_125614_0000080693_CAM1_NG_bmp.rf.9de8c7d11e6c8f76ed63e5cfd25d1c30.jpg,qblock,0,#5a5a5a,90,90,90,"(267, 109, 283, 118)",13.856406460551018
251010_125614_0000080693_CAM1_NG_bmp.rf.9de8c7d11e6c8f76ed63e5cfd25d1c30.jpg,qblock,1,#5a5a5a,90,90,90,"(172, 110, 188, 119)",13.856406460551018
251010_125614_0000080693_CAM1_NG_bmp.rf.9de8c7d11e6c8f76ed63e5cfd25d1c30.jpg,qblock,2,#5d5d5d,93,93,93,"(552, 107, 568, 116)",19.05255888325765
251010_125614_0000080693_CAM1_NG_bmp.rf.9de8c7d11e6c8f76ed63e5cfd25d1c30.jpg,qblock,3,#505050,80,80,80,"(362, 109, 378, 117)",3.4641016151377544
251010_125614_0000080693_CAM1_NG_bmp.rf.9de8c7d11e6c8f76ed63e5cfd25d1c30.jpg,qblock,5,#4c4c4c,76,76,76,"(648, 107, 664, 115)",10.392304845413264
251010_125614_0000080693_CAM1_NG_bmp.rf.9de8c7d11e6c8f76ed63e5cfd25d1c30.jpg,qblock,6,#434343,67,67,67,"(79, 111, 95, 119)",25.98076211353316
251010_125614_0000080693_CAM1_NG_bmp.rf.9de8c7d11e6c8f76ed63e5cfd25d1c30.jpg,qblock,8,#5a5a5a,90,90,90,"(457, 108, 473, 116)",13.856406460551018
251010_125614_0000080693_CAM1_NG_bmp.rf.9de8c7d11e6c8f76ed63e5cfd25d1c30.jpg,qblock,10,#4f4f4f,79,79,79,"(649, 334, 665, 342)",5.196152422706632
251010_125614_0000080693_CAM1_NG_bmp.rf.9de8c7d11e6c8f76ed63e5cfd25d1c30.jpg,qblock,13,#464646,70,70,70,"(80, 336, 96, 345)",20.784609690826528
251010_125614_0000080693_CAM1_NG_bmp.rf.9de8c7d11e6c8f76ed63e5cfd25d1c30.jpg,qblock,16,#555555,85,85,85,"(174, 336, 190, 344)",5.196152422706632
251010_125614_0000080693_CAM1_NG_bmp.rf.9de8c7d11e6c8f76ed63e5cfd25d1c30.jpg,qblock,17,#5c5c5c,92,92,92,"(458, 335, 475, 343)",17.320508075688775
251010_125614_0000080693_CAM1_NG_bmp.rf.9de8c7d11e6c8f76ed63e5cfd25d1c30.jpg,qblock,19,#595959,89,89,89,"(268, 336, 285, 345)",12.12435565298214
251010_125614_0000080693_CAM1_NG_bmp.rf.9de8c7d11e6c8f76ed63e5cfd25d1c30.jpg,qblock,22,#555555,85,85,85,"(363, 336, 380, 343)",5.196152422706632
251107_232351_0000097794_CAM1_NG_bmp.rf.7385e2d319694689f72760fc22447574.jpg,incorrect qblock,0,#b7b7b7,183,183,183,"(266, 169, 281, 177)",174.9371315644566
251107_232351_0000097794_CAM1_NG_bmp.rf.7385e2d319694689f72760fc22447574.jpg,incorrect qblock,1,#afafaf,175,175,175,"(172, 170, 187, 178)",161.0807251039056
251107_232351_0000097794_CAM1_NG_bmp.rf.7385e2d319694689f72760fc22447574.jpg,incorrect qblock,2,#b8b8b8,184,184,184,"(646, 166, 662, 175)",176.6691823720255
251107_232351_0000097794_CAM1_NG_bmp.rf.7385e2d319694689f72760fc22447574.jpg,incorrect qblock,3,#ababab,171,171,171,"(77, 170, 93, 179)",154.1525218736301
251107_232351_0000097794_CAM1_NG_bmp.rf.7385e2d319694689f72760fc22447574.jpg,incorrect qblock,4,#bfbfbf,191,191,191,"(457, 168, 472, 175)",188.79353802500762
251107_232351_0000097794_CAM1_NG_bmp.rf.7385e2d319694689f72760fc22447574.jpg,incorrect qblock,5,#c3c3c3,195,195,195,"(346, 131, 359, 136)",195.72174125528312
251107_232351_0000097794_CAM1_NG_bmp.rf.7385e2d319694689f72760fc22447574.jpg,incorrect qblock,6,#b6b6b6,182,182,182,"(361, 169, 376, 176)",173.20508075688772
251107_232351_0000097794_CAM1_NG_bmp.rf.7385e2d319694689f72760fc22447574.jpg,incorrect qblock,7,#b2b2b2,178,178,178,"(252, 132, 264, 137)",166.27687752661222
251107_232351_0000097794_CAM1_NG_bmp.rf.7385e2d319694689f72760fc22447574.jpg,incorrect qblock,8,#b2b2b2,178,178,178,"(157, 133, 169, 137)",166.27687752661222
251107_232351_0000097794_CAM1_NG_bmp.rf.7385e2d319694689f72760fc22447574.jpg,incorrect qblock,9,#bbbbbb,187,187,187,"(442, 131, 454, 136)",181.86533479473212
