image_name,class_name,r,g,b,Brightness,Width_in,Height_in,Confidence,hex_color
251010_115514_0000080413_CAM1_NG_bmp.rf.57d6b3e3de4f253b447259ab9624cd03.jpg,qblock,89,89,89,89.0,0.36,0.2025,0.9144,#595959
251010_115514_0000080413_CAM1_NG_bmp.rf.57d6b3e3de4f253b447259ab9624cd03.jpg,qblock,83,83,83,83.0,0.36,0.2025,0.8903,#535353
251010_115514_0000080413_CAM1_NG_bmp.rf.57d6b3e3de4f253b447259ab9624cd03.jpg,qblock,79,79,79,79.0,0.36,0.18,0.883,#4f4f4f
251010_115514_0000080413_CAM1_NG_bmp.rf.57d6b3e3de4f253b447259ab9624cd03.jpg,qblock,88,88,88,88.0,0.36,0.2025,0.8756,#585858
251010_115514_0000080413_CAM1_NG_bmp.rf.57d6b3e3de4f253b447259ab9624cd03.jpg,qblock,88,88,88,88.0,0.3375,0.2025,0.8523,#585858
251010_115514_0000080413_CAM1_NG_bmp.rf.57d6b3e3de4f253b447259ab9624cd03.jpg,qblock,96,96,96,96.0,0.3825,0.2025,0.8454,#606060
251010_115514_0000080413_CAM1_NG_bmp.rf.57d6b3e3de4f253b447259ab9624cd03.jpg,qblock,75,75,75,75.0,0.36,0.2025,0.8301,#4b4b4b
251010_115514_0000080413_CAM1_NG_bmp.rf.57d6b3e3de4f253b447259ab9624cd03.jpg,qblock,71,71,71,71.0,0.36,0.18,0.8241,#474747
251010_115514_0000080413_CAM1_NG_bmp.rf.57d6b3e3de4f253b447259ab9624cd03.jpg,qblock,84,84,84,84.0,0.3825,0.2025,0.8229,#545454
251010_115514_0000080413_CAM1_NG_bmp.rf.57d6b3e3de4f253b447259ab9624cd03.jpg,qblock,81,81,81,81.0,0.36,0.2025,0.8162,#515151
251010_115514_0000080413_CAM1_NG_bmp.rf.57d6b3e3de4f253b447259ab9624cd03.jpg,qblock,95,95,95,95.0,0.36,0.2025,0.7829,#5f5f5f
251010_115514_0000080413_CAM1_NG_bmp.rf.57d6b3e3de4f253b447259ab9624cd03.jpg,qblock,72,72,72,72.0,0.36,0.2025,0.6876,#484848
251010_115514_0000080413_CAM1_NG_bmp.rf.57d6b3e3de4f253b447259ab9624cd03.jpg,qblock,89,89,89,89.0,0.36,0.2025,0.6698,#595959
251010_070221_0000043575_CAM1_NG_bmp.rf.7ac5f1b3f301202772a9c938c788f356.jpg,qblock,89,89,89,89.0,0.3825,0.2025,0.9317,#595959
251010_070221_0000043575_CAM1_NG_bmp.rf.7ac5f1b3f301202772a9c938c788f356.jpg,qblock,74,74,74,74.0,0.36,0.2025,0.9282,#4a4a4a
251010_070221_0000043575_CAM1_NG_bmp.rf.7ac5f1b3f301202772a9c938c788f356.jpg,qblock,88,88,88,88.0,0.3825,0.2025,0.9159,#585858
251010_070221_0000043575_CAM1_NG_bmp.rf.7ac5f1b3f301202772a9c938c788f356.jpg,qblock,77,77,77,77.0,0.36,0.2025,0.9078,#4d4d4d
251010_070221_0000043575_CAM1_NG_bmp.rf.7ac5f1b3f301202772a9c938c788f356.jpg,qblock,92,92,92,92.0,0.36,0.2025,0.9032,#5c5c5c
251010_070221_0000043575_CAM1_NG_bmp.rf.7ac5f1b3f301202772a9c938c788f356.jpg,qblock,89,89,89,89.0,0.3825,0.2025,0.8993,#595959
251010_070221_0000043575_CAM1_NG_bmp.rf.7ac5f1b3f301202772a9c938c788f356.jpg,qblock,75,75,75,75.0,0.36,0.18,0.8859,#4b4b4b
251010_070221_0000043575_CAM1_NG_bmp.rf.7ac5f1b3f301202772a9c938c788f356.jpg,qblock,88,88,88,88.0,0.36,0.2025,0.8794,#585858
251010_070221_0000043575_CAM1_NG_bmp.rf.7ac5f1b3f301202772a9c938c788f356.jpg,qblock,74,74,74,74.0,0.36,0.18,0.8762,#4a4a4a
251010_070221_0000043575_CAM1_NG_bmp.rf.7ac5f1b3f301202772a9c938c788f356.jpg,qblock,85,85,85,85.0,0.3825,0.2025,0.876,#555555
251010_070221_0000043575_CAM1_NG_bmp.rf.7ac5f1b3f301202772a9c938c788f356.jpg,qblock,82,82,82,82.0,0.36,0.2025,0.8658,#525252
251010_070221_0000043575_CAM1_NG_bmp.rf.7ac5f1b3f301202772a9c938c788f356.jpg,qblock,86,86,86,86.0,0.36,0.2025,0.7231,#565656
251107_232048_0000097186_CAM1_NG_bmp.rf.8206efdfa65d9682080ff04229bdbc25.jpg,incorrect qblock,178,178,178,178.0,0.36,0.18,0.8828,#b2b2b2
251107_232048_0000097186_CAM1_NG_bmp.rf.8206efdfa65d9682080ff04229bdbc25.jpg,incorrect qblock,177,177,177,177.0,0.3375,0.18,0.8422,#b1b1b1
251107_232048_0000097186_CAM1_NG_bmp.rf.8206efdfa65d9682080ff04229bdbc25.jpg,incorrect qblock,176,176,176,176.0,0.3375,0.18,0.8252,#b0b0b0
251107_232048_0000097186_CAM1_NG_bmp.rf.8206efdfa65d9682080ff04229bdbc25.jpg,incorrect qblock,161,161,161,161.0,0.36,0.18,0.8236,#a1a1a1
251107_232048_0000097186_CAM1_NG_bmp.rf.8206efdfa65d9682080ff04229bdbc25.jpg,incorrect qblock,192,192,192,192.0,0.36,0.18,0.8039,#c0c0c0
251107_232048_0000097186_CAM1_NG_bmp.rf.8206efdfa65d9682080ff04229bdbc25.jpg,incorrect qblock,191,191,191,191.0,0.3825,0.2025,0.8035,#bfbfbf
251107_232048_0000097186_CAM1_NG_bmp.rf.8206efdfa65d9682080ff04229bdbc25.jpg,incorrect qblock,184,184,184,184.0,0.2475,0.09,0.782,#b8b8b8
251107_232048_0000097186_CAM1_NG_bmp.rf.8206efdfa65d9682080ff04229bdbc25.jpg,incorrect qblock,184,184,184,184.0,0.3375,0.18,0.7188,#b8b8b8
251107_232048_0000097186_CAM1_NG_bmp.rf.8206efdfa65d9682080ff04229bdbc25.jpg,incorrect qblock,180,180,180,180.0,0.27,0.1125,0.6889,#b4b4b4
251107_232048_0000097186_CAM1_NG_bmp.rf.8206efdfa65d9682080ff04229bdbc25.jpg,incorrect qblock,196,196,196,196.0,0.2925,0.09,0.6579,#c4c4c4
251107_232048_0000097186_CAM1_NG_bmp.rf.8206efdfa65d9682080ff04229bdbc25.jpg,incorrect qblock,185,185,185,185.0,0.2925,0.09,0.6578,#b9b9b9
251107_232048_0000097186_CAM1_NG_bmp.rf.8206efdfa65d9682080ff04229bdbc25.jpg,incorrect qblock,178,178,178,178.0,0.27,0.1125,0.6028,#b2b2b2
251107_232048_0000097186_CAM1_NG_bmp.rf.8206efdfa65d9682080ff04229bdbc25.jpg,incorrect qblock,193,193,193,193.0,0.27,0.1125,0.5737,#c1c1c1
251107_232048_0000097186_CAM1_NG_bmp.rf.8206efdfa65d9682080ff04229bdbc25.jpg,incorrect qblock,191,191,191,191.0,0.27,0.135,0.564,#bfbfbf
251107_232357_0000097814_CAM1_NG_bmp.rf.6f26dd44420affbc02773629c58c7907.jpg,incorrect qblock,179,179,179,179.0,0.36,0.18,0.8865,#b3b3b3
251107_232357_0000097814_CAM1_NG_bmp.rf.6f26dd44420affbc02773629c58c7907.jpg,incorrect qblock,179,179,179,179.0,0.3375,0.18,0.8625,#b3b3b3
251107_232357_0000097814_CAM1_NG_bmp.rf.6f26dd44420affbc02773629c58c7907.jpg,incorrect qblock,167,167,167,167.0,0.36,0.2025,0.8085,#a7a7a7
251107_232357_0000097814_CAM1_NG_bmp.rf.6f26dd44420affbc02773629c58c7907.jpg,incorrect qblock,179,179,179,179.0,0.36,0.18,0.8071,#b3b3b3
251107_232357_0000097814_CAM1_NG_bmp.rf.6f26dd44420affbc02773629c58c7907.jpg,incorrect qblock,185,185,185,185.0,0.36,0.18,0.7993,#b9b9b9
251107_232357_0000097814_CAM1_NG_bmp.rf.6f26dd44420affbc02773629c58c7907.jpg,incorrect qblock,198,198,198,198.0,0.36,0.18,0.7466,#c6c6c6
251107_232357_0000097814_CAM1_NG_bmp.rf.6f26dd44420affbc02773629c58c7907.jpg,incorrect qblock,183,183,183,183.0,0.3375,0.18,0.7419,#b7b7b7
251107_232357_0000097814_CAM1_NG_bmp.rf.6f26dd44420affbc02773629c58c7907.jpg,incorrect qblock,184,184,184,184.0,0.27,0.1125,0.734,#b8b8b8
251107_232357_0000097814_CAM1_NG_bmp.rf.6f26dd44420affbc02773629c58c7907.jpg,incorrect qblock,182,182,182,182.0,0.2925,0.1125,0.7196,#b6b6b6
251107_232357_0000097814_CAM1_NG_bmp.rf.6f26dd44420affbc02773629c58c7907.jpg,incorrect qblock,189,189,189,189.0,0.27,0.1125,0.7046,#bdbdbd
251107_232357_0000097814_CAM1_NG_bmp.rf.6f26dd44420affbc02773629c58c7907.jpg,incorrect qblock,178,178,178,178.0,0.27,0.1125,0.68,#b2b2b2
251107_232357_0000097814_CAM1_NG_bmp.rf.6f26dd44420affbc02773629c58c7907.jpg,incorrect qblock,184,184,184,184.0,0.2925,0.09,0.6735,#b8b8b8
251107_232357_0000097814_CAM1_NG_bmp.rf.6f26dd44420affbc02773629c58c7907.jpg,incorrect qblock,192,192,192,192.0,0.27,0.135,0.5971,#c0c0c0
251107_232357_0000097814_CAM1_NG_bmp.rf.6f26dd44420affbc02773629c58c7907.jpg,incorrect qblock,185,185,185,185.0,0.27,0.1125,0.5548,#b9b9b9
251107_231812_0000096669_CAM1_NG_bmp.rf.5743852c9b286e6de8718f01f7fcb48b.jpg,incorrect qblock,182,182,182,182.0,0.36,0.2025,0.8907,#b6b6b6
251107_231812_0000096669_CAM1_NG_bmp.rf.5743852c9b286e6de8718f01f7fcb48b.jpg,incorrect qblock,176,176,176,176.0,0.3375,0.18,0.846,#b0b0b0
251107_231812_0000096669_CAM1_NG_bmp.rf.5743852c9b286e6de8718f01f7fcb48b.jpg,incorrect qblock,175,175,175,175.0,0.3375,0.18,0.8311,#afafaf
251107_231812_0000096669_CAM1_NG_bmp.rf.5743852c9b286e6de8718f01f7fcb48b.jpg,incorrect qblock,156,156,156,156.0,0.36,0.18,0.8173,#9c9c9c
251107_231812_0000096669_CAM1_NG_bmp.rf.5743852c9b286e6de8718f01f7fcb48b.jpg,incorrect qblock,195,195,195,195.0,0.36,0.18,0.8124,#c3c3c3
251107_231812_0000096669_CAM1_NG_bmp.rf.5743852c9b286e6de8718f01f7fcb48b.jpg,incorrect qblock,188,188,188,188.0,0.3825,0.2025,0.7746,#bcbcbc
251107_231812_0000096669_CAM1_NG_bmp.rf.5743852c9b286e6de8718f01f7fcb48b.jpg,incorrect qblock,184,184,184,184.0,0.27,0.09,0.7659,#b8b8b8
251107_231812_0000096669_CAM1_NG_bmp.rf.5743852c9b286e6de8718f01f7fcb48b.jpg,incorrect qblock,173,173,173,173.0,0.27,0.09,0.7153,#adadad
251107_231812_0000096669_CAM1_NG_bmp.rf.5743852c9b286e6de8718f01f7fcb48b.jpg,incorrect qblock,182,182,182,182.0,0.3375,0.1575,0.6922,#b6b6b6
251107_231812_0000096669_CAM1_NG_bmp.rf.5743852c9b286e6de8718f01f7fcb48b.jpg,incorrect qblock,191,191,191,191.0,0.2925,0.1125,0.6529,#bfbfbf
251107_231812_0000096669_CAM1_NG_bmp.rf.5743852c9b286e6de8718f01f7fcb48b.jpg,incorrect qblock,188,188,188,188.0,0.27,0.1125,0.636,#bcbcbc
251107_231812_0000096669_CAM1_NG_bmp.rf.5743852c9b286e6de8718f01f7fcb48b.jpg,incorrect qblock,189,189,189,189.0,0.2925,0.09,0.6161,#bdbdbd
251107_231812_0000096669_CAM1_NG_bmp.rf.5743852c9b286e6de8718f01f7fcb48b.jpg,incorrect qblock,175,175,175,175.0,0.27,0.1125,0.5506,#afafaf
251107_231812_0000096669_CAM1_NG_bmp.rf.5743852c9b286e6de8718f01f7fcb48b.jpg,incorrect qblock,188,188,188,188.0,0.27,0.1125,0.5344,#bcbcbc
251107_232600_0000098221_CAM1_NG_bmp.rf.4b6cc54b2b2254bed086e2010ac29519.jpg,incorrect qblock,183,183,183,183.0,0.3375,0.18,0.8768,#b7b7b7
251107_232600_0000098221_CAM1_NG_bmp.rf.4b6cc54b2b2254bed086e2010ac29519.jpg,incorrect qblock,185,185,185,185.0,0.36,0.2025,0.8722,#b9b9b9
251107_232600_0000098221_CAM1_NG_bmp.rf.4b6cc54b2b2254bed086e2010ac29519.jpg,incorrect qblock,174,174,174,174.0,0.3375,0.18,0.8383,#aeaeae
251107_232600_0000098221_CAM1_NG_bmp.rf.4b6cc54b2b2254bed086e2010ac29519.jpg,incorrect qblock,191,191,191,191.0,0.3825,0.18,0.8118,#bfbfbf
251107_232600_0000098221_CAM1_NG_bmp.rf.4b6cc54b2b2254bed086e2010ac29519.jpg,incorrect qblock,160,160,160,160.0,0.36,0.18,0.7881,#a0a0a0
251107_232600_0000098221_CAM1_NG_bmp.rf.4b6cc54b2b2254bed086e2010ac29519.jpg,incorrect qblock,185,185,185,185.0,0.3375,0.1575,0.7777,#b9b9b9
251107_232600_0000098221_CAM1_NG_bmp.rf.4b6cc54b2b2254bed086e2010ac29519.jpg,incorrect qblock,193,193,193,193.0,0.36,0.18,0.7683,#c1c1c1
251107_232600_0000098221_CAM1_NG_bmp.rf.4b6cc54b2b2254bed086e2010ac29519.jpg,incorrect qblock,176,176,176,176.0,0.2925,0.09,0.7493,#b0b0b0
251107_232600_0000098221_CAM1_NG_bmp.rf.4b6cc54b2b2254bed086e2010ac29519.jpg,incorrect qblock,186,186,186,186.0,0.27,0.1125,0.7409,#bababa
251107_232600_0000098221_CAM1_NG_bmp.rf.4b6cc54b2b2254bed086e2010ac29519.jpg,incorrect qblock,190,190,190,190.0,0.27,0.1125,0.7272,#bebebe
251107_232600_0000098221_CAM1_NG_bmp.rf.4b6cc54b2b2254bed086e2010ac29519.jpg,incorrect qblock,187,187,187,187.0,0.27,0.09,0.6966,#bbbbbb
251107_232600_0000098221_CAM1_NG_bmp.rf.4b6cc54b2b2254bed086e2010ac29519.jpg,incorrect qblock,180,180,180,180.0,0.27,0.1125,0.683,#b4b4b4
251107_232600_0000098221_CAM1_NG_bmp.rf.4b6cc54b2b2254bed086e2010ac29519.jpg,incorrect qblock,182,182,182,182.0,0.27,0.1125,0.6038,#b6b6b6
251107_232600_0000098221_CAM1_NG_bmp.rf.4b6cc54b2b2254bed086e2010ac29519.jpg,incorrect qblock,180,180,180,180.0,0.27,0.1125,0.5987,#b4b4b4
251107_232621_0000098291_CAM1_NG_bmp.rf.af58cd28d7a4e187674f7adf47fc2aba.jpg,incorrect qblock,183,183,183,183.0,0.36,0.2025,0.8759,#b7b7b7
251107_232621_0000098291_CAM1_NG_bmp.rf.af58cd28d7a4e187674f7adf47fc2aba.jpg,incorrect qblock,181,181,181,181.0,0.3375,0.18,0.8695,#b5b5b5
251107_232621_0000098291_CAM1_NG_bmp.rf.af58cd28d7a4e187674f7adf47fc2aba.jpg,incorrect qblock,181,181,181,181.0,0.3375,0.2025,0.8234,#b5b5b5
251107_232621_0000098291_CAM1_NG_bmp.rf.af58cd28d7a4e187674f7adf47fc2aba.jpg,incorrect qblock,187,187,187,187.0,0.27,0.135,0.8014,#bbbbbb
251107_232621_0000098291_CAM1_NG_bmp.rf.af58cd28d7a4e187674f7adf47fc2aba.jpg,incorrect qblock,194,194,194,194.0,0.3375,0.18,0.795,#c2c2c2
251107_232621_0000098291_CAM1_NG_bmp.rf.af58cd28d7a4e187674f7adf47fc2aba.jpg,incorrect qblock,173,173,173,173.0,0.36,0.2025,0.7928,#adadad
251107_232621_0000098291_CAM1_NG_bmp.rf.af58cd28d7a4e187674f7adf47fc2aba.jpg,incorrect qblock,192,192,192,192.0,0.3825,0.18,0.7896,#c0c0c0
251107_232621_0000098291_CAM1_NG_bmp.rf.af58cd28d7a4e187674f7adf47fc2aba.jpg,incorrect qblock,189,189,189,189.0,0.27,0.09,0.719,#bdbdbd
251107_232621_0000098291_CAM1_NG_bmp.rf.af58cd28d7a4e187674f7adf47fc2aba.jpg,incorrect qblock,195,195,195,195.0,0.36,0.1575,0.709,#c3c3c3
251107_232621_0000098291_CAM1_NG_bmp.rf.af58cd28d7a4e187674f7adf47fc2aba.jpg,incorrect qblock,190,190,190,190.0,0.2925,0.1125,0.6954,#bebebe
251107_232621_0000098291_CAM1_NG_bmp.rf.af58cd28d7a4e187674f7adf47fc2aba.jpg,incorrect qblock,178,178,178,178.0,0.27,0.09,0.6811,#b2b2b2
251107_232621_0000098291_CAM1_NG_bmp.rf.af58cd28d7a4e187674f7adf47fc2aba.jpg,incorrect qblock,188,188,188,188.0,0.2925,0.1125,0.6629,#bcbcbc
251107_232621_0000098291_CAM1_NG_bmp.rf.af58cd28d7a4e187674f7adf47fc2aba.jpg,incorrect qblock,170,170,170,170.0,0.27,0.09,0.6415,#aaaaaa
251107_232621_0000098291_CAM1_NG_bmp.rf.af58cd28d7a4e187674f7adf47fc2aba.jpg,incorrect qblock,188,188,188,188.0,0.2925,0.1125,0.6322,#bcbcbc
251010_070221_0000043576_CAM1_NG_bmp.rf.f9407d42d4fce409c527ed1234d68428.jpg,qblock,100,100,100,100.0,0.3825,0.225,0.9371,#646464
251010_070221_0000043576_CAM1_NG_bmp.rf.f9407d42d4fce409c527ed1234d68428.jpg,qblock,87,87,87,87.0,0.36,0.2025,0.9314,#575757
251010_070221_0000043576_CAM1_NG_bmp.rf.f9407d42d4fce409c527ed1234d68428.jpg,qblock,89,89,89,89.0,0.3825,0.2025,0.9285,#595959
251010_070221_0000043576_CAM1_NG_bmp.rf.f9407d42d4fce409c527ed1234d68428.jpg,qblock,87,87,87,87.0,0.3825,0.2025,0.9127,#575757
251010_070221_0000043576_CAM1_NG_bmp.rf.f9407d42d4fce409c527ed1234d68428.jpg,qblock,75,75,75,75.0,0.36,0.18,0.9057,#4b4b4b
251010_070221_0000043576_CAM1_NG_bmp.rf.f9407d42d4fce409c527ed1234d68428.jpg,qblock,80,80,80,80.0,0.36,0.2025,0.905,#505050
251010_070221_0000043576_CAM1_NG_bmp.rf.f9407d42d4fce409c527ed1234d68428.jpg,qblock,83,83,83,83.0,0.3825,0.18,0.8932,#535353
251010_070221_0000043576_CAM1_NG_bmp.rf.f9407d42d4fce409c527ed1234d68428.jpg,qblock,81,81,81,81.0,0.3825,0.18,0.892,#515151
251010_070221_0000043576_CAM1_NG_bmp.rf.f9407d42d4fce409c527ed1234d68428.jpg,qblock,64,64,64,64.0,0.36,0.18,0.8849,#404040
251010_070221_0000043576_CAM1_NG_bmp.rf.f9407d42d4fce409c527ed1234d68428.jpg,qblock,81,81,81,81.0,0.3825,0.2025,0.8794,#515151
251010_070221_0000043576_CAM1_NG_bmp.rf.f9407d42d4fce409c527ed1234d68428.jpg,qblock,74,74,74,74.0,0.36,0.2025,0.8753,#4a4a4a
251010_070221_0000043576_CAM1_NG_bmp.rf.f9407d42d4fce409c527ed1234d68428.jpg,qblock,84,84,84,84.0,0.3375,0.2025,0.8687,#545454
251107_232351_0000097794_CAM1_NG_bmp.rf.7385e2d319694689f72760fc22447574.jpg,incorrect qblock,178,178,178,178.0,0.36,0.18,0.8948,#b2b2b2
251107_232351_0000097794_CAM1_NG_bmp.rf.7385e2d319694689f72760fc22447574.jpg,incorrect qblock,183,183,183,183.0,0.3375,0.18,0.8424,#b7b7b7
251107_232351_0000097794_CAM1_NG_bmp.rf.7385e2d319694689f72760fc22447574.jpg,incorrect qblock,194,194,194,194.0,0.36,0.1575,0.8215,#c2c2c2
251107_232351_0000097794_CAM1_NG_bmp.rf.7385e2d319694689f72760fc22447574.jpg,incorrect qblock,171,171,171,171.0,0.36,0.2025,0.814,#ababab
251107_232351_0000097794_CAM1_NG_bmp.rf.7385e2d319694689f72760fc22447574.jpg,incorrect qblock,180,180,180,180.0,0.27,0.09,0.7899,#b4b4b4
251107_232351_0000097794_CAM1_NG_bmp.rf.7385e2d319694689f72760fc22447574.jpg,incorrect qblock,175,175,175,175.0,0.3375,0.18,0.7674,#afafaf
251107_232351_0000097794_CAM1_NG_bmp.rf.7385e2d319694689f72760fc22447574.jpg,incorrect qblock,189,189,189,189.0,0.36,0.18,0.7308,#bdbdbd
251107_232351_0000097794_CAM1_NG_bmp.rf.7385e2d319694689f72760fc22447574.jpg,incorrect qblock,178,178,178,178.0,0.27,0.09,0.6954,#b2b2b2
251107_232351_0000097794_CAM1_NG_bmp.rf.7385e2d319694689f72760fc22447574.jpg,incorrect qblock,182,182,182,182.0,0.3375,0.1575,0.6827,#b6b6b6
251107_232351_0000097794_CAM1_NG_bmp.rf.7385e2d319694689f72760fc22447574.jpg,incorrect qblock,186,186,186,186.0,0.27,0.1125,0.6419,#bababa
251107_232351_0000097794_CAM1_NG_bmp.rf.7385e2d319694689f72760fc22447574.jpg,incorrect qblock,190,190,190,190.0,0.2925,0.09,0.5958,#bebebe
251107_232351_0000097794_CAM1_NG_bmp.rf.7385e2d319694689f72760fc22447574.jpg,incorrect qblock,194,194,194,194.0,0.27,0.1125,0.5912,#c2c2c2
251107_232351_0000097794_CAM1_NG_bmp.rf.7385e2d319694689f72760fc22447574.jpg,incorrect qblock,180,180,180,180.0,0.2925,0.1125,0.5498,#b4b4b4
251107_231807_0000096653_CAM1_NG_bmp.rf.7c348ead9e0767bebc00c7f0e72d44ec.jpg,incorrect qblock,183,183,183,183.0,0.3375,0.18,0.8729,#b7b7b7
251107_231807_0000096653_CAM1_NG_bmp.rf.7c348ead9e0767bebc00c7f0e72d44ec.jpg,incorrect qblock,185,185,185,185.0,0.36,0.2025,0.8701,#b9b9b9
251107_231807_0000096653_CAM1_NG_bmp.rf.7c348ead9e0767bebc00c7f0e72d44ec.jpg,incorrect qblock,189,189,189,189.0,0.3825,0.2025,0.8321,#bdbdbd
251107_231807_0000096653_CAM1_NG_bmp.rf.7c348ead9e0767bebc00c7f0e72d44ec.jpg,incorrect qblock,176,176,176,176.0,0.3375,0.18,0.8244,#b0b0b0
251107_231807_0000096653_CAM1_NG_bmp.rf.7c348ead9e0767bebc00c7f0e72d44ec.jpg,incorrect qblock,162,162,162,162.0,0.3375,0.18,0.7761,#a2a2a2
251107_231807_0000096653_CAM1_NG_bmp.rf.7c348ead9e0767bebc00c7f0e72d44ec.jpg,incorrect qblock,184,184,184,184.0,0.27,0.1125,0.7608,#b8b8b8
251107_231807_0000096653_CAM1_NG_bmp.rf.7c348ead9e0767bebc00c7f0e72d44ec.jpg,incorrect qblock,193,193,193,193.0,0.36,0.18,0.7599,#c1c1c1
251107_231807_0000096653_CAM1_NG_bmp.rf.7c348ead9e0767bebc00c7f0e72d44ec.jpg,incorrect qblock,183,183,183,183.0,0.3375,0.18,0.7555,#b7b7b7
251107_231807_0000096653_CAM1_NG_bmp.rf.7c348ead9e0767bebc00c7f0e72d44ec.jpg,incorrect qblock,176,176,176,176.0,0.27,0.09,0.7339,#b0b0b0
251107_231807_0000096653_CAM1_NG_bmp.rf.7c348ead9e0767bebc00c7f0e72d44ec.jpg,incorrect qblock,189,189,189,189.0,0.2925,0.09,0.721,#bdbdbd
251107_231807_0000096653_CAM1_NG_bmp.rf.7c348ead9e0767bebc00c7f0e72d44ec.jpg,incorrect qblock,191,191,191,191.0,0.27,0.1125,0.6912,#bfbfbf
251107_231807_0000096653_CAM1_NG_bmp.rf.7c348ead9e0767bebc00c7f0e72d44ec.jpg,incorrect qblock,178,178,178,178.0,0.27,0.1125,0.6659,#b2b2b2
251107_231807_0000096653_CAM1_NG_bmp.rf.7c348ead9e0767bebc00c7f0e72d44ec.jpg,incorrect qblock,184,184,184,184.0,0.27,0.1125,0.6037,#b8b8b8
251107_231807_0000096653_CAM1_NG_bmp.rf.7c348ead9e0767bebc00c7f0e72d44ec.jpg,incorrect qblock,186,186,186,186.0,0.27,0.1125,0.567,#bababa
251107_231827_0000096720_CAM1_NG_bmp.rf.4859b2febbcd2912cbed8afcee870171.jpg,incorrect qblock,175,175,175,175.0,0.3375,0.18,0.8655,#afafaf
251107_231827_0000096720_CAM1_NG_bmp.rf.4859b2febbcd2912cbed8afcee870171.jpg,incorrect qblock,173,173,173,173.0,0.3375,0.18,0.8408,#adadad
251107_231827_0000096720_CAM1_NG_bmp.rf.4859b2febbcd2912cbed8afcee870171.jpg,incorrect qblock,177,177,177,177.0,0.36,0.2025,0.8395,#b1b1b1
251107_231827_0000096720_CAM1_NG_bmp.rf.4859b2febbcd2912cbed8afcee870171.jpg,incorrect qblock,183,183,183,183.0,0.3825,0.18,0.8395,#b7b7b7
251107_231827_0000096720_CAM1_NG_bmp.rf.4859b2febbcd2912cbed8afcee870171.jpg,incorrect qblock,182,182,182,182.0,0.27,0.1125,0.8235,#b6b6b6
251107_231827_0000096720_CAM1_NG_bmp.rf.4859b2febbcd2912cbed8afcee870171.jpg,incorrect qblock,189,189,189,189.0,0.36,0.1575,0.7999,#bdbdbd
251107_231827_0000096720_CAM1_NG_bmp.rf.4859b2febbcd2912cbed8afcee870171.jpg,incorrect qblock,186,186,186,186.0,0.3375,0.18,0.7882,#bababa
251107_231827_0000096720_CAM1_NG_bmp.rf.4859b2febbcd2912cbed8afcee870171.jpg,incorrect qblock,185,185,185,185.0,0.2925,0.1125,0.7714,#b9b9b9
251107_231827_0000096720_CAM1_NG_bmp.rf.4859b2febbcd2912cbed8afcee870171.jpg,incorrect qblock,162,162,162,162.0,0.36,0.2025,0.7499,#a2a2a2
251107_231827_0000096720_CAM1_NG_bmp.rf.4859b2febbcd2912cbed8afcee870171.jpg,incorrect qblock,196,196,196,196.0,0.2925,0.1125,0.7113,#c4c4c4
251107_231827_0000096720_CAM1_NG_bmp.rf.4859b2febbcd2912cbed8afcee870171.jpg,incorrect qblock,185,185,185,185.0,0.27,0.09,0.7049,#b9b9b9
251107_231827_0000096720_CAM1_NG_bmp.rf.4859b2febbcd2912cbed8afcee870171.jpg,incorrect qblock,173,173,173,173.0,0.27,0.09,0.65,#adadad
251107_231827_0000096720_CAM1_NG_bmp.rf.4859b2febbcd2912cbed8afcee870171.jpg,incorrect qblock,183,183,183,183.0,0.27,0.1125,0.631,#b7b7b7
251107_231827_0000096720_CAM1_NG_bmp.rf.4859b2febbcd2912cbed8afcee870171.jpg,incorrect qblock,189,189,189,189.0,0.27,0.1125,0.5458,#bdbdbd
251107_231827_0000096720_CAM1_NG_bmp.rf.4859b2febbcd2912cbed8afcee870171.jpg,incorrect qblock,184,184,184,184.0,0.27,0.135,0.5456,#b8b8b8
251010_115849_0000080435_CAM1_NG_bmp.rf.86ba6bb34567216df123557a0cf207e6.jpg,qblock,96,96,96,96.0,0.36,0.2025,0.9116,#606060
251010_115849_0000080435_CAM1_NG_bmp.rf.86ba6bb34567216df123557a0cf207e6.jpg,qblock,102,102,102,102.0,0.3825,0.18,0.8966,#666666
251010_115849_0000080435_CAM1_NG_bmp.rf.86ba6bb34567216df123557a0cf207e6.jpg,qblock,72,72,72,72.0,0.36,0.2025,0.8812,#484848
251010_115849_0000080435_CAM1_NG_bmp.rf.86ba6bb34567216df123557a0cf207e6.jpg,qblock,94,94,94,94.0,0.36,0.2025,0.8711,#5e5e5e
251010_115849_0000080435_CAM1_NG_bmp.rf.86ba6bb34567216df123557a0cf207e6.jpg,qblock,98,98,98,98.0,0.36,0.18,0.836,#626262
251010_115849_0000080435_CAM1_NG_bmp.rf.86ba6bb34567216df123557a0cf207e6.jpg,qblock,106,106,106,106.0,0.36,0.2025,0.8346,#6a6a6a
251010_115849_0000080435_CAM1_NG_bmp.rf.86ba6bb34567216df123557a0cf207e6.jpg,qblock,100,100,100,100.0,0.3375,0.2025,0.7875,#646464
251010_125650_0000080816_CAM1_NG_bmp.rf.c0c79562c5537889b8958f77bc01287d.jpg,qblock,93,93,93,93.0,0.36,0.18,0.9364,#5d5d5d
251010_125650_0000080816_CAM1_NG_bmp.rf.c0c79562c5537889b8958f77bc01287d.jpg,qblock,78,78,78,78.0,0.36,0.18,0.9346,#4e4e4e
251010_125650_0000080816_CAM1_NG_bmp.rf.c0c79562c5537889b8958f77bc01287d.jpg,qblock,90,90,90,90.0,0.36,0.2025,0.9105,#5a5a5a
251010_125650_0000080816_CAM1_NG_bmp.rf.c0c79562c5537889b8958f77bc01287d.jpg,qblock,88,88,88,88.0,0.36,0.18,0.9057,#585858
251010_125650_0000080816_CAM1_NG_bmp.rf.c0c79562c5537889b8958f77bc01287d.jpg,qblock,87,87,87,87.0,0.36,0.2025,0.9055,#575757
251010_125650_0000080816_CAM1_NG_bmp.rf.c0c79562c5537889b8958f77bc01287d.jpg,qblock,83,83,83,83.0,0.36,0.18,0.8992,#535353
251010_125650_0000080816_CAM1_NG_bmp.rf.c0c79562c5537889b8958f77bc01287d.jpg,qblock,83,83,83,83.0,0.36,0.18,0.897,#535353
251010_125650_0000080816_CAM1_NG_bmp.rf.c0c79562c5537889b8958f77bc01287d.jpg,qblock,96,96,96,96.0,0.36,0.2025,0.8936,#606060
251010_125650_0000080816_CAM1_NG_bmp.rf.c0c79562c5537889b8958f77bc01287d.jpg,qblock,86,86,86,86.0,0.36,0.18,0.8871,#565656
251010_125650_0000080816_CAM1_NG_bmp.rf.c0c79562c5537889b8958f77bc01287d.jpg,qblock,90,90,90,90.0,0.36,0.2025,0.8565,#5a5a5a
251010_125650_0000080816_CAM1_NG_bmp.rf.c0c79562c5537889b8958f77bc01287d.jpg,qblock,87,87,87,87.0,0.36,0.18,0.8502,#575757
251010_125650_0000080816_CAM1_NG_bmp.rf.c0c79562c5537889b8958f77bc01287d.jpg,qblock,75,75,75,75.0,0.3375,0.18,0.8474,#4b4b4b
251010_125650_0000080816_CAM1_NG_bmp.rf.c0c79562c5537889b8958f77bc01287d.jpg,qblock,68,68,68,68.0,0.36,0.18,0.582,#444444
251010_125650_0000080816_CAM1_NG_bmp.rf.c0c79562c5537889b8958f77bc01287d.jpg,qblock,68,68,68,68.0,0.3375,0.2025,0.545,#444444
251107_232342_0000097764_CAM1_NG_bmp.rf.26a562fd2896d1db5886e234874d13dc.jpg,incorrect qblock,184,184,184,184.0,0.36,0.18,0.8894,#b8b8b8
251107_232342_0000097764_CAM1_NG_bmp.rf.26a562fd2896d1db5886e234874d13dc.jpg,incorrect qblock,175,175,175,175.0,0.3375,0.18,0.8774,#afafaf
251107_232342_0000097764_CAM1_NG_bmp.rf.26a562fd2896d1db5886e234874d13dc.jpg,incorrect qblock,165,165,165,165.0,0.36,0.18,0.8224,#a5a5a5
251107_232342_0000097764_CAM1_NG_bmp.rf.26a562fd2896d1db5886e234874d13dc.jpg,incorrect qblock,174,174,174,174.0,0.3375,0.18,0.8103,#aeaeae
251107_232342_0000097764_CAM1_NG_bmp.rf.26a562fd2896d1db5886e234874d13dc.jpg,incorrect qblock,194,194,194,194.0,0.3825,0.2025,0.7926,#c2c2c2
251107_232342_0000097764_CAM1_NG_bmp.rf.26a562fd2896d1db5886e234874d13dc.jpg,incorrect qblock,193,193,193,193.0,0.36,0.18,0.7739,#c1c1c1
251107_232342_0000097764_CAM1_NG_bmp.rf.26a562fd2896d1db5886e234874d13dc.jpg,incorrect qblock,185,185,185,185.0,0.2925,0.1125,0.7377,#b9b9b9
251107_232342_0000097764_CAM1_NG_bmp.rf.26a562fd2896d1db5886e234874d13dc.jpg,incorrect qblock,173,173,173,173.0,0.27,0.09,0.7252,#adadad
251107_232342_0000097764_CAM1_NG_bmp.rf.26a562fd2896d1db5886e234874d13dc.jpg,incorrect qblock,184,184,184,184.0,0.3375,0.18,0.7236,#b8b8b8
251107_232342_0000097764_CAM1_NG_bmp.rf.26a562fd2896d1db5886e234874d13dc.jpg,incorrect qblock,184,184,184,184.0,0.2925,0.09,0.6547,#b8b8b8
251107_232342_0000097764_CAM1_NG_bmp.rf.26a562fd2896d1db5886e234874d13dc.jpg,incorrect qblock,193,193,193,193.0,0.2925,0.09,0.6509,#c1c1c1
251107_232342_0000097764_CAM1_NG_bmp.rf.26a562fd2896d1db5886e234874d13dc.jpg,incorrect qblock,177,177,177,177.0,0.27,0.1125,0.6334,#b1b1b1
251107_232342_0000097764_CAM1_NG_bmp.rf.26a562fd2896d1db5886e234874d13dc.jpg,incorrect qblock,187,187,187,187.0,0.27,0.1125,0.5509,#bbbbbb
251107_232342_0000097764_CAM1_NG_bmp.rf.26a562fd2896d1db5886e234874d13dc.jpg,incorrect qblock,196,196,196,196.0,0.2925,0.1125,0.5037,#c4c4c4
251015_020538_0000434629_CAM1_OK_bmp.rf.4d468f4360b5c6e82fba4096a92ff200.jpg,qblock,76,76,76,76.0,0.36,0.2025,0.8901,#4c4c4c
251015_020538_0000434629_CAM1_OK_bmp.rf.4d468f4360b5c6e82fba4096a92ff200.jpg,qblock,86,86,86,86.0,0.36,0.2025,0.8742,#565656
251015_020538_0000434629_CAM1_OK_bmp.rf.4d468f4360b5c6e82fba4096a92ff200.jpg,qblock,78,78,78,78.0,0.36,0.18,0.8685,#4e4e4e
251015_020538_0000434629_CAM1_OK_bmp.rf.4d468f4360b5c6e82fba4096a92ff200.jpg,qblock,76,76,76,76.0,0.36,0.18,0.8599,#4c4c4c
251015_020538_0000434629_CAM1_OK_bmp.rf.4d468f4360b5c6e82fba4096a92ff200.jpg,qblock,84,84,84,84.0,0.36,0.2025,0.856,#545454
251015_020538_0000434629_CAM1_OK_bmp.rf.4d468f4360b5c6e82fba4096a92ff200.jpg,qblock,74,74,74,74.0,0.36,0.18,0.8488,#4a4a4a
251015_020538_0000434629_CAM1_OK_bmp.rf.4d468f4360b5c6e82fba4096a92ff200.jpg,qblock,80,80,80,80.0,0.36,0.2025,0.8208,#505050
251015_020538_0000434629_CAM1_OK_bmp.rf.4d468f4360b5c6e82fba4096a92ff200.jpg,qblock,79,79,79,79.0,0.36,0.2025,0.7954,#4f4f4f
251015_020538_0000434629_CAM1_OK_bmp.rf.4d468f4360b5c6e82fba4096a92ff200.jpg,qblock,90,90,90,90.0,0.3825,0.2025,0.7854,#5a5a5a
251015_020538_0000434629_CAM1_OK_bmp.rf.4d468f4360b5c6e82fba4096a92ff200.jpg,qblock,72,72,72,72.0,0.36,0.2025,0.7761,#484848
251015_020538_0000434629_CAM1_OK_bmp.rf.4d468f4360b5c6e82fba4096a92ff200.jpg,qblock,88,88,88,88.0,0.36,0.2025,0.7714,#585858
251015_020538_0000434629_CAM1_OK_bmp.rf.4d468f4360b5c6e82fba4096a92ff200.jpg,qblock,68,68,68,68.0,0.3375,0.2025,0.7474,#444444
251015_020538_0000434629_CAM1_OK_bmp.rf.4d468f4360b5c6e82fba4096a92ff200.jpg,qblock,65,65,65,65.0,0.36,0.2025,0.6668,#414141
251015_020538_0000434629_CAM1_OK_bmp.rf.4d468f4360b5c6e82fba4096a92ff200.jpg,qblock,85,85,85,85.0,0.3825,0.2025,0.6522,#555555
251010_070226_0000043592_CAM1_NG_bmp.rf.70696547d1f67f46eb7f6c9bce46d3de.jpg,qblock,75,75,75,75.0,0.36,0.18,0.941,#4b4b4b
251010_070226_0000043592_CAM1_NG_bmp.rf.70696547d1f67f46eb7f6c9bce46d3de.jpg,qblock,94,94,94,94.0,0.3825,0.2025,0.9319,#5e5e5e
251010_070226_0000043592_CAM1_NG_bmp.rf.70696547d1f67f46eb7f6c9bce46d3de.jpg,qblock,80,80,80,80.0,0.36,0.2025,0.9311,#505050
251010_070226_0000043592_CAM1_NG_bmp.rf.70696547d1f67f46eb7f6c9bce46d3de.jpg,qblock,84,84,84,84.0,0.36,0.2025,0.9152,#545454
251010_070226_0000043592_CAM1_NG_bmp.rf.70696547d1f67f46eb7f6c9bce46d3de.jpg,qblock,72,72,72,72.0,0.36,0.18,0.9045,#484848
251010_070226_0000043592_CAM1_NG_bmp.rf.70696547d1f67f46eb7f6c9bce46d3de.jpg,qblock,86,86,86,86.0,0.36,0.2025,0.8992,#565656
251010_070226_0000043592_CAM1_NG_bmp.rf.70696547d1f67f46eb7f6c9bce46d3de.jpg,qblock,86,86,86,86.0,0.3825,0.2025,0.8893,#565656
251010_070226_0000043592_CAM1_NG_bmp.rf.70696547d1f67f46eb7f6c9bce46d3de.jpg,qblock,86,86,86,86.0,0.3825,0.2025,0.8892,#565656
251010_070226_0000043592_CAM1_NG_bmp.rf.70696547d1f67f46eb7f6c9bce46d3de.jpg,qblock,81,81,81,81.0,0.3825,0.2025,0.889,#515151
251010_070226_0000043592_CAM1_NG_bmp.rf.70696547d1f67f46eb7f6c9bce46d3de.jpg,qblock,88,88,88,88.0,0.3825,0.2025,0.8792,#585858
251010_070226_0000043592_CAM1_NG_bmp.rf.70696547d1f67f46eb7f6c9bce46d3de.jpg,qblock,83,83,83,83.0,0.36,0.2025,0.8588,#535353
251010_070226_0000043592_CAM1_NG_bmp.rf.70696547d1f67f46eb7f6c9bce46d3de.jpg,qblock,70,70,70,70.0,0.3375,0.18,0.8562,#464646
251107_232037_0000097151_CAM1_NG_bmp.rf.162bc657ac1667020b156ff731914bd1.jpg,incorrect qblock,180,180,180,180.0,0.3375,0.18,0.8802,#b4b4b4
251107_232037_0000097151_CAM1_NG_bmp.rf.162bc657ac1667020b156ff731914bd1.jpg,incorrect qblock,182,182,182,182.0,0.36,0.2025,0.8581,#b6b6b6
251107_232037_0000097151_CAM1_NG_bmp.rf.162bc657ac1667020b156ff731914bd1.jpg,incorrect qblock,191,191,191,191.0,0.3825,0.2025,0.8284,#bfbfbf
251107_232037_0000097151_CAM1_NG_bmp.rf.162bc657ac1667020b156ff731914bd1.jpg,incorrect qblock,172,172,172,172.0,0.3375,0.18,0.8277,#acacac
251107_232037_0000097151_CAM1_NG_bmp.rf.162bc657ac1667020b156ff731914bd1.jpg,incorrect qblock,193,193,193,193.0,0.36,0.18,0.7966,#c1c1c1
251107_232037_0000097151_CAM1_NG_bmp.rf.162bc657ac1667020b156ff731914bd1.jpg,incorrect qblock,159,159,159,159.0,0.36,0.18,0.7934,#9f9f9f
251107_232037_0000097151_CAM1_NG_bmp.rf.162bc657ac1667020b156ff731914bd1.jpg,incorrect qblock,179,179,179,179.0,0.27,0.135,0.7764,#b3b3b3
251107_232037_0000097151_CAM1_NG_bmp.rf.162bc657ac1667020b156ff731914bd1.jpg,incorrect qblock,180,180,180,180.0,0.3375,0.18,0.7735,#b4b4b4
251107_232037_0000097151_CAM1_NG_bmp.rf.162bc657ac1667020b156ff731914bd1.jpg,incorrect qblock,189,189,189,189.0,0.27,0.135,0.7152,#bdbdbd
251107_232037_0000097151_CAM1_NG_bmp.rf.162bc657ac1667020b156ff731914bd1.jpg,incorrect qblock,182,182,182,182.0,0.2925,0.09,0.6959,#b6b6b6
251107_232037_0000097151_CAM1_NG_bmp.rf.162bc657ac1667020b156ff731914bd1.jpg,incorrect qblock,182,182,182,182.0,0.2925,0.09,0.6821,#b6b6b6
251107_232037_0000097151_CAM1_NG_bmp.rf.162bc657ac1667020b156ff731914bd1.jpg,incorrect qblock,184,184,184,184.0,0.27,0.1125,0.6745,#b8b8b8
251107_232037_0000097151_CAM1_NG_bmp.rf.162bc657ac1667020b156ff731914bd1.jpg,incorrect qblock,170,170,170,170.0,0.27,0.09,0.6254,#aaaaaa
251107_232037_0000097151_CAM1_NG_bmp.rf.162bc657ac1667020b156ff731914bd1.jpg,incorrect qblock,184,184,184,184.0,0.27,0.1125,0.5791,#b8b8b8
251107_231833_0000096738_CAM1_NG_bmp.rf.ebe6e4077bf963581e6b6463527aeaf0.jpg,incorrect qblock,178,178,178,178.0,0.36,0.18,0.8787,#b2b2b2
251107_231833_0000096738_CAM1_NG_bmp.rf.ebe6e4077bf963581e6b6463527aeaf0.jpg,incorrect qblock,180,180,180,180.0,0.3375,0.18,0.8572,#b4b4b4
251107_231833_0000096738_CAM1_NG_bmp.rf.ebe6e4077bf963581e6b6463527aeaf0.jpg,incorrect qblock,178,178,178,178.0,0.3375,0.18,0.8263,#b2b2b2
251107_231833_0000096738_CAM1_NG_bmp.rf.ebe6e4077bf963581e6b6463527aeaf0.jpg,incorrect qblock,157,157,157,157.0,0.36,0.18,0.8258,#9d9d9d
251107_231833_0000096738_CAM1_NG_bmp.rf.ebe6e4077bf963581e6b6463527aeaf0.jpg,incorrect qblock,184,184,184,184.0,0.3825,0.18,0.8004,#b8b8b8
251107_231833_0000096738_CAM1_NG_bmp.rf.ebe6e4077bf963581e6b6463527aeaf0.jpg,incorrect qblock,193,193,193,193.0,0.36,0.18,0.7597,#c1c1c1
251107_231833_0000096738_CAM1_NG_bmp.rf.ebe6e4077bf963581e6b6463527aeaf0.jpg,incorrect qblock,189,189,189,189.0,0.3375,0.18,0.7487,#bdbdbd
251107_231833_0000096738_CAM1_NG_bmp.rf.ebe6e4077bf963581e6b6463527aeaf0.jpg,incorrect qblock,185,185,185,185.0,0.27,0.1125,0.7335,#b9b9b9
251107_231833_0000096738_CAM1_NG_bmp.rf.ebe6e4077bf963581e6b6463527aeaf0.jpg,incorrect qblock,180,180,180,180.0,0.27,0.1125,0.7015,#b4b4b4
251107_231833_0000096738_CAM1_NG_bmp.rf.ebe6e4077bf963581e6b6463527aeaf0.jpg,incorrect qblock,194,194,194,194.0,0.2925,0.1125,0.6976,#c2c2c2
251107_231833_0000096738_CAM1_NG_bmp.rf.ebe6e4077bf963581e6b6463527aeaf0.jpg,incorrect qblock,177,177,177,177.0,0.27,0.1125,0.6964,#b1b1b1
251107_231833_0000096738_CAM1_NG_bmp.rf.ebe6e4077bf963581e6b6463527aeaf0.jpg,incorrect qblock,186,186,186,186.0,0.27,0.09,0.6722,#bababa
251107_231833_0000096738_CAM1_NG_bmp.rf.ebe6e4077bf963581e6b6463527aeaf0.jpg,incorrect qblock,191,191,191,191.0,0.2925,0.1125,0.5983,#bfbfbf
251107_231833_0000096738_CAM1_NG_bmp.rf.ebe6e4077bf963581e6b6463527aeaf0.jpg,incorrect qblock,192,192,192,192.0,0.27,0.1125,0.526,#c0c0c0
251010_125638_0000080773_CAM1_NG_bmp.rf.8f2e8c9761f133550a37a837f5dc366a.jpg,qblock,87,87,87,87.0,0.36,0.2025,0.9377,#575757
251010_125638_0000080773_CAM1_NG_bmp.rf.8f2e8c9761f133550a37a837f5dc366a.jpg,qblock,73,73,73,73.0,0.36,0.18,0.9245,#494949
251010_125638_0000080773_CAM1_NG_bmp.rf.8f2e8c9761f133550a37a837f5dc366a.jpg,qblock,87,87,87,87.0,0.36,0.2025,0.9236,#575757
251010_125638_0000080773_CAM1_NG_bmp.rf.8f2e8c9761f133550a37a837f5dc366a.jpg,qblock,83,83,83,83.0,0.36,0.2025,0.9206,#535353
251010_125638_0000080773_CAM1_NG_bmp.rf.8f2e8c9761f133550a37a837f5dc366a.jpg,qblock,80,80,80,80.0,0.36,0.18,0.9071,#505050
251010_125638_0000080773_CAM1_NG_bmp.rf.8f2e8c9761f133550a37a837f5dc366a.jpg,qblock,80,80,80,80.0,0.36,0.18,0.9058,#505050
251010_125638_0000080773_CAM1_NG_bmp.rf.8f2e8c9761f133550a37a837f5dc366a.jpg,qblock,92,92,92,92.0,0.36,0.2025,0.8962,#5c5c5c
251010_125638_0000080773_CAM1_NG_bmp.rf.8f2e8c9761f133550a37a837f5dc366a.jpg,qblock,80,80,80,80.0,0.36,0.18,0.8925,#505050
251010_125638_0000080773_CAM1_NG_bmp.rf.8f2e8c9761f133550a37a837f5dc366a.jpg,qblock,87,87,87,87.0,0.36,0.18,0.888,#575757
251010_125638_0000080773_CAM1_NG_bmp.rf.8f2e8c9761f133550a37a837f5dc366a.jpg,qblock,68,68,68,68.0,0.3375,0.18,0.8641,#444444
251010_125638_0000080773_CAM1_NG_bmp.rf.8f2e8c9761f133550a37a837f5dc366a.jpg,qblock,79,79,79,79.0,0.36,0.18,0.8439,#4f4f4f
251010_125638_0000080773_CAM1_NG_bmp.rf.8f2e8c9761f133550a37a837f5dc366a.jpg,qblock,81,81,81,81.0,0.36,0.18,0.8187,#515151
251010_125638_0000080773_CAM1_NG_bmp.rf.8f2e8c9761f133550a37a837f5dc366a.jpg,qblock,61,61,61,61.0,0.36,0.18,0.6564,#3d3d3d
251010_125638_0000080773_CAM1_NG_bmp.rf.8f2e8c9761f133550a37a837f5dc366a.jpg,qblock,74,74,74,74.0,0.3375,0.2025,0.6004,#4a4a4a
251107_231856_0000096816_CAM1_NG_bmp.rf.8a4209bd5b7e9985db3cb9cf760e63d9.jpg,incorrect qblock,181,181,181,181.0,0.3375,0.2025,0.8721,#b5b5b5
251107_231856_0000096816_CAM1_NG_bmp.rf.8a4209bd5b7e9985db3cb9cf760e63d9.jpg,incorrect qblock,180,180,180,180.0,0.36,0.2025,0.8567,#b4b4b4
251107_231856_0000096816_CAM1_NG_bmp.rf.8a4209bd5b7e9985db3cb9cf760e63d9.jpg,incorrect qblock,173,173,173,173.0,0.3375,0.18,0.841,#adadad
251107_231856_0000096816_CAM1_NG_bmp.rf.8a4209bd5b7e9985db3cb9cf760e63d9.jpg,incorrect qblock,185,185,185,185.0,0.36,0.2025,0.8355,#b9b9b9
251107_231856_0000096816_CAM1_NG_bmp.rf.8a4209bd5b7e9985db3cb9cf760e63d9.jpg,incorrect qblock,189,189,189,189.0,0.27,0.1125,0.8102,#bdbdbd
251107_231856_0000096816_CAM1_NG_bmp.rf.8a4209bd5b7e9985db3cb9cf760e63d9.jpg,incorrect qblock,194,194,194,194.0,0.36,0.18,0.7869,#c2c2c2
251107_231856_0000096816_CAM1_NG_bmp.rf.8a4209bd5b7e9985db3cb9cf760e63d9.jpg,incorrect qblock,186,186,186,186.0,0.3375,0.18,0.7826,#bababa
251107_231856_0000096816_CAM1_NG_bmp.rf.8a4209bd5b7e9985db3cb9cf760e63d9.jpg,incorrect qblock,156,156,156,156.0,0.36,0.18,0.7737,#9c9c9c
251107_231856_0000096816_CAM1_NG_bmp.rf.8a4209bd5b7e9985db3cb9cf760e63d9.jpg,incorrect qblock,189,189,189,189.0,0.27,0.1125,0.763,#bdbdbd
251107_231856_0000096816_CAM1_NG_bmp.rf.8a4209bd5b7e9985db3cb9cf760e63d9.jpg,incorrect qblock,194,194,194,194.0,0.2925,0.1125,0.7233,#c2c2c2
251107_231856_0000096816_CAM1_NG_bmp.rf.8a4209bd5b7e9985db3cb9cf760e63d9.jpg,incorrect qblock,189,189,189,189.0,0.27,0.1125,0.7042,#bdbdbd
251107_231856_0000096816_CAM1_NG_bmp.rf.8a4209bd5b7e9985db3cb9cf760e63d9.jpg,incorrect qblock,197,197,197,197.0,0.2925,0.1125,0.6742,#c5c5c5
251107_231856_0000096816_CAM1_NG_bmp.rf.8a4209bd5b7e9985db3cb9cf760e63d9.jpg,incorrect qblock,186,186,186,186.0,0.27,0.1125,0.6671,#bababa
251107_231856_0000096816_CAM1_NG_bmp.rf.8a4209bd5b7e9985db3cb9cf760e63d9.jpg,incorrect qblock,184,184,184,184.0,0.27,0.1125,0.6571,#b8b8b8
251107_231856_0000096816_CAM1_NG_bmp.rf.8a4209bd5b7e9985db3cb9cf760e63d9.jpg,incorrect qblock,180,180,180,180.0,0.27,0.1125,0.6441,#b4b4b4
251107_231856_0000096816_CAM1_NG_bmp.rf.8a4209bd5b7e9985db3cb9cf760e63d9.jpg,incorrect qblock,173,173,173,173.0,0.2925,0.09,0.6067,#adadad
251107_231856_0000096816_CAM1_NG_bmp.rf.8a4209bd5b7e9985db3cb9cf760e63d9.jpg,incorrect qblock,187,187,187,187.0,0.27,0.1125,0.5722,#bbbbbb
251107_231856_0000096816_CAM1_NG_bmp.rf.8a4209bd5b7e9985db3cb9cf760e63d9.jpg,incorrect qblock,178,178,178,178.0,0.2925,0.1125,0.5468,#b2b2b2
251107_232103_0000097235_CAM1_NG_bmp.rf.2247ce984c2c55c5dd109c09b50b7e09.jpg,incorrect qblock,182,182,182,182.0,0.36,0.18,0.8874,#b6b6b6
251107_232103_0000097235_CAM1_NG_bmp.rf.2247ce984c2c55c5dd109c09b50b7e09.jpg,incorrect qblock,185,185,185,185.0,0.3375,0.18,0.8588,#b9b9b9
251107_232103_0000097235_CAM1_NG_bmp.rf.2247ce984c2c55c5dd109c09b50b7e09.jpg,incorrect qblock,170,170,170,170.0,0.36,0.2025,0.8192,#aaaaaa
251107_232103_0000097235_CAM1_NG_bmp.rf.2247ce984c2c55c5dd109c09b50b7e09.jpg,incorrect qblock,198,198,198,198.0,0.3825,0.2025,0.779,#c6c6c6
251107_232103_0000097235_CAM1_NG_bmp.rf.2247ce984c2c55c5dd109c09b50b7e09.jpg,incorrect qblock,180,180,180,180.0,0.3375,0.2025,0.7678,#b4b4b4
251107_232103_0000097235_CAM1_NG_bmp.rf.2247ce984c2c55c5dd109c09b50b7e09.jpg,incorrect qblock,201,201,201,201.0,0.36,0.18,0.7653,#c9c9c9
251107_232103_0000097235_CAM1_NG_bmp.rf.2247ce984c2c55c5dd109c09b50b7e09.jpg,incorrect qblock,184,184,184,184.0,0.27,0.1125,0.7597,#b8b8b8
251107_232103_0000097235_CAM1_NG_bmp.rf.2247ce984c2c55c5dd109c09b50b7e09.jpg,incorrect qblock,175,175,175,175.0,0.27,0.09,0.7472,#afafaf
251107_232103_0000097235_CAM1_NG_bmp.rf.2247ce984c2c55c5dd109c09b50b7e09.jpg,incorrect qblock,193,193,193,193.0,0.3375,0.18,0.737,#c1c1c1
251107_232103_0000097235_CAM1_NG_bmp.rf.2247ce984c2c55c5dd109c09b50b7e09.jpg,incorrect qblock,190,190,190,190.0,0.2925,0.09,0.6455,#bebebe
251107_232103_0000097235_CAM1_NG_bmp.rf.2247ce984c2c55c5dd109c09b50b7e09.jpg,incorrect qblock,180,180,180,180.0,0.27,0.09,0.6331,#b4b4b4
251107_232103_0000097235_CAM1_NG_bmp.rf.2247ce984c2c55c5dd109c09b50b7e09.jpg,incorrect qblock,182,182,182,182.0,0.2925,0.1125,0.6184,#b6b6b6
251107_232103_0000097235_CAM1_NG_bmp.rf.2247ce984c2c55c5dd109c09b50b7e09.jpg,incorrect qblock,198,198,198,198.0,0.2925,0.135,0.5691,#c6c6c6
251107_232103_0000097235_CAM1_NG_bmp.rf.2247ce984c2c55c5dd109c09b50b7e09.jpg,incorrect qblock,190,190,190,190.0,0.27,0.1125,0.5018,#bebebe
251010_125629_0000080742_CAM1_NG_bmp.rf.42bdcc4beff6c80adf09aa4c36573c8c.jpg,qblock,92,92,92,92.0,0.3825,0.18,0.921,#5c5c5c
251010_125629_0000080742_CAM1_NG_bmp.rf.42bdcc4beff6c80adf09aa4c36573c8c.jpg,qblock,93,93,93,93.0,0.36,0.2025,0.921,#5d5d5d
251010_125629_0000080742_CAM1_NG_bmp.rf.42bdcc4beff6c80adf09aa4c36573c8c.jpg,qblock,84,84,84,84.0,0.3825,0.18,0.9209,#545454
251010_125629_0000080742_CAM1_NG_bmp.rf.42bdcc4beff6c80adf09aa4c36573c8c.jpg,qblock,89,89,89,89.0,0.36,0.18,0.9118,#595959
251010_125629_0000080742_CAM1_NG_bmp.rf.42bdcc4beff6c80adf09aa4c36573c8c.jpg,qblock,81,81,81,81.0,0.36,0.18,0.9,#515151
251010_125629_0000080742_CAM1_NG_bmp.rf.42bdcc4beff6c80adf09aa4c36573c8c.jpg,qblock,84,84,84,84.0,0.36,0.18,0.8983,#545454
251010_125629_0000080742_CAM1_NG_bmp.rf.42bdcc4beff6c80adf09aa4c36573c8c.jpg,qblock,92,92,92,92.0,0.36,0.2025,0.8851,#5c5c5c
251010_125629_0000080742_CAM1_NG_bmp.rf.42bdcc4beff6c80adf09aa4c36573c8c.jpg,qblock,97,97,97,97.0,0.3825,0.2025,0.8724,#616161
251010_125629_0000080742_CAM1_NG_bmp.rf.42bdcc4beff6c80adf09aa4c36573c8c.jpg,qblock,84,84,84,84.0,0.3375,0.2025,0.8625,#545454
251010_125629_0000080742_CAM1_NG_bmp.rf.42bdcc4beff6c80adf09aa4c36573c8c.jpg,qblock,87,87,87,87.0,0.36,0.2025,0.8547,#575757
251010_125629_0000080742_CAM1_NG_bmp.rf.42bdcc4beff6c80adf09aa4c36573c8c.jpg,qblock,72,72,72,72.0,0.36,0.2025,0.5777,#484848
251010_125629_0000080742_CAM1_NG_bmp.rf.42bdcc4beff6c80adf09aa4c36573c8c.jpg,qblock,63,63,63,63.0,0.36,0.18,0.5662,#3f3f3f
251010_201457_0000147657_CAM1_NG_bmp.rf.49e62eb33c6995471bb166bac53500e6.jpg,qblock,92,92,92,92.0,0.3825,0.2025,0.8986,#5c5c5c
251010_201457_0000147657_CAM1_NG_bmp.rf.49e62eb33c6995471bb166bac53500e6.jpg,qblock,87,87,87,87.0,0.3825,0.2025,0.8916,#575757
251010_201457_0000147657_CAM1_NG_bmp.rf.49e62eb33c6995471bb166bac53500e6.jpg,qblock,80,80,80,80.0,0.36,0.2025,0.8777,#505050
251010_201457_0000147657_CAM1_NG_bmp.rf.49e62eb33c6995471bb166bac53500e6.jpg,qblock,93,93,93,93.0,0.3825,0.2025,0.8766,#5d5d5d
251010_201457_0000147657_CAM1_NG_bmp.rf.49e62eb33c6995471bb166bac53500e6.jpg,qblock,85,85,85,85.0,0.36,0.2025,0.8488,#555555
251010_201457_0000147657_CAM1_NG_bmp.rf.49e62eb33c6995471bb166bac53500e6.jpg,qblock,86,86,86,86.0,0.3825,0.2025,0.8472,#565656
251010_201457_0000147657_CAM1_NG_bmp.rf.49e62eb33c6995471bb166bac53500e6.jpg,qblock,80,80,80,80.0,0.36,0.2025,0.8452,#505050
251010_201457_0000147657_CAM1_NG_bmp.rf.49e62eb33c6995471bb166bac53500e6.jpg,qblock,85,85,85,85.0,0.3825,0.2025,0.8423,#555555
251010_201457_0000147657_CAM1_NG_bmp.rf.49e62eb33c6995471bb166bac53500e6.jpg,qblock,93,93,93,93.0,0.3825,0.2025,0.8127,#5d5d5d
251010_201457_0000147657_CAM1_NG_bmp.rf.49e62eb33c6995471bb166bac53500e6.jpg,qblock,86,86,86,86.0,0.3825,0.2025,0.8097,#565656
251010_201457_0000147657_CAM1_NG_bmp.rf.49e62eb33c6995471bb166bac53500e6.jpg,qblock,82,82,82,82.0,0.36,0.2025,0.7623,#525252
251010_070231_0000043610_CAM1_NG_bmp.rf.5d9c86c25cb3d606c577d43c5b0dbe94.jpg,qblock,92,92,92,92.0,0.3825,0.2025,0.9396,#5c5c5c
251010_070231_0000043610_CAM1_NG_bmp.rf.5d9c86c25cb3d606c577d43c5b0dbe94.jpg,qblock,93,93,93,93.0,0.3825,0.2025,0.9271,#5d5d5d
251010_070231_0000043610_CAM1_NG_bmp.rf.5d9c86c25cb3d606c577d43c5b0dbe94.jpg,qblock,80,80,80,80.0,0.36,0.2025,0.9052,#505050
251010_070231_0000043610_CAM1_NG_bmp.rf.5d9c86c25cb3d606c577d43c5b0dbe94.jpg,qblock,84,84,84,84.0,0.36,0.2025,0.8974,#545454
251010_070231_0000043610_CAM1_NG_bmp.rf.5d9c86c25cb3d606c577d43c5b0dbe94.jpg,qblock,82,82,82,82.0,0.3825,0.18,0.8922,#525252
251010_070231_0000043610_CAM1_NG_bmp.rf.5d9c86c25cb3d606c577d43c5b0dbe94.jpg,qblock,88,88,88,88.0,0.3825,0.2025,0.8899,#585858
251010_070231_0000043610_CAM1_NG_bmp.rf.5d9c86c25cb3d606c577d43c5b0dbe94.jpg,qblock,76,76,76,76.0,0.36,0.18,0.8899,#4c4c4c
251010_070231_0000043610_CAM1_NG_bmp.rf.5d9c86c25cb3d606c577d43c5b0dbe94.jpg,qblock,66,66,66,66.0,0.36,0.18,0.8881,#424242
251010_070231_0000043610_CAM1_NG_bmp.rf.5d9c86c25cb3d606c577d43c5b0dbe94.jpg,qblock,73,73,73,73.0,0.36,0.2025,0.888,#494949
251010_070231_0000043610_CAM1_NG_bmp.rf.5d9c86c25cb3d606c577d43c5b0dbe94.jpg,qblock,81,81,81,81.0,0.3825,0.2025,0.8701,#515151
251010_070231_0000043610_CAM1_NG_bmp.rf.5d9c86c25cb3d606c577d43c5b0dbe94.jpg,qblock,75,75,75,75.0,0.36,0.2025,0.8678,#4b4b4b
251010_070231_0000043610_CAM1_NG_bmp.rf.5d9c86c25cb3d606c577d43c5b0dbe94.jpg,qblock,74,74,74,74.0,0.36,0.18,0.5828,#4a4a4a
251010_124907_0000080558_CAM1_NG_bmp.rf.d0ed17866a0ebe4642072c5294850992.jpg,qblock,95,95,95,95.0,0.3825,0.2025,0.9397,#5f5f5f
251010_124907_0000080558_CAM1_NG_bmp.rf.d0ed17866a0ebe4642072c5294850992.jpg,qblock,82,82,82,82.0,0.3825,0.18,0.9395,#525252
251010_124907_0000080558_CAM1_NG_bmp.rf.d0ed17866a0ebe4642072c5294850992.jpg,qblock,98,98,98,98.0,0.3825,0.2025,0.9309,#626262
251010_124907_0000080558_CAM1_NG_bmp.rf.d0ed17866a0ebe4642072c5294850992.jpg,qblock,96,96,96,96.0,0.36,0.2025,0.9139,#606060
251010_124907_0000080558_CAM1_NG_bmp.rf.d0ed17866a0ebe4642072c5294850992.jpg,qblock,82,82,82,82.0,0.36,0.18,0.9058,#525252
251010_124907_0000080558_CAM1_NG_bmp.rf.d0ed17866a0ebe4642072c5294850992.jpg,qblock,92,92,92,92.0,0.36,0.2025,0.9011,#5c5c5c
251010_124907_0000080558_CAM1_NG_bmp.rf.d0ed17866a0ebe4642072c5294850992.jpg,qblock,83,83,83,83.0,0.36,0.18,0.8996,#535353
251010_124907_0000080558_CAM1_NG_bmp.rf.d0ed17866a0ebe4642072c5294850992.jpg,qblock,88,88,88,88.0,0.36,0.2025,0.8782,#585858
251010_124907_0000080558_CAM1_NG_bmp.rf.d0ed17866a0ebe4642072c5294850992.jpg,qblock,89,89,89,89.0,0.36,0.2025,0.87,#595959
251010_124907_0000080558_CAM1_NG_bmp.rf.d0ed17866a0ebe4642072c5294850992.jpg,qblock,78,78,78,78.0,0.36,0.18,0.8423,#4e4e4e
251010_124907_0000080558_CAM1_NG_bmp.rf.d0ed17866a0ebe4642072c5294850992.jpg,qblock,63,63,63,63.0,0.36,0.18,0.8104,#3f3f3f
251010_124907_0000080558_CAM1_NG_bmp.rf.d0ed17866a0ebe4642072c5294850992.jpg,qblock,86,86,86,86.0,0.36,0.18,0.8052,#565656
251010_124907_0000080558_CAM1_NG_bmp.rf.d0ed17866a0ebe4642072c5294850992.jpg,qblock,84,84,84,84.0,0.36,0.2025,0.8019,#545454
251010_124907_0000080558_CAM1_NG_bmp.rf.d0ed17866a0ebe4642072c5294850992.jpg,qblock,69,69,69,69.0,0.36,0.2025,0.7924,#454545
251107_232212_0000097464_CAM1_NG_bmp.rf.5756a14a994d3f1f58a08d97cd5b2eb4.jpg,incorrect qblock,182,182,182,182.0,0.36,0.2025,0.8717,#b6b6b6
251107_232212_0000097464_CAM1_NG_bmp.rf.5756a14a994d3f1f58a08d97cd5b2eb4.jpg,incorrect qblock,181,181,181,181.0,0.3375,0.18,0.8528,#b5b5b5
251107_232212_0000097464_CAM1_NG_bmp.rf.5756a14a994d3f1f58a08d97cd5b2eb4.jpg,incorrect qblock,166,166,166,166.0,0.36,0.18,0.8276,#a6a6a6
251107_232212_0000097464_CAM1_NG_bmp.rf.5756a14a994d3f1f58a08d97cd5b2eb4.jpg,incorrect qblock,190,190,190,190.0,0.3825,0.18,0.8255,#bebebe
251107_232212_0000097464_CAM1_NG_bmp.rf.5756a14a994d3f1f58a08d97cd5b2eb4.jpg,incorrect qblock,182,182,182,182.0,0.3375,0.2025,0.7964,#b6b6b6
251107_232212_0000097464_CAM1_NG_bmp.rf.5756a14a994d3f1f58a08d97cd5b2eb4.jpg,incorrect qblock,182,182,182,182.0,0.27,0.135,0.7777,#b6b6b6
251107_232212_0000097464_CAM1_NG_bmp.rf.5756a14a994d3f1f58a08d97cd5b2eb4.jpg,incorrect qblock,191,191,191,191.0,0.36,0.18,0.7629,#bfbfbf
251107_232212_0000097464_CAM1_NG_bmp.rf.5756a14a994d3f1f58a08d97cd5b2eb4.jpg,incorrect qblock,176,176,176,176.0,0.27,0.09,0.7531,#b0b0b0
251107_232212_0000097464_CAM1_NG_bmp.rf.5756a14a994d3f1f58a08d97cd5b2eb4.jpg,incorrect qblock,187,187,187,187.0,0.3375,0.18,0.7453,#bbbbbb
251107_232212_0000097464_CAM1_NG_bmp.rf.5756a14a994d3f1f58a08d97cd5b2eb4.jpg,incorrect qblock,194,194,194,194.0,0.2925,0.1125,0.7054,#c2c2c2
251107_232212_0000097464_CAM1_NG_bmp.rf.5756a14a994d3f1f58a08d97cd5b2eb4.jpg,incorrect qblock,188,188,188,188.0,0.27,0.09,0.6896,#bcbcbc
251107_232212_0000097464_CAM1_NG_bmp.rf.5756a14a994d3f1f58a08d97cd5b2eb4.jpg,incorrect qblock,168,168,168,168.0,0.27,0.09,0.6571,#a8a8a8
251107_232212_0000097464_CAM1_NG_bmp.rf.5756a14a994d3f1f58a08d97cd5b2eb4.jpg,incorrect qblock,186,186,186,186.0,0.27,0.1125,0.6167,#bababa
251107_232212_0000097464_CAM1_NG_bmp.rf.5756a14a994d3f1f58a08d97cd5b2eb4.jpg,incorrect qblock,190,190,190,190.0,0.2925,0.1125,0.5658,#bebebe
251010_125642_0000080787_CAM1_NG_bmp.rf.2ad6eef5f2a33bf9e01b4fabed76eaf9.jpg,qblock,94,94,94,94.0,0.36,0.2025,0.9453,#5e5e5e
251010_125642_0000080787_CAM1_NG_bmp.rf.2ad6eef5f2a33bf9e01b4fabed76eaf9.jpg,qblock,79,79,79,79.0,0.36,0.18,0.9309,#4f4f4f
251010_125642_0000080787_CAM1_NG_bmp.rf.2ad6eef5f2a33bf9e01b4fabed76eaf9.jpg,qblock,89,89,89,89.0,0.36,0.18,0.9298,#595959
251010_125642_0000080787_CAM1_NG_bmp.rf.2ad6eef5f2a33bf9e01b4fabed76eaf9.jpg,qblock,71,71,71,71.0,0.36,0.18,0.9189,#474747
251010_125642_0000080787_CAM1_NG_bmp.rf.2ad6eef5f2a33bf9e01b4fabed76eaf9.jpg,qblock,81,81,81,81.0,0.36,0.18,0.9072,#515151
251010_125642_0000080787_CAM1_NG_bmp.rf.2ad6eef5f2a33bf9e01b4fabed76eaf9.jpg,qblock,91,91,91,91.0,0.36,0.2025,0.9006,#5b5b5b
251010_125642_0000080787_CAM1_NG_bmp.rf.2ad6eef5f2a33bf9e01b4fabed76eaf9.jpg,qblock,87,87,87,87.0,0.36,0.18,0.8956,#575757
251010_125642_0000080787_CAM1_NG_bmp.rf.2ad6eef5f2a33bf9e01b4fabed76eaf9.jpg,qblock,80,80,80,80.0,0.36,0.18,0.8932,#505050
251010_125642_0000080787_CAM1_NG_bmp.rf.2ad6eef5f2a33bf9e01b4fabed76eaf9.jpg,qblock,85,85,85,85.0,0.36,0.18,0.8829,#555555
251010_125642_0000080787_CAM1_NG_bmp.rf.2ad6eef5f2a33bf9e01b4fabed76eaf9.jpg,qblock,77,77,77,77.0,0.36,0.18,0.8582,#4d4d4d
251010_125642_0000080787_CAM1_NG_bmp.rf.2ad6eef5f2a33bf9e01b4fabed76eaf9.jpg,qblock,80,80,80,80.0,0.3375,0.18,0.8559,#505050
251010_125642_0000080787_CAM1_NG_bmp.rf.2ad6eef5f2a33bf9e01b4fabed76eaf9.jpg,qblock,82,82,82,82.0,0.36,0.18,0.8339,#525252
251010_125642_0000080787_CAM1_NG_bmp.rf.2ad6eef5f2a33bf9e01b4fabed76eaf9.jpg,qblock,69,69,69,69.0,0.36,0.18,0.6564,#454545
251010_132054_0000083827_CAM1_NG_bmp.rf.ea16910ff5c4d6919e68f74471ff07fb.jpg,qblock,92,92,92,92.0,0.3825,0.2025,0.9128,#5c5c5c
251010_132054_0000083827_CAM1_NG_bmp.rf.ea16910ff5c4d6919e68f74471ff07fb.jpg,qblock,90,90,90,90.0,0.3825,0.2025,0.9059,#5a5a5a
251010_132054_0000083827_CAM1_NG_bmp.rf.ea16910ff5c4d6919e68f74471ff07fb.jpg,qblock,86,86,86,86.0,0.3825,0.18,0.8927,#565656
251010_132054_0000083827_CAM1_NG_bmp.rf.ea16910ff5c4d6919e68f74471ff07fb.jpg,qblock,89,89,89,89.0,0.3825,0.2025,0.8898,#595959
251010_132054_0000083827_CAM1_NG_bmp.rf.ea16910ff5c4d6919e68f74471ff07fb.jpg,qblock,81,81,81,81.0,0.36,0.18,0.8846,#515151
251010_132054_0000083827_CAM1_NG_bmp.rf.ea16910ff5c4d6919e68f74471ff07fb.jpg,qblock,87,87,87,87.0,0.3825,0.18,0.8822,#575757
251010_132054_0000083827_CAM1_NG_bmp.rf.ea16910ff5c4d6919e68f74471ff07fb.jpg,qblock,87,87,87,87.0,0.3825,0.18,0.8789,#575757
251010_132054_0000083827_CAM1_NG_bmp.rf.ea16910ff5c4d6919e68f74471ff07fb.jpg,qblock,94,94,94,94.0,0.3825,0.2025,0.8767,#5e5e5e
251010_132054_0000083827_CAM1_NG_bmp.rf.ea16910ff5c4d6919e68f74471ff07fb.jpg,qblock,93,93,93,93.0,0.36,0.2025,0.8721,#5d5d5d
251010_132054_0000083827_CAM1_NG_bmp.rf.ea16910ff5c4d6919e68f74471ff07fb.jpg,qblock,82,82,82,82.0,0.3825,0.18,0.8586,#525252
251010_132054_0000083827_CAM1_NG_bmp.rf.ea16910ff5c4d6919e68f74471ff07fb.jpg,qblock,75,75,75,75.0,0.36,0.2025,0.7476,#4b4b4b
251010_132054_0000083827_CAM1_NG_bmp.rf.ea16910ff5c4d6919e68f74471ff07fb.jpg,qblock,77,77,77,77.0,0.36,0.2025,0.6702,#4d4d4d
251010_132054_0000083827_CAM1_NG_bmp.rf.ea16910ff5c4d6919e68f74471ff07fb.jpg,qblock,85,85,85,85.0,0.36,0.2025,0.6314,#555555
251010_070235_0000043622_CAM1_NG_bmp.rf.66266a433650b7311f273fdbd3d796f7.jpg,qblock,86,86,86,86.0,0.3825,0.2025,0.9326,#565656
251010_070235_0000043622_CAM1_NG_bmp.rf.66266a433650b7311f273fdbd3d796f7.jpg,qblock,90,90,90,90.0,0.36,0.2025,0.9213,#5a5a5a
251010_070235_0000043622_CAM1_NG_bmp.rf.66266a433650b7311f273fdbd3d796f7.jpg,qblock,86,86,86,86.0,0.36,0.2025,0.9207,#565656
251010_070235_0000043622_CAM1_NG_bmp.rf.66266a433650b7311f273fdbd3d796f7.jpg,qblock,78,78,78,78.0,0.36,0.2025,0.9072,#4e4e4e
251010_070235_0000043622_CAM1_NG_bmp.rf.66266a433650b7311f273fdbd3d796f7.jpg,qblock,85,85,85,85.0,0.3825,0.2025,0.9063,#555555
251010_070235_0000043622_CAM1_NG_bmp.rf.66266a433650b7311f273fdbd3d796f7.jpg,qblock,69,69,69,69.0,0.36,0.18,0.9037,#454545
251010_070235_0000043622_CAM1_NG_bmp.rf.66266a433650b7311f273fdbd3d796f7.jpg,qblock,94,94,94,94.0,0.36,0.2025,0.8966,#5e5e5e
251010_070235_0000043622_CAM1_NG_bmp.rf.66266a433650b7311f273fdbd3d796f7.jpg,qblock,69,69,69,69.0,0.36,0.18,0.8873,#454545
251010_070235_0000043622_CAM1_NG_bmp.rf.66266a433650b7311f273fdbd3d796f7.jpg,qblock,70,70,70,70.0,0.36,0.18,0.878,#464646
251010_070235_0000043622_CAM1_NG_bmp.rf.66266a433650b7311f273fdbd3d796f7.jpg,qblock,93,93,93,93.0,0.3825,0.2025,0.8746,#5d5d5d
251010_070235_0000043622_CAM1_NG_bmp.rf.66266a433650b7311f273fdbd3d796f7.jpg,qblock,73,73,73,73.0,0.36,0.18,0.8555,#494949
251010_070235_0000043622_CAM1_NG_bmp.rf.66266a433650b7311f273fdbd3d796f7.jpg,qblock,84,84,84,84.0,0.36,0.2025,0.7451,#545454
251107_232209_0000097454_CAM1_NG_bmp.rf.7c54bc56b089511c120d5312c490e518.jpg,incorrect qblock,182,182,182,182.0,0.36,0.2025,0.8785,#b6b6b6
251107_232209_0000097454_CAM1_NG_bmp.rf.7c54bc56b089511c120d5312c490e518.jpg,incorrect qblock,184,184,184,184.0,0.3375,0.18,0.8742,#b8b8b8
251107_232209_0000097454_CAM1_NG_bmp.rf.7c54bc56b089511c120d5312c490e518.jpg,incorrect qblock,173,173,173,173.0,0.3375,0.18,0.8417,#adadad
251107_232209_0000097454_CAM1_NG_bmp.rf.7c54bc56b089511c120d5312c490e518.jpg,incorrect qblock,194,194,194,194.0,0.3825,0.18,0.7937,#c2c2c2
251107_232209_0000097454_CAM1_NG_bmp.rf.7c54bc56b089511c120d5312c490e518.jpg,incorrect qblock,168,168,168,168.0,0.36,0.2025,0.7887,#a8a8a8
251107_232209_0000097454_CAM1_NG_bmp.rf.7c54bc56b089511c120d5312c490e518.jpg,incorrect qblock,192,192,192,192.0,0.3375,0.18,0.7816,#c0c0c0
251107_232209_0000097454_CAM1_NG_bmp.rf.7c54bc56b089511c120d5312c490e518.jpg,incorrect qblock,176,176,176,176.0,0.27,0.09,0.7512,#b0b0b0
251107_232209_0000097454_CAM1_NG_bmp.rf.7c54bc56b089511c120d5312c490e518.jpg,incorrect qblock,194,194,194,194.0,0.36,0.18,0.7506,#c2c2c2
251107_232209_0000097454_CAM1_NG_bmp.rf.7c54bc56b089511c120d5312c490e518.jpg,incorrect qblock,180,180,180,180.0,0.27,0.1125,0.7455,#b4b4b4
251107_232209_0000097454_CAM1_NG_bmp.rf.7c54bc56b089511c120d5312c490e518.jpg,incorrect qblock,190,190,190,190.0,0.27,0.1125,0.7127,#bebebe
251107_232209_0000097454_CAM1_NG_bmp.rf.7c54bc56b089511c120d5312c490e518.jpg,incorrect qblock,189,189,189,189.0,0.2925,0.09,0.7002,#bdbdbd
251107_232209_0000097454_CAM1_NG_bmp.rf.7c54bc56b089511c120d5312c490e518.jpg,incorrect qblock,178,178,178,178.0,0.27,0.1125,0.68,#b2b2b2
251107_232209_0000097454_CAM1_NG_bmp.rf.7c54bc56b089511c120d5312c490e518.jpg,incorrect qblock,184,184,184,184.0,0.27,0.1125,0.5814,#b8b8b8
251107_232209_0000097454_CAM1_NG_bmp.rf.7c54bc56b089511c120d5312c490e518.jpg,incorrect qblock,175,175,175,175.0,0.27,0.1125,0.5366,#afafaf
251010_125658_0000080841_CAM1_NG_bmp.rf.a4915023e68134248c3298eb5b22a0f7.jpg,qblock,83,83,83,83.0,0.36,0.18,0.937,#535353
251010_125658_0000080841_CAM1_NG_bmp.rf.a4915023e68134248c3298eb5b22a0f7.jpg,qblock,81,81,81,81.0,0.36,0.18,0.9291,#515151
251010_125658_0000080841_CAM1_NG_bmp.rf.a4915023e68134248c3298eb5b22a0f7.jpg,qblock,82,82,82,82.0,0.36,0.18,0.9288,#525252
251010_125658_0000080841_CAM1_NG_bmp.rf.a4915023e68134248c3298eb5b22a0f7.jpg,qblock,75,75,75,75.0,0.36,0.18,0.9133,#4b4b4b
251010_125658_0000080841_CAM1_NG_bmp.rf.a4915023e68134248c3298eb5b22a0f7.jpg,qblock,89,89,89,89.0,0.36,0.18,0.9031,#595959
251010_125658_0000080841_CAM1_NG_bmp.rf.a4915023e68134248c3298eb5b22a0f7.jpg,qblock,76,76,76,76.0,0.36,0.18,0.8989,#4c4c4c
251010_125658_0000080841_CAM1_NG_bmp.rf.a4915023e68134248c3298eb5b22a0f7.jpg,qblock,96,96,96,96.0,0.3825,0.2025,0.8964,#606060
251010_125658_0000080841_CAM1_NG_bmp.rf.a4915023e68134248c3298eb5b22a0f7.jpg,qblock,77,77,77,77.0,0.36,0.18,0.8924,#4d4d4d
251010_125658_0000080841_CAM1_NG_bmp.rf.a4915023e68134248c3298eb5b22a0f7.jpg,qblock,71,71,71,71.0,0.36,0.1575,0.8837,#474747
251010_125658_0000080841_CAM1_NG_bmp.rf.a4915023e68134248c3298eb5b22a0f7.jpg,qblock,82,82,82,82.0,0.36,0.18,0.8691,#525252
251010_125658_0000080841_CAM1_NG_bmp.rf.a4915023e68134248c3298eb5b22a0f7.jpg,qblock,88,88,88,88.0,0.36,0.18,0.8562,#585858
251010_125658_0000080841_CAM1_NG_bmp.rf.a4915023e68134248c3298eb5b22a0f7.jpg,qblock,62,62,62,62.0,0.36,0.18,0.7474,#3e3e3e
251107_232342_0000097765_CAM1_NG_bmp.rf.b37d0eb7ef75e2efb83e0e4c1f227c08.jpg,incorrect qblock,183,183,183,183.0,0.3375,0.18,0.8741,#b7b7b7
251107_232342_0000097765_CAM1_NG_bmp.rf.b37d0eb7ef75e2efb83e0e4c1f227c08.jpg,incorrect qblock,182,182,182,182.0,0.36,0.2025,0.8704,#b6b6b6
251107_232342_0000097765_CAM1_NG_bmp.rf.b37d0eb7ef75e2efb83e0e4c1f227c08.jpg,incorrect qblock,190,190,190,190.0,0.36,0.18,0.8223,#bebebe
251107_232342_0000097765_CAM1_NG_bmp.rf.b37d0eb7ef75e2efb83e0e4c1f227c08.jpg,incorrect qblock,178,178,178,178.0,0.36,0.18,0.8081,#b2b2b2
251107_232342_0000097765_CAM1_NG_bmp.rf.b37d0eb7ef75e2efb83e0e4c1f227c08.jpg,incorrect qblock,183,183,183,183.0,0.3375,0.1575,0.7873,#b7b7b7
251107_232342_0000097765_CAM1_NG_bmp.rf.b37d0eb7ef75e2efb83e0e4c1f227c08.jpg,incorrect qblock,164,164,164,164.0,0.36,0.18,0.7842,#a4a4a4
251107_232342_0000097765_CAM1_NG_bmp.rf.b37d0eb7ef75e2efb83e0e4c1f227c08.jpg,incorrect qblock,195,195,195,195.0,0.36,0.18,0.7754,#c3c3c3
251107_232342_0000097765_CAM1_NG_bmp.rf.b37d0eb7ef75e2efb83e0e4c1f227c08.jpg,incorrect qblock,186,186,186,186.0,0.27,0.1125,0.7545,#bababa
251107_232342_0000097765_CAM1_NG_bmp.rf.b37d0eb7ef75e2efb83e0e4c1f227c08.jpg,incorrect qblock,188,188,188,188.0,0.27,0.09,0.7175,#bcbcbc
251107_232342_0000097765_CAM1_NG_bmp.rf.b37d0eb7ef75e2efb83e0e4c1f227c08.jpg,incorrect qblock,189,189,189,189.0,0.2925,0.09,0.7124,#bdbdbd
251107_232342_0000097765_CAM1_NG_bmp.rf.b37d0eb7ef75e2efb83e0e4c1f227c08.jpg,incorrect qblock,190,190,190,190.0,0.2475,0.1125,0.7007,#bebebe
251107_232342_0000097765_CAM1_NG_bmp.rf.b37d0eb7ef75e2efb83e0e4c1f227c08.jpg,incorrect qblock,185,185,185,185.0,0.27,0.1125,0.6773,#b9b9b9
251107_232342_0000097765_CAM1_NG_bmp.rf.b37d0eb7ef75e2efb83e0e4c1f227c08.jpg,incorrect qblock,171,171,171,171.0,0.2475,0.09,0.617,#ababab
251107_232342_0000097765_CAM1_NG_bmp.rf.b37d0eb7ef75e2efb83e0e4c1f227c08.jpg,incorrect qblock,191,191,191,191.0,0.27,0.1125,0.6134,#bfbfbf
251010_070207_0000043528_CAM1_NG_bmp.rf.7ab1616f89eeca44ec5ea6ecbeabfe34.jpg,qblock,93,93,93,93.0,0.3825,0.2025,0.9389,#5d5d5d
251010_070207_0000043528_CAM1_NG_bmp.rf.7ab1616f89eeca44ec5ea6ecbeabfe34.jpg,qblock,95,95,95,95.0,0.3825,0.2025,0.9188,#5f5f5f
251010_070207_0000043528_CAM1_NG_bmp.rf.7ab1616f89eeca44ec5ea6ecbeabfe34.jpg,qblock,91,91,91,91.0,0.3825,0.2025,0.9012,#5b5b5b
251010_070207_0000043528_CAM1_NG_bmp.rf.7ab1616f89eeca44ec5ea6ecbeabfe34.jpg,qblock,78,78,78,78.0,0.36,0.18,0.8988,#4e4e4e
251010_070207_0000043528_CAM1_NG_bmp.rf.7ab1616f89eeca44ec5ea6ecbeabfe34.jpg,qblock,83,83,83,83.0,0.3825,0.18,0.8969,#535353
251010_070207_0000043528_CAM1_NG_bmp.rf.7ab1616f89eeca44ec5ea6ecbeabfe34.jpg,qblock,82,82,82,82.0,0.36,0.2025,0.8967,#525252
251010_070207_0000043528_CAM1_NG_bmp.rf.7ab1616f89eeca44ec5ea6ecbeabfe34.jpg,qblock,73,73,73,73.0,0.36,0.18,0.8909,#494949
251010_070207_0000043528_CAM1_NG_bmp.rf.7ab1616f89eeca44ec5ea6ecbeabfe34.jpg,qblock,79,79,79,79.0,0.36,0.2025,0.8852,#4f4f4f
251010_070207_0000043528_CAM1_NG_bmp.rf.7ab1616f89eeca44ec5ea6ecbeabfe34.jpg,qblock,80,80,80,80.0,0.36,0.2025,0.8677,#505050
251010_070207_0000043528_CAM1_NG_bmp.rf.7ab1616f89eeca44ec5ea6ecbeabfe34.jpg,qblock,89,89,89,89.0,0.36,0.2025,0.8655,#595959
251010_070207_0000043528_CAM1_NG_bmp.rf.7ab1616f89eeca44ec5ea6ecbeabfe34.jpg,qblock,98,98,98,98.0,0.36,0.18,0.7514,#626262
251010_070207_0000043528_CAM1_NG_bmp.rf.7ab1616f89eeca44ec5ea6ecbeabfe34.jpg,qblock,80,80,80,80.0,0.36,0.2025,0.7137,#505050
251010_070204_0000043517_CAM1_NG_bmp.rf.1011e3e3d7be4dc8cc2ed7b737c37c7b.jpg,qblock,90,90,90,90.0,0.3825,0.2025,0.9425,#5a5a5a
251010_070204_0000043517_CAM1_NG_bmp.rf.1011e3e3d7be4dc8cc2ed7b737c37c7b.jpg,qblock,79,79,79,79.0,0.36,0.18,0.9221,#4f4f4f
251010_070204_0000043517_CAM1_NG_bmp.rf.1011e3e3d7be4dc8cc2ed7b737c37c7b.jpg,qblock,88,88,88,88.0,0.36,0.2025,0.9217,#585858
251010_070204_0000043517_CAM1_NG_bmp.rf.1011e3e3d7be4dc8cc2ed7b737c37c7b.jpg,qblock,83,83,83,83.0,0.3825,0.2025,0.9098,#535353
251010_070204_0000043517_CAM1_NG_bmp.rf.1011e3e3d7be4dc8cc2ed7b737c37c7b.jpg,qblock,82,82,82,82.0,0.3825,0.18,0.9067,#525252
251010_070204_0000043517_CAM1_NG_bmp.rf.1011e3e3d7be4dc8cc2ed7b737c37c7b.jpg,qblock,70,70,70,70.0,0.36,0.18,0.905,#464646
251010_070204_0000043517_CAM1_NG_bmp.rf.1011e3e3d7be4dc8cc2ed7b737c37c7b.jpg,qblock,90,90,90,90.0,0.36,0.2025,0.9042,#5a5a5a
251010_070204_0000043517_CAM1_NG_bmp.rf.1011e3e3d7be4dc8cc2ed7b737c37c7b.jpg,qblock,90,90,90,90.0,0.3825,0.2025,0.899,#5a5a5a
251010_070204_0000043517_CAM1_NG_bmp.rf.1011e3e3d7be4dc8cc2ed7b737c37c7b.jpg,qblock,81,81,81,81.0,0.36,0.2025,0.8984,#515151
251010_070204_0000043517_CAM1_NG_bmp.rf.1011e3e3d7be4dc8cc2ed7b737c37c7b.jpg,qblock,75,75,75,75.0,0.3825,0.18,0.8886,#4b4b4b
251010_070204_0000043517_CAM1_NG_bmp.rf.1011e3e3d7be4dc8cc2ed7b737c37c7b.jpg,qblock,74,74,74,74.0,0.36,0.2025,0.8796,#4a4a4a
251010_070204_0000043517_CAM1_NG_bmp.rf.1011e3e3d7be4dc8cc2ed7b737c37c7b.jpg,qblock,87,87,87,87.0,0.36,0.2025,0.5892,#575757
251010_070220_0000043571_CAM1_NG_bmp.rf.bbb63162b83f56b9e44149c6afce8ec1.jpg,qblock,82,82,82,82.0,0.3825,0.18,0.9493,#525252
251010_070220_0000043571_CAM1_NG_bmp.rf.bbb63162b83f56b9e44149c6afce8ec1.jpg,qblock,81,81,81,81.0,0.3825,0.18,0.9125,#515151
251010_070220_0000043571_CAM1_NG_bmp.rf.bbb63162b83f56b9e44149c6afce8ec1.jpg,qblock,86,86,86,86.0,0.36,0.2025,0.9115,#565656
251010_070220_0000043571_CAM1_NG_bmp.rf.bbb63162b83f56b9e44149c6afce8ec1.jpg,qblock,76,76,76,76.0,0.3825,0.18,0.9082,#4c4c4c
251010_070220_0000043571_CAM1_NG_bmp.rf.bbb63162b83f56b9e44149c6afce8ec1.jpg,qblock,68,68,68,68.0,0.36,0.18,0.8987,#444444
251010_070220_0000043571_CAM1_NG_bmp.rf.bbb63162b83f56b9e44149c6afce8ec1.jpg,qblock,78,78,78,78.0,0.36,0.18,0.896,#4e4e4e
251010_070220_0000043571_CAM1_NG_bmp.rf.bbb63162b83f56b9e44149c6afce8ec1.jpg,qblock,83,83,83,83.0,0.36,0.2025,0.8942,#535353
251010_070220_0000043571_CAM1_NG_bmp.rf.bbb63162b83f56b9e44149c6afce8ec1.jpg,qblock,89,89,89,89.0,0.36,0.2025,0.8915,#595959
251010_070220_0000043571_CAM1_NG_bmp.rf.bbb63162b83f56b9e44149c6afce8ec1.jpg,qblock,84,84,84,84.0,0.3825,0.2025,0.8764,#545454
251010_070220_0000043571_CAM1_NG_bmp.rf.bbb63162b83f56b9e44149c6afce8ec1.jpg,qblock,79,79,79,79.0,0.36,0.2025,0.8694,#4f4f4f
251010_070220_0000043571_CAM1_NG_bmp.rf.bbb63162b83f56b9e44149c6afce8ec1.jpg,qblock,76,76,76,76.0,0.36,0.2025,0.8683,#4c4c4c
251010_070220_0000043571_CAM1_NG_bmp.rf.bbb63162b83f56b9e44149c6afce8ec1.jpg,qblock,78,78,78,78.0,0.36,0.2025,0.607,#4e4e4e
251010_070225_0000043589_CAM1_NG_bmp.rf.16e950395b1ac4d609be67d17b6a1b28.jpg,qblock,81,81,81,81.0,0.3825,0.18,0.9303,#515151
251010_070225_0000043589_CAM1_NG_bmp.rf.16e950395b1ac4d609be67d17b6a1b28.jpg,qblock,98,98,98,98.0,0.3825,0.2025,0.9264,#626262
251010_070225_0000043589_CAM1_NG_bmp.rf.16e950395b1ac4d609be67d17b6a1b28.jpg,qblock,86,86,86,86.0,0.3825,0.2025,0.9222,#565656
251010_070225_0000043589_CAM1_NG_bmp.rf.16e950395b1ac4d609be67d17b6a1b28.jpg,qblock,87,87,87,87.0,0.3825,0.2025,0.9153,#575757
251010_070225_0000043589_CAM1_NG_bmp.rf.16e950395b1ac4d609be67d17b6a1b28.jpg,qblock,79,79,79,79.0,0.36,0.2025,0.9013,#4f4f4f
251010_070225_0000043589_CAM1_NG_bmp.rf.16e950395b1ac4d609be67d17b6a1b28.jpg,qblock,89,89,89,89.0,0.3825,0.2025,0.898,#595959
251010_070225_0000043589_CAM1_NG_bmp.rf.16e950395b1ac4d609be67d17b6a1b28.jpg,qblock,88,88,88,88.0,0.36,0.2025,0.8955,#585858
251010_070225_0000043589_CAM1_NG_bmp.rf.16e950395b1ac4d609be67d17b6a1b28.jpg,qblock,71,71,71,71.0,0.36,0.18,0.8816,#474747
251010_070225_0000043589_CAM1_NG_bmp.rf.16e950395b1ac4d609be67d17b6a1b28.jpg,qblock,94,94,94,94.0,0.3825,0.2025,0.8784,#5e5e5e
251010_070225_0000043589_CAM1_NG_bmp.rf.16e950395b1ac4d609be67d17b6a1b28.jpg,qblock,70,70,70,70.0,0.36,0.18,0.866,#464646
251010_070225_0000043589_CAM1_NG_bmp.rf.16e950395b1ac4d609be67d17b6a1b28.jpg,qblock,79,79,79,79.0,0.3825,0.18,0.8296,#4f4f4f
251010_070225_0000043589_CAM1_NG_bmp.rf.16e950395b1ac4d609be67d17b6a1b28.jpg,qblock,78,78,78,78.0,0.36,0.2025,0.8256,#4e4e4e
251107_232041_0000097165_CAM1_NG_bmp.rf.d812e1056224109481465630875c104e.jpg,incorrect qblock,182,182,182,182.0,0.36,0.18,0.8869,#b6b6b6
251107_232041_0000097165_CAM1_NG_bmp.rf.d812e1056224109481465630875c104e.jpg,incorrect qblock,179,179,179,179.0,0.3375,0.18,0.8658,#b3b3b3
251107_232041_0000097165_CAM1_NG_bmp.rf.d812e1056224109481465630875c104e.jpg,incorrect qblock,178,178,178,178.0,0.3375,0.18,0.8369,#b2b2b2
251107_232041_0000097165_CAM1_NG_bmp.rf.d812e1056224109481465630875c104e.jpg,incorrect qblock,162,162,162,162.0,0.36,0.2025,0.8045,#a2a2a2
251107_232041_0000097165_CAM1_NG_bmp.rf.d812e1056224109481465630875c104e.jpg,incorrect qblock,191,191,191,191.0,0.3825,0.18,0.7995,#bfbfbf
251107_232041_0000097165_CAM1_NG_bmp.rf.d812e1056224109481465630875c104e.jpg,incorrect qblock,191,191,191,191.0,0.36,0.1575,0.7564,#bfbfbf
251107_232041_0000097165_CAM1_NG_bmp.rf.d812e1056224109481465630875c104e.jpg,incorrect qblock,189,189,189,189.0,0.3375,0.18,0.7539,#bdbdbd
251107_232041_0000097165_CAM1_NG_bmp.rf.d812e1056224109481465630875c104e.jpg,incorrect qblock,180,180,180,180.0,0.27,0.1125,0.7391,#b4b4b4
251107_232041_0000097165_CAM1_NG_bmp.rf.d812e1056224109481465630875c104e.jpg,incorrect qblock,181,181,181,181.0,0.27,0.09,0.7047,#b5b5b5
251107_232041_0000097165_CAM1_NG_bmp.rf.d812e1056224109481465630875c104e.jpg,incorrect qblock,173,173,173,173.0,0.27,0.1125,0.704,#adadad
251107_232041_0000097165_CAM1_NG_bmp.rf.d812e1056224109481465630875c104e.jpg,incorrect qblock,194,194,194,194.0,0.2925,0.09,0.6504,#c2c2c2
251107_232041_0000097165_CAM1_NG_bmp.rf.d812e1056224109481465630875c104e.jpg,incorrect qblock,178,178,178,178.0,0.27,0.1125,0.6246,#b2b2b2
251107_232041_0000097165_CAM1_NG_bmp.rf.d812e1056224109481465630875c104e.jpg,incorrect qblock,191,191,191,191.0,0.27,0.135,0.5503,#bfbfbf
251107_232041_0000097165_CAM1_NG_bmp.rf.d812e1056224109481465630875c104e.jpg,incorrect qblock,183,183,183,183.0,0.27,0.1125,0.5245,#b7b7b7
251010_125626_0000080734_CAM1_NG_bmp.rf.c5044ec7982ee5beccc0cf361c8407ba.jpg,qblock,75,75,75,75.0,0.36,0.18,0.9185,#4b4b4b
251010_125626_0000080734_CAM1_NG_bmp.rf.c5044ec7982ee5beccc0cf361c8407ba.jpg,qblock,78,78,78,78.0,0.36,0.18,0.8948,#4e4e4e
251010_125626_0000080734_CAM1_NG_bmp.rf.c5044ec7982ee5beccc0cf361c8407ba.jpg,qblock,78,78,78,78.0,0.36,0.18,0.8731,#4e4e4e
251010_125626_0000080734_CAM1_NG_bmp.rf.c5044ec7982ee5beccc0cf361c8407ba.jpg,qblock,80,80,80,80.0,0.36,0.18,0.8679,#505050
251010_125626_0000080734_CAM1_NG_bmp.rf.c5044ec7982ee5beccc0cf361c8407ba.jpg,qblock,84,84,84,84.0,0.36,0.2025,0.8629,#545454
251010_125626_0000080734_CAM1_NG_bmp.rf.c5044ec7982ee5beccc0cf361c8407ba.jpg,qblock,71,71,71,71.0,0.36,0.18,0.8619,#474747
251010_125626_0000080734_CAM1_NG_bmp.rf.c5044ec7982ee5beccc0cf361c8407ba.jpg,qblock,84,84,84,84.0,0.36,0.18,0.8519,#545454
251010_125626_0000080734_CAM1_NG_bmp.rf.c5044ec7982ee5beccc0cf361c8407ba.jpg,qblock,70,70,70,70.0,0.3375,0.18,0.8161,#464646
251010_125626_0000080734_CAM1_NG_bmp.rf.c5044ec7982ee5beccc0cf361c8407ba.jpg,qblock,88,88,88,88.0,0.36,0.18,0.8114,#585858
251010_125626_0000080734_CAM1_NG_bmp.rf.c5044ec7982ee5beccc0cf361c8407ba.jpg,qblock,96,96,96,96.0,0.36,0.2025,0.8025,#606060
251010_125626_0000080734_CAM1_NG_bmp.rf.c5044ec7982ee5beccc0cf361c8407ba.jpg,qblock,82,82,82,82.0,0.36,0.2025,0.7616,#525252
251010_125626_0000080734_CAM1_NG_bmp.rf.c5044ec7982ee5beccc0cf361c8407ba.jpg,qblock,67,67,67,67.0,0.3375,0.2025,0.6118,#434343
251010_125626_0000080734_CAM1_NG_bmp.rf.c5044ec7982ee5beccc0cf361c8407ba.jpg,qblock,70,70,70,70.0,0.36,0.2025,0.5613,#464646
251107_232330_0000097726_CAM1_NG_bmp.rf.3323a65b827bb7098df1edb10c60c4ac.jpg,incorrect qblock,182,182,182,182.0,0.3375,0.18,0.8773,#b6b6b6
251107_232330_0000097726_CAM1_NG_bmp.rf.3323a65b827bb7098df1edb10c60c4ac.jpg,incorrect qblock,191,191,191,191.0,0.36,0.2025,0.8767,#bfbfbf
251107_232330_0000097726_CAM1_NG_bmp.rf.3323a65b827bb7098df1edb10c60c4ac.jpg,incorrect qblock,174,174,174,174.0,0.3375,0.18,0.8309,#aeaeae
251107_232330_0000097726_CAM1_NG_bmp.rf.3323a65b827bb7098df1edb10c60c4ac.jpg,incorrect qblock,195,195,195,195.0,0.3825,0.18,0.8213,#c3c3c3
251107_232330_0000097726_CAM1_NG_bmp.rf.3323a65b827bb7098df1edb10c60c4ac.jpg,incorrect qblock,176,176,176,176.0,0.27,0.1125,0.8159,#b0b0b0
251107_232330_0000097726_CAM1_NG_bmp.rf.3323a65b827bb7098df1edb10c60c4ac.jpg,incorrect qblock,162,162,162,162.0,0.36,0.18,0.7888,#a2a2a2
251107_232330_0000097726_CAM1_NG_bmp.rf.3323a65b827bb7098df1edb10c60c4ac.jpg,incorrect qblock,193,193,193,193.0,0.36,0.18,0.7773,#c1c1c1
251107_232330_0000097726_CAM1_NG_bmp.rf.3323a65b827bb7098df1edb10c60c4ac.jpg,incorrect qblock,183,183,183,183.0,0.3375,0.18,0.7644,#b7b7b7
251107_232330_0000097726_CAM1_NG_bmp.rf.3323a65b827bb7098df1edb10c60c4ac.jpg,incorrect qblock,195,195,195,195.0,0.2925,0.09,0.7099,#c3c3c3
251107_232330_0000097726_CAM1_NG_bmp.rf.3323a65b827bb7098df1edb10c60c4ac.jpg,incorrect qblock,193,193,193,193.0,0.2925,0.1125,0.7034,#c1c1c1
251107_232330_0000097726_CAM1_NG_bmp.rf.3323a65b827bb7098df1edb10c60c4ac.jpg,incorrect qblock,185,185,185,185.0,0.27,0.1125,0.6978,#b9b9b9
251107_232330_0000097726_CAM1_NG_bmp.rf.3323a65b827bb7098df1edb10c60c4ac.jpg,incorrect qblock,192,192,192,192.0,0.27,0.135,0.6871,#c0c0c0
251107_232330_0000097726_CAM1_NG_bmp.rf.3323a65b827bb7098df1edb10c60c4ac.jpg,incorrect qblock,194,194,194,194.0,0.2925,0.1125,0.6231,#c2c2c2
251107_232330_0000097726_CAM1_NG_bmp.rf.3323a65b827bb7098df1edb10c60c4ac.jpg,incorrect qblock,177,177,177,177.0,0.27,0.09,0.5908,#b1b1b1
251107_232354_0000097804_CAM1_NG_bmp.rf.c296a9c6a948361b1194e6b35031df65.jpg,incorrect qblock,177,177,177,177.0,0.3375,0.2025,0.8991,#b1b1b1
251107_232354_0000097804_CAM1_NG_bmp.rf.c296a9c6a948361b1194e6b35031df65.jpg,incorrect qblock,182,182,182,182.0,0.3375,0.18,0.8551,#b6b6b6
251107_232354_0000097804_CAM1_NG_bmp.rf.c296a9c6a948361b1194e6b35031df65.jpg,incorrect qblock,192,192,192,192.0,0.36,0.1575,0.829,#c0c0c0
251107_232354_0000097804_CAM1_NG_bmp.rf.c296a9c6a948361b1194e6b35031df65.jpg,incorrect qblock,173,173,173,173.0,0.36,0.2025,0.8262,#adadad
251107_232354_0000097804_CAM1_NG_bmp.rf.c296a9c6a948361b1194e6b35031df65.jpg,incorrect qblock,175,175,175,175.0,0.3375,0.18,0.8138,#afafaf
251107_232354_0000097804_CAM1_NG_bmp.rf.c296a9c6a948361b1194e6b35031df65.jpg,incorrect qblock,183,183,183,183.0,0.2925,0.1125,0.7648,#b7b7b7
251107_232354_0000097804_CAM1_NG_bmp.rf.c296a9c6a948361b1194e6b35031df65.jpg,incorrect qblock,188,188,188,188.0,0.3825,0.18,0.7011,#bcbcbc
251107_232354_0000097804_CAM1_NG_bmp.rf.c296a9c6a948361b1194e6b35031df65.jpg,incorrect qblock,179,179,179,179.0,0.27,0.09,0.6918,#b3b3b3
251107_232354_0000097804_CAM1_NG_bmp.rf.c296a9c6a948361b1194e6b35031df65.jpg,incorrect qblock,181,181,181,181.0,0.3375,0.1575,0.6697,#b5b5b5
251107_232354_0000097804_CAM1_NG_bmp.rf.c296a9c6a948361b1194e6b35031df65.jpg,incorrect qblock,181,181,181,181.0,0.27,0.1125,0.6678,#b5b5b5
251107_232354_0000097804_CAM1_NG_bmp.rf.c296a9c6a948361b1194e6b35031df65.jpg,incorrect qblock,187,187,187,187.0,0.27,0.09,0.6677,#bbbbbb
251107_232354_0000097804_CAM1_NG_bmp.rf.c296a9c6a948361b1194e6b35031df65.jpg,incorrect qblock,189,189,189,189.0,0.2925,0.1125,0.61,#bdbdbd
251107_232354_0000097804_CAM1_NG_bmp.rf.c296a9c6a948361b1194e6b35031df65.jpg,incorrect qblock,177,177,177,177.0,0.27,0.1125,0.5052,#b1b1b1
251107_232410_0000097856_CAM1_NG_bmp.rf.b1dfd90d95c0e5b3b8757845a2460f79.jpg,incorrect qblock,186,186,186,186.0,0.36,0.2025,0.8732,#bababa
251107_232410_0000097856_CAM1_NG_bmp.rf.b1dfd90d95c0e5b3b8757845a2460f79.jpg,incorrect qblock,180,180,180,180.0,0.3375,0.18,0.8553,#b4b4b4
251107_232410_0000097856_CAM1_NG_bmp.rf.b1dfd90d95c0e5b3b8757845a2460f79.jpg,incorrect qblock,172,172,172,172.0,0.3375,0.18,0.8516,#acacac
251107_232410_0000097856_CAM1_NG_bmp.rf.b1dfd90d95c0e5b3b8757845a2460f79.jpg,incorrect qblock,165,165,165,165.0,0.36,0.18,0.8102,#a5a5a5
251107_232410_0000097856_CAM1_NG_bmp.rf.b1dfd90d95c0e5b3b8757845a2460f79.jpg,incorrect qblock,182,182,182,182.0,0.3375,0.1575,0.7823,#b6b6b6
251107_232410_0000097856_CAM1_NG_bmp.rf.b1dfd90d95c0e5b3b8757845a2460f79.jpg,incorrect qblock,191,191,191,191.0,0.36,0.18,0.7787,#bfbfbf
251107_232410_0000097856_CAM1_NG_bmp.rf.b1dfd90d95c0e5b3b8757845a2460f79.jpg,incorrect qblock,185,185,185,185.0,0.27,0.1125,0.7689,#b9b9b9
251107_232410_0000097856_CAM1_NG_bmp.rf.b1dfd90d95c0e5b3b8757845a2460f79.jpg,incorrect qblock,191,191,191,191.0,0.3825,0.18,0.7669,#bfbfbf
251107_232410_0000097856_CAM1_NG_bmp.rf.b1dfd90d95c0e5b3b8757845a2460f79.jpg,incorrect qblock,176,176,176,176.0,0.27,0.09,0.7506,#b0b0b0
251107_232410_0000097856_CAM1_NG_bmp.rf.b1dfd90d95c0e5b3b8757845a2460f79.jpg,incorrect qblock,192,192,192,192.0,0.27,0.1125,0.7293,#c0c0c0
251107_232410_0000097856_CAM1_NG_bmp.rf.b1dfd90d95c0e5b3b8757845a2460f79.jpg,incorrect qblock,185,185,185,185.0,0.27,0.09,0.6829,#b9b9b9
251107_232410_0000097856_CAM1_NG_bmp.rf.b1dfd90d95c0e5b3b8757845a2460f79.jpg,incorrect qblock,169,169,169,169.0,0.27,0.09,0.6502,#a9a9a9
251107_232410_0000097856_CAM1_NG_bmp.rf.b1dfd90d95c0e5b3b8757845a2460f79.jpg,incorrect qblock,182,182,182,182.0,0.27,0.1125,0.6177,#b6b6b6
251107_232410_0000097856_CAM1_NG_bmp.rf.b1dfd90d95c0e5b3b8757845a2460f79.jpg,incorrect qblock,185,185,185,185.0,0.27,0.1125,0.5693,#b9b9b9
251010_115245_0000080403_CAM1_NG_bmp.rf.93ec6514ce342aa79ce6d0394413e236.jpg,qblock,88,88,88,88.0,0.36,0.2025,0.8805,#585858
251010_115245_0000080403_CAM1_NG_bmp.rf.93ec6514ce342aa79ce6d0394413e236.jpg,qblock,90,90,90,90.0,0.36,0.2025,0.8463,#5a5a5a
251010_115245_0000080403_CAM1_NG_bmp.rf.93ec6514ce342aa79ce6d0394413e236.jpg,qblock,78,78,78,78.0,0.36,0.18,0.8428,#4e4e4e
251010_115245_0000080403_CAM1_NG_bmp.rf.93ec6514ce342aa79ce6d0394413e236.jpg,qblock,88,88,88,88.0,0.3825,0.2025,0.8424,#585858
251010_115245_0000080403_CAM1_NG_bmp.rf.93ec6514ce342aa79ce6d0394413e236.jpg,qblock,84,84,84,84.0,0.36,0.2025,0.8362,#545454
251010_115245_0000080403_CAM1_NG_bmp.rf.93ec6514ce342aa79ce6d0394413e236.jpg,qblock,72,72,72,72.0,0.36,0.18,0.8317,#484848
251010_115245_0000080403_CAM1_NG_bmp.rf.93ec6514ce342aa79ce6d0394413e236.jpg,qblock,77,77,77,77.0,0.36,0.18,0.8241,#4d4d4d
251010_115245_0000080403_CAM1_NG_bmp.rf.93ec6514ce342aa79ce6d0394413e236.jpg,qblock,81,81,81,81.0,0.36,0.18,0.816,#515151
251010_115245_0000080403_CAM1_NG_bmp.rf.93ec6514ce342aa79ce6d0394413e236.jpg,qblock,80,80,80,80.0,0.36,0.18,0.7987,#505050
251010_115245_0000080403_CAM1_NG_bmp.rf.93ec6514ce342aa79ce6d0394413e236.jpg,qblock,91,91,91,91.0,0.36,0.2025,0.7876,#5b5b5b
251010_115245_0000080403_CAM1_NG_bmp.rf.93ec6514ce342aa79ce6d0394413e236.jpg,qblock,88,88,88,88.0,0.36,0.225,0.7771,#585858
251010_115245_0000080403_CAM1_NG_bmp.rf.93ec6514ce342aa79ce6d0394413e236.jpg,qblock,82,82,82,82.0,0.36,0.18,0.7656,#525252
251010_115245_0000080403_CAM1_NG_bmp.rf.93ec6514ce342aa79ce6d0394413e236.jpg,qblock,75,75,75,75.0,0.36,0.2025,0.6629,#4b4b4b
251107_232059_0000097223_CAM1_NG_bmp.rf.f52239db8cab447ff7d8e4eae0562544.jpg,incorrect qblock,182,182,182,182.0,0.36,0.2025,0.8876,#b6b6b6
251107_232059_0000097223_CAM1_NG_bmp.rf.f52239db8cab447ff7d8e4eae0562544.jpg,incorrect qblock,183,183,183,183.0,0.3375,0.18,0.8531,#b7b7b7
251107_232059_0000097223_CAM1_NG_bmp.rf.f52239db8cab447ff7d8e4eae0562544.jpg,incorrect qblock,162,162,162,162.0,0.36,0.18,0.8321,#a2a2a2
251107_232059_0000097223_CAM1_NG_bmp.rf.f52239db8cab447ff7d8e4eae0562544.jpg,incorrect qblock,194,194,194,194.0,0.36,0.1575,0.8183,#c2c2c2
251107_232059_0000097223_CAM1_NG_bmp.rf.f52239db8cab447ff7d8e4eae0562544.jpg,incorrect qblock,177,177,177,177.0,0.3375,0.18,0.7772,#b1b1b1
251107_232059_0000097223_CAM1_NG_bmp.rf.f52239db8cab447ff7d8e4eae0562544.jpg,incorrect qblock,192,192,192,192.0,0.3825,0.2025,0.7619,#c0c0c0
251107_232059_0000097223_CAM1_NG_bmp.rf.f52239db8cab447ff7d8e4eae0562544.jpg,incorrect qblock,183,183,183,183.0,0.27,0.09,0.7578,#b7b7b7
251107_232059_0000097223_CAM1_NG_bmp.rf.f52239db8cab447ff7d8e4eae0562544.jpg,incorrect qblock,187,187,187,187.0,0.36,0.1575,0.704,#bbbbbb
251107_232059_0000097223_CAM1_NG_bmp.rf.f52239db8cab447ff7d8e4eae0562544.jpg,incorrect qblock,175,175,175,175.0,0.27,0.09,0.7007,#afafaf
251107_232059_0000097223_CAM1_NG_bmp.rf.f52239db8cab447ff7d8e4eae0562544.jpg,incorrect qblock,190,190,190,190.0,0.27,0.1125,0.6432,#bebebe
251107_232059_0000097223_CAM1_NG_bmp.rf.f52239db8cab447ff7d8e4eae0562544.jpg,incorrect qblock,185,185,185,185.0,0.27,0.1125,0.6171,#b9b9b9
251107_232059_0000097223_CAM1_NG_bmp.rf.f52239db8cab447ff7d8e4eae0562544.jpg,incorrect qblock,191,191,191,191.0,0.2925,0.09,0.6033,#bfbfbf
251010_070214_0000043550_CAM1_NG_bmp.rf.537429902c6e6345d089eb5bda122c60.jpg,qblock,93,93,93,93.0,0.3825,0.2025,0.9476,#5d5d5d
251010_070214_0000043550_CAM1_NG_bmp.rf.537429902c6e6345d089eb5bda122c60.jpg,qblock,91,91,91,91.0,0.36,0.2025,0.9264,#5b5b5b
251010_070214_0000043550_CAM1_NG_bmp.rf.537429902c6e6345d089eb5bda122c60.jpg,qblock,81,81,81,81.0,0.36,0.2025,0.9155,#515151
251010_070214_0000043550_CAM1_NG_bmp.rf.537429902c6e6345d089eb5bda122c60.jpg,qblock,83,83,83,83.0,0.36,0.2025,0.9109,#535353
251010_070214_0000043550_CAM1_NG_bmp.rf.537429902c6e6345d089eb5bda122c60.jpg,qblock,86,86,86,86.0,0.36,0.2025,0.9077,#565656
251010_070214_0000043550_CAM1_NG_bmp.rf.537429902c6e6345d089eb5bda122c60.jpg,qblock,83,83,83,83.0,0.36,0.2025,0.9044,#535353
251010_070214_0000043550_CAM1_NG_bmp.rf.537429902c6e6345d089eb5bda122c60.jpg,qblock,81,81,81,81.0,0.3825,0.2025,0.8953,#515151
251010_070214_0000043550_CAM1_NG_bmp.rf.537429902c6e6345d089eb5bda122c60.jpg,qblock,90,90,90,90.0,0.3825,0.2025,0.887,#5a5a5a
251010_070214_0000043550_CAM1_NG_bmp.rf.537429902c6e6345d089eb5bda122c60.jpg,qblock,67,67,67,67.0,0.36,0.18,0.8833,#434343
251010_070214_0000043550_CAM1_NG_bmp.rf.537429902c6e6345d089eb5bda122c60.jpg,qblock,74,74,74,74.0,0.36,0.2025,0.8797,#4a4a4a
251010_070214_0000043550_CAM1_NG_bmp.rf.537429902c6e6345d089eb5bda122c60.jpg,qblock,88,88,88,88.0,0.3825,0.2025,0.8648,#585858
251010_124900_0000080534_CAM1_NG_bmp.rf.0e36d0f43861849a7c4691c210478bda.jpg,qblock,79,79,79,79.0,0.36,0.18,0.9207,#4f4f4f
251010_124900_0000080534_CAM1_NG_bmp.rf.0e36d0f43861849a7c4691c210478bda.jpg,qblock,89,89,89,89.0,0.36,0.2025,0.9193,#595959
251010_124900_0000080534_CAM1_NG_bmp.rf.0e36d0f43861849a7c4691c210478bda.jpg,qblock,84,84,84,84.0,0.36,0.18,0.9128,#545454
251010_124900_0000080534_CAM1_NG_bmp.rf.0e36d0f43861849a7c4691c210478bda.jpg,qblock,93,93,93,93.0,0.36,0.2025,0.9039,#5d5d5d
251010_124900_0000080534_CAM1_NG_bmp.rf.0e36d0f43861849a7c4691c210478bda.jpg,qblock,94,94,94,94.0,0.36,0.2025,0.8921,#5e5e5e
251010_124900_0000080534_CAM1_NG_bmp.rf.0e36d0f43861849a7c4691c210478bda.jpg,qblock,80,80,80,80.0,0.36,0.18,0.8822,#505050
251010_124900_0000080534_CAM1_NG_bmp.rf.0e36d0f43861849a7c4691c210478bda.jpg,qblock,88,88,88,88.0,0.36,0.2025,0.8569,#585858
251010_124900_0000080534_CAM1_NG_bmp.rf.0e36d0f43861849a7c4691c210478bda.jpg,qblock,87,87,87,87.0,0.36,0.2025,0.8361,#575757
251010_124900_0000080534_CAM1_NG_bmp.rf.0e36d0f43861849a7c4691c210478bda.jpg,qblock,93,93,93,93.0,0.36,0.2025,0.8145,#5d5d5d
251010_124900_0000080534_CAM1_NG_bmp.rf.0e36d0f43861849a7c4691c210478bda.jpg,qblock,82,82,82,82.0,0.36,0.2025,0.7644,#525252
251010_124900_0000080534_CAM1_NG_bmp.rf.0e36d0f43861849a7c4691c210478bda.jpg,qblock,88,88,88,88.0,0.36,0.2025,0.7552,#585858
251010_124900_0000080534_CAM1_NG_bmp.rf.0e36d0f43861849a7c4691c210478bda.jpg,qblock,65,65,65,65.0,0.36,0.2025,0.747,#414141
251010_125659_0000080846_CAM1_NG_bmp.rf.8d834304f1a8b2b8722beb1b2e171924.jpg,qblock,92,92,92,92.0,0.36,0.2025,0.939,#5c5c5c
251010_125659_0000080846_CAM1_NG_bmp.rf.8d834304f1a8b2b8722beb1b2e171924.jpg,qblock,71,71,71,71.0,0.36,0.18,0.9302,#474747
251010_125659_0000080846_CAM1_NG_bmp.rf.8d834304f1a8b2b8722beb1b2e171924.jpg,qblock,77,77,77,77.0,0.36,0.18,0.9262,#4d4d4d
251010_125659_0000080846_CAM1_NG_bmp.rf.8d834304f1a8b2b8722beb1b2e171924.jpg,qblock,87,87,87,87.0,0.36,0.2025,0.9221,#575757
251010_125659_0000080846_CAM1_NG_bmp.rf.8d834304f1a8b2b8722beb1b2e171924.jpg,qblock,85,85,85,85.0,0.36,0.2025,0.9206,#555555
251010_125659_0000080846_CAM1_NG_bmp.rf.8d834304f1a8b2b8722beb1b2e171924.jpg,qblock,77,77,77,77.0,0.36,0.18,0.9113,#4d4d4d
251010_125659_0000080846_CAM1_NG_bmp.rf.8d834304f1a8b2b8722beb1b2e171924.jpg,qblock,84,84,84,84.0,0.36,0.18,0.8965,#545454
251010_125659_0000080846_CAM1_NG_bmp.rf.8d834304f1a8b2b8722beb1b2e171924.jpg,qblock,88,88,88,88.0,0.36,0.2025,0.8882,#585858
251010_125659_0000080846_CAM1_NG_bmp.rf.8d834304f1a8b2b8722beb1b2e171924.jpg,qblock,81,81,81,81.0,0.36,0.18,0.8859,#515151
251010_125659_0000080846_CAM1_NG_bmp.rf.8d834304f1a8b2b8722beb1b2e171924.jpg,qblock,86,86,86,86.0,0.36,0.18,0.8642,#565656
251010_125659_0000080846_CAM1_NG_bmp.rf.8d834304f1a8b2b8722beb1b2e171924.jpg,qblock,75,75,75,75.0,0.36,0.18,0.8596,#4b4b4b
251010_125659_0000080846_CAM1_NG_bmp.rf.8d834304f1a8b2b8722beb1b2e171924.jpg,qblock,83,83,83,83.0,0.36,0.18,0.805,#535353
251010_125659_0000080846_CAM1_NG_bmp.rf.8d834304f1a8b2b8722beb1b2e171924.jpg,qblock,64,64,64,64.0,0.36,0.18,0.6907,#404040
251010_125659_0000080846_CAM1_NG_bmp.rf.8d834304f1a8b2b8722beb1b2e171924.jpg,qblock,61,61,61,61.0,0.3375,0.18,0.569,#3d3d3d
251107_232123_0000097304_CAM1_NG_bmp.rf.0bf7624116fceef07f7f208404896682.jpg,incorrect qblock,187,187,187,187.0,0.36,0.2025,0.88,#bbbbbb
251107_232123_0000097304_CAM1_NG_bmp.rf.0bf7624116fceef07f7f208404896682.jpg,incorrect qblock,179,179,179,179.0,0.3375,0.18,0.8579,#b3b3b3
251107_232123_0000097304_CAM1_NG_bmp.rf.0bf7624116fceef07f7f208404896682.jpg,incorrect qblock,170,170,170,170.0,0.3375,0.18,0.8544,#aaaaaa
251107_232123_0000097304_CAM1_NG_bmp.rf.0bf7624116fceef07f7f208404896682.jpg,incorrect qblock,181,181,181,181.0,0.27,0.135,0.8111,#b5b5b5
251107_232123_0000097304_CAM1_NG_bmp.rf.0bf7624116fceef07f7f208404896682.jpg,incorrect qblock,164,164,164,164.0,0.36,0.2025,0.7958,#a4a4a4
251107_232123_0000097304_CAM1_NG_bmp.rf.0bf7624116fceef07f7f208404896682.jpg,incorrect qblock,188,188,188,188.0,0.3825,0.18,0.7953,#bcbcbc
251107_232123_0000097304_CAM1_NG_bmp.rf.0bf7624116fceef07f7f208404896682.jpg,incorrect qblock,190,190,190,190.0,0.3375,0.18,0.7727,#bebebe
251107_232123_0000097304_CAM1_NG_bmp.rf.0bf7624116fceef07f7f208404896682.jpg,incorrect qblock,182,182,182,182.0,0.27,0.09,0.7678,#b6b6b6
251107_232123_0000097304_CAM1_NG_bmp.rf.0bf7624116fceef07f7f208404896682.jpg,incorrect qblock,190,190,190,190.0,0.36,0.18,0.7356,#bebebe
251107_232123_0000097304_CAM1_NG_bmp.rf.0bf7624116fceef07f7f208404896682.jpg,incorrect qblock,188,188,188,188.0,0.2925,0.09,0.7246,#bcbcbc
251107_232123_0000097304_CAM1_NG_bmp.rf.0bf7624116fceef07f7f208404896682.jpg,incorrect qblock,187,187,187,187.0,0.27,0.1125,0.6966,#bbbbbb
251107_232123_0000097304_CAM1_NG_bmp.rf.0bf7624116fceef07f7f208404896682.jpg,incorrect qblock,180,180,180,180.0,0.27,0.1125,0.6693,#b4b4b4
251107_232123_0000097304_CAM1_NG_bmp.rf.0bf7624116fceef07f7f208404896682.jpg,incorrect qblock,171,171,171,171.0,0.27,0.09,0.6514,#ababab
251107_232123_0000097304_CAM1_NG_bmp.rf.0bf7624116fceef07f7f208404896682.jpg,incorrect qblock,185,185,185,185.0,0.27,0.1125,0.6239,#b9b9b9
251107_232123_0000097304_CAM1_NG_bmp.rf.0bf7624116fceef07f7f208404896682.jpg,incorrect qblock,179,179,179,179.0,0.27,0.1125,0.5325,#b3b3b3
251010_125702_0000080857_CAM1_NG_bmp.rf.a9b33dd13e5233c4af446b269fb98c10.jpg,qblock,83,83,83,83.0,0.3825,0.18,0.928,#535353
251010_125702_0000080857_CAM1_NG_bmp.rf.a9b33dd13e5233c4af446b269fb98c10.jpg,qblock,73,73,73,73.0,0.36,0.18,0.921,#494949
251010_125702_0000080857_CAM1_NG_bmp.rf.a9b33dd13e5233c4af446b269fb98c10.jpg,qblock,99,99,99,99.0,0.3825,0.2025,0.9193,#636363
251010_125702_0000080857_CAM1_NG_bmp.rf.a9b33dd13e5233c4af446b269fb98c10.jpg,qblock,88,88,88,88.0,0.36,0.18,0.909,#585858
251010_125702_0000080857_CAM1_NG_bmp.rf.a9b33dd13e5233c4af446b269fb98c10.jpg,qblock,91,91,91,91.0,0.36,0.2025,0.9052,#5b5b5b
251010_125702_0000080857_CAM1_NG_bmp.rf.a9b33dd13e5233c4af446b269fb98c10.jpg,qblock,90,90,90,90.0,0.3825,0.18,0.904,#5a5a5a
251010_125702_0000080857_CAM1_NG_bmp.rf.a9b33dd13e5233c4af446b269fb98c10.jpg,qblock,89,89,89,89.0,0.36,0.18,0.9005,#595959
251010_125702_0000080857_CAM1_NG_bmp.rf.a9b33dd13e5233c4af446b269fb98c10.jpg,qblock,81,81,81,81.0,0.36,0.18,0.8951,#515151
251010_125702_0000080857_CAM1_NG_bmp.rf.a9b33dd13e5233c4af446b269fb98c10.jpg,qblock,91,91,91,91.0,0.36,0.2025,0.8942,#5b5b5b
251010_125702_0000080857_CAM1_NG_bmp.rf.a9b33dd13e5233c4af446b269fb98c10.jpg,qblock,94,94,94,94.0,0.36,0.2025,0.8832,#5e5e5e
251010_125702_0000080857_CAM1_NG_bmp.rf.a9b33dd13e5233c4af446b269fb98c10.jpg,qblock,92,92,92,92.0,0.36,0.2025,0.8328,#5c5c5c
251010_125702_0000080857_CAM1_NG_bmp.rf.a9b33dd13e5233c4af446b269fb98c10.jpg,qblock,78,78,78,78.0,0.36,0.18,0.7902,#4e4e4e
251010_125702_0000080857_CAM1_NG_bmp.rf.a9b33dd13e5233c4af446b269fb98c10.jpg,qblock,68,68,68,68.0,0.36,0.18,0.6571,#444444
251010_125702_0000080857_CAM1_NG_bmp.rf.a9b33dd13e5233c4af446b269fb98c10.jpg,qblock,71,71,71,71.0,0.36,0.2025,0.623,#474747
251010_125651_0000080818_CAM1_NG_bmp.rf.3407e6fbcd9e86b6b457b0df16bc1525.jpg,qblock,81,81,81,81.0,0.36,0.18,0.9395,#515151
251010_125651_0000080818_CAM1_NG_bmp.rf.3407e6fbcd9e86b6b457b0df16bc1525.jpg,qblock,81,81,81,81.0,0.36,0.18,0.9341,#515151
251010_125651_0000080818_CAM1_NG_bmp.rf.3407e6fbcd9e86b6b457b0df16bc1525.jpg,qblock,78,78,78,78.0,0.36,0.18,0.9216,#4e4e4e
251010_125651_0000080818_CAM1_NG_bmp.rf.3407e6fbcd9e86b6b457b0df16bc1525.jpg,qblock,78,78,78,78.0,0.3825,0.18,0.9206,#4e4e4e
251010_125651_0000080818_CAM1_NG_bmp.rf.3407e6fbcd9e86b6b457b0df16bc1525.jpg,qblock,86,86,86,86.0,0.36,0.18,0.9077,#565656
251010_125651_0000080818_CAM1_NG_bmp.rf.3407e6fbcd9e86b6b457b0df16bc1525.jpg,qblock,90,90,90,90.0,0.36,0.2025,0.8975,#5a5a5a
251010_125651_0000080818_CAM1_NG_bmp.rf.3407e6fbcd9e86b6b457b0df16bc1525.jpg,qblock,94,94,94,94.0,0.36,0.2025,0.8951,#5e5e5e
251010_125651_0000080818_CAM1_NG_bmp.rf.3407e6fbcd9e86b6b457b0df16bc1525.jpg,qblock,89,89,89,89.0,0.36,0.2025,0.8941,#595959
251010_125651_0000080818_CAM1_NG_bmp.rf.3407e6fbcd9e86b6b457b0df16bc1525.jpg,qblock,91,91,91,91.0,0.36,0.2025,0.888,#5b5b5b
251010_125651_0000080818_CAM1_NG_bmp.rf.3407e6fbcd9e86b6b457b0df16bc1525.jpg,qblock,82,82,82,82.0,0.3375,0.18,0.883,#525252
251010_125651_0000080818_CAM1_NG_bmp.rf.3407e6fbcd9e86b6b457b0df16bc1525.jpg,qblock,80,80,80,80.0,0.36,0.18,0.8517,#505050
251010_125651_0000080818_CAM1_NG_bmp.rf.3407e6fbcd9e86b6b457b0df16bc1525.jpg,qblock,92,92,92,92.0,0.36,0.18,0.8232,#5c5c5c
251010_125651_0000080818_CAM1_NG_bmp.rf.3407e6fbcd9e86b6b457b0df16bc1525.jpg,qblock,70,70,70,70.0,0.3375,0.2025,0.5527,#464646
251010_125651_0000080818_CAM1_NG_bmp.rf.3407e6fbcd9e86b6b457b0df16bc1525.jpg,qblock,72,72,72,72.0,0.36,0.2025,0.5454,#484848
251107_231831_0000096731_CAM1_NG_bmp.rf.7c73c41f8836cc552634426469214a95.jpg,incorrect qblock,177,177,177,177.0,0.36,0.18,0.887,#b1b1b1
251107_231831_0000096731_CAM1_NG_bmp.rf.7c73c41f8836cc552634426469214a95.jpg,incorrect qblock,176,176,176,176.0,0.3375,0.18,0.8777,#b0b0b0
251107_231831_0000096731_CAM1_NG_bmp.rf.7c73c41f8836cc552634426469214a95.jpg,incorrect qblock,180,180,180,180.0,0.36,0.2025,0.8225,#b4b4b4
251107_231831_0000096731_CAM1_NG_bmp.rf.7c73c41f8836cc552634426469214a95.jpg,incorrect qblock,163,163,163,163.0,0.36,0.18,0.81,#a3a3a3
251107_231831_0000096731_CAM1_NG_bmp.rf.7c73c41f8836cc552634426469214a95.jpg,incorrect qblock,186,186,186,186.0,0.36,0.2025,0.7818,#bababa
251107_231831_0000096731_CAM1_NG_bmp.rf.7c73c41f8836cc552634426469214a95.jpg,incorrect qblock,198,198,198,198.0,0.36,0.18,0.7639,#c6c6c6
251107_231831_0000096731_CAM1_NG_bmp.rf.7c73c41f8836cc552634426469214a95.jpg,incorrect qblock,187,187,187,187.0,0.3375,0.18,0.7548,#bbbbbb
251107_231831_0000096731_CAM1_NG_bmp.rf.7c73c41f8836cc552634426469214a95.jpg,incorrect qblock,188,188,188,188.0,0.2925,0.1125,0.7301,#bcbcbc
251107_231831_0000096731_CAM1_NG_bmp.rf.7c73c41f8836cc552634426469214a95.jpg,incorrect qblock,183,183,183,183.0,0.2925,0.09,0.7112,#b7b7b7
251107_231831_0000096731_CAM1_NG_bmp.rf.7c73c41f8836cc552634426469214a95.jpg,incorrect qblock,192,192,192,192.0,0.2925,0.1125,0.6876,#c0c0c0
251107_231831_0000096731_CAM1_NG_bmp.rf.7c73c41f8836cc552634426469214a95.jpg,incorrect qblock,172,172,172,172.0,0.27,0.1125,0.662,#acacac
251107_231831_0000096731_CAM1_NG_bmp.rf.7c73c41f8836cc552634426469214a95.jpg,incorrect qblock,181,181,181,181.0,0.27,0.1125,0.6594,#b5b5b5
251107_231831_0000096731_CAM1_NG_bmp.rf.7c73c41f8836cc552634426469214a95.jpg,incorrect qblock,194,194,194,194.0,0.27,0.135,0.5673,#c2c2c2
251107_231842_0000096768_CAM1_NG_bmp.rf.9ab23181022570981df21ab3cc593dc2.jpg,incorrect qblock,189,189,189,189.0,0.36,0.2025,0.889,#bdbdbd
251107_231842_0000096768_CAM1_NG_bmp.rf.9ab23181022570981df21ab3cc593dc2.jpg,incorrect qblock,175,175,175,175.0,0.3375,0.1575,0.8603,#afafaf
251107_231842_0000096768_CAM1_NG_bmp.rf.9ab23181022570981df21ab3cc593dc2.jpg,incorrect qblock,165,165,165,165.0,0.36,0.2025,0.8302,#a5a5a5
251107_231842_0000096768_CAM1_NG_bmp.rf.9ab23181022570981df21ab3cc593dc2.jpg,incorrect qblock,175,175,175,175.0,0.3375,0.18,0.8221,#afafaf
251107_231842_0000096768_CAM1_NG_bmp.rf.9ab23181022570981df21ab3cc593dc2.jpg,incorrect qblock,196,196,196,196.0,0.36,0.18,0.8074,#c4c4c4
251107_231842_0000096768_CAM1_NG_bmp.rf.9ab23181022570981df21ab3cc593dc2.jpg,incorrect qblock,190,190,190,190.0,0.3825,0.2025,0.7717,#bebebe
251107_231842_0000096768_CAM1_NG_bmp.rf.9ab23181022570981df21ab3cc593dc2.jpg,incorrect qblock,182,182,182,182.0,0.2925,0.1125,0.7446,#b6b6b6
251107_231842_0000096768_CAM1_NG_bmp.rf.9ab23181022570981df21ab3cc593dc2.jpg,incorrect qblock,186,186,186,186.0,0.3375,0.1575,0.7332,#bababa
251107_231842_0000096768_CAM1_NG_bmp.rf.9ab23181022570981df21ab3cc593dc2.jpg,incorrect qblock,175,175,175,175.0,0.2925,0.09,0.6991,#afafaf
251107_231842_0000096768_CAM1_NG_bmp.rf.9ab23181022570981df21ab3cc593dc2.jpg,incorrect qblock,194,194,194,194.0,0.2925,0.09,0.6893,#c2c2c2
251107_231842_0000096768_CAM1_NG_bmp.rf.9ab23181022570981df21ab3cc593dc2.jpg,incorrect qblock,180,180,180,180.0,0.2925,0.09,0.6699,#b4b4b4
251107_231842_0000096768_CAM1_NG_bmp.rf.9ab23181022570981df21ab3cc593dc2.jpg,incorrect qblock,180,180,180,180.0,0.27,0.1125,0.653,#b4b4b4
251107_231842_0000096768_CAM1_NG_bmp.rf.9ab23181022570981df21ab3cc593dc2.jpg,incorrect qblock,191,191,191,191.0,0.27,0.1125,0.5696,#bfbfbf
251107_231842_0000096768_CAM1_NG_bmp.rf.9ab23181022570981df21ab3cc593dc2.jpg,incorrect qblock,184,184,184,184.0,0.27,0.1125,0.5347,#b8b8b8
251015_020242_0000434130_CAM1_OK_bmp.rf.66569255a00c621759278061c82354a6.jpg,qblock,84,84,84,84.0,0.36,0.2025,0.8894,#545454
251015_020242_0000434130_CAM1_OK_bmp.rf.66569255a00c621759278061c82354a6.jpg,qblock,78,78,78,78.0,0.36,0.2025,0.8851,#4e4e4e
251015_020242_0000434130_CAM1_OK_bmp.rf.66569255a00c621759278061c82354a6.jpg,qblock,83,83,83,83.0,0.3375,0.2025,0.8565,#535353
251015_020242_0000434130_CAM1_OK_bmp.rf.66569255a00c621759278061c82354a6.jpg,qblock,75,75,75,75.0,0.36,0.2025,0.8547,#4b4b4b
251015_020242_0000434130_CAM1_OK_bmp.rf.66569255a00c621759278061c82354a6.jpg,qblock,90,90,90,90.0,0.36,0.225,0.8472,#5a5a5a
251015_020242_0000434130_CAM1_OK_bmp.rf.66569255a00c621759278061c82354a6.jpg,qblock,74,74,74,74.0,0.36,0.18,0.8413,#4a4a4a
251015_020242_0000434130_CAM1_OK_bmp.rf.66569255a00c621759278061c82354a6.jpg,qblock,67,67,67,67.0,0.36,0.18,0.8241,#434343
251015_020242_0000434130_CAM1_OK_bmp.rf.66569255a00c621759278061c82354a6.jpg,qblock,89,89,89,89.0,0.3825,0.2025,0.8124,#595959
251015_020242_0000434130_CAM1_OK_bmp.rf.66569255a00c621759278061c82354a6.jpg,qblock,94,94,94,94.0,0.3825,0.2025,0.8098,#5e5e5e
251015_020242_0000434130_CAM1_OK_bmp.rf.66569255a00c621759278061c82354a6.jpg,qblock,77,77,77,77.0,0.36,0.2025,0.8045,#4d4d4d
251015_020242_0000434130_CAM1_OK_bmp.rf.66569255a00c621759278061c82354a6.jpg,qblock,55,55,55,55.0,0.3375,0.18,0.7839,#373737
251015_020242_0000434130_CAM1_OK_bmp.rf.66569255a00c621759278061c82354a6.jpg,qblock,73,73,73,73.0,0.36,0.2025,0.7627,#494949
251015_020242_0000434130_CAM1_OK_bmp.rf.66569255a00c621759278061c82354a6.jpg,qblock,70,70,70,70.0,0.3825,0.18,0.6926,#464646
251015_020242_0000434130_CAM1_OK_bmp.rf.66569255a00c621759278061c82354a6.jpg,qblock,64,64,64,64.0,0.36,0.2025,0.6366,#404040
251010_070211_0000043540_CAM1_NG_bmp.rf.b37d5cbef9c5fc1ee92cd52985d506a4.jpg,qblock,86,86,86,86.0,0.3825,0.2025,0.9388,#565656
251010_070211_0000043540_CAM1_NG_bmp.rf.b37d5cbef9c5fc1ee92cd52985d506a4.jpg,qblock,90,90,90,90.0,0.36,0.2025,0.9142,#5a5a5a
251010_070211_0000043540_CAM1_NG_bmp.rf.b37d5cbef9c5fc1ee92cd52985d506a4.jpg,qblock,86,86,86,86.0,0.3825,0.2025,0.9092,#565656
251010_070211_0000043540_CAM1_NG_bmp.rf.b37d5cbef9c5fc1ee92cd52985d506a4.jpg,qblock,88,88,88,88.0,0.3825,0.2025,0.9056,#585858
251010_070211_0000043540_CAM1_NG_bmp.rf.b37d5cbef9c5fc1ee92cd52985d506a4.jpg,qblock,74,74,74,74.0,0.36,0.2025,0.8902,#4a4a4a
251010_070211_0000043540_CAM1_NG_bmp.rf.b37d5cbef9c5fc1ee92cd52985d506a4.jpg,qblock,83,83,83,83.0,0.3825,0.2025,0.8875,#535353
251010_070211_0000043540_CAM1_NG_bmp.rf.b37d5cbef9c5fc1ee92cd52985d506a4.jpg,qblock,94,94,94,94.0,0.3825,0.2025,0.8806,#5e5e5e
251010_070211_0000043540_CAM1_NG_bmp.rf.b37d5cbef9c5fc1ee92cd52985d506a4.jpg,qblock,81,81,81,81.0,0.36,0.2025,0.8794,#515151
251010_070211_0000043540_CAM1_NG_bmp.rf.b37d5cbef9c5fc1ee92cd52985d506a4.jpg,qblock,81,81,81,81.0,0.36,0.18,0.8698,#515151
251010_070211_0000043540_CAM1_NG_bmp.rf.b37d5cbef9c5fc1ee92cd52985d506a4.jpg,qblock,89,89,89,89.0,0.3825,0.2025,0.8615,#595959
251010_070211_0000043540_CAM1_NG_bmp.rf.b37d5cbef9c5fc1ee92cd52985d506a4.jpg,qblock,91,91,91,91.0,0.36,0.2025,0.8208,#5b5b5b
251107_231924_0000096907_CAM1_NG_bmp.rf.41cdde0a1ef3936df61a936d48de2daa.jpg,incorrect qblock,180,180,180,180.0,0.36,0.2025,0.8784,#b4b4b4
251107_231924_0000096907_CAM1_NG_bmp.rf.41cdde0a1ef3936df61a936d48de2daa.jpg,incorrect qblock,176,176,176,176.0,0.3375,0.18,0.8636,#b0b0b0
251107_231924_0000096907_CAM1_NG_bmp.rf.41cdde0a1ef3936df61a936d48de2daa.jpg,incorrect qblock,164,164,164,164.0,0.36,0.2025,0.8069,#a4a4a4
251107_231924_0000096907_CAM1_NG_bmp.rf.41cdde0a1ef3936df61a936d48de2daa.jpg,incorrect qblock,180,180,180,180.0,0.27,0.1125,0.8069,#b4b4b4
251107_231924_0000096907_CAM1_NG_bmp.rf.41cdde0a1ef3936df61a936d48de2daa.jpg,incorrect qblock,184,184,184,184.0,0.36,0.18,0.7968,#b8b8b8
251107_231924_0000096907_CAM1_NG_bmp.rf.41cdde0a1ef3936df61a936d48de2daa.jpg,incorrect qblock,176,176,176,176.0,0.3375,0.2025,0.7847,#b0b0b0
251107_231924_0000096907_CAM1_NG_bmp.rf.41cdde0a1ef3936df61a936d48de2daa.jpg,incorrect qblock,189,189,189,189.0,0.36,0.18,0.7716,#bdbdbd
251107_231924_0000096907_CAM1_NG_bmp.rf.41cdde0a1ef3936df61a936d48de2daa.jpg,incorrect qblock,188,188,188,188.0,0.3375,0.18,0.7423,#bcbcbc
251107_231924_0000096907_CAM1_NG_bmp.rf.41cdde0a1ef3936df61a936d48de2daa.jpg,incorrect qblock,178,178,178,178.0,0.2925,0.1125,0.7039,#b2b2b2
251107_231924_0000096907_CAM1_NG_bmp.rf.41cdde0a1ef3936df61a936d48de2daa.jpg,incorrect qblock,192,192,192,192.0,0.2925,0.1125,0.6495,#c0c0c0
251107_231924_0000096907_CAM1_NG_bmp.rf.41cdde0a1ef3936df61a936d48de2daa.jpg,incorrect qblock,193,193,193,193.0,0.27,0.1125,0.6363,#c1c1c1
251107_231924_0000096907_CAM1_NG_bmp.rf.41cdde0a1ef3936df61a936d48de2daa.jpg,incorrect qblock,188,188,188,188.0,0.27,0.09,0.6108,#bcbcbc
251107_231924_0000096907_CAM1_NG_bmp.rf.41cdde0a1ef3936df61a936d48de2daa.jpg,incorrect qblock,184,184,184,184.0,0.2925,0.1125,0.5581,#b8b8b8
251107_231924_0000096907_CAM1_NG_bmp.rf.41cdde0a1ef3936df61a936d48de2daa.jpg,incorrect qblock,193,193,193,193.0,0.2925,0.1125,0.5544,#c1c1c1
251107_232612_0000098261_CAM1_NG_bmp.rf.a981971e882a86a764affb0ff8e8cf6b.jpg,incorrect qblock,180,180,180,180.0,0.36,0.2025,0.8958,#b4b4b4
251107_232612_0000098261_CAM1_NG_bmp.rf.a981971e882a86a764affb0ff8e8cf6b.jpg,incorrect qblock,180,180,180,180.0,0.3375,0.18,0.8369,#b4b4b4
251107_232612_0000098261_CAM1_NG_bmp.rf.a981971e882a86a764affb0ff8e8cf6b.jpg,incorrect qblock,189,189,189,189.0,0.36,0.1575,0.8342,#bdbdbd
251107_232612_0000098261_CAM1_NG_bmp.rf.a981971e882a86a764affb0ff8e8cf6b.jpg,incorrect qblock,170,170,170,170.0,0.36,0.2025,0.8118,#aaaaaa
251107_232612_0000098261_CAM1_NG_bmp.rf.a981971e882a86a764affb0ff8e8cf6b.jpg,incorrect qblock,174,174,174,174.0,0.3375,0.18,0.8076,#aeaeae
251107_232612_0000098261_CAM1_NG_bmp.rf.a981971e882a86a764affb0ff8e8cf6b.jpg,incorrect qblock,178,178,178,178.0,0.27,0.09,0.7499,#b2b2b2
251107_232612_0000098261_CAM1_NG_bmp.rf.a981971e882a86a764affb0ff8e8cf6b.jpg,incorrect qblock,187,187,187,187.0,0.3825,0.18,0.724,#bbbbbb
251107_232612_0000098261_CAM1_NG_bmp.rf.a981971e882a86a764affb0ff8e8cf6b.jpg,incorrect qblock,180,180,180,180.0,0.27,0.1125,0.7053,#b4b4b4
251107_232612_0000098261_CAM1_NG_bmp.rf.a981971e882a86a764affb0ff8e8cf6b.jpg,incorrect qblock,180,180,180,180.0,0.27,0.1125,0.6964,#b4b4b4
251107_232612_0000098261_CAM1_NG_bmp.rf.a981971e882a86a764affb0ff8e8cf6b.jpg,incorrect qblock,184,184,184,184.0,0.3375,0.18,0.6395,#b8b8b8
251107_232612_0000098261_CAM1_NG_bmp.rf.a981971e882a86a764affb0ff8e8cf6b.jpg,incorrect qblock,185,185,185,185.0,0.2925,0.1125,0.5794,#b9b9b9
251107_232612_0000098261_CAM1_NG_bmp.rf.a981971e882a86a764affb0ff8e8cf6b.jpg,incorrect qblock,196,196,196,196.0,0.2925,0.1125,0.5007,#c4c4c4
251107_232356_0000097812_CAM1_NG_bmp.rf.4961ca57aa6389ac6f5f6a9dd2975c0d.jpg,incorrect qblock,181,181,181,181.0,0.36,0.18,0.8857,#b5b5b5
251107_232356_0000097812_CAM1_NG_bmp.rf.4961ca57aa6389ac6f5f6a9dd2975c0d.jpg,incorrect qblock,180,180,180,180.0,0.3375,0.18,0.8576,#b4b4b4
251107_232356_0000097812_CAM1_NG_bmp.rf.4961ca57aa6389ac6f5f6a9dd2975c0d.jpg,incorrect qblock,161,161,161,161.0,0.36,0.18,0.8163,#a1a1a1
251107_232356_0000097812_CAM1_NG_bmp.rf.4961ca57aa6389ac6f5f6a9dd2975c0d.jpg,incorrect qblock,195,195,195,195.0,0.36,0.18,0.7973,#c3c3c3
251107_232356_0000097812_CAM1_NG_bmp.rf.4961ca57aa6389ac6f5f6a9dd2975c0d.jpg,incorrect qblock,178,178,178,178.0,0.3375,0.18,0.7968,#b2b2b2
251107_232356_0000097812_CAM1_NG_bmp.rf.4961ca57aa6389ac6f5f6a9dd2975c0d.jpg,incorrect qblock,181,181,181,181.0,0.27,0.1125,0.7758,#b5b5b5
251107_232356_0000097812_CAM1_NG_bmp.rf.4961ca57aa6389ac6f5f6a9dd2975c0d.jpg,incorrect qblock,190,190,190,190.0,0.36,0.2025,0.7661,#bebebe
251107_232356_0000097812_CAM1_NG_bmp.rf.4961ca57aa6389ac6f5f6a9dd2975c0d.jpg,incorrect qblock,179,179,179,179.0,0.2925,0.1125,0.7123,#b3b3b3
251107_232356_0000097812_CAM1_NG_bmp.rf.4961ca57aa6389ac6f5f6a9dd2975c0d.jpg,incorrect qblock,188,188,188,188.0,0.3375,0.18,0.7114,#bcbcbc
251107_232356_0000097812_CAM1_NG_bmp.rf.4961ca57aa6389ac6f5f6a9dd2975c0d.jpg,incorrect qblock,190,190,190,190.0,0.27,0.1125,0.6831,#bebebe
251107_232356_0000097812_CAM1_NG_bmp.rf.4961ca57aa6389ac6f5f6a9dd2975c0d.jpg,incorrect qblock,185,185,185,185.0,0.27,0.09,0.683,#b9b9b9
251107_232356_0000097812_CAM1_NG_bmp.rf.4961ca57aa6389ac6f5f6a9dd2975c0d.jpg,incorrect qblock,186,186,186,186.0,0.2925,0.1125,0.6487,#bababa
251107_232356_0000097812_CAM1_NG_bmp.rf.4961ca57aa6389ac6f5f6a9dd2975c0d.jpg,incorrect qblock,196,196,196,196.0,0.27,0.135,0.5522,#c4c4c4
251107_232356_0000097812_CAM1_NG_bmp.rf.4961ca57aa6389ac6f5f6a9dd2975c0d.jpg,incorrect qblock,184,184,184,184.0,0.27,0.1125,0.5075,#b8b8b8
251010_070153_0000043479_CAM1_NG_bmp.rf.b159a45fa454351ccbbe474c36408bde.jpg,qblock,89,89,89,89.0,0.3825,0.2025,0.9366,#595959
251010_070153_0000043479_CAM1_NG_bmp.rf.b159a45fa454351ccbbe474c36408bde.jpg,qblock,87,87,87,87.0,0.36,0.2025,0.9272,#575757
251010_070153_0000043479_CAM1_NG_bmp.rf.b159a45fa454351ccbbe474c36408bde.jpg,qblock,94,94,94,94.0,0.36,0.2025,0.9237,#5e5e5e
251010_070153_0000043479_CAM1_NG_bmp.rf.b159a45fa454351ccbbe474c36408bde.jpg,qblock,81,81,81,81.0,0.3825,0.18,0.9013,#515151
251010_070153_0000043479_CAM1_NG_bmp.rf.b159a45fa454351ccbbe474c36408bde.jpg,qblock,95,95,95,95.0,0.36,0.2025,0.9011,#5f5f5f
251010_070153_0000043479_CAM1_NG_bmp.rf.b159a45fa454351ccbbe474c36408bde.jpg,qblock,78,78,78,78.0,0.36,0.2025,0.8953,#4e4e4e
251010_070153_0000043479_CAM1_NG_bmp.rf.b159a45fa454351ccbbe474c36408bde.jpg,qblock,86,86,86,86.0,0.3825,0.2025,0.891,#565656
251010_070153_0000043479_CAM1_NG_bmp.rf.b159a45fa454351ccbbe474c36408bde.jpg,qblock,80,80,80,80.0,0.3825,0.18,0.8887,#505050
251010_070153_0000043479_CAM1_NG_bmp.rf.b159a45fa454351ccbbe474c36408bde.jpg,qblock,71,71,71,71.0,0.36,0.18,0.8867,#474747
251010_070153_0000043479_CAM1_NG_bmp.rf.b159a45fa454351ccbbe474c36408bde.jpg,qblock,86,86,86,86.0,0.36,0.2025,0.8807,#565656
251010_070153_0000043479_CAM1_NG_bmp.rf.b159a45fa454351ccbbe474c36408bde.jpg,qblock,81,81,81,81.0,0.36,0.2025,0.8647,#515151
251010_070153_0000043479_CAM1_NG_bmp.rf.b159a45fa454351ccbbe474c36408bde.jpg,incorrect qblock,106,106,106,106.0,0.315,0.18,0.8225,#6a6a6a
251010_070153_0000043479_CAM1_NG_bmp.rf.b159a45fa454351ccbbe474c36408bde.jpg,qblock,94,94,94,94.0,0.3825,0.2025,0.6847,#5e5e5e
251010_070153_0000043479_CAM1_NG_bmp.rf.b159a45fa454351ccbbe474c36408bde.jpg,incorrect qblock,118,118,118,118.0,0.27,0.18,0.6641,#767676
251107_232049_0000097191_CAM1_NG_bmp.rf.084061310934a4fde3799ba059d28434.jpg,incorrect qblock,187,187,187,187.0,0.36,0.2025,0.8914,#bbbbbb
251107_232049_0000097191_CAM1_NG_bmp.rf.084061310934a4fde3799ba059d28434.jpg,incorrect qblock,178,178,178,178.0,0.3375,0.18,0.8589,#b2b2b2
251107_232049_0000097191_CAM1_NG_bmp.rf.084061310934a4fde3799ba059d28434.jpg,incorrect qblock,178,178,178,178.0,0.3375,0.18,0.8139,#b2b2b2
251107_232049_0000097191_CAM1_NG_bmp.rf.084061310934a4fde3799ba059d28434.jpg,incorrect qblock,166,166,166,166.0,0.36,0.18,0.8085,#a6a6a6
251107_232049_0000097191_CAM1_NG_bmp.rf.084061310934a4fde3799ba059d28434.jpg,incorrect qblock,196,196,196,196.0,0.36,0.18,0.8061,#c4c4c4
251107_232049_0000097191_CAM1_NG_bmp.rf.084061310934a4fde3799ba059d28434.jpg,incorrect qblock,195,195,195,195.0,0.3825,0.2025,0.7732,#c3c3c3
251107_232049_0000097191_CAM1_NG_bmp.rf.084061310934a4fde3799ba059d28434.jpg,incorrect qblock,189,189,189,189.0,0.3375,0.18,0.7445,#bdbdbd
251107_232049_0000097191_CAM1_NG_bmp.rf.084061310934a4fde3799ba059d28434.jpg,incorrect qblock,193,193,193,193.0,0.27,0.1125,0.7338,#c1c1c1
251107_232049_0000097191_CAM1_NG_bmp.rf.084061310934a4fde3799ba059d28434.jpg,incorrect qblock,178,178,178,178.0,0.27,0.1125,0.7291,#b2b2b2
251107_232049_0000097191_CAM1_NG_bmp.rf.084061310934a4fde3799ba059d28434.jpg,incorrect qblock,192,192,192,192.0,0.27,0.1125,0.6808,#c0c0c0
251107_232049_0000097191_CAM1_NG_bmp.rf.084061310934a4fde3799ba059d28434.jpg,incorrect qblock,179,179,179,179.0,0.27,0.1125,0.6796,#b3b3b3
251107_232049_0000097191_CAM1_NG_bmp.rf.084061310934a4fde3799ba059d28434.jpg,incorrect qblock,185,185,185,185.0,0.27,0.09,0.6449,#b9b9b9
251107_232049_0000097191_CAM1_NG_bmp.rf.084061310934a4fde3799ba059d28434.jpg,incorrect qblock,186,186,186,186.0,0.27,0.1125,0.5776,#bababa
251107_232049_0000097191_CAM1_NG_bmp.rf.084061310934a4fde3799ba059d28434.jpg,incorrect qblock,176,176,176,176.0,0.27,0.1125,0.5141,#b0b0b0
251107_232049_0000097191_CAM1_NG_bmp.rf.084061310934a4fde3799ba059d28434.jpg,incorrect qblock,191,191,191,191.0,0.27,0.1125,0.5106,#bfbfbf
251107_231741_0000096566_CAM1_NG_bmp.rf.27391f330c398610a0db23215598ffb1.jpg,incorrect qblock,182,182,182,182.0,0.36,0.2025,0.8807,#b6b6b6
251107_231741_0000096566_CAM1_NG_bmp.rf.27391f330c398610a0db23215598ffb1.jpg,incorrect qblock,180,180,180,180.0,0.3375,0.18,0.8591,#b4b4b4
251107_231741_0000096566_CAM1_NG_bmp.rf.27391f330c398610a0db23215598ffb1.jpg,incorrect qblock,172,172,172,172.0,0.3375,0.18,0.8337,#acacac
251107_231741_0000096566_CAM1_NG_bmp.rf.27391f330c398610a0db23215598ffb1.jpg,incorrect qblock,185,185,185,185.0,0.3825,0.18,0.8132,#b9b9b9
251107_231741_0000096566_CAM1_NG_bmp.rf.27391f330c398610a0db23215598ffb1.jpg,incorrect qblock,160,160,160,160.0,0.36,0.18,0.7901,#a0a0a0
251107_231741_0000096566_CAM1_NG_bmp.rf.27391f330c398610a0db23215598ffb1.jpg,incorrect qblock,189,189,189,189.0,0.3375,0.18,0.786,#bdbdbd
251107_231741_0000096566_CAM1_NG_bmp.rf.27391f330c398610a0db23215598ffb1.jpg,incorrect qblock,191,191,191,191.0,0.36,0.18,0.7586,#bfbfbf
251107_231741_0000096566_CAM1_NG_bmp.rf.27391f330c398610a0db23215598ffb1.jpg,incorrect qblock,173,173,173,173.0,0.27,0.09,0.7492,#adadad
251107_231741_0000096566_CAM1_NG_bmp.rf.27391f330c398610a0db23215598ffb1.jpg,incorrect qblock,181,181,181,181.0,0.2925,0.1125,0.7122,#b5b5b5
251107_231741_0000096566_CAM1_NG_bmp.rf.27391f330c398610a0db23215598ffb1.jpg,incorrect qblock,192,192,192,192.0,0.2925,0.1125,0.6967,#c0c0c0
251107_231741_0000096566_CAM1_NG_bmp.rf.27391f330c398610a0db23215598ffb1.jpg,incorrect qblock,172,172,172,172.0,0.27,0.1125,0.6943,#acacac
251107_231741_0000096566_CAM1_NG_bmp.rf.27391f330c398610a0db23215598ffb1.jpg,incorrect qblock,185,185,185,185.0,0.27,0.09,0.6736,#b9b9b9
251107_231741_0000096566_CAM1_NG_bmp.rf.27391f330c398610a0db23215598ffb1.jpg,incorrect qblock,182,182,182,182.0,0.27,0.1125,0.5883,#b6b6b6
251107_231741_0000096566_CAM1_NG_bmp.rf.27391f330c398610a0db23215598ffb1.jpg,incorrect qblock,180,180,180,180.0,0.27,0.1125,0.5456,#b4b4b4
251010_132055_0000083829_CAM1_NG_bmp.rf.bdd161d34586fd3c8f44bfe2b4a8e6bc.jpg,qblock,77,77,77,77.0,0.36,0.18,0.9072,#4d4d4d
251010_132055_0000083829_CAM1_NG_bmp.rf.bdd161d34586fd3c8f44bfe2b4a8e6bc.jpg,qblock,81,81,81,81.0,0.36,0.18,0.904,#515151
251010_132055_0000083829_CAM1_NG_bmp.rf.bdd161d34586fd3c8f44bfe2b4a8e6bc.jpg,qblock,85,85,85,85.0,0.36,0.2025,0.8983,#555555
251010_132055_0000083829_CAM1_NG_bmp.rf.bdd161d34586fd3c8f44bfe2b4a8e6bc.jpg,qblock,94,94,94,94.0,0.36,0.2025,0.8933,#5e5e5e
251010_132055_0000083829_CAM1_NG_bmp.rf.bdd161d34586fd3c8f44bfe2b4a8e6bc.jpg,qblock,81,81,81,81.0,0.3825,0.18,0.8875,#515151
251010_132055_0000083829_CAM1_NG_bmp.rf.bdd161d34586fd3c8f44bfe2b4a8e6bc.jpg,qblock,96,96,96,96.0,0.3825,0.2025,0.8851,#606060
251010_132055_0000083829_CAM1_NG_bmp.rf.bdd161d34586fd3c8f44bfe2b4a8e6bc.jpg,qblock,78,78,78,78.0,0.3825,0.18,0.8811,#4e4e4e
251010_132055_0000083829_CAM1_NG_bmp.rf.bdd161d34586fd3c8f44bfe2b4a8e6bc.jpg,qblock,94,94,94,94.0,0.3825,0.18,0.8534,#5e5e5e
251010_132055_0000083829_CAM1_NG_bmp.rf.bdd161d34586fd3c8f44bfe2b4a8e6bc.jpg,qblock,88,88,88,88.0,0.36,0.2025,0.8483,#585858
251010_132055_0000083829_CAM1_NG_bmp.rf.bdd161d34586fd3c8f44bfe2b4a8e6bc.jpg,qblock,88,88,88,88.0,0.3825,0.18,0.8337,#585858
251010_132055_0000083829_CAM1_NG_bmp.rf.bdd161d34586fd3c8f44bfe2b4a8e6bc.jpg,qblock,65,65,65,65.0,0.36,0.2025,0.7157,#414141
251010_132055_0000083829_CAM1_NG_bmp.rf.bdd161d34586fd3c8f44bfe2b4a8e6bc.jpg,qblock,80,80,80,80.0,0.36,0.2025,0.7054,#505050
251010_132055_0000083829_CAM1_NG_bmp.rf.bdd161d34586fd3c8f44bfe2b4a8e6bc.jpg,qblock,73,73,73,73.0,0.36,0.2025,0.6261,#494949
251010_125634_0000080761_CAM1_NG_bmp.rf.0cf1178d427474ba79584a27790c6acc.jpg,qblock,83,83,83,83.0,0.36,0.18,0.9434,#535353
251010_125634_0000080761_CAM1_NG_bmp.rf.0cf1178d427474ba79584a27790c6acc.jpg,qblock,85,85,85,85.0,0.3825,0.18,0.9326,#555555
251010_125634_0000080761_CAM1_NG_bmp.rf.0cf1178d427474ba79584a27790c6acc.jpg,qblock,89,89,89,89.0,0.36,0.2025,0.9314,#595959
251010_125634_0000080761_CAM1_NG_bmp.rf.0cf1178d427474ba79584a27790c6acc.jpg,qblock,84,84,84,84.0,0.36,0.18,0.9287,#545454
251010_125634_0000080761_CAM1_NG_bmp.rf.0cf1178d427474ba79584a27790c6acc.jpg,qblock,84,84,84,84.0,0.36,0.18,0.9224,#545454
251010_125634_0000080761_CAM1_NG_bmp.rf.0cf1178d427474ba79584a27790c6acc.jpg,qblock,73,73,73,73.0,0.3375,0.18,0.9189,#494949
251010_125634_0000080761_CAM1_NG_bmp.rf.0cf1178d427474ba79584a27790c6acc.jpg,qblock,80,80,80,80.0,0.3375,0.18,0.8781,#505050
251010_125634_0000080761_CAM1_NG_bmp.rf.0cf1178d427474ba79584a27790c6acc.jpg,qblock,76,76,76,76.0,0.36,0.18,0.8773,#4c4c4c
251010_125634_0000080761_CAM1_NG_bmp.rf.0cf1178d427474ba79584a27790c6acc.jpg,qblock,90,90,90,90.0,0.36,0.18,0.8721,#5a5a5a
251010_125634_0000080761_CAM1_NG_bmp.rf.0cf1178d427474ba79584a27790c6acc.jpg,qblock,74,74,74,74.0,0.36,0.18,0.842,#4a4a4a
251010_125634_0000080761_CAM1_NG_bmp.rf.0cf1178d427474ba79584a27790c6acc.jpg,qblock,83,83,83,83.0,0.36,0.18,0.8358,#535353
251010_125634_0000080761_CAM1_NG_bmp.rf.0cf1178d427474ba79584a27790c6acc.jpg,qblock,69,69,69,69.0,0.3375,0.2025,0.6407,#454545
251010_125634_0000080761_CAM1_NG_bmp.rf.0cf1178d427474ba79584a27790c6acc.jpg,qblock,70,70,70,70.0,0.3375,0.2025,0.6366,#464646
251107_231855_0000096813_CAM1_NG_bmp.rf.fc1bf51878a8cd7d0628adb1ec799072.jpg,incorrect qblock,183,183,183,183.0,0.36,0.2025,0.867,#b7b7b7
251107_231855_0000096813_CAM1_NG_bmp.rf.fc1bf51878a8cd7d0628adb1ec799072.jpg,incorrect qblock,182,182,182,182.0,0.3375,0.18,0.8656,#b6b6b6
251107_231855_0000096813_CAM1_NG_bmp.rf.fc1bf51878a8cd7d0628adb1ec799072.jpg,incorrect qblock,190,190,190,190.0,0.3825,0.18,0.8145,#bebebe
251107_231855_0000096813_CAM1_NG_bmp.rf.fc1bf51878a8cd7d0628adb1ec799072.jpg,incorrect qblock,175,175,175,175.0,0.3375,0.18,0.8066,#afafaf
251107_231855_0000096813_CAM1_NG_bmp.rf.fc1bf51878a8cd7d0628adb1ec799072.jpg,incorrect qblock,182,182,182,182.0,0.27,0.1125,0.7996,#b6b6b6
251107_231855_0000096813_CAM1_NG_bmp.rf.fc1bf51878a8cd7d0628adb1ec799072.jpg,incorrect qblock,186,186,186,186.0,0.3375,0.1575,0.7885,#bababa
251107_231855_0000096813_CAM1_NG_bmp.rf.fc1bf51878a8cd7d0628adb1ec799072.jpg,incorrect qblock,159,159,159,159.0,0.36,0.18,0.7767,#9f9f9f
251107_231855_0000096813_CAM1_NG_bmp.rf.fc1bf51878a8cd7d0628adb1ec799072.jpg,incorrect qblock,196,196,196,196.0,0.36,0.18,0.7551,#c4c4c4
251107_231855_0000096813_CAM1_NG_bmp.rf.fc1bf51878a8cd7d0628adb1ec799072.jpg,incorrect qblock,185,185,185,185.0,0.27,0.1125,0.6867,#b9b9b9
251107_231855_0000096813_CAM1_NG_bmp.rf.fc1bf51878a8cd7d0628adb1ec799072.jpg,incorrect qblock,190,190,190,190.0,0.2925,0.1125,0.6865,#bebebe
251107_231855_0000096813_CAM1_NG_bmp.rf.fc1bf51878a8cd7d0628adb1ec799072.jpg,incorrect qblock,189,189,189,189.0,0.2925,0.09,0.6843,#bdbdbd
251107_231855_0000096813_CAM1_NG_bmp.rf.fc1bf51878a8cd7d0628adb1ec799072.jpg,incorrect qblock,178,178,178,178.0,0.27,0.1125,0.6756,#b2b2b2
251107_231855_0000096813_CAM1_NG_bmp.rf.fc1bf51878a8cd7d0628adb1ec799072.jpg,incorrect qblock,166,166,166,166.0,0.27,0.09,0.6425,#a6a6a6
251107_231855_0000096813_CAM1_NG_bmp.rf.fc1bf51878a8cd7d0628adb1ec799072.jpg,incorrect qblock,186,186,186,186.0,0.27,0.135,0.6386,#bababa
251107_231855_0000096813_CAM1_NG_bmp.rf.fc1bf51878a8cd7d0628adb1ec799072.jpg,incorrect qblock,192,192,192,192.0,0.2925,0.1125,0.6259,#c0c0c0
251107_231855_0000096813_CAM1_NG_bmp.rf.fc1bf51878a8cd7d0628adb1ec799072.jpg,incorrect qblock,176,176,176,176.0,0.27,0.09,0.6198,#b0b0b0
251107_231855_0000096813_CAM1_NG_bmp.rf.fc1bf51878a8cd7d0628adb1ec799072.jpg,incorrect qblock,187,187,187,187.0,0.2925,0.135,0.5113,#bbbbbb
251010_201506_0000147685_CAM1_NG_bmp.rf.d1ab85989a10a47899e19b7fe00aee5f.jpg,qblock,96,96,96,96.0,0.3825,0.2025,0.8983,#606060
251010_201506_0000147685_CAM1_NG_bmp.rf.d1ab85989a10a47899e19b7fe00aee5f.jpg,qblock,87,87,87,87.0,0.3825,0.2025,0.8929,#575757
251010_201506_0000147685_CAM1_NG_bmp.rf.d1ab85989a10a47899e19b7fe00aee5f.jpg,qblock,81,81,81,81.0,0.3825,0.18,0.8752,#515151
251010_201506_0000147685_CAM1_NG_bmp.rf.d1ab85989a10a47899e19b7fe00aee5f.jpg,qblock,84,84,84,84.0,0.3825,0.18,0.8628,#545454
251010_201506_0000147685_CAM1_NG_bmp.rf.d1ab85989a10a47899e19b7fe00aee5f.jpg,qblock,91,91,91,91.0,0.3825,0.2025,0.852,#5b5b5b
251010_201506_0000147685_CAM1_NG_bmp.rf.d1ab85989a10a47899e19b7fe00aee5f.jpg,qblock,91,91,91,91.0,0.3825,0.2025,0.8315,#5b5b5b
251010_201506_0000147685_CAM1_NG_bmp.rf.d1ab85989a10a47899e19b7fe00aee5f.jpg,qblock,85,85,85,85.0,0.3825,0.18,0.8272,#555555
251010_201506_0000147685_CAM1_NG_bmp.rf.d1ab85989a10a47899e19b7fe00aee5f.jpg,qblock,83,83,83,83.0,0.36,0.2025,0.8218,#535353
251010_201506_0000147685_CAM1_NG_bmp.rf.d1ab85989a10a47899e19b7fe00aee5f.jpg,qblock,84,84,84,84.0,0.3825,0.18,0.8064,#545454
251010_201506_0000147685_CAM1_NG_bmp.rf.d1ab85989a10a47899e19b7fe00aee5f.jpg,qblock,81,81,81,81.0,0.36,0.2025,0.7915,#515151
251010_201506_0000147685_CAM1_NG_bmp.rf.d1ab85989a10a47899e19b7fe00aee5f.jpg,qblock,90,90,90,90.0,0.3825,0.2025,0.7757,#5a5a5a
251010_201506_0000147685_CAM1_NG_bmp.rf.d1ab85989a10a47899e19b7fe00aee5f.jpg,qblock,86,86,86,86.0,0.27,0.1575,0.5766,#565656
251010_201506_0000147685_CAM1_NG_bmp.rf.d1ab85989a10a47899e19b7fe00aee5f.jpg,incorrect qblock,101,101,101,101.0,0.315,0.18,0.5437,#656565
251010_201506_0000147686_CAM1_NG_bmp.rf.1a57511db1c2ac93f5c86461ffef2326.jpg,qblock,90,90,90,90.0,0.3825,0.2025,0.9053,#5a5a5a
251010_201506_0000147686_CAM1_NG_bmp.rf.1a57511db1c2ac93f5c86461ffef2326.jpg,qblock,83,83,83,83.0,0.3825,0.18,0.8987,#535353
251010_201506_0000147686_CAM1_NG_bmp.rf.1a57511db1c2ac93f5c86461ffef2326.jpg,qblock,92,92,92,92.0,0.3825,0.2025,0.8832,#5c5c5c
251010_201506_0000147686_CAM1_NG_bmp.rf.1a57511db1c2ac93f5c86461ffef2326.jpg,qblock,80,80,80,80.0,0.36,0.18,0.8745,#505050
251010_201506_0000147686_CAM1_NG_bmp.rf.1a57511db1c2ac93f5c86461ffef2326.jpg,qblock,85,85,85,85.0,0.3825,0.2025,0.8441,#555555
251010_201506_0000147686_CAM1_NG_bmp.rf.1a57511db1c2ac93f5c86461ffef2326.jpg,qblock,83,83,83,83.0,0.36,0.2025,0.8402,#535353
251010_201506_0000147686_CAM1_NG_bmp.rf.1a57511db1c2ac93f5c86461ffef2326.jpg,qblock,74,74,74,74.0,0.36,0.18,0.8347,#4a4a4a
251010_201506_0000147686_CAM1_NG_bmp.rf.1a57511db1c2ac93f5c86461ffef2326.jpg,qblock,89,89,89,89.0,0.3825,0.18,0.8224,#595959
251010_201506_0000147686_CAM1_NG_bmp.rf.1a57511db1c2ac93f5c86461ffef2326.jpg,qblock,93,93,93,93.0,0.3825,0.2025,0.7889,#5d5d5d
251010_201506_0000147686_CAM1_NG_bmp.rf.1a57511db1c2ac93f5c86461ffef2326.jpg,qblock,88,88,88,88.0,0.3825,0.18,0.779,#585858
251010_201506_0000147686_CAM1_NG_bmp.rf.1a57511db1c2ac93f5c86461ffef2326.jpg,qblock,84,84,84,84.0,0.36,0.2025,0.7697,#545454
251015_020247_0000434147_CAM1_OK_bmp.rf.61b9442193e145039dac13f3b7a98360.jpg,qblock,85,85,85,85.0,0.36,0.2025,0.8794,#555555
251015_020247_0000434147_CAM1_OK_bmp.rf.61b9442193e145039dac13f3b7a98360.jpg,qblock,78,78,78,78.0,0.36,0.18,0.8767,#4e4e4e
251015_020247_0000434147_CAM1_OK_bmp.rf.61b9442193e145039dac13f3b7a98360.jpg,qblock,74,74,74,74.0,0.36,0.18,0.8606,#4a4a4a
251015_020247_0000434147_CAM1_OK_bmp.rf.61b9442193e145039dac13f3b7a98360.jpg,qblock,84,84,84,84.0,0.3375,0.2025,0.8443,#545454
251015_020247_0000434147_CAM1_OK_bmp.rf.61b9442193e145039dac13f3b7a98360.jpg,qblock,93,93,93,93.0,0.36,0.225,0.842,#5d5d5d
251015_020247_0000434147_CAM1_OK_bmp.rf.61b9442193e145039dac13f3b7a98360.jpg,qblock,96,96,96,96.0,0.3825,0.2025,0.8401,#606060
251015_020247_0000434147_CAM1_OK_bmp.rf.61b9442193e145039dac13f3b7a98360.jpg,qblock,76,76,76,76.0,0.36,0.18,0.8354,#4c4c4c
251015_020247_0000434147_CAM1_OK_bmp.rf.61b9442193e145039dac13f3b7a98360.jpg,qblock,81,81,81,81.0,0.36,0.2025,0.8306,#515151
251015_020247_0000434147_CAM1_OK_bmp.rf.61b9442193e145039dac13f3b7a98360.jpg,qblock,72,72,72,72.0,0.36,0.2025,0.8125,#484848
251015_020247_0000434147_CAM1_OK_bmp.rf.61b9442193e145039dac13f3b7a98360.jpg,qblock,79,79,79,79.0,0.36,0.2025,0.8087,#4f4f4f
251015_020247_0000434147_CAM1_OK_bmp.rf.61b9442193e145039dac13f3b7a98360.jpg,qblock,57,57,57,57.0,0.3375,0.18,0.7844,#393939
251015_020247_0000434147_CAM1_OK_bmp.rf.61b9442193e145039dac13f3b7a98360.jpg,qblock,86,86,86,86.0,0.36,0.2025,0.7777,#565656
251015_020247_0000434147_CAM1_OK_bmp.rf.61b9442193e145039dac13f3b7a98360.jpg,qblock,64,64,64,64.0,0.36,0.2025,0.7223,#404040
251015_020247_0000434147_CAM1_OK_bmp.rf.61b9442193e145039dac13f3b7a98360.jpg,qblock,85,85,85,85.0,0.3825,0.2025,0.6339,#555555
251107_232313_0000097667_CAM1_NG_bmp.rf.3fa5064b6b71c0ccddc1861a03edaa26.jpg,incorrect qblock,181,181,181,181.0,0.36,0.18,0.8839,#b5b5b5
251107_232313_0000097667_CAM1_NG_bmp.rf.3fa5064b6b71c0ccddc1861a03edaa26.jpg,incorrect qblock,180,180,180,180.0,0.3375,0.18,0.8483,#b4b4b4
251107_232313_0000097667_CAM1_NG_bmp.rf.3fa5064b6b71c0ccddc1861a03edaa26.jpg,incorrect qblock,163,163,163,163.0,0.36,0.18,0.8192,#a3a3a3
251107_232313_0000097667_CAM1_NG_bmp.rf.3fa5064b6b71c0ccddc1861a03edaa26.jpg,incorrect qblock,182,182,182,182.0,0.3375,0.18,0.7884,#b6b6b6
251107_232313_0000097667_CAM1_NG_bmp.rf.3fa5064b6b71c0ccddc1861a03edaa26.jpg,incorrect qblock,196,196,196,196.0,0.36,0.18,0.7881,#c4c4c4
251107_232313_0000097667_CAM1_NG_bmp.rf.3fa5064b6b71c0ccddc1861a03edaa26.jpg,incorrect qblock,183,183,183,183.0,0.27,0.1125,0.7851,#b7b7b7
251107_232313_0000097667_CAM1_NG_bmp.rf.3fa5064b6b71c0ccddc1861a03edaa26.jpg,incorrect qblock,193,193,193,193.0,0.3825,0.2025,0.7495,#c1c1c1
251107_232313_0000097667_CAM1_NG_bmp.rf.3fa5064b6b71c0ccddc1861a03edaa26.jpg,incorrect qblock,178,178,178,178.0,0.2925,0.1125,0.7046,#b2b2b2
251107_232313_0000097667_CAM1_NG_bmp.rf.3fa5064b6b71c0ccddc1861a03edaa26.jpg,incorrect qblock,187,187,187,187.0,0.27,0.09,0.6904,#bbbbbb
251107_232313_0000097667_CAM1_NG_bmp.rf.3fa5064b6b71c0ccddc1861a03edaa26.jpg,incorrect qblock,187,187,187,187.0,0.3375,0.1575,0.6845,#bbbbbb
251107_232313_0000097667_CAM1_NG_bmp.rf.3fa5064b6b71c0ccddc1861a03edaa26.jpg,incorrect qblock,194,194,194,194.0,0.2925,0.1125,0.6824,#c2c2c2
251107_232313_0000097667_CAM1_NG_bmp.rf.3fa5064b6b71c0ccddc1861a03edaa26.jpg,incorrect qblock,176,176,176,176.0,0.27,0.1125,0.6365,#b0b0b0
251107_232313_0000097667_CAM1_NG_bmp.rf.3fa5064b6b71c0ccddc1861a03edaa26.jpg,incorrect qblock,195,195,195,195.0,0.27,0.135,0.5646,#c3c3c3
251107_232313_0000097667_CAM1_NG_bmp.rf.3fa5064b6b71c0ccddc1861a03edaa26.jpg,incorrect qblock,190,190,190,190.0,0.27,0.1125,0.5572,#bebebe
251107_231715_0000096480_CAM1_NG_bmp.rf.5293efba98b2f6b2926c5fba7f26c2f0.jpg,incorrect qblock,179,179,179,179.0,0.36,0.2025,0.9,#b3b3b3
251107_231715_0000096480_CAM1_NG_bmp.rf.5293efba98b2f6b2926c5fba7f26c2f0.jpg,incorrect qblock,189,189,189,189.0,0.36,0.1575,0.8575,#bdbdbd
251107_231715_0000096480_CAM1_NG_bmp.rf.5293efba98b2f6b2926c5fba7f26c2f0.jpg,incorrect qblock,175,175,175,175.0,0.3375,0.18,0.8266,#afafaf
251107_231715_0000096480_CAM1_NG_bmp.rf.5293efba98b2f6b2926c5fba7f26c2f0.jpg,incorrect qblock,154,154,154,154.0,0.36,0.18,0.8203,#9a9a9a
251107_231715_0000096480_CAM1_NG_bmp.rf.5293efba98b2f6b2926c5fba7f26c2f0.jpg,incorrect qblock,175,175,175,175.0,0.3375,0.2025,0.8153,#afafaf
251107_231715_0000096480_CAM1_NG_bmp.rf.5293efba98b2f6b2926c5fba7f26c2f0.jpg,incorrect qblock,181,181,181,181.0,0.27,0.1125,0.7331,#b5b5b5
251107_231715_0000096480_CAM1_NG_bmp.rf.5293efba98b2f6b2926c5fba7f26c2f0.jpg,incorrect qblock,169,169,169,169.0,0.2925,0.09,0.7322,#a9a9a9
251107_231715_0000096480_CAM1_NG_bmp.rf.5293efba98b2f6b2926c5fba7f26c2f0.jpg,incorrect qblock,166,166,166,166.0,0.27,0.1125,0.7165,#a6a6a6
251107_231715_0000096480_CAM1_NG_bmp.rf.5293efba98b2f6b2926c5fba7f26c2f0.jpg,incorrect qblock,182,182,182,182.0,0.36,0.18,0.6757,#b6b6b6
251107_231715_0000096480_CAM1_NG_bmp.rf.5293efba98b2f6b2926c5fba7f26c2f0.jpg,incorrect qblock,186,186,186,186.0,0.3375,0.18,0.6597,#bababa
251107_231715_0000096480_CAM1_NG_bmp.rf.5293efba98b2f6b2926c5fba7f26c2f0.jpg,incorrect qblock,181,181,181,181.0,0.2925,0.09,0.5907,#b5b5b5
251107_232327_0000097714_CAM1_NG_bmp.rf.a76f5383d5e623504b42e9a9e0c9a62e.jpg,incorrect qblock,181,181,181,181.0,0.36,0.18,0.8907,#b5b5b5
251107_232327_0000097714_CAM1_NG_bmp.rf.a76f5383d5e623504b42e9a9e0c9a62e.jpg,incorrect qblock,184,184,184,184.0,0.3375,0.18,0.8602,#b8b8b8
251107_232327_0000097714_CAM1_NG_bmp.rf.a76f5383d5e623504b42e9a9e0c9a62e.jpg,incorrect qblock,163,163,163,163.0,0.36,0.18,0.8053,#a3a3a3
251107_232327_0000097714_CAM1_NG_bmp.rf.a76f5383d5e623504b42e9a9e0c9a62e.jpg,incorrect qblock,178,178,178,178.0,0.3375,0.18,0.7925,#b2b2b2
251107_232327_0000097714_CAM1_NG_bmp.rf.a76f5383d5e623504b42e9a9e0c9a62e.jpg,incorrect qblock,200,200,200,200.0,0.36,0.18,0.7826,#c8c8c8
251107_232327_0000097714_CAM1_NG_bmp.rf.a76f5383d5e623504b42e9a9e0c9a62e.jpg,incorrect qblock,195,195,195,195.0,0.3825,0.2025,0.7746,#c3c3c3
251107_232327_0000097714_CAM1_NG_bmp.rf.a76f5383d5e623504b42e9a9e0c9a62e.jpg,incorrect qblock,178,178,178,178.0,0.27,0.09,0.7711,#b2b2b2
251107_232327_0000097714_CAM1_NG_bmp.rf.a76f5383d5e623504b42e9a9e0c9a62e.jpg,incorrect qblock,191,191,191,191.0,0.3375,0.18,0.7527,#bfbfbf
251107_232327_0000097714_CAM1_NG_bmp.rf.a76f5383d5e623504b42e9a9e0c9a62e.jpg,incorrect qblock,175,175,175,175.0,0.2925,0.1125,0.7165,#afafaf
251107_232327_0000097714_CAM1_NG_bmp.rf.a76f5383d5e623504b42e9a9e0c9a62e.jpg,incorrect qblock,189,189,189,189.0,0.27,0.1125,0.6384,#bdbdbd
251107_232327_0000097714_CAM1_NG_bmp.rf.a76f5383d5e623504b42e9a9e0c9a62e.jpg,incorrect qblock,190,190,190,190.0,0.2925,0.09,0.6314,#bebebe
251107_232327_0000097714_CAM1_NG_bmp.rf.a76f5383d5e623504b42e9a9e0c9a62e.jpg,incorrect qblock,190,190,190,190.0,0.27,0.1125,0.6111,#bebebe
251107_232327_0000097714_CAM1_NG_bmp.rf.a76f5383d5e623504b42e9a9e0c9a62e.jpg,incorrect qblock,185,185,185,185.0,0.2925,0.1125,0.5369,#b9b9b9
251107_231858_0000096821_CAM1_NG_bmp.rf.440b71c65c1154750648872b01ea0adf.jpg,incorrect qblock,182,182,182,182.0,0.3375,0.18,0.8827,#b6b6b6
251107_231858_0000096821_CAM1_NG_bmp.rf.440b71c65c1154750648872b01ea0adf.jpg,incorrect qblock,178,178,178,178.0,0.36,0.18,0.8475,#b2b2b2
251107_231858_0000096821_CAM1_NG_bmp.rf.440b71c65c1154750648872b01ea0adf.jpg,incorrect qblock,174,174,174,174.0,0.3375,0.18,0.8469,#aeaeae
251107_231858_0000096821_CAM1_NG_bmp.rf.440b71c65c1154750648872b01ea0adf.jpg,incorrect qblock,188,188,188,188.0,0.3825,0.2025,0.8318,#bcbcbc
251107_231858_0000096821_CAM1_NG_bmp.rf.440b71c65c1154750648872b01ea0adf.jpg,incorrect qblock,173,173,173,173.0,0.27,0.1125,0.8077,#adadad
251107_231858_0000096821_CAM1_NG_bmp.rf.440b71c65c1154750648872b01ea0adf.jpg,incorrect qblock,183,183,183,183.0,0.3375,0.18,0.8043,#b7b7b7
251107_231858_0000096821_CAM1_NG_bmp.rf.440b71c65c1154750648872b01ea0adf.jpg,incorrect qblock,193,193,193,193.0,0.36,0.18,0.7908,#c1c1c1
251107_231858_0000096821_CAM1_NG_bmp.rf.440b71c65c1154750648872b01ea0adf.jpg,incorrect qblock,157,157,157,157.0,0.36,0.18,0.7833,#9d9d9d
251107_231858_0000096821_CAM1_NG_bmp.rf.440b71c65c1154750648872b01ea0adf.jpg,incorrect qblock,193,193,193,193.0,0.2925,0.09,0.7115,#c1c1c1
251107_231858_0000096821_CAM1_NG_bmp.rf.440b71c65c1154750648872b01ea0adf.jpg,incorrect qblock,189,189,189,189.0,0.27,0.135,0.6963,#bdbdbd
251107_231858_0000096821_CAM1_NG_bmp.rf.440b71c65c1154750648872b01ea0adf.jpg,incorrect qblock,183,183,183,183.0,0.2475,0.1125,0.6846,#b7b7b7
251107_231858_0000096821_CAM1_NG_bmp.rf.440b71c65c1154750648872b01ea0adf.jpg,incorrect qblock,176,176,176,176.0,0.27,0.09,0.6634,#b0b0b0
251107_231858_0000096821_CAM1_NG_bmp.rf.440b71c65c1154750648872b01ea0adf.jpg,incorrect qblock,179,179,179,179.0,0.27,0.135,0.6399,#b3b3b3
251107_231858_0000096821_CAM1_NG_bmp.rf.440b71c65c1154750648872b01ea0adf.jpg,incorrect qblock,180,180,180,180.0,0.2925,0.1125,0.6336,#b4b4b4
251107_231858_0000096821_CAM1_NG_bmp.rf.440b71c65c1154750648872b01ea0adf.jpg,incorrect qblock,169,169,169,169.0,0.27,0.09,0.6274,#a9a9a9
251107_231858_0000096821_CAM1_NG_bmp.rf.440b71c65c1154750648872b01ea0adf.jpg,incorrect qblock,188,188,188,188.0,0.27,0.1125,0.6155,#bcbcbc
251107_231858_0000096821_CAM1_NG_bmp.rf.440b71c65c1154750648872b01ea0adf.jpg,incorrect qblock,179,179,179,179.0,0.2925,0.1125,0.533,#b3b3b3
251107_231845_0000096778_CAM1_NG_bmp.rf.5253393e546fd5a272812165d96d4fde.jpg,incorrect qblock,181,181,181,181.0,0.3375,0.18,0.8787,#b5b5b5
251107_231845_0000096778_CAM1_NG_bmp.rf.5253393e546fd5a272812165d96d4fde.jpg,incorrect qblock,183,183,183,183.0,0.36,0.2025,0.8742,#b7b7b7
251107_231845_0000096778_CAM1_NG_bmp.rf.5253393e546fd5a272812165d96d4fde.jpg,incorrect qblock,183,183,183,183.0,0.36,0.2025,0.8311,#b7b7b7
251107_231845_0000096778_CAM1_NG_bmp.rf.5253393e546fd5a272812165d96d4fde.jpg,incorrect qblock,179,179,179,179.0,0.3375,0.2025,0.8276,#b3b3b3
251107_231845_0000096778_CAM1_NG_bmp.rf.5253393e546fd5a272812165d96d4fde.jpg,incorrect qblock,187,187,187,187.0,0.27,0.1125,0.8209,#bbbbbb
251107_231845_0000096778_CAM1_NG_bmp.rf.5253393e546fd5a272812165d96d4fde.jpg,incorrect qblock,194,194,194,194.0,0.36,0.18,0.7863,#c2c2c2
251107_231845_0000096778_CAM1_NG_bmp.rf.5253393e546fd5a272812165d96d4fde.jpg,incorrect qblock,187,187,187,187.0,0.3375,0.1575,0.7862,#bbbbbb
251107_231845_0000096778_CAM1_NG_bmp.rf.5253393e546fd5a272812165d96d4fde.jpg,incorrect qblock,158,158,158,158.0,0.36,0.18,0.7811,#9e9e9e
251107_231845_0000096778_CAM1_NG_bmp.rf.5253393e546fd5a272812165d96d4fde.jpg,incorrect qblock,177,177,177,177.0,0.2925,0.09,0.7477,#b1b1b1
251107_231845_0000096778_CAM1_NG_bmp.rf.5253393e546fd5a272812165d96d4fde.jpg,incorrect qblock,187,187,187,187.0,0.27,0.1125,0.7013,#bbbbbb
251107_231845_0000096778_CAM1_NG_bmp.rf.5253393e546fd5a272812165d96d4fde.jpg,incorrect qblock,184,184,184,184.0,0.27,0.09,0.6961,#b8b8b8
251107_231845_0000096778_CAM1_NG_bmp.rf.5253393e546fd5a272812165d96d4fde.jpg,incorrect qblock,188,188,188,188.0,0.27,0.1125,0.6857,#bcbcbc
251107_231845_0000096778_CAM1_NG_bmp.rf.5253393e546fd5a272812165d96d4fde.jpg,incorrect qblock,168,168,168,168.0,0.27,0.09,0.6346,#a8a8a8
251107_231845_0000096778_CAM1_NG_bmp.rf.5253393e546fd5a272812165d96d4fde.jpg,incorrect qblock,190,190,190,190.0,0.27,0.1125,0.5978,#bebebe
251107_231845_0000096778_CAM1_NG_bmp.rf.5253393e546fd5a272812165d96d4fde.jpg,incorrect qblock,186,186,186,186.0,0.27,0.135,0.5715,#bababa
251107_231845_0000096778_CAM1_NG_bmp.rf.5253393e546fd5a272812165d96d4fde.jpg,incorrect qblock,186,186,186,186.0,0.27,0.1125,0.5617,#bababa
251107_231656_0000096416_CAM1_NG_bmp.rf.b5776d8fe9db18db51404f1bfe2e9a90.jpg,incorrect qblock,184,184,184,184.0,0.36,0.18,0.8862,#b8b8b8
251107_231656_0000096416_CAM1_NG_bmp.rf.b5776d8fe9db18db51404f1bfe2e9a90.jpg,incorrect qblock,172,172,172,172.0,0.3375,0.18,0.8675,#acacac
251107_231656_0000096416_CAM1_NG_bmp.rf.b5776d8fe9db18db51404f1bfe2e9a90.jpg,incorrect qblock,173,173,173,173.0,0.3375,0.2025,0.8348,#adadad
251107_231656_0000096416_CAM1_NG_bmp.rf.b5776d8fe9db18db51404f1bfe2e9a90.jpg,incorrect qblock,183,183,183,183.0,0.3825,0.18,0.8033,#b7b7b7
251107_231656_0000096416_CAM1_NG_bmp.rf.b5776d8fe9db18db51404f1bfe2e9a90.jpg,incorrect qblock,160,160,160,160.0,0.36,0.2025,0.797,#a0a0a0
251107_231656_0000096416_CAM1_NG_bmp.rf.b5776d8fe9db18db51404f1bfe2e9a90.jpg,incorrect qblock,195,195,195,195.0,0.36,0.18,0.7634,#c3c3c3
251107_231656_0000096416_CAM1_NG_bmp.rf.b5776d8fe9db18db51404f1bfe2e9a90.jpg,incorrect qblock,171,171,171,171.0,0.27,0.09,0.7622,#ababab
251107_231656_0000096416_CAM1_NG_bmp.rf.b5776d8fe9db18db51404f1bfe2e9a90.jpg,incorrect qblock,183,183,183,183.0,0.3375,0.18,0.7502,#b7b7b7
251107_231656_0000096416_CAM1_NG_bmp.rf.b5776d8fe9db18db51404f1bfe2e9a90.jpg,incorrect qblock,181,181,181,181.0,0.2925,0.1125,0.711,#b5b5b5
251107_231656_0000096416_CAM1_NG_bmp.rf.b5776d8fe9db18db51404f1bfe2e9a90.jpg,incorrect qblock,181,181,181,181.0,0.27,0.09,0.7041,#b5b5b5
251107_231656_0000096416_CAM1_NG_bmp.rf.b5776d8fe9db18db51404f1bfe2e9a90.jpg,incorrect qblock,188,188,188,188.0,0.27,0.1125,0.7039,#bcbcbc
251107_231656_0000096416_CAM1_NG_bmp.rf.b5776d8fe9db18db51404f1bfe2e9a90.jpg,incorrect qblock,172,172,172,172.0,0.27,0.1125,0.6972,#acacac
251107_231656_0000096416_CAM1_NG_bmp.rf.b5776d8fe9db18db51404f1bfe2e9a90.jpg,incorrect qblock,176,176,176,176.0,0.27,0.1125,0.6322,#b0b0b0
251107_231656_0000096416_CAM1_NG_bmp.rf.b5776d8fe9db18db51404f1bfe2e9a90.jpg,incorrect qblock,181,181,181,181.0,0.27,0.1125,0.591,#b5b5b5
251107_231656_0000096416_CAM1_NG_bmp.rf.b5776d8fe9db18db51404f1bfe2e9a90.jpg,incorrect qblock,181,181,181,181.0,0.27,0.135,0.564,#b5b5b5
251010_124904_0000080549_CAM1_NG_bmp.rf.035679e4447ca6815d8558b1ebf145a6.jpg,qblock,89,89,89,89.0,0.3825,0.2025,0.9447,#595959
251010_124904_0000080549_CAM1_NG_bmp.rf.035679e4447ca6815d8558b1ebf145a6.jpg,qblock,97,97,97,97.0,0.36,0.2025,0.9423,#616161
251010_124904_0000080549_CAM1_NG_bmp.rf.035679e4447ca6815d8558b1ebf145a6.jpg,qblock,76,76,76,76.0,0.36,0.18,0.9221,#4c4c4c
251010_124904_0000080549_CAM1_NG_bmp.rf.035679e4447ca6815d8558b1ebf145a6.jpg,qblock,91,91,91,91.0,0.36,0.2025,0.912,#5b5b5b
251010_124904_0000080549_CAM1_NG_bmp.rf.035679e4447ca6815d8558b1ebf145a6.jpg,qblock,87,87,87,87.0,0.3825,0.18,0.9039,#575757
251010_124904_0000080549_CAM1_NG_bmp.rf.035679e4447ca6815d8558b1ebf145a6.jpg,qblock,83,83,83,83.0,0.36,0.18,0.8944,#535353
251010_124904_0000080549_CAM1_NG_bmp.rf.035679e4447ca6815d8558b1ebf145a6.jpg,qblock,81,81,81,81.0,0.36,0.18,0.8916,#515151
251010_124904_0000080549_CAM1_NG_bmp.rf.035679e4447ca6815d8558b1ebf145a6.jpg,qblock,88,88,88,88.0,0.36,0.2025,0.8835,#585858
251010_124904_0000080549_CAM1_NG_bmp.rf.035679e4447ca6815d8558b1ebf145a6.jpg,qblock,83,83,83,83.0,0.3825,0.18,0.882,#535353
251010_124904_0000080549_CAM1_NG_bmp.rf.035679e4447ca6815d8558b1ebf145a6.jpg,qblock,84,84,84,84.0,0.36,0.2025,0.8714,#545454
251010_124904_0000080549_CAM1_NG_bmp.rf.035679e4447ca6815d8558b1ebf145a6.jpg,qblock,87,87,87,87.0,0.36,0.2025,0.848,#575757
251010_124904_0000080549_CAM1_NG_bmp.rf.035679e4447ca6815d8558b1ebf145a6.jpg,qblock,90,90,90,90.0,0.36,0.2025,0.8144,#5a5a5a
251010_124904_0000080549_CAM1_NG_bmp.rf.035679e4447ca6815d8558b1ebf145a6.jpg,qblock,68,68,68,68.0,0.36,0.2025,0.796,#444444
251010_124904_0000080549_CAM1_NG_bmp.rf.035679e4447ca6815d8558b1ebf145a6.jpg,qblock,70,70,70,70.0,0.36,0.2025,0.747,#464646
251107_232141_0000097362_CAM1_NG_bmp.rf.839e32ba37645cdd1e00c49f9fa3e364.jpg,incorrect qblock,185,185,185,185.0,0.36,0.2025,0.875,#b9b9b9
251107_232141_0000097362_CAM1_NG_bmp.rf.839e32ba37645cdd1e00c49f9fa3e364.jpg,incorrect qblock,184,184,184,184.0,0.3375,0.18,0.8579,#b8b8b8
251107_232141_0000097362_CAM1_NG_bmp.rf.839e32ba37645cdd1e00c49f9fa3e364.jpg,incorrect qblock,168,168,168,168.0,0.36,0.2025,0.8204,#a8a8a8
251107_232141_0000097362_CAM1_NG_bmp.rf.839e32ba37645cdd1e00c49f9fa3e364.jpg,incorrect qblock,182,182,182,182.0,0.36,0.2025,0.8022,#b6b6b6
251107_232141_0000097362_CAM1_NG_bmp.rf.839e32ba37645cdd1e00c49f9fa3e364.jpg,incorrect qblock,190,190,190,190.0,0.36,0.18,0.7876,#bebebe
251107_232141_0000097362_CAM1_NG_bmp.rf.839e32ba37645cdd1e00c49f9fa3e364.jpg,incorrect qblock,193,193,193,193.0,0.3375,0.18,0.7739,#c1c1c1
251107_232141_0000097362_CAM1_NG_bmp.rf.839e32ba37645cdd1e00c49f9fa3e364.jpg,incorrect qblock,194,194,194,194.0,0.36,0.18,0.7672,#c2c2c2
251107_232141_0000097362_CAM1_NG_bmp.rf.839e32ba37645cdd1e00c49f9fa3e364.jpg,incorrect qblock,183,183,183,183.0,0.2925,0.1125,0.751,#b7b7b7
251107_232141_0000097362_CAM1_NG_bmp.rf.839e32ba37645cdd1e00c49f9fa3e364.jpg,incorrect qblock,176,176,176,176.0,0.27,0.09,0.7344,#b0b0b0
251107_232141_0000097362_CAM1_NG_bmp.rf.839e32ba37645cdd1e00c49f9fa3e364.jpg,incorrect qblock,179,179,179,179.0,0.27,0.09,0.721,#b3b3b3
251107_232141_0000097362_CAM1_NG_bmp.rf.839e32ba37645cdd1e00c49f9fa3e364.jpg,incorrect qblock,186,186,186,186.0,0.27,0.09,0.6998,#bababa
251107_232141_0000097362_CAM1_NG_bmp.rf.839e32ba37645cdd1e00c49f9fa3e364.jpg,incorrect qblock,177,177,177,177.0,0.2475,0.1125,0.6334,#b1b1b1
251107_232141_0000097362_CAM1_NG_bmp.rf.839e32ba37645cdd1e00c49f9fa3e364.jpg,incorrect qblock,184,184,184,184.0,0.27,0.1125,0.6202,#b8b8b8
251107_232141_0000097362_CAM1_NG_bmp.rf.839e32ba37645cdd1e00c49f9fa3e364.jpg,incorrect qblock,189,189,189,189.0,0.27,0.1125,0.5756,#bdbdbd
251015_020545_0000434652_CAM1_OK_bmp.rf.021787199ae9d529c80312d3702cd5ba.jpg,qblock,86,86,86,86.0,0.36,0.2025,0.876,#565656
251015_020545_0000434652_CAM1_OK_bmp.rf.021787199ae9d529c80312d3702cd5ba.jpg,qblock,81,81,81,81.0,0.36,0.18,0.875,#515151
251015_020545_0000434652_CAM1_OK_bmp.rf.021787199ae9d529c80312d3702cd5ba.jpg,qblock,78,78,78,78.0,0.36,0.2025,0.8582,#4e4e4e
251015_020545_0000434652_CAM1_OK_bmp.rf.021787199ae9d529c80312d3702cd5ba.jpg,qblock,69,69,69,69.0,0.3375,0.18,0.8569,#454545
251015_020545_0000434652_CAM1_OK_bmp.rf.021787199ae9d529c80312d3702cd5ba.jpg,qblock,77,77,77,77.0,0.36,0.18,0.8433,#4d4d4d
251015_020545_0000434652_CAM1_OK_bmp.rf.021787199ae9d529c80312d3702cd5ba.jpg,qblock,75,75,75,75.0,0.36,0.2025,0.8305,#4b4b4b
251015_020545_0000434652_CAM1_OK_bmp.rf.021787199ae9d529c80312d3702cd5ba.jpg,qblock,78,78,78,78.0,0.36,0.18,0.8207,#4e4e4e
251015_020545_0000434652_CAM1_OK_bmp.rf.021787199ae9d529c80312d3702cd5ba.jpg,qblock,68,68,68,68.0,0.36,0.18,0.8194,#444444
251015_020545_0000434652_CAM1_OK_bmp.rf.021787199ae9d529c80312d3702cd5ba.jpg,qblock,82,82,82,82.0,0.3825,0.2025,0.8077,#525252
251015_020545_0000434652_CAM1_OK_bmp.rf.021787199ae9d529c80312d3702cd5ba.jpg,qblock,64,64,64,64.0,0.3375,0.2025,0.8075,#404040
251015_020545_0000434652_CAM1_OK_bmp.rf.021787199ae9d529c80312d3702cd5ba.jpg,qblock,91,91,91,91.0,0.3825,0.2025,0.8042,#5b5b5b
251015_020545_0000434652_CAM1_OK_bmp.rf.021787199ae9d529c80312d3702cd5ba.jpg,qblock,80,80,80,80.0,0.36,0.2025,0.7985,#505050
251015_020545_0000434652_CAM1_OK_bmp.rf.021787199ae9d529c80312d3702cd5ba.jpg,qblock,67,67,67,67.0,0.36,0.2025,0.717,#434343
251015_020545_0000434652_CAM1_OK_bmp.rf.021787199ae9d529c80312d3702cd5ba.jpg,qblock,86,86,86,86.0,0.3825,0.2025,0.709,#565656
251010_131955_0000083637_CAM1_NG_bmp.rf.29e9d996207a46d2ec31aeb946d37a00.jpg,qblock,82,82,82,82.0,0.36,0.2025,0.9126,#525252
251010_131955_0000083637_CAM1_NG_bmp.rf.29e9d996207a46d2ec31aeb946d37a00.jpg,qblock,88,88,88,88.0,0.3825,0.18,0.8968,#585858
251010_131955_0000083637_CAM1_NG_bmp.rf.29e9d996207a46d2ec31aeb946d37a00.jpg,qblock,82,82,82,82.0,0.36,0.2025,0.8821,#525252
251010_131955_0000083637_CAM1_NG_bmp.rf.29e9d996207a46d2ec31aeb946d37a00.jpg,qblock,93,93,93,93.0,0.3825,0.2025,0.8764,#5d5d5d
251010_131955_0000083637_CAM1_NG_bmp.rf.29e9d996207a46d2ec31aeb946d37a00.jpg,qblock,75,75,75,75.0,0.36,0.18,0.8724,#4b4b4b
251010_131955_0000083637_CAM1_NG_bmp.rf.29e9d996207a46d2ec31aeb946d37a00.jpg,qblock,83,83,83,83.0,0.3825,0.18,0.8674,#535353
251010_131955_0000083637_CAM1_NG_bmp.rf.29e9d996207a46d2ec31aeb946d37a00.jpg,qblock,92,92,92,92.0,0.36,0.2025,0.8541,#5c5c5c
251010_131955_0000083637_CAM1_NG_bmp.rf.29e9d996207a46d2ec31aeb946d37a00.jpg,qblock,81,81,81,81.0,0.36,0.18,0.8415,#515151
251010_131955_0000083637_CAM1_NG_bmp.rf.29e9d996207a46d2ec31aeb946d37a00.jpg,qblock,79,79,79,79.0,0.36,0.18,0.8413,#4f4f4f
251010_131955_0000083637_CAM1_NG_bmp.rf.29e9d996207a46d2ec31aeb946d37a00.jpg,qblock,88,88,88,88.0,0.36,0.2025,0.8254,#585858
251010_131955_0000083637_CAM1_NG_bmp.rf.29e9d996207a46d2ec31aeb946d37a00.jpg,qblock,64,64,64,64.0,0.36,0.18,0.6736,#404040
251010_131955_0000083637_CAM1_NG_bmp.rf.29e9d996207a46d2ec31aeb946d37a00.jpg,qblock,84,84,84,84.0,0.36,0.2025,0.6479,#545454
251010_131955_0000083637_CAM1_NG_bmp.rf.29e9d996207a46d2ec31aeb946d37a00.jpg,qblock,77,77,77,77.0,0.3825,0.18,0.6136,#4d4d4d
251015_020550_0000434667_CAM1_OK_bmp.rf.92cca60379cb31fa92ab4c1caa83b17f.jpg,qblock,90,90,90,90.0,0.36,0.2025,0.8891,#5a5a5a
251015_020550_0000434667_CAM1_OK_bmp.rf.92cca60379cb31fa92ab4c1caa83b17f.jpg,qblock,85,85,85,85.0,0.36,0.2025,0.8787,#555555
251015_020550_0000434667_CAM1_OK_bmp.rf.92cca60379cb31fa92ab4c1caa83b17f.jpg,qblock,72,72,72,72.0,0.3375,0.18,0.8578,#484848
251015_020550_0000434667_CAM1_OK_bmp.rf.92cca60379cb31fa92ab4c1caa83b17f.jpg,qblock,80,80,80,80.0,0.36,0.2025,0.8479,#505050
251015_020550_0000434667_CAM1_OK_bmp.rf.92cca60379cb31fa92ab4c1caa83b17f.jpg,qblock,70,70,70,70.0,0.36,0.18,0.8469,#464646
251015_020550_0000434667_CAM1_OK_bmp.rf.92cca60379cb31fa92ab4c1caa83b17f.jpg,qblock,84,84,84,84.0,0.3825,0.2025,0.8194,#545454
251015_020550_0000434667_CAM1_OK_bmp.rf.92cca60379cb31fa92ab4c1caa83b17f.jpg,qblock,82,82,82,82.0,0.36,0.2025,0.818,#525252
251015_020550_0000434667_CAM1_OK_bmp.rf.92cca60379cb31fa92ab4c1caa83b17f.jpg,qblock,81,81,81,81.0,0.36,0.2025,0.8113,#515151
251015_020550_0000434667_CAM1_OK_bmp.rf.92cca60379cb31fa92ab4c1caa83b17f.jpg,qblock,75,75,75,75.0,0.36,0.2025,0.8081,#4b4b4b
251015_020550_0000434667_CAM1_OK_bmp.rf.92cca60379cb31fa92ab4c1caa83b17f.jpg,qblock,65,65,65,65.0,0.3375,0.2025,0.7965,#414141
251015_020550_0000434667_CAM1_OK_bmp.rf.92cca60379cb31fa92ab4c1caa83b17f.jpg,qblock,94,94,94,94.0,0.3825,0.2025,0.7891,#5e5e5e
251015_020550_0000434667_CAM1_OK_bmp.rf.92cca60379cb31fa92ab4c1caa83b17f.jpg,qblock,66,66,66,66.0,0.36,0.18,0.7828,#424242
251015_020550_0000434667_CAM1_OK_bmp.rf.92cca60379cb31fa92ab4c1caa83b17f.jpg,qblock,78,78,78,78.0,0.3825,0.2025,0.6622,#4e4e4e
251015_020550_0000434667_CAM1_OK_bmp.rf.92cca60379cb31fa92ab4c1caa83b17f.jpg,qblock,59,59,59,59.0,0.36,0.18,0.6484,#3b3b3b
251010_125632_0000080755_CAM1_NG_bmp.rf.e925ac7bd1317e86fe838e41801b92ff.jpg,qblock,88,88,88,88.0,0.36,0.18,0.9415,#585858
251010_125632_0000080755_CAM1_NG_bmp.rf.e925ac7bd1317e86fe838e41801b92ff.jpg,qblock,90,90,90,90.0,0.36,0.2025,0.9361,#5a5a5a
251010_125632_0000080755_CAM1_NG_bmp.rf.e925ac7bd1317e86fe838e41801b92ff.jpg,qblock,73,73,73,73.0,0.36,0.18,0.9346,#494949
251010_125632_0000080755_CAM1_NG_bmp.rf.e925ac7bd1317e86fe838e41801b92ff.jpg,qblock,83,83,83,83.0,0.3375,0.18,0.9237,#535353
251010_125632_0000080755_CAM1_NG_bmp.rf.e925ac7bd1317e86fe838e41801b92ff.jpg,qblock,74,74,74,74.0,0.36,0.18,0.9224,#4a4a4a
251010_125632_0000080755_CAM1_NG_bmp.rf.e925ac7bd1317e86fe838e41801b92ff.jpg,qblock,82,82,82,82.0,0.36,0.18,0.9204,#525252
251010_125632_0000080755_CAM1_NG_bmp.rf.e925ac7bd1317e86fe838e41801b92ff.jpg,qblock,69,69,69,69.0,0.3375,0.18,0.9,#454545
251010_125632_0000080755_CAM1_NG_bmp.rf.e925ac7bd1317e86fe838e41801b92ff.jpg,qblock,80,80,80,80.0,0.36,0.18,0.8809,#505050
251010_125632_0000080755_CAM1_NG_bmp.rf.e925ac7bd1317e86fe838e41801b92ff.jpg,qblock,86,86,86,86.0,0.3375,0.18,0.8755,#565656
251010_125632_0000080755_CAM1_NG_bmp.rf.e925ac7bd1317e86fe838e41801b92ff.jpg,qblock,80,80,80,80.0,0.36,0.18,0.8627,#505050
251010_125632_0000080755_CAM1_NG_bmp.rf.e925ac7bd1317e86fe838e41801b92ff.jpg,qblock,85,85,85,85.0,0.3375,0.2025,0.8288,#555555
251010_125632_0000080755_CAM1_NG_bmp.rf.e925ac7bd1317e86fe838e41801b92ff.jpg,qblock,65,65,65,65.0,0.36,0.18,0.6781,#414141
251010_125632_0000080755_CAM1_NG_bmp.rf.e925ac7bd1317e86fe838e41801b92ff.jpg,qblock,78,78,78,78.0,0.36,0.2025,0.5697,#4e4e4e
251010_125636_0000080768_CAM1_NG_bmp.rf.479e882c9f39e8e461a8db628afe9262.jpg,qblock,92,92,92,92.0,0.36,0.18,0.9357,#5c5c5c
251010_125636_0000080768_CAM1_NG_bmp.rf.479e882c9f39e8e461a8db628afe9262.jpg,qblock,75,75,75,75.0,0.36,0.18,0.9305,#4b4b4b
251010_125636_0000080768_CAM1_NG_bmp.rf.479e882c9f39e8e461a8db628afe9262.jpg,qblock,100,100,100,100.0,0.3825,0.2025,0.9274,#646464
251010_125636_0000080768_CAM1_NG_bmp.rf.479e882c9f39e8e461a8db628afe9262.jpg,qblock,89,89,89,89.0,0.36,0.18,0.9076,#595959
251010_125636_0000080768_CAM1_NG_bmp.rf.479e882c9f39e8e461a8db628afe9262.jpg,qblock,95,95,95,95.0,0.36,0.2025,0.9048,#5f5f5f
251010_125636_0000080768_CAM1_NG_bmp.rf.479e882c9f39e8e461a8db628afe9262.jpg,qblock,84,84,84,84.0,0.36,0.18,0.9034,#545454
251010_125636_0000080768_CAM1_NG_bmp.rf.479e882c9f39e8e461a8db628afe9262.jpg,qblock,84,84,84,84.0,0.36,0.18,0.9009,#545454
251010_125636_0000080768_CAM1_NG_bmp.rf.479e882c9f39e8e461a8db628afe9262.jpg,qblock,92,92,92,92.0,0.3825,0.18,0.8988,#5c5c5c
251010_125636_0000080768_CAM1_NG_bmp.rf.479e882c9f39e8e461a8db628afe9262.jpg,qblock,83,83,83,83.0,0.36,0.18,0.8921,#535353
251010_125636_0000080768_CAM1_NG_bmp.rf.479e882c9f39e8e461a8db628afe9262.jpg,qblock,90,90,90,90.0,0.36,0.18,0.8828,#5a5a5a
251010_125636_0000080768_CAM1_NG_bmp.rf.479e882c9f39e8e461a8db628afe9262.jpg,qblock,80,80,80,80.0,0.36,0.18,0.8255,#505050
251010_125636_0000080768_CAM1_NG_bmp.rf.479e882c9f39e8e461a8db628afe9262.jpg,qblock,64,64,64,64.0,0.3375,0.18,0.7374,#404040
251010_125636_0000080768_CAM1_NG_bmp.rf.479e882c9f39e8e461a8db628afe9262.jpg,qblock,62,62,62,62.0,0.36,0.18,0.576,#3e3e3e
251010_124900_0000080535_CAM1_NG_bmp.rf.560d4037f2234250710036d4ce5c587a.jpg,qblock,89,89,89,89.0,0.3825,0.18,0.9269,#595959
251010_124900_0000080535_CAM1_NG_bmp.rf.560d4037f2234250710036d4ce5c587a.jpg,qblock,91,91,91,91.0,0.36,0.2025,0.9149,#5b5b5b
251010_124900_0000080535_CAM1_NG_bmp.rf.560d4037f2234250710036d4ce5c587a.jpg,qblock,94,94,94,94.0,0.36,0.2025,0.9091,#5e5e5e
251010_124900_0000080535_CAM1_NG_bmp.rf.560d4037f2234250710036d4ce5c587a.jpg,qblock,80,80,80,80.0,0.36,0.18,0.8967,#505050
251010_124900_0000080535_CAM1_NG_bmp.rf.560d4037f2234250710036d4ce5c587a.jpg,qblock,83,83,83,83.0,0.36,0.18,0.8966,#535353
251010_124900_0000080535_CAM1_NG_bmp.rf.560d4037f2234250710036d4ce5c587a.jpg,qblock,89,89,89,89.0,0.36,0.2025,0.8927,#595959
251010_124900_0000080535_CAM1_NG_bmp.rf.560d4037f2234250710036d4ce5c587a.jpg,qblock,73,73,73,73.0,0.36,0.18,0.8909,#494949
251010_124900_0000080535_CAM1_NG_bmp.rf.560d4037f2234250710036d4ce5c587a.jpg,qblock,87,87,87,87.0,0.36,0.2025,0.8779,#575757
251010_124900_0000080535_CAM1_NG_bmp.rf.560d4037f2234250710036d4ce5c587a.jpg,qblock,80,80,80,80.0,0.36,0.18,0.8772,#505050
251010_124900_0000080535_CAM1_NG_bmp.rf.560d4037f2234250710036d4ce5c587a.jpg,qblock,83,83,83,83.0,0.36,0.18,0.855,#535353
251010_124900_0000080535_CAM1_NG_bmp.rf.560d4037f2234250710036d4ce5c587a.jpg,qblock,97,97,97,97.0,0.3825,0.2025,0.8305,#616161
251010_124900_0000080535_CAM1_NG_bmp.rf.560d4037f2234250710036d4ce5c587a.jpg,qblock,74,74,74,74.0,0.36,0.18,0.7859,#4a4a4a
251010_124900_0000080535_CAM1_NG_bmp.rf.560d4037f2234250710036d4ce5c587a.jpg,qblock,70,70,70,70.0,0.36,0.2025,0.7308,#464646
251010_124900_0000080535_CAM1_NG_bmp.rf.560d4037f2234250710036d4ce5c587a.jpg,qblock,70,70,70,70.0,0.36,0.2025,0.5768,#464646
251107_232453_0000098001_CAM1_NG_bmp.rf.43c7cc907cf4df798e3ecf7bae7593ea.jpg,incorrect qblock,182,182,182,182.0,0.36,0.2025,0.8968,#b6b6b6
251107_232453_0000098001_CAM1_NG_bmp.rf.43c7cc907cf4df798e3ecf7bae7593ea.jpg,incorrect qblock,178,178,178,178.0,0.3375,0.18,0.871,#b2b2b2
251107_232453_0000098001_CAM1_NG_bmp.rf.43c7cc907cf4df798e3ecf7bae7593ea.jpg,incorrect qblock,173,173,173,173.0,0.3375,0.18,0.8354,#adadad
251107_232453_0000098001_CAM1_NG_bmp.rf.43c7cc907cf4df798e3ecf7bae7593ea.jpg,incorrect qblock,189,189,189,189.0,0.36,0.1575,0.8323,#bdbdbd
251107_232453_0000098001_CAM1_NG_bmp.rf.43c7cc907cf4df798e3ecf7bae7593ea.jpg,incorrect qblock,163,163,163,163.0,0.36,0.18,0.8079,#a3a3a3
251107_232453_0000098001_CAM1_NG_bmp.rf.43c7cc907cf4df798e3ecf7bae7593ea.jpg,incorrect qblock,181,181,181,181.0,0.27,0.1125,0.7539,#b5b5b5
251107_232453_0000098001_CAM1_NG_bmp.rf.43c7cc907cf4df798e3ecf7bae7593ea.jpg,incorrect qblock,187,187,187,187.0,0.3825,0.18,0.7093,#bbbbbb
251107_232453_0000098001_CAM1_NG_bmp.rf.43c7cc907cf4df798e3ecf7bae7593ea.jpg,incorrect qblock,173,173,173,173.0,0.27,0.09,0.7078,#adadad
251107_232453_0000098001_CAM1_NG_bmp.rf.43c7cc907cf4df798e3ecf7bae7593ea.jpg,incorrect qblock,179,179,179,179.0,0.3375,0.1575,0.6752,#b3b3b3
251107_232453_0000098001_CAM1_NG_bmp.rf.43c7cc907cf4df798e3ecf7bae7593ea.jpg,incorrect qblock,190,190,190,190.0,0.2925,0.09,0.6243,#bebebe
251107_232453_0000098001_CAM1_NG_bmp.rf.43c7cc907cf4df798e3ecf7bae7593ea.jpg,incorrect qblock,184,184,184,184.0,0.27,0.1125,0.617,#b8b8b8
251107_232453_0000098001_CAM1_NG_bmp.rf.43c7cc907cf4df798e3ecf7bae7593ea.jpg,incorrect qblock,187,187,187,187.0,0.2925,0.1125,0.6144,#bbbbbb
251107_232346_0000097776_CAM1_NG_bmp.rf.0232f41899ca5af3ad008ce87c9700cd.jpg,incorrect qblock,184,184,184,184.0,0.36,0.2025,0.8882,#b8b8b8
251107_232346_0000097776_CAM1_NG_bmp.rf.0232f41899ca5af3ad008ce87c9700cd.jpg,incorrect qblock,182,182,182,182.0,0.3375,0.18,0.8548,#b6b6b6
251107_232346_0000097776_CAM1_NG_bmp.rf.0232f41899ca5af3ad008ce87c9700cd.jpg,incorrect qblock,163,163,163,163.0,0.36,0.18,0.821,#a3a3a3
251107_232346_0000097776_CAM1_NG_bmp.rf.0232f41899ca5af3ad008ce87c9700cd.jpg,incorrect qblock,194,194,194,194.0,0.36,0.18,0.8067,#c2c2c2
251107_232346_0000097776_CAM1_NG_bmp.rf.0232f41899ca5af3ad008ce87c9700cd.jpg,incorrect qblock,184,184,184,184.0,0.2925,0.09,0.7875,#b8b8b8
251107_232346_0000097776_CAM1_NG_bmp.rf.0232f41899ca5af3ad008ce87c9700cd.jpg,incorrect qblock,191,191,191,191.0,0.3825,0.2025,0.7732,#bfbfbf
251107_232346_0000097776_CAM1_NG_bmp.rf.0232f41899ca5af3ad008ce87c9700cd.jpg,incorrect qblock,179,179,179,179.0,0.3375,0.18,0.7732,#b3b3b3
251107_232346_0000097776_CAM1_NG_bmp.rf.0232f41899ca5af3ad008ce87c9700cd.jpg,incorrect qblock,184,184,184,184.0,0.3375,0.1575,0.7158,#b8b8b8
251107_232346_0000097776_CAM1_NG_bmp.rf.0232f41899ca5af3ad008ce87c9700cd.jpg,incorrect qblock,176,176,176,176.0,0.27,0.09,0.6967,#b0b0b0
251107_232346_0000097776_CAM1_NG_bmp.rf.0232f41899ca5af3ad008ce87c9700cd.jpg,incorrect qblock,184,184,184,184.0,0.27,0.1125,0.6551,#b8b8b8
251107_232346_0000097776_CAM1_NG_bmp.rf.0232f41899ca5af3ad008ce87c9700cd.jpg,incorrect qblock,188,188,188,188.0,0.27,0.1125,0.6424,#bcbcbc
251107_232346_0000097776_CAM1_NG_bmp.rf.0232f41899ca5af3ad008ce87c9700cd.jpg,incorrect qblock,188,188,188,188.0,0.2925,0.09,0.5759,#bcbcbc
251107_232306_0000097645_CAM1_NG_bmp.rf.e8bdcbf23d7ffec7093ddef58b464c03.jpg,incorrect qblock,180,180,180,180.0,0.36,0.2025,0.8796,#b4b4b4
251107_232306_0000097645_CAM1_NG_bmp.rf.e8bdcbf23d7ffec7093ddef58b464c03.jpg,incorrect qblock,179,179,179,179.0,0.3375,0.18,0.8748,#b3b3b3
251107_232306_0000097645_CAM1_NG_bmp.rf.e8bdcbf23d7ffec7093ddef58b464c03.jpg,incorrect qblock,175,175,175,175.0,0.3375,0.18,0.8346,#afafaf
251107_232306_0000097645_CAM1_NG_bmp.rf.e8bdcbf23d7ffec7093ddef58b464c03.jpg,incorrect qblock,189,189,189,189.0,0.3825,0.18,0.8159,#bdbdbd
251107_232306_0000097645_CAM1_NG_bmp.rf.e8bdcbf23d7ffec7093ddef58b464c03.jpg,incorrect qblock,170,170,170,170.0,0.36,0.2025,0.8117,#aaaaaa
251107_232306_0000097645_CAM1_NG_bmp.rf.e8bdcbf23d7ffec7093ddef58b464c03.jpg,incorrect qblock,182,182,182,182.0,0.3375,0.1575,0.7663,#b6b6b6
251107_232306_0000097645_CAM1_NG_bmp.rf.e8bdcbf23d7ffec7093ddef58b464c03.jpg,incorrect qblock,183,183,183,183.0,0.27,0.1125,0.7569,#b7b7b7
251107_232306_0000097645_CAM1_NG_bmp.rf.e8bdcbf23d7ffec7093ddef58b464c03.jpg,incorrect qblock,192,192,192,192.0,0.36,0.18,0.7364,#c0c0c0
251107_232306_0000097645_CAM1_NG_bmp.rf.e8bdcbf23d7ffec7093ddef58b464c03.jpg,incorrect qblock,193,193,193,193.0,0.2925,0.1125,0.7339,#c1c1c1
251107_232306_0000097645_CAM1_NG_bmp.rf.e8bdcbf23d7ffec7093ddef58b464c03.jpg,incorrect qblock,172,172,172,172.0,0.27,0.1125,0.7078,#acacac
251107_232306_0000097645_CAM1_NG_bmp.rf.e8bdcbf23d7ffec7093ddef58b464c03.jpg,incorrect qblock,184,184,184,184.0,0.27,0.09,0.6681,#b8b8b8
251107_232306_0000097645_CAM1_NG_bmp.rf.e8bdcbf23d7ffec7093ddef58b464c03.jpg,incorrect qblock,173,173,173,173.0,0.27,0.1125,0.6665,#adadad
251107_232306_0000097645_CAM1_NG_bmp.rf.e8bdcbf23d7ffec7093ddef58b464c03.jpg,incorrect qblock,188,188,188,188.0,0.2925,0.1125,0.5818,#bcbcbc
251010_125625_0000080729_CAM1_NG_bmp.rf.0ef668c4903c1ea6856b1a9046ef2c7d.jpg,qblock,93,93,93,93.0,0.36,0.18,0.9016,#5d5d5d
251010_125625_0000080729_CAM1_NG_bmp.rf.0ef668c4903c1ea6856b1a9046ef2c7d.jpg,qblock,84,84,84,84.0,0.36,0.18,0.8982,#545454
251010_125625_0000080729_CAM1_NG_bmp.rf.0ef668c4903c1ea6856b1a9046ef2c7d.jpg,qblock,74,74,74,74.0,0.3825,0.18,0.8974,#4a4a4a
251010_125625_0000080729_CAM1_NG_bmp.rf.0ef668c4903c1ea6856b1a9046ef2c7d.jpg,qblock,75,75,75,75.0,0.36,0.18,0.8952,#4b4b4b
251010_125625_0000080729_CAM1_NG_bmp.rf.0ef668c4903c1ea6856b1a9046ef2c7d.jpg,qblock,92,92,92,92.0,0.36,0.18,0.8818,#5c5c5c
251010_125625_0000080729_CAM1_NG_bmp.rf.0ef668c4903c1ea6856b1a9046ef2c7d.jpg,qblock,91,91,91,91.0,0.36,0.2025,0.8706,#5b5b5b
251010_125625_0000080729_CAM1_NG_bmp.rf.0ef668c4903c1ea6856b1a9046ef2c7d.jpg,qblock,78,78,78,78.0,0.3375,0.18,0.8609,#4e4e4e
251010_125625_0000080729_CAM1_NG_bmp.rf.0ef668c4903c1ea6856b1a9046ef2c7d.jpg,qblock,89,89,89,89.0,0.36,0.18,0.8405,#595959
251010_125625_0000080729_CAM1_NG_bmp.rf.0ef668c4903c1ea6856b1a9046ef2c7d.jpg,qblock,92,92,92,92.0,0.3375,0.2025,0.7959,#5c5c5c
251010_125625_0000080729_CAM1_NG_bmp.rf.0ef668c4903c1ea6856b1a9046ef2c7d.jpg,qblock,84,84,84,84.0,0.36,0.18,0.7606,#545454
251010_125625_0000080729_CAM1_NG_bmp.rf.0ef668c4903c1ea6856b1a9046ef2c7d.jpg,qblock,61,61,61,61.0,0.36,0.18,0.6009,#3d3d3d
251010_125625_0000080729_CAM1_NG_bmp.rf.0ef668c4903c1ea6856b1a9046ef2c7d.jpg,qblock,89,89,89,89.0,0.36,0.2025,0.5922,#595959
251010_125641_0000080783_CAM1_NG_bmp.rf.f4131c677f4332864d49aaa58f9a4576.jpg,qblock,86,86,86,86.0,0.36,0.18,0.9386,#565656
251010_125641_0000080783_CAM1_NG_bmp.rf.f4131c677f4332864d49aaa58f9a4576.jpg,qblock,86,86,86,86.0,0.36,0.18,0.9343,#565656
251010_125641_0000080783_CAM1_NG_bmp.rf.f4131c677f4332864d49aaa58f9a4576.jpg,qblock,86,86,86,86.0,0.3825,0.18,0.9284,#565656
251010_125641_0000080783_CAM1_NG_bmp.rf.f4131c677f4332864d49aaa58f9a4576.jpg,qblock,81,81,81,81.0,0.36,0.18,0.9222,#515151
251010_125641_0000080783_CAM1_NG_bmp.rf.f4131c677f4332864d49aaa58f9a4576.jpg,qblock,93,93,93,93.0,0.36,0.2025,0.909,#5d5d5d
251010_125641_0000080783_CAM1_NG_bmp.rf.f4131c677f4332864d49aaa58f9a4576.jpg,qblock,85,85,85,85.0,0.36,0.18,0.8987,#555555
251010_125641_0000080783_CAM1_NG_bmp.rf.f4131c677f4332864d49aaa58f9a4576.jpg,qblock,89,89,89,89.0,0.36,0.2025,0.8986,#595959
251010_125641_0000080783_CAM1_NG_bmp.rf.f4131c677f4332864d49aaa58f9a4576.jpg,qblock,91,91,91,91.0,0.36,0.2025,0.8968,#5b5b5b
251010_125641_0000080783_CAM1_NG_bmp.rf.f4131c677f4332864d49aaa58f9a4576.jpg,qblock,93,93,93,93.0,0.3375,0.2025,0.8948,#5d5d5d
251010_125641_0000080783_CAM1_NG_bmp.rf.f4131c677f4332864d49aaa58f9a4576.jpg,qblock,70,70,70,70.0,0.3375,0.18,0.8835,#464646
251010_125641_0000080783_CAM1_NG_bmp.rf.f4131c677f4332864d49aaa58f9a4576.jpg,qblock,84,84,84,84.0,0.36,0.18,0.8487,#545454
251010_125641_0000080783_CAM1_NG_bmp.rf.f4131c677f4332864d49aaa58f9a4576.jpg,qblock,92,92,92,92.0,0.36,0.18,0.831,#5c5c5c
251010_125641_0000080783_CAM1_NG_bmp.rf.f4131c677f4332864d49aaa58f9a4576.jpg,qblock,69,69,69,69.0,0.3375,0.2025,0.5574,#454545
251010_125641_0000080783_CAM1_NG_bmp.rf.f4131c677f4332864d49aaa58f9a4576.jpg,qblock,75,75,75,75.0,0.36,0.2025,0.5239,#4b4b4b
251107_231612_0000096271_CAM1_NG_bmp.rf.7679f116d71c80d7422934dffca85e50.jpg,incorrect qblock,178,178,178,178.0,0.36,0.2025,0.8667,#b2b2b2
251107_231612_0000096271_CAM1_NG_bmp.rf.7679f116d71c80d7422934dffca85e50.jpg,incorrect qblock,176,176,176,176.0,0.3375,0.18,0.8641,#b0b0b0
251107_231612_0000096271_CAM1_NG_bmp.rf.7679f116d71c80d7422934dffca85e50.jpg,incorrect qblock,157,157,157,157.0,0.3375,0.18,0.8518,#9d9d9d
251107_231612_0000096271_CAM1_NG_bmp.rf.7679f116d71c80d7422934dffca85e50.jpg,incorrect qblock,181,181,181,181.0,0.36,0.18,0.7925,#b5b5b5
251107_231612_0000096271_CAM1_NG_bmp.rf.7679f116d71c80d7422934dffca85e50.jpg,incorrect qblock,177,177,177,177.0,0.2925,0.1125,0.7895,#b1b1b1
251107_231612_0000096271_CAM1_NG_bmp.rf.7679f116d71c80d7422934dffca85e50.jpg,incorrect qblock,147,147,147,147.0,0.36,0.2025,0.7777,#939393
251107_231612_0000096271_CAM1_NG_bmp.rf.7679f116d71c80d7422934dffca85e50.jpg,incorrect qblock,184,184,184,184.0,0.36,0.18,0.7734,#b8b8b8
251107_231612_0000096271_CAM1_NG_bmp.rf.7679f116d71c80d7422934dffca85e50.jpg,incorrect qblock,175,175,175,175.0,0.3375,0.1575,0.7697,#afafaf
251107_231612_0000096271_CAM1_NG_bmp.rf.7679f116d71c80d7422934dffca85e50.jpg,incorrect qblock,173,173,173,173.0,0.2925,0.09,0.733,#adadad
251107_231612_0000096271_CAM1_NG_bmp.rf.7679f116d71c80d7422934dffca85e50.jpg,incorrect qblock,179,179,179,179.0,0.27,0.1125,0.7182,#b3b3b3
251107_231612_0000096271_CAM1_NG_bmp.rf.7679f116d71c80d7422934dffca85e50.jpg,incorrect qblock,187,187,187,187.0,0.27,0.135,0.7067,#bbbbbb
251107_231612_0000096271_CAM1_NG_bmp.rf.7679f116d71c80d7422934dffca85e50.jpg,incorrect qblock,179,179,179,179.0,0.2925,0.09,0.6871,#b3b3b3
251107_231612_0000096271_CAM1_NG_bmp.rf.7679f116d71c80d7422934dffca85e50.jpg,incorrect qblock,183,183,183,183.0,0.2925,0.1125,0.6676,#b7b7b7
251107_231612_0000096271_CAM1_NG_bmp.rf.7679f116d71c80d7422934dffca85e50.jpg,incorrect qblock,150,150,150,150.0,0.27,0.09,0.6452,#969696
251107_231612_0000096271_CAM1_NG_bmp.rf.7679f116d71c80d7422934dffca85e50.jpg,incorrect qblock,177,177,177,177.0,0.27,0.1125,0.5871,#b1b1b1
251107_231612_0000096271_CAM1_NG_bmp.rf.7679f116d71c80d7422934dffca85e50.jpg,incorrect qblock,164,164,164,164.0,0.27,0.135,0.5732,#a4a4a4
251010_125701_0000080852_CAM1_NG_bmp.rf.8a628eb0708bebff0da8eaa46e5c720e.jpg,qblock,81,81,81,81.0,0.36,0.18,0.931,#515151
251010_125701_0000080852_CAM1_NG_bmp.rf.8a628eb0708bebff0da8eaa46e5c720e.jpg,qblock,85,85,85,85.0,0.36,0.18,0.9174,#555555
251010_125701_0000080852_CAM1_NG_bmp.rf.8a628eb0708bebff0da8eaa46e5c720e.jpg,qblock,89,89,89,89.0,0.36,0.2025,0.9064,#595959
251010_125701_0000080852_CAM1_NG_bmp.rf.8a628eb0708bebff0da8eaa46e5c720e.jpg,qblock,90,90,90,90.0,0.36,0.2025,0.9018,#5a5a5a
251010_125701_0000080852_CAM1_NG_bmp.rf.8a628eb0708bebff0da8eaa46e5c720e.jpg,qblock,94,94,94,94.0,0.36,0.2025,0.9009,#5e5e5e
251010_125701_0000080852_CAM1_NG_bmp.rf.8a628eb0708bebff0da8eaa46e5c720e.jpg,qblock,82,82,82,82.0,0.36,0.18,0.8958,#525252
251010_125701_0000080852_CAM1_NG_bmp.rf.8a628eb0708bebff0da8eaa46e5c720e.jpg,qblock,90,90,90,90.0,0.3825,0.18,0.883,#5a5a5a
251010_125701_0000080852_CAM1_NG_bmp.rf.8a628eb0708bebff0da8eaa46e5c720e.jpg,qblock,88,88,88,88.0,0.36,0.18,0.882,#585858
251010_125701_0000080852_CAM1_NG_bmp.rf.8a628eb0708bebff0da8eaa46e5c720e.jpg,qblock,85,85,85,85.0,0.3825,0.18,0.8745,#555555
251010_125701_0000080852_CAM1_NG_bmp.rf.8a628eb0708bebff0da8eaa46e5c720e.jpg,qblock,80,80,80,80.0,0.3375,0.18,0.8584,#505050
251010_125701_0000080852_CAM1_NG_bmp.rf.8a628eb0708bebff0da8eaa46e5c720e.jpg,qblock,82,82,82,82.0,0.36,0.18,0.8457,#525252
251010_125701_0000080852_CAM1_NG_bmp.rf.8a628eb0708bebff0da8eaa46e5c720e.jpg,qblock,67,67,67,67.0,0.3375,0.18,0.8431,#434343
251010_125701_0000080852_CAM1_NG_bmp.rf.8a628eb0708bebff0da8eaa46e5c720e.jpg,qblock,74,74,74,74.0,0.36,0.2025,0.6612,#4a4a4a
251010_125701_0000080852_CAM1_NG_bmp.rf.8a628eb0708bebff0da8eaa46e5c720e.jpg,qblock,64,64,64,64.0,0.36,0.18,0.6193,#404040
251107_232301_0000097627_CAM1_NG_bmp.rf.eec17793f2c984ea2097d423010ceffc.jpg,incorrect qblock,181,181,181,181.0,0.3375,0.18,0.8686,#b5b5b5
251107_232301_0000097627_CAM1_NG_bmp.rf.eec17793f2c984ea2097d423010ceffc.jpg,incorrect qblock,183,183,183,183.0,0.36,0.2025,0.8649,#b7b7b7
251107_232301_0000097627_CAM1_NG_bmp.rf.eec17793f2c984ea2097d423010ceffc.jpg,incorrect qblock,174,174,174,174.0,0.3375,0.18,0.8134,#aeaeae
251107_232301_0000097627_CAM1_NG_bmp.rf.eec17793f2c984ea2097d423010ceffc.jpg,incorrect qblock,189,189,189,189.0,0.3825,0.18,0.7994,#bdbdbd
251107_232301_0000097627_CAM1_NG_bmp.rf.eec17793f2c984ea2097d423010ceffc.jpg,incorrect qblock,161,161,161,161.0,0.36,0.18,0.7842,#a1a1a1
251107_232301_0000097627_CAM1_NG_bmp.rf.eec17793f2c984ea2097d423010ceffc.jpg,incorrect qblock,194,194,194,194.0,0.36,0.18,0.7803,#c2c2c2
251107_232301_0000097627_CAM1_NG_bmp.rf.eec17793f2c984ea2097d423010ceffc.jpg,incorrect qblock,186,186,186,186.0,0.2925,0.135,0.7751,#bababa
251107_232301_0000097627_CAM1_NG_bmp.rf.eec17793f2c984ea2097d423010ceffc.jpg,incorrect qblock,183,183,183,183.0,0.3375,0.1575,0.7416,#b7b7b7
251107_232301_0000097627_CAM1_NG_bmp.rf.eec17793f2c984ea2097d423010ceffc.jpg,incorrect qblock,180,180,180,180.0,0.27,0.09,0.7371,#b4b4b4
251107_232301_0000097627_CAM1_NG_bmp.rf.eec17793f2c984ea2097d423010ceffc.jpg,incorrect qblock,197,197,197,197.0,0.27,0.1125,0.7215,#c5c5c5
251107_232301_0000097627_CAM1_NG_bmp.rf.eec17793f2c984ea2097d423010ceffc.jpg,incorrect qblock,190,190,190,190.0,0.27,0.09,0.6695,#bebebe
251107_232301_0000097627_CAM1_NG_bmp.rf.eec17793f2c984ea2097d423010ceffc.jpg,incorrect qblock,177,177,177,177.0,0.27,0.09,0.6556,#b1b1b1
251107_232301_0000097627_CAM1_NG_bmp.rf.eec17793f2c984ea2097d423010ceffc.jpg,incorrect qblock,189,189,189,189.0,0.27,0.1125,0.6027,#bdbdbd
251107_232301_0000097627_CAM1_NG_bmp.rf.eec17793f2c984ea2097d423010ceffc.jpg,incorrect qblock,182,182,182,182.0,0.27,0.1125,0.5888,#b6b6b6
251015_020546_0000434655_CAM1_OK_bmp.rf.287a0aaf4e002c8090bc16d5c0c56062.jpg,qblock,75,75,75,75.0,0.36,0.2025,0.8943,#4b4b4b
251015_020546_0000434655_CAM1_OK_bmp.rf.287a0aaf4e002c8090bc16d5c0c56062.jpg,qblock,83,83,83,83.0,0.36,0.2025,0.867,#535353
251015_020546_0000434655_CAM1_OK_bmp.rf.287a0aaf4e002c8090bc16d5c0c56062.jpg,qblock,89,89,89,89.0,0.36,0.2025,0.8667,#595959
251015_020546_0000434655_CAM1_OK_bmp.rf.287a0aaf4e002c8090bc16d5c0c56062.jpg,qblock,88,88,88,88.0,0.36,0.225,0.8642,#585858
251015_020546_0000434655_CAM1_OK_bmp.rf.287a0aaf4e002c8090bc16d5c0c56062.jpg,qblock,76,76,76,76.0,0.36,0.18,0.86,#4c4c4c
251015_020546_0000434655_CAM1_OK_bmp.rf.287a0aaf4e002c8090bc16d5c0c56062.jpg,qblock,73,73,73,73.0,0.36,0.18,0.8461,#494949
251015_020546_0000434655_CAM1_OK_bmp.rf.287a0aaf4e002c8090bc16d5c0c56062.jpg,qblock,80,80,80,80.0,0.36,0.2025,0.8142,#505050
251015_020546_0000434655_CAM1_OK_bmp.rf.287a0aaf4e002c8090bc16d5c0c56062.jpg,qblock,84,84,84,84.0,0.36,0.2025,0.8026,#545454
251015_020546_0000434655_CAM1_OK_bmp.rf.287a0aaf4e002c8090bc16d5c0c56062.jpg,qblock,84,84,84,84.0,0.3825,0.2025,0.8022,#545454
251015_020546_0000434655_CAM1_OK_bmp.rf.287a0aaf4e002c8090bc16d5c0c56062.jpg,qblock,95,95,95,95.0,0.3825,0.2025,0.7973,#5f5f5f
251015_020546_0000434655_CAM1_OK_bmp.rf.287a0aaf4e002c8090bc16d5c0c56062.jpg,qblock,57,57,57,57.0,0.3375,0.18,0.7845,#393939
251015_020546_0000434655_CAM1_OK_bmp.rf.287a0aaf4e002c8090bc16d5c0c56062.jpg,qblock,71,71,71,71.0,0.36,0.2025,0.7543,#474747
251015_020546_0000434655_CAM1_OK_bmp.rf.287a0aaf4e002c8090bc16d5c0c56062.jpg,qblock,49,49,49,49.0,0.36,0.18,0.6589,#313131
251015_020546_0000434655_CAM1_OK_bmp.rf.287a0aaf4e002c8090bc16d5c0c56062.jpg,qblock,84,84,84,84.0,0.3825,0.2025,0.6406,#545454
251010_124857_0000080523_CAM1_NG_bmp.rf.0ab14c121fbfb91a48e6b0376cae3154.jpg,qblock,86,86,86,86.0,0.3825,0.18,0.9209,#565656
251010_124857_0000080523_CAM1_NG_bmp.rf.0ab14c121fbfb91a48e6b0376cae3154.jpg,qblock,89,89,89,89.0,0.36,0.2025,0.9173,#595959
251010_124857_0000080523_CAM1_NG_bmp.rf.0ab14c121fbfb91a48e6b0376cae3154.jpg,qblock,95,95,95,95.0,0.36,0.2025,0.9172,#5f5f5f
251010_124857_0000080523_CAM1_NG_bmp.rf.0ab14c121fbfb91a48e6b0376cae3154.jpg,qblock,85,85,85,85.0,0.36,0.18,0.9033,#555555
251010_124857_0000080523_CAM1_NG_bmp.rf.0ab14c121fbfb91a48e6b0376cae3154.jpg,qblock,76,76,76,76.0,0.36,0.18,0.8909,#4c4c4c
251010_124857_0000080523_CAM1_NG_bmp.rf.0ab14c121fbfb91a48e6b0376cae3154.jpg,qblock,78,78,78,78.0,0.36,0.18,0.8862,#4e4e4e
251010_124857_0000080523_CAM1_NG_bmp.rf.0ab14c121fbfb91a48e6b0376cae3154.jpg,qblock,82,82,82,82.0,0.36,0.18,0.8818,#525252
251010_124857_0000080523_CAM1_NG_bmp.rf.0ab14c121fbfb91a48e6b0376cae3154.jpg,qblock,85,85,85,85.0,0.36,0.2025,0.8781,#555555
251010_124857_0000080523_CAM1_NG_bmp.rf.0ab14c121fbfb91a48e6b0376cae3154.jpg,qblock,89,89,89,89.0,0.36,0.2025,0.8763,#595959
251010_124857_0000080523_CAM1_NG_bmp.rf.0ab14c121fbfb91a48e6b0376cae3154.jpg,qblock,88,88,88,88.0,0.36,0.2025,0.8717,#585858
251010_124857_0000080523_CAM1_NG_bmp.rf.0ab14c121fbfb91a48e6b0376cae3154.jpg,qblock,90,90,90,90.0,0.36,0.2025,0.8443,#5a5a5a
251010_124857_0000080523_CAM1_NG_bmp.rf.0ab14c121fbfb91a48e6b0376cae3154.jpg,qblock,73,73,73,73.0,0.36,0.2025,0.7548,#494949
251010_124857_0000080523_CAM1_NG_bmp.rf.0ab14c121fbfb91a48e6b0376cae3154.jpg,qblock,89,89,89,89.0,0.36,0.2025,0.7407,#595959
251010_124857_0000080523_CAM1_NG_bmp.rf.0ab14c121fbfb91a48e6b0376cae3154.jpg,qblock,72,72,72,72.0,0.36,0.2025,0.7065,#484848
251107_232237_0000097550_CAM1_NG_bmp.rf.44c996fd4c408e81b9e8edf38949a1ea.jpg,incorrect qblock,181,181,181,181.0,0.36,0.18,0.895,#b5b5b5
251107_232237_0000097550_CAM1_NG_bmp.rf.44c996fd4c408e81b9e8edf38949a1ea.jpg,incorrect qblock,180,180,180,180.0,0.3375,0.18,0.8544,#b4b4b4
251107_232237_0000097550_CAM1_NG_bmp.rf.44c996fd4c408e81b9e8edf38949a1ea.jpg,incorrect qblock,169,169,169,169.0,0.36,0.2025,0.8002,#a9a9a9
251107_232237_0000097550_CAM1_NG_bmp.rf.44c996fd4c408e81b9e8edf38949a1ea.jpg,incorrect qblock,190,190,190,190.0,0.3375,0.18,0.7828,#bebebe
251107_232237_0000097550_CAM1_NG_bmp.rf.44c996fd4c408e81b9e8edf38949a1ea.jpg,incorrect qblock,184,184,184,184.0,0.36,0.18,0.7727,#b8b8b8
251107_232237_0000097550_CAM1_NG_bmp.rf.44c996fd4c408e81b9e8edf38949a1ea.jpg,incorrect qblock,182,182,182,182.0,0.36,0.2025,0.7696,#b6b6b6
251107_232237_0000097550_CAM1_NG_bmp.rf.44c996fd4c408e81b9e8edf38949a1ea.jpg,incorrect qblock,188,188,188,188.0,0.27,0.1125,0.7467,#bcbcbc
251107_232237_0000097550_CAM1_NG_bmp.rf.44c996fd4c408e81b9e8edf38949a1ea.jpg,incorrect qblock,189,189,189,189.0,0.3375,0.1575,0.7334,#bdbdbd
251107_232237_0000097550_CAM1_NG_bmp.rf.44c996fd4c408e81b9e8edf38949a1ea.jpg,incorrect qblock,187,187,187,187.0,0.27,0.1125,0.7241,#bbbbbb
251107_232237_0000097550_CAM1_NG_bmp.rf.44c996fd4c408e81b9e8edf38949a1ea.jpg,incorrect qblock,181,181,181,181.0,0.27,0.1125,0.6896,#b5b5b5
251107_232237_0000097550_CAM1_NG_bmp.rf.44c996fd4c408e81b9e8edf38949a1ea.jpg,incorrect qblock,182,182,182,182.0,0.27,0.09,0.6821,#b6b6b6
251107_232237_0000097550_CAM1_NG_bmp.rf.44c996fd4c408e81b9e8edf38949a1ea.jpg,incorrect qblock,179,179,179,179.0,0.2925,0.1125,0.6806,#b3b3b3
251107_232237_0000097550_CAM1_NG_bmp.rf.44c996fd4c408e81b9e8edf38949a1ea.jpg,incorrect qblock,191,191,191,191.0,0.2925,0.1125,0.5693,#bfbfbf
251107_232237_0000097550_CAM1_NG_bmp.rf.44c996fd4c408e81b9e8edf38949a1ea.jpg,incorrect qblock,182,182,182,182.0,0.27,0.1125,0.5446,#b6b6b6
251010_124906_0000080555_CAM1_NG_bmp.rf.bc8b7edfdb1964fd320a033366770542.jpg,qblock,95,95,95,95.0,0.3825,0.2025,0.9511,#5f5f5f
251010_124906_0000080555_CAM1_NG_bmp.rf.bc8b7edfdb1964fd320a033366770542.jpg,qblock,88,88,88,88.0,0.36,0.2025,0.9355,#585858
251010_124906_0000080555_CAM1_NG_bmp.rf.bc8b7edfdb1964fd320a033366770542.jpg,qblock,79,79,79,79.0,0.36,0.18,0.9266,#4f4f4f
251010_124906_0000080555_CAM1_NG_bmp.rf.bc8b7edfdb1964fd320a033366770542.jpg,qblock,91,91,91,91.0,0.3825,0.2025,0.9179,#5b5b5b
251010_124906_0000080555_CAM1_NG_bmp.rf.bc8b7edfdb1964fd320a033366770542.jpg,qblock,80,80,80,80.0,0.36,0.18,0.9142,#505050
251010_124906_0000080555_CAM1_NG_bmp.rf.bc8b7edfdb1964fd320a033366770542.jpg,qblock,83,83,83,83.0,0.36,0.2025,0.905,#535353
251010_124906_0000080555_CAM1_NG_bmp.rf.bc8b7edfdb1964fd320a033366770542.jpg,qblock,79,79,79,79.0,0.36,0.18,0.8898,#4f4f4f
251010_124906_0000080555_CAM1_NG_bmp.rf.bc8b7edfdb1964fd320a033366770542.jpg,qblock,91,91,91,91.0,0.36,0.2025,0.8897,#5b5b5b
251010_124906_0000080555_CAM1_NG_bmp.rf.bc8b7edfdb1964fd320a033366770542.jpg,qblock,73,73,73,73.0,0.36,0.18,0.8759,#494949
251010_124906_0000080555_CAM1_NG_bmp.rf.bc8b7edfdb1964fd320a033366770542.jpg,qblock,84,84,84,84.0,0.36,0.2025,0.8457,#545454
251010_124906_0000080555_CAM1_NG_bmp.rf.bc8b7edfdb1964fd320a033366770542.jpg,qblock,88,88,88,88.0,0.3825,0.2025,0.8355,#585858
251010_124906_0000080555_CAM1_NG_bmp.rf.bc8b7edfdb1964fd320a033366770542.jpg,qblock,71,71,71,71.0,0.36,0.2025,0.8163,#474747
251010_124906_0000080555_CAM1_NG_bmp.rf.bc8b7edfdb1964fd320a033366770542.jpg,qblock,66,66,66,66.0,0.36,0.2025,0.8066,#424242
251010_124906_0000080555_CAM1_NG_bmp.rf.bc8b7edfdb1964fd320a033366770542.jpg,qblock,81,81,81,81.0,0.36,0.2025,0.7873,#515151
251107_231809_0000096658_CAM1_NG_bmp.rf.033e0a6bb59c7628eec787b17897b8d9.jpg,incorrect qblock,180,180,180,180.0,0.36,0.18,0.8818,#b4b4b4
251107_231809_0000096658_CAM1_NG_bmp.rf.033e0a6bb59c7628eec787b17897b8d9.jpg,incorrect qblock,179,179,179,179.0,0.3375,0.18,0.879,#b3b3b3
251107_231809_0000096658_CAM1_NG_bmp.rf.033e0a6bb59c7628eec787b17897b8d9.jpg,incorrect qblock,162,162,162,162.0,0.36,0.18,0.806,#a2a2a2
251107_231809_0000096658_CAM1_NG_bmp.rf.033e0a6bb59c7628eec787b17897b8d9.jpg,incorrect qblock,186,186,186,186.0,0.36,0.2025,0.7996,#bababa
251107_231809_0000096658_CAM1_NG_bmp.rf.033e0a6bb59c7628eec787b17897b8d9.jpg,incorrect qblock,178,178,178,178.0,0.36,0.18,0.7869,#b2b2b2
251107_231809_0000096658_CAM1_NG_bmp.rf.033e0a6bb59c7628eec787b17897b8d9.jpg,incorrect qblock,196,196,196,196.0,0.36,0.18,0.7688,#c4c4c4
251107_231809_0000096658_CAM1_NG_bmp.rf.033e0a6bb59c7628eec787b17897b8d9.jpg,incorrect qblock,176,176,176,176.0,0.27,0.09,0.7606,#b0b0b0
251107_231809_0000096658_CAM1_NG_bmp.rf.033e0a6bb59c7628eec787b17897b8d9.jpg,incorrect qblock,187,187,187,187.0,0.3375,0.18,0.7473,#bbbbbb
251107_231809_0000096658_CAM1_NG_bmp.rf.033e0a6bb59c7628eec787b17897b8d9.jpg,incorrect qblock,183,183,183,183.0,0.2925,0.1125,0.7396,#b7b7b7
251107_231809_0000096658_CAM1_NG_bmp.rf.033e0a6bb59c7628eec787b17897b8d9.jpg,incorrect qblock,191,191,191,191.0,0.27,0.1125,0.6814,#bfbfbf
251107_231809_0000096658_CAM1_NG_bmp.rf.033e0a6bb59c7628eec787b17897b8d9.jpg,incorrect qblock,173,173,173,173.0,0.27,0.1125,0.6678,#adadad
251107_231809_0000096658_CAM1_NG_bmp.rf.033e0a6bb59c7628eec787b17897b8d9.jpg,incorrect qblock,186,186,186,186.0,0.27,0.1125,0.667,#bababa
251107_231809_0000096658_CAM1_NG_bmp.rf.033e0a6bb59c7628eec787b17897b8d9.jpg,incorrect qblock,182,182,182,182.0,0.27,0.09,0.6127,#b6b6b6
251107_231809_0000096658_CAM1_NG_bmp.rf.033e0a6bb59c7628eec787b17897b8d9.jpg,incorrect qblock,184,184,184,184.0,0.27,0.1125,0.5869,#b8b8b8
251015_020546_0000434654_CAM1_OK_bmp.rf.b53df37691e879b8b57d114730da221d.jpg,qblock,77,77,77,77.0,0.36,0.2025,0.889,#4d4d4d
251015_020546_0000434654_CAM1_OK_bmp.rf.b53df37691e879b8b57d114730da221d.jpg,qblock,82,82,82,82.0,0.36,0.2025,0.8804,#525252
251015_020546_0000434654_CAM1_OK_bmp.rf.b53df37691e879b8b57d114730da221d.jpg,qblock,80,80,80,80.0,0.3375,0.2025,0.8637,#505050
251015_020546_0000434654_CAM1_OK_bmp.rf.b53df37691e879b8b57d114730da221d.jpg,qblock,75,75,75,75.0,0.36,0.18,0.8604,#4b4b4b
251015_020546_0000434654_CAM1_OK_bmp.rf.b53df37691e879b8b57d114730da221d.jpg,qblock,89,89,89,89.0,0.36,0.225,0.8588,#595959
251015_020546_0000434654_CAM1_OK_bmp.rf.b53df37691e879b8b57d114730da221d.jpg,qblock,73,73,73,73.0,0.36,0.18,0.8536,#494949
251015_020546_0000434654_CAM1_OK_bmp.rf.b53df37691e879b8b57d114730da221d.jpg,qblock,93,93,93,93.0,0.3825,0.2025,0.8533,#5d5d5d
251015_020546_0000434654_CAM1_OK_bmp.rf.b53df37691e879b8b57d114730da221d.jpg,qblock,86,86,86,86.0,0.3825,0.2025,0.8069,#565656
251015_020546_0000434654_CAM1_OK_bmp.rf.b53df37691e879b8b57d114730da221d.jpg,qblock,80,80,80,80.0,0.36,0.2025,0.7975,#505050
251015_020546_0000434654_CAM1_OK_bmp.rf.b53df37691e879b8b57d114730da221d.jpg,qblock,76,76,76,76.0,0.36,0.2025,0.7819,#4c4c4c
251015_020546_0000434654_CAM1_OK_bmp.rf.b53df37691e879b8b57d114730da221d.jpg,qblock,52,52,52,52.0,0.3375,0.18,0.771,#343434
251015_020546_0000434654_CAM1_OK_bmp.rf.b53df37691e879b8b57d114730da221d.jpg,qblock,72,72,72,72.0,0.36,0.2025,0.7702,#484848
251015_020546_0000434654_CAM1_OK_bmp.rf.b53df37691e879b8b57d114730da221d.jpg,qblock,65,65,65,65.0,0.36,0.2025,0.671,#414141
251015_020546_0000434654_CAM1_OK_bmp.rf.b53df37691e879b8b57d114730da221d.jpg,qblock,85,85,85,85.0,0.3825,0.2025,0.5864,#555555
251107_232111_0000097264_CAM1_NG_bmp.rf.c43cce8052aaa7de0bf4a07fcd9876d9.jpg,incorrect qblock,180,180,180,180.0,0.3375,0.18,0.8749,#b4b4b4
251107_232111_0000097264_CAM1_NG_bmp.rf.c43cce8052aaa7de0bf4a07fcd9876d9.jpg,incorrect qblock,180,180,180,180.0,0.36,0.2025,0.8676,#b4b4b4
251107_232111_0000097264_CAM1_NG_bmp.rf.c43cce8052aaa7de0bf4a07fcd9876d9.jpg,incorrect qblock,182,182,182,182.0,0.3375,0.18,0.8327,#b6b6b6
251107_232111_0000097264_CAM1_NG_bmp.rf.c43cce8052aaa7de0bf4a07fcd9876d9.jpg,incorrect qblock,166,166,166,166.0,0.36,0.2025,0.7919,#a6a6a6
251107_232111_0000097264_CAM1_NG_bmp.rf.c43cce8052aaa7de0bf4a07fcd9876d9.jpg,incorrect qblock,187,187,187,187.0,0.36,0.18,0.7803,#bbbbbb
251107_232111_0000097264_CAM1_NG_bmp.rf.c43cce8052aaa7de0bf4a07fcd9876d9.jpg,incorrect qblock,182,182,182,182.0,0.27,0.1125,0.7709,#b6b6b6
251107_232111_0000097264_CAM1_NG_bmp.rf.c43cce8052aaa7de0bf4a07fcd9876d9.jpg,incorrect qblock,190,190,190,190.0,0.3375,0.18,0.7673,#bebebe
251107_232111_0000097264_CAM1_NG_bmp.rf.c43cce8052aaa7de0bf4a07fcd9876d9.jpg,incorrect qblock,192,192,192,192.0,0.36,0.1575,0.7501,#c0c0c0
251107_232111_0000097264_CAM1_NG_bmp.rf.c43cce8052aaa7de0bf4a07fcd9876d9.jpg,incorrect qblock,181,181,181,181.0,0.27,0.09,0.7285,#b5b5b5
251107_232111_0000097264_CAM1_NG_bmp.rf.c43cce8052aaa7de0bf4a07fcd9876d9.jpg,incorrect qblock,180,180,180,180.0,0.27,0.1125,0.7099,#b4b4b4
251107_232111_0000097264_CAM1_NG_bmp.rf.c43cce8052aaa7de0bf4a07fcd9876d9.jpg,incorrect qblock,189,189,189,189.0,0.2925,0.09,0.6855,#bdbdbd
251107_232111_0000097264_CAM1_NG_bmp.rf.c43cce8052aaa7de0bf4a07fcd9876d9.jpg,incorrect qblock,186,186,186,186.0,0.2475,0.09,0.6744,#bababa
251107_232111_0000097264_CAM1_NG_bmp.rf.c43cce8052aaa7de0bf4a07fcd9876d9.jpg,incorrect qblock,193,193,193,193.0,0.2925,0.1125,0.6362,#c1c1c1
251107_232111_0000097264_CAM1_NG_bmp.rf.c43cce8052aaa7de0bf4a07fcd9876d9.jpg,incorrect qblock,185,185,185,185.0,0.27,0.1125,0.5946,#b9b9b9
251010_125624_0000080727_CAM1_NG_bmp.rf.623178d0c95d58cc3e7a9c988b8afbe3.jpg,qblock,90,90,90,90.0,0.36,0.18,0.907,#5a5a5a
251010_125624_0000080727_CAM1_NG_bmp.rf.623178d0c95d58cc3e7a9c988b8afbe3.jpg,qblock,91,91,91,91.0,0.3825,0.2025,0.8959,#5b5b5b
251010_125624_0000080727_CAM1_NG_bmp.rf.623178d0c95d58cc3e7a9c988b8afbe3.jpg,qblock,83,83,83,83.0,0.36,0.18,0.8925,#535353
251010_125624_0000080727_CAM1_NG_bmp.rf.623178d0c95d58cc3e7a9c988b8afbe3.jpg,qblock,75,75,75,75.0,0.36,0.18,0.8908,#4b4b4b
251010_125624_0000080727_CAM1_NG_bmp.rf.623178d0c95d58cc3e7a9c988b8afbe3.jpg,qblock,84,84,84,84.0,0.3375,0.18,0.8793,#545454
251010_125624_0000080727_CAM1_NG_bmp.rf.623178d0c95d58cc3e7a9c988b8afbe3.jpg,qblock,86,86,86,86.0,0.3825,0.18,0.8729,#565656
251010_125624_0000080727_CAM1_NG_bmp.rf.623178d0c95d58cc3e7a9c988b8afbe3.jpg,qblock,76,76,76,76.0,0.36,0.18,0.859,#4c4c4c
251010_125624_0000080727_CAM1_NG_bmp.rf.623178d0c95d58cc3e7a9c988b8afbe3.jpg,qblock,83,83,83,83.0,0.3375,0.18,0.8084,#535353
251010_125624_0000080727_CAM1_NG_bmp.rf.623178d0c95d58cc3e7a9c988b8afbe3.jpg,qblock,93,93,93,93.0,0.36,0.2025,0.7884,#5d5d5d
251010_125624_0000080727_CAM1_NG_bmp.rf.623178d0c95d58cc3e7a9c988b8afbe3.jpg,qblock,84,84,84,84.0,0.36,0.18,0.772,#545454
251010_125624_0000080727_CAM1_NG_bmp.rf.623178d0c95d58cc3e7a9c988b8afbe3.jpg,qblock,78,78,78,78.0,0.36,0.2025,0.6082,#4e4e4e
251010_125624_0000080727_CAM1_NG_bmp.rf.623178d0c95d58cc3e7a9c988b8afbe3.jpg,qblock,73,73,73,73.0,0.36,0.2025,0.5865,#494949
251107_231923_0000096905_CAM1_NG_bmp.rf.ee42a4e547e1289c3e9f7d2c97a9ddd2.jpg,incorrect qblock,188,188,188,188.0,0.36,0.2025,0.8911,#bcbcbc
251107_231923_0000096905_CAM1_NG_bmp.rf.ee42a4e547e1289c3e9f7d2c97a9ddd2.jpg,incorrect qblock,183,183,183,183.0,0.3375,0.18,0.8646,#b7b7b7
251107_231923_0000096905_CAM1_NG_bmp.rf.ee42a4e547e1289c3e9f7d2c97a9ddd2.jpg,incorrect qblock,161,161,161,161.0,0.36,0.18,0.8102,#a1a1a1
251107_231923_0000096905_CAM1_NG_bmp.rf.ee42a4e547e1289c3e9f7d2c97a9ddd2.jpg,incorrect qblock,200,200,200,200.0,0.36,0.18,0.7854,#c8c8c8
251107_231923_0000096905_CAM1_NG_bmp.rf.ee42a4e547e1289c3e9f7d2c97a9ddd2.jpg,incorrect qblock,179,179,179,179.0,0.3375,0.18,0.7789,#b3b3b3
251107_231923_0000096905_CAM1_NG_bmp.rf.ee42a4e547e1289c3e9f7d2c97a9ddd2.jpg,incorrect qblock,181,181,181,181.0,0.27,0.09,0.7753,#b5b5b5
251107_231923_0000096905_CAM1_NG_bmp.rf.ee42a4e547e1289c3e9f7d2c97a9ddd2.jpg,incorrect qblock,189,189,189,189.0,0.36,0.2025,0.7465,#bdbdbd
251107_231923_0000096905_CAM1_NG_bmp.rf.ee42a4e547e1289c3e9f7d2c97a9ddd2.jpg,incorrect qblock,189,189,189,189.0,0.3375,0.1575,0.6952,#bdbdbd
251107_231923_0000096905_CAM1_NG_bmp.rf.ee42a4e547e1289c3e9f7d2c97a9ddd2.jpg,incorrect qblock,175,175,175,175.0,0.2925,0.1125,0.6942,#afafaf
251107_231923_0000096905_CAM1_NG_bmp.rf.ee42a4e547e1289c3e9f7d2c97a9ddd2.jpg,incorrect qblock,191,191,191,191.0,0.27,0.1125,0.6755,#bfbfbf
251107_231923_0000096905_CAM1_NG_bmp.rf.ee42a4e547e1289c3e9f7d2c97a9ddd2.jpg,incorrect qblock,189,189,189,189.0,0.27,0.1125,0.6503,#bdbdbd
251107_231923_0000096905_CAM1_NG_bmp.rf.ee42a4e547e1289c3e9f7d2c97a9ddd2.jpg,incorrect qblock,188,188,188,188.0,0.27,0.09,0.6475,#bcbcbc
251107_231923_0000096905_CAM1_NG_bmp.rf.ee42a4e547e1289c3e9f7d2c97a9ddd2.jpg,incorrect qblock,194,194,194,194.0,0.2925,0.1125,0.5354,#c2c2c2
251107_232609_0000098253_CAM1_NG_bmp.rf.6955709b3b4b3130c0a966938f83279d.jpg,incorrect qblock,181,181,181,181.0,0.36,0.18,0.8818,#b5b5b5
251107_232609_0000098253_CAM1_NG_bmp.rf.6955709b3b4b3130c0a966938f83279d.jpg,incorrect qblock,180,180,180,180.0,0.3375,0.18,0.8664,#b4b4b4
251107_232609_0000098253_CAM1_NG_bmp.rf.6955709b3b4b3130c0a966938f83279d.jpg,incorrect qblock,177,177,177,177.0,0.3375,0.18,0.8255,#b1b1b1
251107_232609_0000098253_CAM1_NG_bmp.rf.6955709b3b4b3130c0a966938f83279d.jpg,incorrect qblock,193,193,193,193.0,0.3825,0.2025,0.8056,#c1c1c1
251107_232609_0000098253_CAM1_NG_bmp.rf.6955709b3b4b3130c0a966938f83279d.jpg,incorrect qblock,164,164,164,164.0,0.36,0.18,0.8018,#a4a4a4
251107_232609_0000098253_CAM1_NG_bmp.rf.6955709b3b4b3130c0a966938f83279d.jpg,incorrect qblock,199,199,199,199.0,0.36,0.18,0.7629,#c7c7c7
251107_232609_0000098253_CAM1_NG_bmp.rf.6955709b3b4b3130c0a966938f83279d.jpg,incorrect qblock,184,184,184,184.0,0.27,0.1125,0.7427,#b8b8b8
251107_232609_0000098253_CAM1_NG_bmp.rf.6955709b3b4b3130c0a966938f83279d.jpg,incorrect qblock,189,189,189,189.0,0.3375,0.1575,0.732,#bdbdbd
251107_232609_0000098253_CAM1_NG_bmp.rf.6955709b3b4b3130c0a966938f83279d.jpg,incorrect qblock,190,190,190,190.0,0.27,0.1125,0.7116,#bebebe
251107_232609_0000098253_CAM1_NG_bmp.rf.6955709b3b4b3130c0a966938f83279d.jpg,incorrect qblock,193,193,193,193.0,0.2925,0.1125,0.6969,#c1c1c1
251107_232609_0000098253_CAM1_NG_bmp.rf.6955709b3b4b3130c0a966938f83279d.jpg,incorrect qblock,173,173,173,173.0,0.27,0.1125,0.6622,#adadad
251107_232609_0000098253_CAM1_NG_bmp.rf.6955709b3b4b3130c0a966938f83279d.jpg,incorrect qblock,185,185,185,185.0,0.27,0.09,0.6559,#b9b9b9
251107_232609_0000098253_CAM1_NG_bmp.rf.6955709b3b4b3130c0a966938f83279d.jpg,incorrect qblock,186,186,186,186.0,0.2925,0.1125,0.6157,#bababa
251107_231952_0000097001_CAM1_NG_bmp.rf.7f69b5935e8e5260075e44e10b2740a0.jpg,incorrect qblock,180,180,180,180.0,0.36,0.18,0.8916,#b4b4b4
251107_231952_0000097001_CAM1_NG_bmp.rf.7f69b5935e8e5260075e44e10b2740a0.jpg,incorrect qblock,185,185,185,185.0,0.3375,0.2025,0.869,#b9b9b9
251107_231952_0000097001_CAM1_NG_bmp.rf.7f69b5935e8e5260075e44e10b2740a0.jpg,incorrect qblock,161,161,161,161.0,0.36,0.18,0.8246,#a1a1a1
251107_231952_0000097001_CAM1_NG_bmp.rf.7f69b5935e8e5260075e44e10b2740a0.jpg,incorrect qblock,179,179,179,179.0,0.3375,0.18,0.8151,#b3b3b3
251107_231952_0000097001_CAM1_NG_bmp.rf.7f69b5935e8e5260075e44e10b2740a0.jpg,incorrect qblock,196,196,196,196.0,0.36,0.18,0.8067,#c4c4c4
251107_231952_0000097001_CAM1_NG_bmp.rf.7f69b5935e8e5260075e44e10b2740a0.jpg,incorrect qblock,187,187,187,187.0,0.36,0.2025,0.7692,#bbbbbb
251107_231952_0000097001_CAM1_NG_bmp.rf.7f69b5935e8e5260075e44e10b2740a0.jpg,incorrect qblock,181,181,181,181.0,0.2925,0.1125,0.7538,#b5b5b5
251107_231952_0000097001_CAM1_NG_bmp.rf.7f69b5935e8e5260075e44e10b2740a0.jpg,incorrect qblock,187,187,187,187.0,0.3375,0.1575,0.7216,#bbbbbb
251107_231952_0000097001_CAM1_NG_bmp.rf.7f69b5935e8e5260075e44e10b2740a0.jpg,incorrect qblock,172,172,172,172.0,0.27,0.1125,0.7095,#acacac
251107_231952_0000097001_CAM1_NG_bmp.rf.7f69b5935e8e5260075e44e10b2740a0.jpg,incorrect qblock,183,183,183,183.0,0.27,0.09,0.6797,#b7b7b7
251107_231952_0000097001_CAM1_NG_bmp.rf.7f69b5935e8e5260075e44e10b2740a0.jpg,incorrect qblock,192,192,192,192.0,0.2925,0.09,0.6456,#c0c0c0
251107_231952_0000097001_CAM1_NG_bmp.rf.7f69b5935e8e5260075e44e10b2740a0.jpg,incorrect qblock,181,181,181,181.0,0.2925,0.1125,0.6422,#b5b5b5
251107_231952_0000097001_CAM1_NG_bmp.rf.7f69b5935e8e5260075e44e10b2740a0.jpg,incorrect qblock,192,192,192,192.0,0.27,0.1125,0.5213,#c0c0c0
251107_232103_0000097236_CAM1_NG_bmp.rf.c7f621774bf0a8088b5d1445dd50179f.jpg,incorrect qblock,175,175,175,175.0,0.36,0.18,0.8867,#afafaf
251107_232103_0000097236_CAM1_NG_bmp.rf.c7f621774bf0a8088b5d1445dd50179f.jpg,incorrect qblock,183,183,183,183.0,0.3375,0.2025,0.8566,#b7b7b7
251107_232103_0000097236_CAM1_NG_bmp.rf.c7f621774bf0a8088b5d1445dd50179f.jpg,incorrect qblock,164,164,164,164.0,0.36,0.18,0.8083,#a4a4a4
251107_232103_0000097236_CAM1_NG_bmp.rf.c7f621774bf0a8088b5d1445dd50179f.jpg,incorrect qblock,199,199,199,199.0,0.36,0.18,0.8002,#c7c7c7
251107_232103_0000097236_CAM1_NG_bmp.rf.c7f621774bf0a8088b5d1445dd50179f.jpg,incorrect qblock,178,178,178,178.0,0.3375,0.18,0.7991,#b2b2b2
251107_232103_0000097236_CAM1_NG_bmp.rf.c7f621774bf0a8088b5d1445dd50179f.jpg,incorrect qblock,190,190,190,190.0,0.3825,0.2025,0.7446,#bebebe
251107_232103_0000097236_CAM1_NG_bmp.rf.c7f621774bf0a8088b5d1445dd50179f.jpg,incorrect qblock,184,184,184,184.0,0.2925,0.1125,0.742,#b8b8b8
251107_232103_0000097236_CAM1_NG_bmp.rf.c7f621774bf0a8088b5d1445dd50179f.jpg,incorrect qblock,186,186,186,186.0,0.3375,0.1575,0.7276,#bababa
251107_232103_0000097236_CAM1_NG_bmp.rf.c7f621774bf0a8088b5d1445dd50179f.jpg,incorrect qblock,177,177,177,177.0,0.27,0.1125,0.726,#b1b1b1
251107_232103_0000097236_CAM1_NG_bmp.rf.c7f621774bf0a8088b5d1445dd50179f.jpg,incorrect qblock,181,181,181,181.0,0.2925,0.09,0.6359,#b5b5b5
251107_232103_0000097236_CAM1_NG_bmp.rf.c7f621774bf0a8088b5d1445dd50179f.jpg,incorrect qblock,190,190,190,190.0,0.2925,0.09,0.6262,#bebebe
251107_232103_0000097236_CAM1_NG_bmp.rf.c7f621774bf0a8088b5d1445dd50179f.jpg,incorrect qblock,182,182,182,182.0,0.27,0.1125,0.6251,#b6b6b6
251107_232103_0000097236_CAM1_NG_bmp.rf.c7f621774bf0a8088b5d1445dd50179f.jpg,incorrect qblock,183,183,183,183.0,0.2925,0.1125,0.5969,#b7b7b7
251107_232103_0000097236_CAM1_NG_bmp.rf.c7f621774bf0a8088b5d1445dd50179f.jpg,incorrect qblock,195,195,195,195.0,0.2925,0.1125,0.5094,#c3c3c3
251015_020541_0000434638_CAM1_OK_bmp.rf.7f8c3306b45c3facc30d2bf701a08c17.jpg,qblock,88,88,88,88.0,0.36,0.2025,0.881,#585858
251015_020541_0000434638_CAM1_OK_bmp.rf.7f8c3306b45c3facc30d2bf701a08c17.jpg,qblock,86,86,86,86.0,0.36,0.2025,0.8801,#565656
251015_020541_0000434638_CAM1_OK_bmp.rf.7f8c3306b45c3facc30d2bf701a08c17.jpg,qblock,84,84,84,84.0,0.36,0.2025,0.8499,#545454
251015_020541_0000434638_CAM1_OK_bmp.rf.7f8c3306b45c3facc30d2bf701a08c17.jpg,qblock,78,78,78,78.0,0.36,0.2025,0.8439,#4e4e4e
251015_020541_0000434638_CAM1_OK_bmp.rf.7f8c3306b45c3facc30d2bf701a08c17.jpg,qblock,86,86,86,86.0,0.3375,0.2025,0.8431,#565656
251015_020541_0000434638_CAM1_OK_bmp.rf.7f8c3306b45c3facc30d2bf701a08c17.jpg,qblock,75,75,75,75.0,0.36,0.18,0.8225,#4b4b4b
251015_020541_0000434638_CAM1_OK_bmp.rf.7f8c3306b45c3facc30d2bf701a08c17.jpg,qblock,84,84,84,84.0,0.36,0.2025,0.8148,#545454
251015_020541_0000434638_CAM1_OK_bmp.rf.7f8c3306b45c3facc30d2bf701a08c17.jpg,qblock,81,81,81,81.0,0.36,0.2025,0.8081,#515151
251015_020541_0000434638_CAM1_OK_bmp.rf.7f8c3306b45c3facc30d2bf701a08c17.jpg,qblock,93,93,93,93.0,0.3825,0.2025,0.8047,#5d5d5d
251015_020541_0000434638_CAM1_OK_bmp.rf.7f8c3306b45c3facc30d2bf701a08c17.jpg,qblock,83,83,83,83.0,0.3825,0.18,0.7949,#535353
251015_020541_0000434638_CAM1_OK_bmp.rf.7f8c3306b45c3facc30d2bf701a08c17.jpg,qblock,59,59,59,59.0,0.3375,0.18,0.7768,#3b3b3b
251015_020541_0000434638_CAM1_OK_bmp.rf.7f8c3306b45c3facc30d2bf701a08c17.jpg,qblock,80,80,80,80.0,0.36,0.2025,0.7684,#505050
251015_020541_0000434638_CAM1_OK_bmp.rf.7f8c3306b45c3facc30d2bf701a08c17.jpg,qblock,79,79,79,79.0,0.3825,0.18,0.6786,#4f4f4f
251015_020541_0000434638_CAM1_OK_bmp.rf.7f8c3306b45c3facc30d2bf701a08c17.jpg,qblock,57,57,57,57.0,0.36,0.18,0.6554,#393939
251107_232613_0000098264_CAM1_NG_bmp.rf.56196b6e1ccc740e54bd96413ebbf49c.jpg,incorrect qblock,178,178,178,178.0,0.36,0.18,0.8875,#b2b2b2
251107_232613_0000098264_CAM1_NG_bmp.rf.56196b6e1ccc740e54bd96413ebbf49c.jpg,incorrect qblock,176,176,176,176.0,0.3375,0.18,0.8522,#b0b0b0
251107_232613_0000098264_CAM1_NG_bmp.rf.56196b6e1ccc740e54bd96413ebbf49c.jpg,incorrect qblock,167,167,167,167.0,0.36,0.18,0.8013,#a7a7a7
251107_232613_0000098264_CAM1_NG_bmp.rf.56196b6e1ccc740e54bd96413ebbf49c.jpg,incorrect qblock,191,191,191,191.0,0.3825,0.2025,0.7961,#bfbfbf
251107_232613_0000098264_CAM1_NG_bmp.rf.56196b6e1ccc740e54bd96413ebbf49c.jpg,incorrect qblock,180,180,180,180.0,0.3375,0.2025,0.7825,#b4b4b4
251107_232613_0000098264_CAM1_NG_bmp.rf.56196b6e1ccc740e54bd96413ebbf49c.jpg,incorrect qblock,194,194,194,194.0,0.36,0.18,0.7734,#c2c2c2
251107_232613_0000098264_CAM1_NG_bmp.rf.56196b6e1ccc740e54bd96413ebbf49c.jpg,incorrect qblock,182,182,182,182.0,0.27,0.1125,0.7589,#b6b6b6
251107_232613_0000098264_CAM1_NG_bmp.rf.56196b6e1ccc740e54bd96413ebbf49c.jpg,incorrect qblock,181,181,181,181.0,0.3375,0.18,0.7281,#b5b5b5
251107_232613_0000098264_CAM1_NG_bmp.rf.56196b6e1ccc740e54bd96413ebbf49c.jpg,incorrect qblock,176,176,176,176.0,0.27,0.09,0.6963,#b0b0b0
251107_232613_0000098264_CAM1_NG_bmp.rf.56196b6e1ccc740e54bd96413ebbf49c.jpg,incorrect qblock,195,195,195,195.0,0.2925,0.09,0.6359,#c3c3c3
251107_232613_0000098264_CAM1_NG_bmp.rf.56196b6e1ccc740e54bd96413ebbf49c.jpg,incorrect qblock,191,191,191,191.0,0.2925,0.1125,0.6258,#bfbfbf
251107_232613_0000098264_CAM1_NG_bmp.rf.56196b6e1ccc740e54bd96413ebbf49c.jpg,incorrect qblock,184,184,184,184.0,0.27,0.1125,0.5815,#b8b8b8
251107_232613_0000098264_CAM1_NG_bmp.rf.56196b6e1ccc740e54bd96413ebbf49c.jpg,incorrect qblock,175,175,175,175.0,0.27,0.1125,0.5266,#afafaf
251107_231658_0000096423_CAM1_NG_bmp.rf.31ef8d9e4d29b7eeb975910869d61888.jpg,incorrect qblock,182,182,182,182.0,0.36,0.18,0.8843,#b6b6b6
251107_231658_0000096423_CAM1_NG_bmp.rf.31ef8d9e4d29b7eeb975910869d61888.jpg,incorrect qblock,176,176,176,176.0,0.3375,0.18,0.8744,#b0b0b0
251107_231658_0000096423_CAM1_NG_bmp.rf.31ef8d9e4d29b7eeb975910869d61888.jpg,incorrect qblock,177,177,177,177.0,0.3375,0.2025,0.8065,#b1b1b1
251107_231658_0000096423_CAM1_NG_bmp.rf.31ef8d9e4d29b7eeb975910869d61888.jpg,incorrect qblock,156,156,156,156.0,0.36,0.18,0.8,#9c9c9c
251107_231658_0000096423_CAM1_NG_bmp.rf.31ef8d9e4d29b7eeb975910869d61888.jpg,incorrect qblock,188,188,188,188.0,0.3825,0.18,0.7848,#bcbcbc
251107_231658_0000096423_CAM1_NG_bmp.rf.31ef8d9e4d29b7eeb975910869d61888.jpg,incorrect qblock,174,174,174,174.0,0.2925,0.09,0.7562,#aeaeae
251107_231658_0000096423_CAM1_NG_bmp.rf.31ef8d9e4d29b7eeb975910869d61888.jpg,incorrect qblock,197,197,197,197.0,0.36,0.18,0.7472,#c5c5c5
251107_231658_0000096423_CAM1_NG_bmp.rf.31ef8d9e4d29b7eeb975910869d61888.jpg,incorrect qblock,185,185,185,185.0,0.3375,0.18,0.7231,#b9b9b9
251107_231658_0000096423_CAM1_NG_bmp.rf.31ef8d9e4d29b7eeb975910869d61888.jpg,incorrect qblock,167,167,167,167.0,0.27,0.1125,0.7183,#a7a7a7
251107_231658_0000096423_CAM1_NG_bmp.rf.31ef8d9e4d29b7eeb975910869d61888.jpg,incorrect qblock,183,183,183,183.0,0.27,0.1125,0.6857,#b7b7b7
251107_231658_0000096423_CAM1_NG_bmp.rf.31ef8d9e4d29b7eeb975910869d61888.jpg,incorrect qblock,183,183,183,183.0,0.2925,0.09,0.6596,#b7b7b7
251107_231658_0000096423_CAM1_NG_bmp.rf.31ef8d9e4d29b7eeb975910869d61888.jpg,incorrect qblock,179,179,179,179.0,0.27,0.1125,0.6451,#b3b3b3
251107_231658_0000096423_CAM1_NG_bmp.rf.31ef8d9e4d29b7eeb975910869d61888.jpg,incorrect qblock,177,177,177,177.0,0.27,0.1125,0.6028,#b1b1b1
251107_231658_0000096423_CAM1_NG_bmp.rf.31ef8d9e4d29b7eeb975910869d61888.jpg,incorrect qblock,183,183,183,183.0,0.27,0.1125,0.5508,#b7b7b7
251107_232044_0000097173_CAM1_NG_bmp.rf.b8950a01826e83c85d9833cc49a77676.jpg,incorrect qblock,185,185,185,185.0,0.3375,0.18,0.8774,#b9b9b9
251107_232044_0000097173_CAM1_NG_bmp.rf.b8950a01826e83c85d9833cc49a77676.jpg,incorrect qblock,184,184,184,184.0,0.36,0.2025,0.8628,#b8b8b8
251107_232044_0000097173_CAM1_NG_bmp.rf.b8950a01826e83c85d9833cc49a77676.jpg,incorrect qblock,176,176,176,176.0,0.3375,0.18,0.8291,#b0b0b0
251107_232044_0000097173_CAM1_NG_bmp.rf.b8950a01826e83c85d9833cc49a77676.jpg,incorrect qblock,191,191,191,191.0,0.36,0.18,0.804,#bfbfbf
251107_232044_0000097173_CAM1_NG_bmp.rf.b8950a01826e83c85d9833cc49a77676.jpg,incorrect qblock,191,191,191,191.0,0.36,0.18,0.797,#bfbfbf
251107_232044_0000097173_CAM1_NG_bmp.rf.b8950a01826e83c85d9833cc49a77676.jpg,incorrect qblock,165,165,165,165.0,0.36,0.2025,0.783,#a5a5a5
251107_232044_0000097173_CAM1_NG_bmp.rf.b8950a01826e83c85d9833cc49a77676.jpg,incorrect qblock,180,180,180,180.0,0.2925,0.1125,0.7707,#b4b4b4
251107_232044_0000097173_CAM1_NG_bmp.rf.b8950a01826e83c85d9833cc49a77676.jpg,incorrect qblock,183,183,183,183.0,0.3375,0.18,0.7684,#b7b7b7
251107_232044_0000097173_CAM1_NG_bmp.rf.b8950a01826e83c85d9833cc49a77676.jpg,incorrect qblock,180,180,180,180.0,0.2925,0.09,0.7369,#b4b4b4
251107_232044_0000097173_CAM1_NG_bmp.rf.b8950a01826e83c85d9833cc49a77676.jpg,incorrect qblock,187,187,187,187.0,0.27,0.1125,0.7261,#bbbbbb
251107_232044_0000097173_CAM1_NG_bmp.rf.b8950a01826e83c85d9833cc49a77676.jpg,incorrect qblock,186,186,186,186.0,0.27,0.09,0.7261,#bababa
251107_232044_0000097173_CAM1_NG_bmp.rf.b8950a01826e83c85d9833cc49a77676.jpg,incorrect qblock,173,173,173,173.0,0.27,0.09,0.6546,#adadad
251107_232044_0000097173_CAM1_NG_bmp.rf.b8950a01826e83c85d9833cc49a77676.jpg,incorrect qblock,183,183,183,183.0,0.27,0.1125,0.6464,#b7b7b7
251107_232044_0000097173_CAM1_NG_bmp.rf.b8950a01826e83c85d9833cc49a77676.jpg,incorrect qblock,187,187,187,187.0,0.27,0.1125,0.6229,#bbbbbb
251107_232044_0000097173_CAM1_NG_bmp.rf.b8950a01826e83c85d9833cc49a77676.jpg,incorrect qblock,183,183,183,183.0,0.27,0.135,0.6059,#b7b7b7
251015_020244_0000434137_CAM1_OK_bmp.rf.609cf5b1a4cceefe6ca2a60545a4fd57.jpg,qblock,86,86,86,86.0,0.36,0.2025,0.8819,#565656
251015_020244_0000434137_CAM1_OK_bmp.rf.609cf5b1a4cceefe6ca2a60545a4fd57.jpg,qblock,86,86,86,86.0,0.36,0.2025,0.848,#565656
251015_020244_0000434137_CAM1_OK_bmp.rf.609cf5b1a4cceefe6ca2a60545a4fd57.jpg,qblock,88,88,88,88.0,0.36,0.2025,0.8477,#585858
251015_020244_0000434137_CAM1_OK_bmp.rf.609cf5b1a4cceefe6ca2a60545a4fd57.jpg,qblock,94,94,94,94.0,0.36,0.225,0.8465,#5e5e5e
251015_020244_0000434137_CAM1_OK_bmp.rf.609cf5b1a4cceefe6ca2a60545a4fd57.jpg,qblock,77,77,77,77.0,0.36,0.2025,0.8377,#4d4d4d
251015_020244_0000434137_CAM1_OK_bmp.rf.609cf5b1a4cceefe6ca2a60545a4fd57.jpg,qblock,97,97,97,97.0,0.3825,0.2025,0.8348,#616161
251015_020244_0000434137_CAM1_OK_bmp.rf.609cf5b1a4cceefe6ca2a60545a4fd57.jpg,qblock,77,77,77,77.0,0.3375,0.2025,0.8326,#4d4d4d
251015_020244_0000434137_CAM1_OK_bmp.rf.609cf5b1a4cceefe6ca2a60545a4fd57.jpg,qblock,69,69,69,69.0,0.36,0.18,0.8253,#454545
251015_020244_0000434137_CAM1_OK_bmp.rf.609cf5b1a4cceefe6ca2a60545a4fd57.jpg,qblock,80,80,80,80.0,0.36,0.2025,0.8022,#505050
251015_020244_0000434137_CAM1_OK_bmp.rf.609cf5b1a4cceefe6ca2a60545a4fd57.jpg,qblock,92,92,92,92.0,0.3825,0.2025,0.7887,#5c5c5c
251015_020244_0000434137_CAM1_OK_bmp.rf.609cf5b1a4cceefe6ca2a60545a4fd57.jpg,qblock,69,69,69,69.0,0.3375,0.18,0.781,#454545
251015_020244_0000434137_CAM1_OK_bmp.rf.609cf5b1a4cceefe6ca2a60545a4fd57.jpg,qblock,71,71,71,71.0,0.36,0.18,0.767,#474747
251015_020244_0000434137_CAM1_OK_bmp.rf.609cf5b1a4cceefe6ca2a60545a4fd57.jpg,qblock,64,64,64,64.0,0.3375,0.18,0.7304,#404040
251015_020244_0000434137_CAM1_OK_bmp.rf.609cf5b1a4cceefe6ca2a60545a4fd57.jpg,qblock,80,80,80,80.0,0.3825,0.2025,0.7019,#505050
251010_115528_0000080416_CAM1_NG_bmp.rf.58f66051d819bc9d7761b0b8cac4600f.jpg,qblock,93,93,93,93.0,0.36,0.2025,0.9213,#5d5d5d
251010_115528_0000080416_CAM1_NG_bmp.rf.58f66051d819bc9d7761b0b8cac4600f.jpg,qblock,94,94,94,94.0,0.36,0.2025,0.906,#5e5e5e
251010_115528_0000080416_CAM1_NG_bmp.rf.58f66051d819bc9d7761b0b8cac4600f.jpg,qblock,95,95,95,95.0,0.3825,0.2025,0.8999,#5f5f5f
251010_115528_0000080416_CAM1_NG_bmp.rf.58f66051d819bc9d7761b0b8cac4600f.jpg,qblock,84,84,84,84.0,0.36,0.2025,0.8931,#545454
251010_115528_0000080416_CAM1_NG_bmp.rf.58f66051d819bc9d7761b0b8cac4600f.jpg,qblock,77,77,77,77.0,0.36,0.18,0.8826,#4d4d4d
251010_115528_0000080416_CAM1_NG_bmp.rf.58f66051d819bc9d7761b0b8cac4600f.jpg,qblock,71,71,71,71.0,0.36,0.18,0.8799,#474747
251010_115528_0000080416_CAM1_NG_bmp.rf.58f66051d819bc9d7761b0b8cac4600f.jpg,qblock,75,75,75,75.0,0.36,0.18,0.8784,#4b4b4b
251010_115528_0000080416_CAM1_NG_bmp.rf.58f66051d819bc9d7761b0b8cac4600f.jpg,qblock,78,78,78,78.0,0.36,0.18,0.8761,#4e4e4e
251010_115528_0000080416_CAM1_NG_bmp.rf.58f66051d819bc9d7761b0b8cac4600f.jpg,qblock,86,86,86,86.0,0.36,0.2025,0.8642,#565656
251010_115528_0000080416_CAM1_NG_bmp.rf.58f66051d819bc9d7761b0b8cac4600f.jpg,qblock,99,99,99,99.0,0.3825,0.2025,0.8584,#636363
251010_115528_0000080416_CAM1_NG_bmp.rf.58f66051d819bc9d7761b0b8cac4600f.jpg,qblock,84,84,84,84.0,0.36,0.2025,0.833,#545454
251010_115528_0000080416_CAM1_NG_bmp.rf.58f66051d819bc9d7761b0b8cac4600f.jpg,qblock,76,76,76,76.0,0.36,0.2025,0.7976,#4c4c4c
251010_115528_0000080416_CAM1_NG_bmp.rf.58f66051d819bc9d7761b0b8cac4600f.jpg,qblock,74,74,74,74.0,0.36,0.2025,0.6593,#4a4a4a
251010_114738_0000080381_CAM1_NG_bmp.rf.8220d6986c5e29e679c6b1a7b866419c.jpg,qblock,77,77,77,77.0,0.36,0.18,0.7861,#4d4d4d
251010_114738_0000080381_CAM1_NG_bmp.rf.8220d6986c5e29e679c6b1a7b866419c.jpg,qblock,85,85,85,85.0,0.36,0.2025,0.7704,#555555
251010_114738_0000080381_CAM1_NG_bmp.rf.8220d6986c5e29e679c6b1a7b866419c.jpg,qblock,89,89,89,89.0,0.3825,0.2025,0.7582,#595959
251010_114738_0000080381_CAM1_NG_bmp.rf.8220d6986c5e29e679c6b1a7b866419c.jpg,qblock,100,100,100,100.0,0.36,0.2025,0.7181,#646464
251010_114738_0000080381_CAM1_NG_bmp.rf.8220d6986c5e29e679c6b1a7b866419c.jpg,qblock,97,97,97,97.0,0.3825,0.2025,0.7008,#616161
251010_114738_0000080381_CAM1_NG_bmp.rf.8220d6986c5e29e679c6b1a7b866419c.jpg,incorrect qblock,138,138,138,138.0,0.3375,0.18,0.6936,#8a8a8a
251010_114738_0000080381_CAM1_NG_bmp.rf.8220d6986c5e29e679c6b1a7b866419c.jpg,qblock,100,100,100,100.0,0.3825,0.2025,0.6822,#646464
251010_114738_0000080381_CAM1_NG_bmp.rf.8220d6986c5e29e679c6b1a7b866419c.jpg,qblock,93,93,93,93.0,0.3825,0.2025,0.6714,#5d5d5d
251107_232438_0000097951_CAM1_NG_bmp.rf.8ade70806362f3e62345a2a0e34801a5.jpg,incorrect qblock,188,188,188,188.0,0.36,0.2025,0.8708,#bcbcbc
251107_232438_0000097951_CAM1_NG_bmp.rf.8ade70806362f3e62345a2a0e34801a5.jpg,incorrect qblock,181,181,181,181.0,0.3375,0.18,0.864,#b5b5b5
251107_232438_0000097951_CAM1_NG_bmp.rf.8ade70806362f3e62345a2a0e34801a5.jpg,incorrect qblock,162,162,162,162.0,0.36,0.18,0.7984,#a2a2a2
251107_232438_0000097951_CAM1_NG_bmp.rf.8ade70806362f3e62345a2a0e34801a5.jpg,incorrect qblock,175,175,175,175.0,0.3375,0.18,0.7929,#afafaf
251107_232438_0000097951_CAM1_NG_bmp.rf.8ade70806362f3e62345a2a0e34801a5.jpg,incorrect qblock,189,189,189,189.0,0.3825,0.18,0.7896,#bdbdbd
251107_232438_0000097951_CAM1_NG_bmp.rf.8ade70806362f3e62345a2a0e34801a5.jpg,incorrect qblock,180,180,180,180.0,0.27,0.1125,0.7763,#b4b4b4
251107_232438_0000097951_CAM1_NG_bmp.rf.8ade70806362f3e62345a2a0e34801a5.jpg,incorrect qblock,190,190,190,190.0,0.3375,0.18,0.7702,#bebebe
251107_232438_0000097951_CAM1_NG_bmp.rf.8ade70806362f3e62345a2a0e34801a5.jpg,incorrect qblock,183,183,183,183.0,0.3375,0.1575,0.7378,#b7b7b7
251107_232438_0000097951_CAM1_NG_bmp.rf.8ade70806362f3e62345a2a0e34801a5.jpg,incorrect qblock,189,189,189,189.0,0.27,0.1125,0.7109,#bdbdbd
251107_232438_0000097951_CAM1_NG_bmp.rf.8ade70806362f3e62345a2a0e34801a5.jpg,incorrect qblock,177,177,177,177.0,0.2925,0.1125,0.7081,#b1b1b1
251107_232438_0000097951_CAM1_NG_bmp.rf.8ade70806362f3e62345a2a0e34801a5.jpg,incorrect qblock,180,180,180,180.0,0.27,0.09,0.6787,#b4b4b4
251107_232438_0000097951_CAM1_NG_bmp.rf.8ade70806362f3e62345a2a0e34801a5.jpg,incorrect qblock,182,182,182,182.0,0.2925,0.1125,0.676,#b6b6b6
251107_232438_0000097951_CAM1_NG_bmp.rf.8ade70806362f3e62345a2a0e34801a5.jpg,incorrect qblock,185,185,185,185.0,0.27,0.1125,0.5563,#b9b9b9
251107_232119_0000097289_CAM1_NG_bmp.rf.eaece0ec2c9c953af88634263cea5a3c.jpg,incorrect qblock,183,183,183,183.0,0.36,0.2025,0.8844,#b7b7b7
251107_232119_0000097289_CAM1_NG_bmp.rf.eaece0ec2c9c953af88634263cea5a3c.jpg,incorrect qblock,181,181,181,181.0,0.3375,0.18,0.867,#b5b5b5
251107_232119_0000097289_CAM1_NG_bmp.rf.eaece0ec2c9c953af88634263cea5a3c.jpg,incorrect qblock,181,181,181,181.0,0.36,0.2025,0.8176,#b5b5b5
251107_232119_0000097289_CAM1_NG_bmp.rf.eaece0ec2c9c953af88634263cea5a3c.jpg,incorrect qblock,188,188,188,188.0,0.36,0.18,0.8124,#bcbcbc
251107_232119_0000097289_CAM1_NG_bmp.rf.eaece0ec2c9c953af88634263cea5a3c.jpg,incorrect qblock,169,169,169,169.0,0.36,0.2025,0.7903,#a9a9a9
251107_232119_0000097289_CAM1_NG_bmp.rf.eaece0ec2c9c953af88634263cea5a3c.jpg,incorrect qblock,178,178,178,178.0,0.2475,0.09,0.7755,#b2b2b2
251107_232119_0000097289_CAM1_NG_bmp.rf.eaece0ec2c9c953af88634263cea5a3c.jpg,incorrect qblock,192,192,192,192.0,0.3375,0.18,0.7596,#c0c0c0
251107_232119_0000097289_CAM1_NG_bmp.rf.eaece0ec2c9c953af88634263cea5a3c.jpg,incorrect qblock,184,184,184,184.0,0.2925,0.1125,0.7551,#b8b8b8
251107_232119_0000097289_CAM1_NG_bmp.rf.eaece0ec2c9c953af88634263cea5a3c.jpg,incorrect qblock,194,194,194,194.0,0.36,0.18,0.7513,#c2c2c2
251107_232119_0000097289_CAM1_NG_bmp.rf.eaece0ec2c9c953af88634263cea5a3c.jpg,incorrect qblock,194,194,194,194.0,0.27,0.1125,0.726,#c2c2c2
251107_232119_0000097289_CAM1_NG_bmp.rf.eaece0ec2c9c953af88634263cea5a3c.jpg,incorrect qblock,180,180,180,180.0,0.27,0.1125,0.6704,#b4b4b4
251107_232119_0000097289_CAM1_NG_bmp.rf.eaece0ec2c9c953af88634263cea5a3c.jpg,incorrect qblock,190,190,190,190.0,0.2925,0.09,0.6604,#bebebe
251107_232119_0000097289_CAM1_NG_bmp.rf.eaece0ec2c9c953af88634263cea5a3c.jpg,incorrect qblock,189,189,189,189.0,0.2925,0.1125,0.5878,#bdbdbd
251107_232119_0000097289_CAM1_NG_bmp.rf.eaece0ec2c9c953af88634263cea5a3c.jpg,incorrect qblock,191,191,191,191.0,0.2925,0.1125,0.5666,#bfbfbf
251107_231816_0000096684_CAM1_NG_bmp.rf.1c29cfa83013ea3135d1841fdb33d494.jpg,incorrect qblock,176,176,176,176.0,0.36,0.18,0.8851,#b0b0b0
251107_231816_0000096684_CAM1_NG_bmp.rf.1c29cfa83013ea3135d1841fdb33d494.jpg,incorrect qblock,178,178,178,178.0,0.3375,0.18,0.8659,#b2b2b2
251107_231816_0000096684_CAM1_NG_bmp.rf.1c29cfa83013ea3135d1841fdb33d494.jpg,incorrect qblock,162,162,162,162.0,0.36,0.18,0.8202,#a2a2a2
251107_231816_0000096684_CAM1_NG_bmp.rf.1c29cfa83013ea3135d1841fdb33d494.jpg,incorrect qblock,184,184,184,184.0,0.3825,0.18,0.7987,#b8b8b8
251107_231816_0000096684_CAM1_NG_bmp.rf.1c29cfa83013ea3135d1841fdb33d494.jpg,incorrect qblock,179,179,179,179.0,0.36,0.18,0.7981,#b3b3b3
251107_231816_0000096684_CAM1_NG_bmp.rf.1c29cfa83013ea3135d1841fdb33d494.jpg,incorrect qblock,186,186,186,186.0,0.3375,0.18,0.7524,#bababa
251107_231816_0000096684_CAM1_NG_bmp.rf.1c29cfa83013ea3135d1841fdb33d494.jpg,incorrect qblock,186,186,186,186.0,0.2925,0.1125,0.7464,#bababa
251107_231816_0000096684_CAM1_NG_bmp.rf.1c29cfa83013ea3135d1841fdb33d494.jpg,incorrect qblock,189,189,189,189.0,0.36,0.1575,0.7451,#bdbdbd
251107_231816_0000096684_CAM1_NG_bmp.rf.1c29cfa83013ea3135d1841fdb33d494.jpg,incorrect qblock,176,176,176,176.0,0.27,0.09,0.7444,#b0b0b0
251107_231816_0000096684_CAM1_NG_bmp.rf.1c29cfa83013ea3135d1841fdb33d494.jpg,incorrect qblock,197,197,197,197.0,0.27,0.1125,0.7352,#c5c5c5
251107_231816_0000096684_CAM1_NG_bmp.rf.1c29cfa83013ea3135d1841fdb33d494.jpg,incorrect qblock,189,189,189,189.0,0.27,0.09,0.6653,#bdbdbd
251107_231816_0000096684_CAM1_NG_bmp.rf.1c29cfa83013ea3135d1841fdb33d494.jpg,incorrect qblock,185,185,185,185.0,0.27,0.1125,0.65,#b9b9b9
251107_231816_0000096684_CAM1_NG_bmp.rf.1c29cfa83013ea3135d1841fdb33d494.jpg,incorrect qblock,182,182,182,182.0,0.2925,0.1125,0.6401,#b6b6b6
251107_231816_0000096684_CAM1_NG_bmp.rf.1c29cfa83013ea3135d1841fdb33d494.jpg,incorrect qblock,188,188,188,188.0,0.2925,0.1125,0.5944,#bcbcbc
251107_231816_0000096684_CAM1_NG_bmp.rf.1c29cfa83013ea3135d1841fdb33d494.jpg,incorrect qblock,181,181,181,181.0,0.27,0.135,0.5245,#b5b5b5
251010_070157_0000043494_CAM1_NG_bmp.rf.0dec38a0db7e07165532a1c23307e952.jpg,qblock,82,82,82,82.0,0.3825,0.18,0.937,#525252
251010_070157_0000043494_CAM1_NG_bmp.rf.0dec38a0db7e07165532a1c23307e952.jpg,qblock,84,84,84,84.0,0.3825,0.18,0.9255,#545454
251010_070157_0000043494_CAM1_NG_bmp.rf.0dec38a0db7e07165532a1c23307e952.jpg,qblock,88,88,88,88.0,0.36,0.2025,0.9053,#585858
251010_070157_0000043494_CAM1_NG_bmp.rf.0dec38a0db7e07165532a1c23307e952.jpg,qblock,81,81,81,81.0,0.36,0.2025,0.8993,#515151
251010_070157_0000043494_CAM1_NG_bmp.rf.0dec38a0db7e07165532a1c23307e952.jpg,qblock,83,83,83,83.0,0.36,0.2025,0.8988,#535353
251010_070157_0000043494_CAM1_NG_bmp.rf.0dec38a0db7e07165532a1c23307e952.jpg,qblock,92,92,92,92.0,0.36,0.2025,0.8919,#5c5c5c
251010_070157_0000043494_CAM1_NG_bmp.rf.0dec38a0db7e07165532a1c23307e952.jpg,qblock,93,93,93,93.0,0.3825,0.2025,0.8711,#5d5d5d
251010_070157_0000043494_CAM1_NG_bmp.rf.0dec38a0db7e07165532a1c23307e952.jpg,qblock,74,74,74,74.0,0.36,0.18,0.8674,#4a4a4a
251010_070157_0000043494_CAM1_NG_bmp.rf.0dec38a0db7e07165532a1c23307e952.jpg,qblock,84,84,84,84.0,0.3825,0.18,0.8578,#545454
251010_070157_0000043494_CAM1_NG_bmp.rf.0dec38a0db7e07165532a1c23307e952.jpg,qblock,77,77,77,77.0,0.36,0.18,0.8534,#4d4d4d
251010_070157_0000043494_CAM1_NG_bmp.rf.0dec38a0db7e07165532a1c23307e952.jpg,qblock,82,82,82,82.0,0.3825,0.2025,0.8306,#525252
251010_070157_0000043494_CAM1_NG_bmp.rf.0dec38a0db7e07165532a1c23307e952.jpg,qblock,81,81,81,81.0,0.36,0.2025,0.6766,#515151
251010_125547_0000080601_CAM1_NG_bmp.rf.d4763d49a195d7e770f6bbc9a5cfecf1.jpg,qblock,80,80,80,80.0,0.36,0.18,0.9176,#505050
251010_125547_0000080601_CAM1_NG_bmp.rf.d4763d49a195d7e770f6bbc9a5cfecf1.jpg,qblock,90,90,90,90.0,0.36,0.2025,0.8884,#5a5a5a
251010_125547_0000080601_CAM1_NG_bmp.rf.d4763d49a195d7e770f6bbc9a5cfecf1.jpg,qblock,85,85,85,85.0,0.36,0.2025,0.8837,#555555
251010_125547_0000080601_CAM1_NG_bmp.rf.d4763d49a195d7e770f6bbc9a5cfecf1.jpg,qblock,80,80,80,80.0,0.36,0.18,0.8819,#505050
251010_125547_0000080601_CAM1_NG_bmp.rf.d4763d49a195d7e770f6bbc9a5cfecf1.jpg,qblock,90,90,90,90.0,0.36,0.18,0.856,#5a5a5a
251010_125547_0000080601_CAM1_NG_bmp.rf.d4763d49a195d7e770f6bbc9a5cfecf1.jpg,qblock,96,96,96,96.0,0.36,0.2025,0.8055,#606060
251010_125547_0000080601_CAM1_NG_bmp.rf.d4763d49a195d7e770f6bbc9a5cfecf1.jpg,qblock,81,81,81,81.0,0.36,0.18,0.7854,#515151
251010_125547_0000080601_CAM1_NG_bmp.rf.d4763d49a195d7e770f6bbc9a5cfecf1.jpg,qblock,65,65,65,65.0,0.3375,0.2025,0.7744,#414141
251010_125547_0000080601_CAM1_NG_bmp.rf.d4763d49a195d7e770f6bbc9a5cfecf1.jpg,qblock,80,80,80,80.0,0.36,0.18,0.7687,#505050
251010_125547_0000080601_CAM1_NG_bmp.rf.d4763d49a195d7e770f6bbc9a5cfecf1.jpg,qblock,60,60,60,60.0,0.36,0.2025,0.7555,#3c3c3c
251010_125547_0000080601_CAM1_NG_bmp.rf.d4763d49a195d7e770f6bbc9a5cfecf1.jpg,qblock,88,88,88,88.0,0.36,0.2025,0.6833,#585858
251107_232539_0000098154_CAM1_NG_bmp.rf.4e137d5bbf5bb80152c855beb05836fd.jpg,incorrect qblock,182,182,182,182.0,0.3375,0.18,0.8823,#b6b6b6
251107_232539_0000098154_CAM1_NG_bmp.rf.4e137d5bbf5bb80152c855beb05836fd.jpg,incorrect qblock,184,184,184,184.0,0.36,0.18,0.8607,#b8b8b8
251107_232539_0000098154_CAM1_NG_bmp.rf.4e137d5bbf5bb80152c855beb05836fd.jpg,incorrect qblock,189,189,189,189.0,0.36,0.2025,0.8131,#bdbdbd
251107_232539_0000098154_CAM1_NG_bmp.rf.4e137d5bbf5bb80152c855beb05836fd.jpg,incorrect qblock,196,196,196,196.0,0.36,0.18,0.8058,#c4c4c4
251107_232539_0000098154_CAM1_NG_bmp.rf.4e137d5bbf5bb80152c855beb05836fd.jpg,incorrect qblock,175,175,175,175.0,0.36,0.18,0.8041,#afafaf
251107_232539_0000098154_CAM1_NG_bmp.rf.4e137d5bbf5bb80152c855beb05836fd.jpg,incorrect qblock,164,164,164,164.0,0.36,0.18,0.7841,#a4a4a4
251107_232539_0000098154_CAM1_NG_bmp.rf.4e137d5bbf5bb80152c855beb05836fd.jpg,incorrect qblock,184,184,184,184.0,0.3375,0.18,0.7833,#b8b8b8
251107_232539_0000098154_CAM1_NG_bmp.rf.4e137d5bbf5bb80152c855beb05836fd.jpg,incorrect qblock,176,176,176,176.0,0.27,0.09,0.7553,#b0b0b0
251107_232539_0000098154_CAM1_NG_bmp.rf.4e137d5bbf5bb80152c855beb05836fd.jpg,incorrect qblock,183,183,183,183.0,0.2925,0.1125,0.7508,#b7b7b7
251107_232539_0000098154_CAM1_NG_bmp.rf.4e137d5bbf5bb80152c855beb05836fd.jpg,incorrect qblock,199,199,199,199.0,0.27,0.1125,0.7061,#c7c7c7
251107_232539_0000098154_CAM1_NG_bmp.rf.4e137d5bbf5bb80152c855beb05836fd.jpg,incorrect qblock,184,184,184,184.0,0.2925,0.1125,0.6866,#b8b8b8
251107_232539_0000098154_CAM1_NG_bmp.rf.4e137d5bbf5bb80152c855beb05836fd.jpg,incorrect qblock,187,187,187,187.0,0.27,0.09,0.6578,#bbbbbb
251107_232539_0000098154_CAM1_NG_bmp.rf.4e137d5bbf5bb80152c855beb05836fd.jpg,incorrect qblock,185,185,185,185.0,0.27,0.1125,0.6234,#b9b9b9
251107_232539_0000098154_CAM1_NG_bmp.rf.4e137d5bbf5bb80152c855beb05836fd.jpg,incorrect qblock,183,183,183,183.0,0.27,0.1125,0.5099,#b7b7b7
251015_020541_0000434637_CAM1_OK_bmp.rf.b1486897c69ec22f63fcb36edc9c58de.jpg,qblock,87,87,87,87.0,0.36,0.2025,0.8824,#575757
251015_020541_0000434637_CAM1_OK_bmp.rf.b1486897c69ec22f63fcb36edc9c58de.jpg,qblock,75,75,75,75.0,0.36,0.2025,0.8768,#4b4b4b
251015_020541_0000434637_CAM1_OK_bmp.rf.b1486897c69ec22f63fcb36edc9c58de.jpg,qblock,89,89,89,89.0,0.36,0.2025,0.8436,#595959
251015_020541_0000434637_CAM1_OK_bmp.rf.b1486897c69ec22f63fcb36edc9c58de.jpg,qblock,70,70,70,70.0,0.36,0.18,0.8372,#464646
251015_020541_0000434637_CAM1_OK_bmp.rf.b1486897c69ec22f63fcb36edc9c58de.jpg,qblock,78,78,78,78.0,0.36,0.2025,0.8171,#4e4e4e
251015_020541_0000434637_CAM1_OK_bmp.rf.b1486897c69ec22f63fcb36edc9c58de.jpg,qblock,67,67,67,67.0,0.36,0.18,0.8126,#434343
251015_020541_0000434637_CAM1_OK_bmp.rf.b1486897c69ec22f63fcb36edc9c58de.jpg,qblock,75,75,75,75.0,0.36,0.2025,0.8094,#4b4b4b
251015_020541_0000434637_CAM1_OK_bmp.rf.b1486897c69ec22f63fcb36edc9c58de.jpg,qblock,82,82,82,82.0,0.36,0.2025,0.8061,#525252
251015_020541_0000434637_CAM1_OK_bmp.rf.b1486897c69ec22f63fcb36edc9c58de.jpg,qblock,89,89,89,89.0,0.36,0.2025,0.805,#595959
251015_020541_0000434637_CAM1_OK_bmp.rf.b1486897c69ec22f63fcb36edc9c58de.jpg,qblock,84,84,84,84.0,0.36,0.2025,0.8038,#545454
251015_020541_0000434637_CAM1_OK_bmp.rf.b1486897c69ec22f63fcb36edc9c58de.jpg,qblock,83,83,83,83.0,0.3825,0.2025,0.7974,#535353
251015_020541_0000434637_CAM1_OK_bmp.rf.b1486897c69ec22f63fcb36edc9c58de.jpg,qblock,62,62,62,62.0,0.3375,0.18,0.7915,#3e3e3e
251015_020541_0000434637_CAM1_OK_bmp.rf.b1486897c69ec22f63fcb36edc9c58de.jpg,qblock,61,61,61,61.0,0.36,0.2025,0.7059,#3d3d3d
251015_020541_0000434637_CAM1_OK_bmp.rf.b1486897c69ec22f63fcb36edc9c58de.jpg,qblock,80,80,80,80.0,0.3825,0.2025,0.6984,#505050
251107_232111_0000097263_CAM1_NG_bmp.rf.dfcd8a39f36755d614308fe5e73df954.jpg,incorrect qblock,184,184,184,184.0,0.36,0.18,0.8854,#b8b8b8
251107_232111_0000097263_CAM1_NG_bmp.rf.dfcd8a39f36755d614308fe5e73df954.jpg,incorrect qblock,174,174,174,174.0,0.3375,0.18,0.8551,#aeaeae
251107_232111_0000097263_CAM1_NG_bmp.rf.dfcd8a39f36755d614308fe5e73df954.jpg,incorrect qblock,163,163,163,163.0,0.36,0.18,0.8317,#a3a3a3
251107_232111_0000097263_CAM1_NG_bmp.rf.dfcd8a39f36755d614308fe5e73df954.jpg,incorrect qblock,191,191,191,191.0,0.36,0.18,0.8207,#bfbfbf
251107_232111_0000097263_CAM1_NG_bmp.rf.dfcd8a39f36755d614308fe5e73df954.jpg,incorrect qblock,176,176,176,176.0,0.3375,0.18,0.7943,#b0b0b0
251107_232111_0000097263_CAM1_NG_bmp.rf.dfcd8a39f36755d614308fe5e73df954.jpg,incorrect qblock,189,189,189,189.0,0.3825,0.2025,0.7918,#bdbdbd
251107_232111_0000097263_CAM1_NG_bmp.rf.dfcd8a39f36755d614308fe5e73df954.jpg,incorrect qblock,180,180,180,180.0,0.27,0.1125,0.7672,#b4b4b4
251107_232111_0000097263_CAM1_NG_bmp.rf.dfcd8a39f36755d614308fe5e73df954.jpg,incorrect qblock,173,173,173,173.0,0.27,0.1125,0.7219,#adadad
251107_232111_0000097263_CAM1_NG_bmp.rf.dfcd8a39f36755d614308fe5e73df954.jpg,incorrect qblock,192,192,192,192.0,0.27,0.1125,0.6865,#c0c0c0
251107_232111_0000097263_CAM1_NG_bmp.rf.dfcd8a39f36755d614308fe5e73df954.jpg,incorrect qblock,183,183,183,183.0,0.3375,0.1575,0.6827,#b7b7b7
251107_232111_0000097263_CAM1_NG_bmp.rf.dfcd8a39f36755d614308fe5e73df954.jpg,incorrect qblock,194,194,194,194.0,0.2925,0.09,0.6446,#c2c2c2
251107_232111_0000097263_CAM1_NG_bmp.rf.dfcd8a39f36755d614308fe5e73df954.jpg,incorrect qblock,176,176,176,176.0,0.27,0.1125,0.561,#b0b0b0
251107_232111_0000097263_CAM1_NG_bmp.rf.dfcd8a39f36755d614308fe5e73df954.jpg,incorrect qblock,196,196,196,196.0,0.2925,0.1125,0.547,#c4c4c4
251015_020255_0000434173_CAM1_OK_bmp.rf.e0485adca80ee54090079257b7b6e8d3.jpg,qblock,86,86,86,86.0,0.36,0.2025,0.8861,#565656
251015_020255_0000434173_CAM1_OK_bmp.rf.e0485adca80ee54090079257b7b6e8d3.jpg,qblock,88,88,88,88.0,0.36,0.2025,0.8812,#585858
251015_020255_0000434173_CAM1_OK_bmp.rf.e0485adca80ee54090079257b7b6e8d3.jpg,qblock,91,91,91,91.0,0.36,0.225,0.8507,#5b5b5b
251015_020255_0000434173_CAM1_OK_bmp.rf.e0485adca80ee54090079257b7b6e8d3.jpg,qblock,72,72,72,72.0,0.36,0.18,0.8479,#484848
251015_020255_0000434173_CAM1_OK_bmp.rf.e0485adca80ee54090079257b7b6e8d3.jpg,qblock,84,84,84,84.0,0.3375,0.2025,0.8422,#545454
251015_020255_0000434173_CAM1_OK_bmp.rf.e0485adca80ee54090079257b7b6e8d3.jpg,qblock,79,79,79,79.0,0.36,0.2025,0.8147,#4f4f4f
251015_020255_0000434173_CAM1_OK_bmp.rf.e0485adca80ee54090079257b7b6e8d3.jpg,qblock,67,67,67,67.0,0.36,0.18,0.8072,#434343
251015_020255_0000434173_CAM1_OK_bmp.rf.e0485adca80ee54090079257b7b6e8d3.jpg,qblock,85,85,85,85.0,0.36,0.2025,0.8052,#555555
251015_020255_0000434173_CAM1_OK_bmp.rf.e0485adca80ee54090079257b7b6e8d3.jpg,qblock,97,97,97,97.0,0.3825,0.2025,0.8045,#616161
251015_020255_0000434173_CAM1_OK_bmp.rf.e0485adca80ee54090079257b7b6e8d3.jpg,qblock,77,77,77,77.0,0.36,0.2025,0.8001,#4d4d4d
251015_020255_0000434173_CAM1_OK_bmp.rf.e0485adca80ee54090079257b7b6e8d3.jpg,qblock,90,90,90,90.0,0.3825,0.2025,0.7949,#5a5a5a
251015_020255_0000434173_CAM1_OK_bmp.rf.e0485adca80ee54090079257b7b6e8d3.jpg,qblock,59,59,59,59.0,0.3375,0.18,0.7827,#3b3b3b
251015_020255_0000434173_CAM1_OK_bmp.rf.e0485adca80ee54090079257b7b6e8d3.jpg,qblock,63,63,63,63.0,0.36,0.2025,0.6909,#3f3f3f
251015_020255_0000434173_CAM1_OK_bmp.rf.e0485adca80ee54090079257b7b6e8d3.jpg,qblock,81,81,81,81.0,0.3825,0.2025,0.659,#515151
251107_231611_0000096269_CAM1_NG_bmp.rf.3ca46ab996a94939b705d0cef960b9e4.jpg,incorrect qblock,171,171,171,171.0,0.3375,0.18,0.8758,#ababab
251107_231611_0000096269_CAM1_NG_bmp.rf.3ca46ab996a94939b705d0cef960b9e4.jpg,incorrect qblock,173,173,173,173.0,0.36,0.2025,0.8745,#adadad
251107_231611_0000096269_CAM1_NG_bmp.rf.3ca46ab996a94939b705d0cef960b9e4.jpg,incorrect qblock,164,164,164,164.0,0.3375,0.2025,0.8515,#a4a4a4
251107_231611_0000096269_CAM1_NG_bmp.rf.3ca46ab996a94939b705d0cef960b9e4.jpg,incorrect qblock,148,148,148,148.0,0.36,0.2025,0.8009,#949494
251107_231611_0000096269_CAM1_NG_bmp.rf.3ca46ab996a94939b705d0cef960b9e4.jpg,incorrect qblock,182,182,182,182.0,0.3825,0.18,0.7985,#b6b6b6
251107_231611_0000096269_CAM1_NG_bmp.rf.3ca46ab996a94939b705d0cef960b9e4.jpg,incorrect qblock,183,183,183,183.0,0.36,0.18,0.7913,#b7b7b7
251107_231611_0000096269_CAM1_NG_bmp.rf.3ca46ab996a94939b705d0cef960b9e4.jpg,incorrect qblock,170,170,170,170.0,0.27,0.09,0.7589,#aaaaaa
251107_231611_0000096269_CAM1_NG_bmp.rf.3ca46ab996a94939b705d0cef960b9e4.jpg,incorrect qblock,172,172,172,172.0,0.27,0.135,0.7569,#acacac
251107_231611_0000096269_CAM1_NG_bmp.rf.3ca46ab996a94939b705d0cef960b9e4.jpg,incorrect qblock,181,181,181,181.0,0.3375,0.18,0.7316,#b5b5b5
251107_231611_0000096269_CAM1_NG_bmp.rf.3ca46ab996a94939b705d0cef960b9e4.jpg,incorrect qblock,188,188,188,188.0,0.2925,0.1125,0.7164,#bcbcbc
251107_231611_0000096269_CAM1_NG_bmp.rf.3ca46ab996a94939b705d0cef960b9e4.jpg,incorrect qblock,166,166,166,166.0,0.27,0.1125,0.7118,#a6a6a6
251107_231611_0000096269_CAM1_NG_bmp.rf.3ca46ab996a94939b705d0cef960b9e4.jpg,incorrect qblock,174,174,174,174.0,0.27,0.1125,0.7004,#aeaeae
251107_231611_0000096269_CAM1_NG_bmp.rf.3ca46ab996a94939b705d0cef960b9e4.jpg,incorrect qblock,178,178,178,178.0,0.2925,0.1125,0.6416,#b2b2b2
251107_231611_0000096269_CAM1_NG_bmp.rf.3ca46ab996a94939b705d0cef960b9e4.jpg,incorrect qblock,175,175,175,175.0,0.27,0.1125,0.6068,#afafaf
251010_125645_0000080799_CAM1_NG_bmp.rf.a1aba995965d81768144476f86d812cf.jpg,qblock,94,94,94,94.0,0.36,0.2025,0.9303,#5e5e5e
251010_125645_0000080799_CAM1_NG_bmp.rf.a1aba995965d81768144476f86d812cf.jpg,qblock,87,87,87,87.0,0.36,0.18,0.9273,#575757
251010_125645_0000080799_CAM1_NG_bmp.rf.a1aba995965d81768144476f86d812cf.jpg,qblock,79,79,79,79.0,0.36,0.18,0.9183,#4f4f4f
251010_125645_0000080799_CAM1_NG_bmp.rf.a1aba995965d81768144476f86d812cf.jpg,qblock,92,92,92,92.0,0.36,0.2025,0.9105,#5c5c5c
251010_125645_0000080799_CAM1_NG_bmp.rf.a1aba995965d81768144476f86d812cf.jpg,qblock,81,81,81,81.0,0.36,0.18,0.9035,#515151
251010_125645_0000080799_CAM1_NG_bmp.rf.a1aba995965d81768144476f86d812cf.jpg,qblock,81,81,81,81.0,0.36,0.18,0.8961,#515151
251010_125645_0000080799_CAM1_NG_bmp.rf.a1aba995965d81768144476f86d812cf.jpg,qblock,88,88,88,88.0,0.36,0.18,0.8899,#585858
251010_125645_0000080799_CAM1_NG_bmp.rf.a1aba995965d81768144476f86d812cf.jpg,qblock,85,85,85,85.0,0.36,0.18,0.8792,#555555
251010_125645_0000080799_CAM1_NG_bmp.rf.a1aba995965d81768144476f86d812cf.jpg,qblock,77,77,77,77.0,0.36,0.18,0.8785,#4d4d4d
251010_125645_0000080799_CAM1_NG_bmp.rf.a1aba995965d81768144476f86d812cf.jpg,qblock,71,71,71,71.0,0.36,0.18,0.8587,#474747
251010_125645_0000080799_CAM1_NG_bmp.rf.a1aba995965d81768144476f86d812cf.jpg,qblock,98,98,98,98.0,0.36,0.2025,0.8435,#626262
251010_125645_0000080799_CAM1_NG_bmp.rf.a1aba995965d81768144476f86d812cf.jpg,qblock,80,80,80,80.0,0.3375,0.18,0.7585,#505050
251010_125645_0000080799_CAM1_NG_bmp.rf.a1aba995965d81768144476f86d812cf.jpg,qblock,69,69,69,69.0,0.36,0.2025,0.6323,#454545
251010_125614_0000080693_CAM1_NG_bmp.rf.9de8c7d11e6c8f76ed63e5cfd25d1c30.jpg,qblock,79,79,79,79.0,0.36,0.18,0.9267,#4f4f4f
251010_125614_0000080693_CAM1_NG_bmp.rf.9de8c7d11e6c8f76ed63e5cfd25d1c30.jpg,qblock,90,90,90,90.0,0.36,0.2025,0.9251,#5a5a5a
251010_125614_0000080693_CAM1_NG_bmp.rf.9de8c7d11e6c8f76ed63e5cfd25d1c30.jpg,qblock,76,76,76,76.0,0.36,0.18,0.9085,#4c4c4c
251010_125614_0000080693_CAM1_NG_bmp.rf.9de8c7d11e6c8f76ed63e5cfd25d1c30.jpg,qblock,80,80,80,80.0,0.36,0.18,0.8987,#505050
251010_125614_0000080693_CAM1_NG_bmp.rf.9de8c7d11e6c8f76ed63e5cfd25d1c30.jpg,qblock,90,90,90,90.0,0.36,0.18,0.8927,#5a5a5a
251010_125614_0000080693_CAM1_NG_bmp.rf.9de8c7d11e6c8f76ed63e5cfd25d1c30.jpg,qblock,90,90,90,90.0,0.36,0.2025,0.88,#5a5a5a
251010_125614_0000080693_CAM1_NG_bmp.rf.9de8c7d11e6c8f76ed63e5cfd25d1c30.jpg,qblock,93,93,93,93.0,0.36,0.2025,0.8771,#5d5d5d
251010_125614_0000080693_CAM1_NG_bmp.rf.9de8c7d11e6c8f76ed63e5cfd25d1c30.jpg,qblock,85,85,85,85.0,0.36,0.18,0.7317,#555555
251010_125614_0000080693_CAM1_NG_bmp.rf.9de8c7d11e6c8f76ed63e5cfd25d1c30.jpg,qblock,84,84,84,84.0,0.36,0.18,0.6607,#545454
251010_125614_0000080693_CAM1_NG_bmp.rf.9de8c7d11e6c8f76ed63e5cfd25d1c30.jpg,qblock,70,70,70,70.0,0.36,0.2025,0.5805,#464646
251010_125614_0000080693_CAM1_NG_bmp.rf.9de8c7d11e6c8f76ed63e5cfd25d1c30.jpg,qblock,67,67,67,67.0,0.36,0.18,0.5303,#434343
251010_125614_0000080693_CAM1_NG_bmp.rf.9de8c7d11e6c8f76ed63e5cfd25d1c30.jpg,qblock,93,93,93,93.0,0.405,0.1575,0.5288,#5d5d5d
251107_231853_0000096805_CAM1_NG_bmp.rf.8f5b0274ad24b6f7c17c301318edfb52.jpg,incorrect qblock,180,180,180,180.0,0.3375,0.18,0.8678,#b4b4b4
251107_231853_0000096805_CAM1_NG_bmp.rf.8f5b0274ad24b6f7c17c301318edfb52.jpg,incorrect qblock,179,179,179,179.0,0.36,0.2025,0.8529,#b3b3b3
251107_231853_0000096805_CAM1_NG_bmp.rf.8f5b0274ad24b6f7c17c301318edfb52.jpg,incorrect qblock,174,174,174,174.0,0.3375,0.18,0.8313,#aeaeae
251107_231853_0000096805_CAM1_NG_bmp.rf.8f5b0274ad24b6f7c17c301318edfb52.jpg,incorrect qblock,182,182,182,182.0,0.36,0.18,0.8286,#b6b6b6
251107_231853_0000096805_CAM1_NG_bmp.rf.8f5b0274ad24b6f7c17c301318edfb52.jpg,incorrect qblock,176,176,176,176.0,0.27,0.1125,0.8042,#b0b0b0
251107_231853_0000096805_CAM1_NG_bmp.rf.8f5b0274ad24b6f7c17c301318edfb52.jpg,incorrect qblock,187,187,187,187.0,0.3375,0.18,0.797,#bbbbbb
251107_231853_0000096805_CAM1_NG_bmp.rf.8f5b0274ad24b6f7c17c301318edfb52.jpg,incorrect qblock,190,190,190,190.0,0.36,0.18,0.7893,#bebebe
251107_231853_0000096805_CAM1_NG_bmp.rf.8f5b0274ad24b6f7c17c301318edfb52.jpg,incorrect qblock,168,168,168,168.0,0.36,0.2025,0.787,#a8a8a8
251107_231853_0000096805_CAM1_NG_bmp.rf.8f5b0274ad24b6f7c17c301318edfb52.jpg,incorrect qblock,183,183,183,183.0,0.27,0.1125,0.7656,#b7b7b7
251107_231853_0000096805_CAM1_NG_bmp.rf.8f5b0274ad24b6f7c17c301318edfb52.jpg,incorrect qblock,179,179,179,179.0,0.27,0.09,0.7157,#b3b3b3
251107_231853_0000096805_CAM1_NG_bmp.rf.8f5b0274ad24b6f7c17c301318edfb52.jpg,incorrect qblock,193,193,193,193.0,0.2925,0.09,0.7029,#c1c1c1
251107_231853_0000096805_CAM1_NG_bmp.rf.8f5b0274ad24b6f7c17c301318edfb52.jpg,incorrect qblock,182,182,182,182.0,0.27,0.1125,0.6762,#b6b6b6
251107_231853_0000096805_CAM1_NG_bmp.rf.8f5b0274ad24b6f7c17c301318edfb52.jpg,incorrect qblock,177,177,177,177.0,0.2475,0.09,0.6427,#b1b1b1
251107_231853_0000096805_CAM1_NG_bmp.rf.8f5b0274ad24b6f7c17c301318edfb52.jpg,incorrect qblock,180,180,180,180.0,0.27,0.135,0.6357,#b4b4b4
251107_231853_0000096805_CAM1_NG_bmp.rf.8f5b0274ad24b6f7c17c301318edfb52.jpg,incorrect qblock,189,189,189,189.0,0.27,0.1125,0.5995,#bdbdbd
251107_231853_0000096805_CAM1_NG_bmp.rf.8f5b0274ad24b6f7c17c301318edfb52.jpg,incorrect qblock,187,187,187,187.0,0.2925,0.135,0.5343,#bbbbbb
251107_231853_0000096805_CAM1_NG_bmp.rf.8f5b0274ad24b6f7c17c301318edfb52.jpg,incorrect qblock,187,187,187,187.0,0.27,0.1125,0.507,#bbbbbb
251107_231853_0000096805_CAM1_NG_bmp.rf.8f5b0274ad24b6f7c17c301318edfb52.jpg,incorrect qblock,179,179,179,179.0,0.27,0.09,0.5021,#b3b3b3
251010_125639_0000080776_CAM1_NG_bmp.rf.c51f197fe18edded643e24fa6bab64d1.jpg,qblock,77,77,77,77.0,0.36,0.18,0.9286,#4d4d4d
251010_125639_0000080776_CAM1_NG_bmp.rf.c51f197fe18edded643e24fa6bab64d1.jpg,qblock,83,83,83,83.0,0.36,0.18,0.9194,#535353
251010_125639_0000080776_CAM1_NG_bmp.rf.c51f197fe18edded643e24fa6bab64d1.jpg,qblock,92,92,92,92.0,0.3825,0.2025,0.9179,#5c5c5c
251010_125639_0000080776_CAM1_NG_bmp.rf.c51f197fe18edded643e24fa6bab64d1.jpg,qblock,84,84,84,84.0,0.36,0.18,0.9078,#545454
251010_125639_0000080776_CAM1_NG_bmp.rf.c51f197fe18edded643e24fa6bab64d1.jpg,qblock,88,88,88,88.0,0.36,0.18,0.9067,#585858
251010_125639_0000080776_CAM1_NG_bmp.rf.c51f197fe18edded643e24fa6bab64d1.jpg,qblock,93,93,93,93.0,0.36,0.18,0.9046,#5d5d5d
251010_125639_0000080776_CAM1_NG_bmp.rf.c51f197fe18edded643e24fa6bab64d1.jpg,qblock,86,86,86,86.0,0.3825,0.18,0.8941,#565656
251010_125639_0000080776_CAM1_NG_bmp.rf.c51f197fe18edded643e24fa6bab64d1.jpg,qblock,95,95,95,95.0,0.36,0.2025,0.8871,#5f5f5f
251010_125639_0000080776_CAM1_NG_bmp.rf.c51f197fe18edded643e24fa6bab64d1.jpg,qblock,91,91,91,91.0,0.36,0.18,0.8857,#5b5b5b
251010_125639_0000080776_CAM1_NG_bmp.rf.c51f197fe18edded643e24fa6bab64d1.jpg,qblock,75,75,75,75.0,0.36,0.18,0.8596,#4b4b4b
251010_125639_0000080776_CAM1_NG_bmp.rf.c51f197fe18edded643e24fa6bab64d1.jpg,qblock,74,74,74,74.0,0.36,0.18,0.8545,#4a4a4a
251010_125639_0000080776_CAM1_NG_bmp.rf.c51f197fe18edded643e24fa6bab64d1.jpg,qblock,64,64,64,64.0,0.36,0.18,0.7748,#404040
251010_125639_0000080776_CAM1_NG_bmp.rf.c51f197fe18edded643e24fa6bab64d1.jpg,qblock,69,69,69,69.0,0.36,0.2025,0.5743,#454545
251107_231801_0000096633_CAM1_NG_bmp.rf.62bac9d389f3626a633964c06cabe531.jpg,incorrect qblock,181,181,181,181.0,0.36,0.18,0.8826,#b5b5b5
251107_231801_0000096633_CAM1_NG_bmp.rf.62bac9d389f3626a633964c06cabe531.jpg,incorrect qblock,182,182,182,182.0,0.3375,0.18,0.8523,#b6b6b6
251107_231801_0000096633_CAM1_NG_bmp.rf.62bac9d389f3626a633964c06cabe531.jpg,incorrect qblock,179,179,179,179.0,0.3375,0.18,0.8207,#b3b3b3
251107_231801_0000096633_CAM1_NG_bmp.rf.62bac9d389f3626a633964c06cabe531.jpg,incorrect qblock,190,190,190,190.0,0.3825,0.2025,0.8022,#bebebe
251107_231801_0000096633_CAM1_NG_bmp.rf.62bac9d389f3626a633964c06cabe531.jpg,incorrect qblock,196,196,196,196.0,0.36,0.18,0.8009,#c4c4c4
251107_231801_0000096633_CAM1_NG_bmp.rf.62bac9d389f3626a633964c06cabe531.jpg,incorrect qblock,164,164,164,164.0,0.36,0.2025,0.7989,#a4a4a4
251107_231801_0000096633_CAM1_NG_bmp.rf.62bac9d389f3626a633964c06cabe531.jpg,incorrect qblock,182,182,182,182.0,0.27,0.1125,0.7619,#b6b6b6
251107_231801_0000096633_CAM1_NG_bmp.rf.62bac9d389f3626a633964c06cabe531.jpg,incorrect qblock,188,188,188,188.0,0.3375,0.18,0.7434,#bcbcbc
251107_231801_0000096633_CAM1_NG_bmp.rf.62bac9d389f3626a633964c06cabe531.jpg,incorrect qblock,180,180,180,180.0,0.27,0.09,0.6967,#b4b4b4
251107_231801_0000096633_CAM1_NG_bmp.rf.62bac9d389f3626a633964c06cabe531.jpg,incorrect qblock,176,176,176,176.0,0.27,0.1125,0.6947,#b0b0b0
251107_231801_0000096633_CAM1_NG_bmp.rf.62bac9d389f3626a633964c06cabe531.jpg,incorrect qblock,196,196,196,196.0,0.2925,0.09,0.6611,#c4c4c4
251107_231801_0000096633_CAM1_NG_bmp.rf.62bac9d389f3626a633964c06cabe531.jpg,incorrect qblock,193,193,193,193.0,0.27,0.1125,0.5635,#c1c1c1
251107_231801_0000096633_CAM1_NG_bmp.rf.62bac9d389f3626a633964c06cabe531.jpg,incorrect qblock,196,196,196,196.0,0.2925,0.135,0.5605,#c4c4c4
251107_231801_0000096633_CAM1_NG_bmp.rf.62bac9d389f3626a633964c06cabe531.jpg,incorrect qblock,181,181,181,181.0,0.2925,0.1125,0.5096,#b5b5b5
251010_125638_0000080774_CAM1_NG_bmp.rf.6ccd22150a192c09066cd75e341ff0c7.jpg,qblock,77,77,77,77.0,0.36,0.18,0.9274,#4d4d4d
251010_125638_0000080774_CAM1_NG_bmp.rf.6ccd22150a192c09066cd75e341ff0c7.jpg,qblock,88,88,88,88.0,0.3825,0.18,0.9269,#585858
251010_125638_0000080774_CAM1_NG_bmp.rf.6ccd22150a192c09066cd75e341ff0c7.jpg,qblock,80,80,80,80.0,0.36,0.18,0.9216,#505050
251010_125638_0000080774_CAM1_NG_bmp.rf.6ccd22150a192c09066cd75e341ff0c7.jpg,qblock,73,73,73,73.0,0.36,0.18,0.9108,#494949
251010_125638_0000080774_CAM1_NG_bmp.rf.6ccd22150a192c09066cd75e341ff0c7.jpg,qblock,85,85,85,85.0,0.36,0.18,0.9079,#555555
251010_125638_0000080774_CAM1_NG_bmp.rf.6ccd22150a192c09066cd75e341ff0c7.jpg,qblock,79,79,79,79.0,0.36,0.18,0.9002,#4f4f4f
251010_125638_0000080774_CAM1_NG_bmp.rf.6ccd22150a192c09066cd75e341ff0c7.jpg,qblock,91,91,91,91.0,0.36,0.2025,0.8982,#5b5b5b
251010_125638_0000080774_CAM1_NG_bmp.rf.6ccd22150a192c09066cd75e341ff0c7.jpg,qblock,89,89,89,89.0,0.36,0.2025,0.8975,#595959
251010_125638_0000080774_CAM1_NG_bmp.rf.6ccd22150a192c09066cd75e341ff0c7.jpg,qblock,85,85,85,85.0,0.36,0.18,0.8954,#555555
251010_125638_0000080774_CAM1_NG_bmp.rf.6ccd22150a192c09066cd75e341ff0c7.jpg,qblock,86,86,86,86.0,0.36,0.2025,0.8907,#565656
251010_125638_0000080774_CAM1_NG_bmp.rf.6ccd22150a192c09066cd75e341ff0c7.jpg,qblock,84,84,84,84.0,0.36,0.18,0.8492,#545454
251010_125638_0000080774_CAM1_NG_bmp.rf.6ccd22150a192c09066cd75e341ff0c7.jpg,qblock,70,70,70,70.0,0.36,0.2025,0.7469,#464646
251010_125638_0000080774_CAM1_NG_bmp.rf.6ccd22150a192c09066cd75e341ff0c7.jpg,qblock,82,82,82,82.0,0.3375,0.2025,0.7396,#525252
251010_125638_0000080774_CAM1_NG_bmp.rf.6ccd22150a192c09066cd75e341ff0c7.jpg,qblock,70,70,70,70.0,0.36,0.2025,0.5686,#464646
251107_232353_0000097802_CAM1_NG_bmp.rf.d8c88bfbfd50ce93857b00670bb57269.jpg,incorrect qblock,185,185,185,185.0,0.36,0.18,0.8885,#b9b9b9
251107_232353_0000097802_CAM1_NG_bmp.rf.d8c88bfbfd50ce93857b00670bb57269.jpg,incorrect qblock,177,177,177,177.0,0.3375,0.18,0.8722,#b1b1b1
251107_232353_0000097802_CAM1_NG_bmp.rf.d8c88bfbfd50ce93857b00670bb57269.jpg,incorrect qblock,179,179,179,179.0,0.3375,0.2025,0.8075,#b3b3b3
251107_232353_0000097802_CAM1_NG_bmp.rf.d8c88bfbfd50ce93857b00670bb57269.jpg,incorrect qblock,167,167,167,167.0,0.36,0.2025,0.7872,#a7a7a7
251107_232353_0000097802_CAM1_NG_bmp.rf.d8c88bfbfd50ce93857b00670bb57269.jpg,incorrect qblock,188,188,188,188.0,0.3825,0.18,0.7834,#bcbcbc
251107_232353_0000097802_CAM1_NG_bmp.rf.d8c88bfbfd50ce93857b00670bb57269.jpg,incorrect qblock,185,185,185,185.0,0.2925,0.1125,0.7621,#b9b9b9
251107_232353_0000097802_CAM1_NG_bmp.rf.d8c88bfbfd50ce93857b00670bb57269.jpg,incorrect qblock,192,192,192,192.0,0.36,0.1575,0.7477,#c0c0c0
251107_232353_0000097802_CAM1_NG_bmp.rf.d8c88bfbfd50ce93857b00670bb57269.jpg,incorrect qblock,186,186,186,186.0,0.3375,0.18,0.7415,#bababa
251107_232353_0000097802_CAM1_NG_bmp.rf.d8c88bfbfd50ce93857b00670bb57269.jpg,incorrect qblock,197,197,197,197.0,0.2925,0.09,0.674,#c5c5c5
251107_232353_0000097802_CAM1_NG_bmp.rf.d8c88bfbfd50ce93857b00670bb57269.jpg,incorrect qblock,178,178,178,178.0,0.27,0.1125,0.674,#b2b2b2
251107_232353_0000097802_CAM1_NG_bmp.rf.d8c88bfbfd50ce93857b00670bb57269.jpg,incorrect qblock,193,193,193,193.0,0.2925,0.1125,0.6576,#c1c1c1
251107_232353_0000097802_CAM1_NG_bmp.rf.d8c88bfbfd50ce93857b00670bb57269.jpg,incorrect qblock,176,176,176,176.0,0.27,0.1125,0.5998,#b0b0b0
251107_232353_0000097802_CAM1_NG_bmp.rf.d8c88bfbfd50ce93857b00670bb57269.jpg,incorrect qblock,184,184,184,184.0,0.27,0.1125,0.5724,#b8b8b8
251107_232353_0000097802_CAM1_NG_bmp.rf.d8c88bfbfd50ce93857b00670bb57269.jpg,incorrect qblock,187,187,187,187.0,0.27,0.1125,0.5051,#bbbbbb
251010_125547_0000080603_CAM1_NG_bmp.rf.45472cfcb44937235897a8a40f5fe4df.jpg,qblock,92,92,92,92.0,0.36,0.2025,0.8919,#5c5c5c
251010_125547_0000080603_CAM1_NG_bmp.rf.45472cfcb44937235897a8a40f5fe4df.jpg,qblock,83,83,83,83.0,0.36,0.2025,0.8877,#535353
251010_125547_0000080603_CAM1_NG_bmp.rf.45472cfcb44937235897a8a40f5fe4df.jpg,qblock,87,87,87,87.0,0.36,0.18,0.86,#575757
251010_125547_0000080603_CAM1_NG_bmp.rf.45472cfcb44937235897a8a40f5fe4df.jpg,qblock,79,79,79,79.0,0.36,0.18,0.8538,#4f4f4f
251010_125547_0000080603_CAM1_NG_bmp.rf.45472cfcb44937235897a8a40f5fe4df.jpg,qblock,82,82,82,82.0,0.3375,0.2025,0.8113,#525252
251010_125547_0000080603_CAM1_NG_bmp.rf.45472cfcb44937235897a8a40f5fe4df.jpg,qblock,88,88,88,88.0,0.3825,0.2025,0.7333,#585858
251010_125547_0000080603_CAM1_NG_bmp.rf.45472cfcb44937235897a8a40f5fe4df.jpg,qblock,63,63,63,63.0,0.3375,0.2025,0.685,#3f3f3f
251010_125547_0000080603_CAM1_NG_bmp.rf.45472cfcb44937235897a8a40f5fe4df.jpg,qblock,77,77,77,77.0,0.36,0.18,0.6803,#4d4d4d
251010_125547_0000080603_CAM1_NG_bmp.rf.45472cfcb44937235897a8a40f5fe4df.jpg,qblock,65,65,65,65.0,0.36,0.2025,0.6461,#414141
251010_125547_0000080603_CAM1_NG_bmp.rf.45472cfcb44937235897a8a40f5fe4df.jpg,qblock,69,69,69,69.0,0.36,0.18,0.6235,#454545
251010_125547_0000080603_CAM1_NG_bmp.rf.45472cfcb44937235897a8a40f5fe4df.jpg,qblock,88,88,88,88.0,0.36,0.2025,0.5527,#585858
251015_020553_0000434679_CAM1_OK_bmp.rf.ed43b9b147b5334159e1b677dfcf7b7b.jpg,qblock,85,85,85,85.0,0.36,0.2025,0.8777,#555555
251015_020553_0000434679_CAM1_OK_bmp.rf.ed43b9b147b5334159e1b677dfcf7b7b.jpg,qblock,70,70,70,70.0,0.3375,0.2025,0.8621,#464646
251015_020553_0000434679_CAM1_OK_bmp.rf.ed43b9b147b5334159e1b677dfcf7b7b.jpg,qblock,87,87,87,87.0,0.36,0.2025,0.8497,#575757
251015_020553_0000434679_CAM1_OK_bmp.rf.ed43b9b147b5334159e1b677dfcf7b7b.jpg,qblock,83,83,83,83.0,0.36,0.2025,0.8492,#535353
251015_020553_0000434679_CAM1_OK_bmp.rf.ed43b9b147b5334159e1b677dfcf7b7b.jpg,qblock,77,77,77,77.0,0.36,0.2025,0.828,#4d4d4d
251015_020553_0000434679_CAM1_OK_bmp.rf.ed43b9b147b5334159e1b677dfcf7b7b.jpg,qblock,83,83,83,83.0,0.36,0.2025,0.8233,#535353
251015_020553_0000434679_CAM1_OK_bmp.rf.ed43b9b147b5334159e1b677dfcf7b7b.jpg,qblock,74,74,74,74.0,0.36,0.2025,0.8228,#4a4a4a
251015_020553_0000434679_CAM1_OK_bmp.rf.ed43b9b147b5334159e1b677dfcf7b7b.jpg,qblock,60,60,60,60.0,0.3375,0.18,0.814,#3c3c3c
251015_020553_0000434679_CAM1_OK_bmp.rf.ed43b9b147b5334159e1b677dfcf7b7b.jpg,qblock,86,86,86,86.0,0.36,0.2025,0.8096,#565656
251015_020553_0000434679_CAM1_OK_bmp.rf.ed43b9b147b5334159e1b677dfcf7b7b.jpg,qblock,64,64,64,64.0,0.36,0.18,0.8066,#404040
251015_020553_0000434679_CAM1_OK_bmp.rf.ed43b9b147b5334159e1b677dfcf7b7b.jpg,qblock,80,80,80,80.0,0.36,0.2025,0.8006,#505050
251015_020553_0000434679_CAM1_OK_bmp.rf.ed43b9b147b5334159e1b677dfcf7b7b.jpg,qblock,81,81,81,81.0,0.3825,0.2025,0.7902,#515151
251015_020553_0000434679_CAM1_OK_bmp.rf.ed43b9b147b5334159e1b677dfcf7b7b.jpg,qblock,60,60,60,60.0,0.36,0.2025,0.6838,#3c3c3c
251015_020553_0000434679_CAM1_OK_bmp.rf.ed43b9b147b5334159e1b677dfcf7b7b.jpg,qblock,78,78,78,78.0,0.3825,0.18,0.6253,#4e4e4e
251010_125636_0000080769_CAM1_NG_bmp.rf.1d3f9d112025a022dbfedc1b42ae2b2f.jpg,qblock,83,83,83,83.0,0.36,0.18,0.9256,#535353
251010_125636_0000080769_CAM1_NG_bmp.rf.1d3f9d112025a022dbfedc1b42ae2b2f.jpg,qblock,77,77,77,77.0,0.36,0.18,0.9248,#4d4d4d
251010_125636_0000080769_CAM1_NG_bmp.rf.1d3f9d112025a022dbfedc1b42ae2b2f.jpg,qblock,79,79,79,79.0,0.36,0.18,0.9115,#4f4f4f
251010_125636_0000080769_CAM1_NG_bmp.rf.1d3f9d112025a022dbfedc1b42ae2b2f.jpg,qblock,91,91,91,91.0,0.36,0.2025,0.9074,#5b5b5b
251010_125636_0000080769_CAM1_NG_bmp.rf.1d3f9d112025a022dbfedc1b42ae2b2f.jpg,qblock,94,94,94,94.0,0.36,0.2025,0.9048,#5e5e5e
251010_125636_0000080769_CAM1_NG_bmp.rf.1d3f9d112025a022dbfedc1b42ae2b2f.jpg,qblock,88,88,88,88.0,0.36,0.18,0.8934,#585858
251010_125636_0000080769_CAM1_NG_bmp.rf.1d3f9d112025a022dbfedc1b42ae2b2f.jpg,qblock,95,95,95,95.0,0.3825,0.2025,0.891,#5f5f5f
251010_125636_0000080769_CAM1_NG_bmp.rf.1d3f9d112025a022dbfedc1b42ae2b2f.jpg,qblock,86,86,86,86.0,0.36,0.18,0.8901,#565656
251010_125636_0000080769_CAM1_NG_bmp.rf.1d3f9d112025a022dbfedc1b42ae2b2f.jpg,qblock,81,81,81,81.0,0.3825,0.18,0.8698,#515151
251010_125636_0000080769_CAM1_NG_bmp.rf.1d3f9d112025a022dbfedc1b42ae2b2f.jpg,qblock,73,73,73,73.0,0.3375,0.18,0.8679,#494949
251010_125636_0000080769_CAM1_NG_bmp.rf.1d3f9d112025a022dbfedc1b42ae2b2f.jpg,qblock,90,90,90,90.0,0.36,0.18,0.8455,#5a5a5a
251010_125636_0000080769_CAM1_NG_bmp.rf.1d3f9d112025a022dbfedc1b42ae2b2f.jpg,qblock,82,82,82,82.0,0.3375,0.18,0.7902,#525252
251010_125636_0000080769_CAM1_NG_bmp.rf.1d3f9d112025a022dbfedc1b42ae2b2f.jpg,qblock,62,62,62,62.0,0.3375,0.2025,0.6718,#3e3e3e
251010_125636_0000080769_CAM1_NG_bmp.rf.1d3f9d112025a022dbfedc1b42ae2b2f.jpg,qblock,66,66,66,66.0,0.3375,0.2025,0.5987,#424242
251107_231859_0000096825_CAM1_NG_bmp.rf.46c60f35cc94aa591feddef3c05ec696.jpg,incorrect qblock,179,179,179,179.0,0.3375,0.2025,0.8644,#b3b3b3
251107_231859_0000096825_CAM1_NG_bmp.rf.46c60f35cc94aa591feddef3c05ec696.jpg,incorrect qblock,184,184,184,184.0,0.36,0.18,0.8446,#b8b8b8
251107_231859_0000096825_CAM1_NG_bmp.rf.46c60f35cc94aa591feddef3c05ec696.jpg,incorrect qblock,171,171,171,171.0,0.3375,0.18,0.8326,#ababab
251107_231859_0000096825_CAM1_NG_bmp.rf.46c60f35cc94aa591feddef3c05ec696.jpg,incorrect qblock,182,182,182,182.0,0.36,0.2025,0.8284,#b6b6b6
251107_231859_0000096825_CAM1_NG_bmp.rf.46c60f35cc94aa591feddef3c05ec696.jpg,incorrect qblock,186,186,186,186.0,0.36,0.18,0.8082,#bababa
251107_231859_0000096825_CAM1_NG_bmp.rf.46c60f35cc94aa591feddef3c05ec696.jpg,incorrect qblock,177,177,177,177.0,0.27,0.1125,0.8079,#b1b1b1
251107_231859_0000096825_CAM1_NG_bmp.rf.46c60f35cc94aa591feddef3c05ec696.jpg,incorrect qblock,192,192,192,192.0,0.36,0.18,0.8021,#c0c0c0
251107_231859_0000096825_CAM1_NG_bmp.rf.46c60f35cc94aa591feddef3c05ec696.jpg,incorrect qblock,187,187,187,187.0,0.2925,0.1125,0.7971,#bbbbbb
251107_231859_0000096825_CAM1_NG_bmp.rf.46c60f35cc94aa591feddef3c05ec696.jpg,incorrect qblock,156,156,156,156.0,0.36,0.18,0.7789,#9c9c9c
251107_231859_0000096825_CAM1_NG_bmp.rf.46c60f35cc94aa591feddef3c05ec696.jpg,incorrect qblock,178,178,178,178.0,0.27,0.09,0.7235,#b2b2b2
251107_231859_0000096825_CAM1_NG_bmp.rf.46c60f35cc94aa591feddef3c05ec696.jpg,incorrect qblock,192,192,192,192.0,0.27,0.09,0.6858,#c0c0c0
251107_231859_0000096825_CAM1_NG_bmp.rf.46c60f35cc94aa591feddef3c05ec696.jpg,incorrect qblock,195,195,195,195.0,0.2925,0.1125,0.6582,#c3c3c3
251107_231859_0000096825_CAM1_NG_bmp.rf.46c60f35cc94aa591feddef3c05ec696.jpg,incorrect qblock,167,167,167,167.0,0.27,0.09,0.6539,#a7a7a7
251107_231859_0000096825_CAM1_NG_bmp.rf.46c60f35cc94aa591feddef3c05ec696.jpg,incorrect qblock,172,172,172,172.0,0.27,0.09,0.6142,#acacac
251107_231859_0000096825_CAM1_NG_bmp.rf.46c60f35cc94aa591feddef3c05ec696.jpg,incorrect qblock,184,184,184,184.0,0.27,0.135,0.5879,#b8b8b8
251107_231859_0000096825_CAM1_NG_bmp.rf.46c60f35cc94aa591feddef3c05ec696.jpg,incorrect qblock,174,174,174,174.0,0.27,0.09,0.5605,#aeaeae
251010_124853_0000080510_CAM1_NG_bmp.rf.02252e49adc7d45765502093a6c5b8d7.jpg,qblock,82,82,82,82.0,0.36,0.2025,0.9053,#525252
251010_124853_0000080510_CAM1_NG_bmp.rf.02252e49adc7d45765502093a6c5b8d7.jpg,qblock,74,74,74,74.0,0.36,0.18,0.8892,#4a4a4a
251010_124853_0000080510_CAM1_NG_bmp.rf.02252e49adc7d45765502093a6c5b8d7.jpg,qblock,75,75,75,75.0,0.36,0.18,0.8763,#4b4b4b
251010_124853_0000080510_CAM1_NG_bmp.rf.02252e49adc7d45765502093a6c5b8d7.jpg,qblock,83,83,83,83.0,0.36,0.2025,0.8686,#535353
251010_124853_0000080510_CAM1_NG_bmp.rf.02252e49adc7d45765502093a6c5b8d7.jpg,qblock,76,76,76,76.0,0.36,0.18,0.8592,#4c4c4c
251010_124853_0000080510_CAM1_NG_bmp.rf.02252e49adc7d45765502093a6c5b8d7.jpg,qblock,74,74,74,74.0,0.36,0.18,0.79,#4a4a4a
251010_124853_0000080510_CAM1_NG_bmp.rf.02252e49adc7d45765502093a6c5b8d7.jpg,qblock,85,85,85,85.0,0.36,0.18,0.7591,#555555
251010_124853_0000080510_CAM1_NG_bmp.rf.02252e49adc7d45765502093a6c5b8d7.jpg,qblock,72,72,72,72.0,0.36,0.2025,0.6655,#484848
251010_124853_0000080510_CAM1_NG_bmp.rf.02252e49adc7d45765502093a6c5b8d7.jpg,qblock,86,86,86,86.0,0.36,0.2025,0.5525,#565656
251010_125635_0000080763_CAM1_NG_bmp.rf.d94051ba3008c05664221b13aeaa9ede.jpg,qblock,83,83,83,83.0,0.36,0.18,0.9423,#535353
251010_125635_0000080763_CAM1_NG_bmp.rf.d94051ba3008c05664221b13aeaa9ede.jpg,qblock,83,83,83,83.0,0.36,0.18,0.9321,#535353
251010_125635_0000080763_CAM1_NG_bmp.rf.d94051ba3008c05664221b13aeaa9ede.jpg,qblock,87,87,87,87.0,0.36,0.2025,0.916,#575757
251010_125635_0000080763_CAM1_NG_bmp.rf.d94051ba3008c05664221b13aeaa9ede.jpg,qblock,93,93,93,93.0,0.36,0.2025,0.9153,#5d5d5d
251010_125635_0000080763_CAM1_NG_bmp.rf.d94051ba3008c05664221b13aeaa9ede.jpg,qblock,87,87,87,87.0,0.3825,0.18,0.9093,#575757
251010_125635_0000080763_CAM1_NG_bmp.rf.d94051ba3008c05664221b13aeaa9ede.jpg,qblock,80,80,80,80.0,0.3375,0.18,0.899,#505050
251010_125635_0000080763_CAM1_NG_bmp.rf.d94051ba3008c05664221b13aeaa9ede.jpg,qblock,91,91,91,91.0,0.36,0.2025,0.8937,#5b5b5b
251010_125635_0000080763_CAM1_NG_bmp.rf.d94051ba3008c05664221b13aeaa9ede.jpg,qblock,82,82,82,82.0,0.36,0.18,0.8888,#525252
251010_125635_0000080763_CAM1_NG_bmp.rf.d94051ba3008c05664221b13aeaa9ede.jpg,qblock,86,86,86,86.0,0.3375,0.18,0.8831,#565656
251010_125635_0000080763_CAM1_NG_bmp.rf.d94051ba3008c05664221b13aeaa9ede.jpg,qblock,79,79,79,79.0,0.3375,0.18,0.8637,#4f4f4f
251010_125635_0000080763_CAM1_NG_bmp.rf.d94051ba3008c05664221b13aeaa9ede.jpg,qblock,79,79,79,79.0,0.36,0.18,0.817,#4f4f4f
251010_125635_0000080763_CAM1_NG_bmp.rf.d94051ba3008c05664221b13aeaa9ede.jpg,qblock,73,73,73,73.0,0.36,0.18,0.8145,#494949
251010_125635_0000080763_CAM1_NG_bmp.rf.d94051ba3008c05664221b13aeaa9ede.jpg,qblock,64,64,64,64.0,0.36,0.18,0.6432,#404040
251010_125635_0000080763_CAM1_NG_bmp.rf.d94051ba3008c05664221b13aeaa9ede.jpg,qblock,72,72,72,72.0,0.36,0.2025,0.5929,#484848
251010_070154_0000043483_CAM1_NG_bmp.rf.b463bca6111892779644d83dfdfe2c2a.jpg,qblock,87,87,87,87.0,0.3825,0.2025,0.9364,#575757
251010_070154_0000043483_CAM1_NG_bmp.rf.b463bca6111892779644d83dfdfe2c2a.jpg,qblock,86,86,86,86.0,0.36,0.2025,0.9353,#565656
251010_070154_0000043483_CAM1_NG_bmp.rf.b463bca6111892779644d83dfdfe2c2a.jpg,qblock,76,76,76,76.0,0.36,0.2025,0.9103,#4c4c4c
251010_070154_0000043483_CAM1_NG_bmp.rf.b463bca6111892779644d83dfdfe2c2a.jpg,qblock,93,93,93,93.0,0.36,0.2025,0.9072,#5d5d5d
251010_070154_0000043483_CAM1_NG_bmp.rf.b463bca6111892779644d83dfdfe2c2a.jpg,qblock,96,96,96,96.0,0.36,0.2025,0.8957,#606060
251010_070154_0000043483_CAM1_NG_bmp.rf.b463bca6111892779644d83dfdfe2c2a.jpg,qblock,96,96,96,96.0,0.3825,0.2025,0.8909,#606060
251010_070154_0000043483_CAM1_NG_bmp.rf.b463bca6111892779644d83dfdfe2c2a.jpg,qblock,86,86,86,86.0,0.3825,0.2025,0.8813,#565656
251010_070154_0000043483_CAM1_NG_bmp.rf.b463bca6111892779644d83dfdfe2c2a.jpg,qblock,76,76,76,76.0,0.3825,0.18,0.8806,#4c4c4c
251010_070154_0000043483_CAM1_NG_bmp.rf.b463bca6111892779644d83dfdfe2c2a.jpg,qblock,90,90,90,90.0,0.36,0.2025,0.8802,#5a5a5a
251010_070154_0000043483_CAM1_NG_bmp.rf.b463bca6111892779644d83dfdfe2c2a.jpg,qblock,68,68,68,68.0,0.36,0.18,0.8729,#444444
251010_070154_0000043483_CAM1_NG_bmp.rf.b463bca6111892779644d83dfdfe2c2a.jpg,qblock,71,71,71,71.0,0.36,0.18,0.8482,#474747
251010_070154_0000043483_CAM1_NG_bmp.rf.b463bca6111892779644d83dfdfe2c2a.jpg,qblock,92,92,92,92.0,0.36,0.2025,0.8237,#5c5c5c
251010_070154_0000043483_CAM1_NG_bmp.rf.b463bca6111892779644d83dfdfe2c2a.jpg,incorrect qblock,120,120,120,120.0,0.2925,0.18,0.7428,#787878
251107_231942_0000096967_CAM1_NG_bmp.rf.525cf4c0e5095cc9e7cd8833a273f2f9.jpg,incorrect qblock,181,181,181,181.0,0.3375,0.18,0.8766,#b5b5b5
251107_231942_0000096967_CAM1_NG_bmp.rf.525cf4c0e5095cc9e7cd8833a273f2f9.jpg,incorrect qblock,182,182,182,182.0,0.36,0.2025,0.8655,#b6b6b6
251107_231942_0000096967_CAM1_NG_bmp.rf.525cf4c0e5095cc9e7cd8833a273f2f9.jpg,incorrect qblock,178,178,178,178.0,0.3375,0.18,0.8106,#b2b2b2
251107_231942_0000096967_CAM1_NG_bmp.rf.525cf4c0e5095cc9e7cd8833a273f2f9.jpg,incorrect qblock,185,185,185,185.0,0.36,0.2025,0.8014,#b9b9b9
251107_231942_0000096967_CAM1_NG_bmp.rf.525cf4c0e5095cc9e7cd8833a273f2f9.jpg,incorrect qblock,183,183,183,183.0,0.3375,0.1575,0.7873,#b7b7b7
251107_231942_0000096967_CAM1_NG_bmp.rf.525cf4c0e5095cc9e7cd8833a273f2f9.jpg,incorrect qblock,159,159,159,159.0,0.36,0.18,0.7871,#9f9f9f
251107_231942_0000096967_CAM1_NG_bmp.rf.525cf4c0e5095cc9e7cd8833a273f2f9.jpg,incorrect qblock,194,194,194,194.0,0.36,0.18,0.7798,#c2c2c2
251107_231942_0000096967_CAM1_NG_bmp.rf.525cf4c0e5095cc9e7cd8833a273f2f9.jpg,incorrect qblock,185,185,185,185.0,0.27,0.1125,0.7715,#b9b9b9
251107_231942_0000096967_CAM1_NG_bmp.rf.525cf4c0e5095cc9e7cd8833a273f2f9.jpg,incorrect qblock,182,182,182,182.0,0.2925,0.09,0.7059,#b6b6b6
251107_231942_0000096967_CAM1_NG_bmp.rf.525cf4c0e5095cc9e7cd8833a273f2f9.jpg,incorrect qblock,185,185,185,185.0,0.27,0.09,0.692,#b9b9b9
251107_231942_0000096967_CAM1_NG_bmp.rf.525cf4c0e5095cc9e7cd8833a273f2f9.jpg,incorrect qblock,186,186,186,186.0,0.27,0.09,0.6855,#bababa
251107_231942_0000096967_CAM1_NG_bmp.rf.525cf4c0e5095cc9e7cd8833a273f2f9.jpg,incorrect qblock,185,185,185,185.0,0.27,0.1125,0.6694,#b9b9b9
251107_231942_0000096967_CAM1_NG_bmp.rf.525cf4c0e5095cc9e7cd8833a273f2f9.jpg,incorrect qblock,181,181,181,181.0,0.27,0.1125,0.6518,#b5b5b5
251107_231942_0000096967_CAM1_NG_bmp.rf.525cf4c0e5095cc9e7cd8833a273f2f9.jpg,incorrect qblock,189,189,189,189.0,0.27,0.1125,0.5858,#bdbdbd
251015_020300_0000434189_CAM1_OK_bmp.rf.fee3e477be79a574583c87d52aa601a9.jpg,qblock,78,78,78,78.0,0.36,0.18,0.8774,#4e4e4e
251015_020300_0000434189_CAM1_OK_bmp.rf.fee3e477be79a574583c87d52aa601a9.jpg,qblock,84,84,84,84.0,0.36,0.2025,0.8664,#545454
251015_020300_0000434189_CAM1_OK_bmp.rf.fee3e477be79a574583c87d52aa601a9.jpg,qblock,84,84,84,84.0,0.3375,0.2025,0.8444,#545454
251015_020300_0000434189_CAM1_OK_bmp.rf.fee3e477be79a574583c87d52aa601a9.jpg,qblock,76,76,76,76.0,0.36,0.18,0.8341,#4c4c4c
251015_020300_0000434189_CAM1_OK_bmp.rf.fee3e477be79a574583c87d52aa601a9.jpg,qblock,92,92,92,92.0,0.36,0.2025,0.8323,#5c5c5c
251015_020300_0000434189_CAM1_OK_bmp.rf.fee3e477be79a574583c87d52aa601a9.jpg,qblock,79,79,79,79.0,0.36,0.2025,0.8121,#4f4f4f
251015_020300_0000434189_CAM1_OK_bmp.rf.fee3e477be79a574583c87d52aa601a9.jpg,qblock,81,81,81,81.0,0.36,0.2025,0.8101,#515151
251015_020300_0000434189_CAM1_OK_bmp.rf.fee3e477be79a574583c87d52aa601a9.jpg,qblock,73,73,73,73.0,0.36,0.18,0.798,#494949
251015_020300_0000434189_CAM1_OK_bmp.rf.fee3e477be79a574583c87d52aa601a9.jpg,qblock,72,72,72,72.0,0.36,0.2025,0.7889,#484848
251015_020300_0000434189_CAM1_OK_bmp.rf.fee3e477be79a574583c87d52aa601a9.jpg,qblock,86,86,86,86.0,0.36,0.2025,0.7852,#565656
251015_020300_0000434189_CAM1_OK_bmp.rf.fee3e477be79a574583c87d52aa601a9.jpg,qblock,96,96,96,96.0,0.3825,0.2025,0.7805,#606060
251015_020300_0000434189_CAM1_OK_bmp.rf.fee3e477be79a574583c87d52aa601a9.jpg,qblock,57,57,57,57.0,0.3375,0.18,0.7722,#393939
251015_020300_0000434189_CAM1_OK_bmp.rf.fee3e477be79a574583c87d52aa601a9.jpg,qblock,66,66,66,66.0,0.36,0.2025,0.7148,#424242
251015_020300_0000434189_CAM1_OK_bmp.rf.fee3e477be79a574583c87d52aa601a9.jpg,qblock,85,85,85,85.0,0.3825,0.2025,0.6956,#555555
