image_name,class_name,block_index,hex_color,r,g,b,coords
251107_231658_0000096423_CAM1_NG_bmp.rf.31ef8d9e4d29b7eeb975910869d61888.jpg,incorrect qblock,0,#b6b6b6,182,182,182,"(646, 167, 662, 175)"
251107_231658_0000096423_CAM1_NG_bmp.rf.31ef8d9e4d29b7eeb975910869d61888.jpg,incorrect qblock,1,#b0b0b0,176,176,176,"(266, 170, 281, 178)"
251107_231658_0000096423_CAM1_NG_bmp.rf.31ef8d9e4d29b7eeb975910869d61888.jpg,incorrect qblock,2,#b1b1b1,177,177,177,"(172, 170, 187, 179)"
251107_231658_0000096423_CAM1_NG_bmp.rf.31ef8d9e4d29b7eeb975910869d61888.jpg,incorrect qblock,3,#9c9c9c,156,156,156,"(77, 171, 93, 179)"
251107_231658_0000096423_CAM1_NG_bmp.rf.31ef8d9e4d29b7eeb975910869d61888.jpg,incorrect qblock,4,#bcbcbc,188,188,188,"(551, 168, 568, 176)"
251107_231658_0000096423_CAM1_NG_bmp.rf.31ef8d9e4d29b7eeb975910869d61888.jpg,incorrect qblock,5,#aeaeae,174,174,174,"(251, 133, 264, 137)"
251107_231658_0000096423_CAM1_NG_bmp.rf.31ef8d9e4d29b7eeb975910869d61888.jpg,incorrect qblock,6,#c5c5c5,197,197,197,"(456, 168, 472, 176)"
251107_231658_0000096423_CAM1_NG_bmp.rf.31ef8d9e4d29b7eeb975910869d61888.jpg,incorrect qblock,7,#b9b9b9,185,185,185,"(361, 169, 376, 177)"
251107_231658_0000096423_CAM1_NG_bmp.rf.31ef8d9e4d29b7eeb975910869d61888.jpg,incorrect qblock,8,#a7a7a7,167,167,167,"(157, 133, 169, 138)"
251107_231658_0000096423_CAM1_NG_bmp.rf.31ef8d9e4d29b7eeb975910869d61888.jpg,incorrect qblock,9,#b7b7b7,183,183,183,"(442, 131, 454, 136)"
251107_231658_0000096423_CAM1_NG_bmp.rf.31ef8d9e4d29b7eeb975910869d61888.jpg,incorrect qblock,10,#b7b7b7,183,183,183,"(346, 132, 359, 136)"
251107_231658_0000096423_CAM1_NG_bmp.rf.31ef8d9e4d29b7eeb975910869d61888.jpg,incorrect qblock,11,#b3b3b3,179,179,179,"(632, 130, 644, 135)"
251107_231658_0000096423_CAM1_NG_bmp.rf.31ef8d9e4d29b7eeb975910869d61888.jpg,incorrect qblock,12,#b1b1b1,177,177,177,"(537, 131, 549, 136)"
251107_231658_0000096423_CAM1_NG_bmp.rf.31ef8d9e4d29b7eeb975910869d61888.jpg,incorrect qblock,13,#b7b7b7,183,183,183,"(727, 130, 739, 135)"
251107_232346_0000097776_CAM1_NG_bmp.rf.0232f41899ca5af3ad008ce87c9700cd.jpg,incorrect qblock,0,#b8b8b8,184,184,184,"(646, 166, 662, 175)"
251107_232346_0000097776_CAM1_NG_bmp.rf.0232f41899ca5af3ad008ce87c9700cd.jpg,incorrect qblock,1,#b6b6b6,182,182,182,"(266, 169, 281, 177)"
251107_232346_0000097776_CAM1_NG_bmp.rf.0232f41899ca5af3ad008ce87c9700cd.jpg,incorrect qblock,2,#a3a3a3,163,163,163,"(77, 171, 93, 179)"
251107_232346_0000097776_CAM1_NG_bmp.rf.0232f41899ca5af3ad008ce87c9700cd.jpg,incorrect qblock,3,#c2c2c2,194,194,194,"(456, 168, 472, 176)"
251107_232346_0000097776_CAM1_NG_bmp.rf.0232f41899ca5af3ad008ce87c9700cd.jpg,incorrect qblock,4,#b8b8b8,184,184,184,"(251, 132, 264, 136)"
251107_232346_0000097776_CAM1_NG_bmp.rf.0232f41899ca5af3ad008ce87c9700cd.jpg,incorrect qblock,5,#bfbfbf,191,191,191,"(551, 167, 568, 176)"
251107_232346_0000097776_CAM1_NG_bmp.rf.0232f41899ca5af3ad008ce87c9700cd.jpg,incorrect qblock,6,#b3b3b3,179,179,179,"(172, 170, 187, 178)"
251107_232346_0000097776_CAM1_NG_bmp.rf.0232f41899ca5af3ad008ce87c9700cd.jpg,incorrect qblock,7,#b8b8b8,184,184,184,"(361, 169, 376, 176)"
251107_232346_0000097776_CAM1_NG_bmp.rf.0232f41899ca5af3ad008ce87c9700cd.jpg,incorrect qblock,8,#b0b0b0,176,176,176,"(157, 133, 169, 137)"
251107_232346_0000097776_CAM1_NG_bmp.rf.0232f41899ca5af3ad008ce87c9700cd.jpg,incorrect qblock,9,#b8b8b8,184,184,184,"(727, 129, 739, 134)"
251107_232346_0000097776_CAM1_NG_bmp.rf.0232f41899ca5af3ad008ce87c9700cd.jpg,incorrect qblock,10,#bcbcbc,188,188,188,"(346, 131, 358, 136)"
251107_232346_0000097776_CAM1_NG_bmp.rf.0232f41899ca5af3ad008ce87c9700cd.jpg,incorrect qblock,11,#bcbcbc,188,188,188,"(441, 131, 454, 135)"
251015_020538_0000434629_CAM1_OK_bmp.rf.4d468f4360b5c6e82fba4096a92ff200.jpg,qblock,2,#4c4c4c,76,76,76,"(646, 286, 662, 295)"
251015_020538_0000434629_CAM1_OK_bmp.rf.4d468f4360b5c6e82fba4096a92ff200.jpg,qblock,3,#565656,86,86,86,"(170, 62, 186, 71)"
251015_020538_0000434629_CAM1_OK_bmp.rf.4d468f4360b5c6e82fba4096a92ff200.jpg,qblock,4,#4e4e4e,78,78,78,"(645, 59, 661, 67)"
251015_020538_0000434629_CAM1_OK_bmp.rf.4d468f4360b5c6e82fba4096a92ff200.jpg,qblock,7,#4c4c4c,76,76,76,"(456, 287, 472, 295)"
251015_020538_0000434629_CAM1_OK_bmp.rf.4d468f4360b5c6e82fba4096a92ff200.jpg,qblock,8,#545454,84,84,84,"(265, 61, 281, 70)"
251015_020538_0000434629_CAM1_OK_bmp.rf.4d468f4360b5c6e82fba4096a92ff200.jpg,qblock,9,#4a4a4a,74,74,74,"(266, 288, 282, 296)"
251015_020538_0000434629_CAM1_OK_bmp.rf.4d468f4360b5c6e82fba4096a92ff200.jpg,qblock,10,#505050,80,80,80,"(361, 287, 377, 296)"
251015_020538_0000434629_CAM1_OK_bmp.rf.4d468f4360b5c6e82fba4096a92ff200.jpg,qblock,12,#4f4f4f,79,79,79,"(455, 60, 471, 69)"
251015_020538_0000434629_CAM1_OK_bmp.rf.4d468f4360b5c6e82fba4096a92ff200.jpg,qblock,13,#5a5a5a,90,90,90,"(550, 59, 567, 68)"
251015_020538_0000434629_CAM1_OK_bmp.rf.4d468f4360b5c6e82fba4096a92ff200.jpg,qblock,14,#484848,72,72,72,"(172, 288, 188, 297)"
251015_020538_0000434629_CAM1_OK_bmp.rf.4d468f4360b5c6e82fba4096a92ff200.jpg,qblock,15,#585858,88,88,88,"(360, 60, 376, 69)"
251015_020538_0000434629_CAM1_OK_bmp.rf.4d468f4360b5c6e82fba4096a92ff200.jpg,qblock,17,#444444,68,68,68,"(77, 63, 92, 72)"
251015_020538_0000434629_CAM1_OK_bmp.rf.4d468f4360b5c6e82fba4096a92ff200.jpg,qblock,19,#414141,65,65,65,"(77, 288, 93, 297)"
251015_020538_0000434629_CAM1_OK_bmp.rf.4d468f4360b5c6e82fba4096a92ff200.jpg,qblock,20,#555555,85,85,85,"(551, 286, 568, 295)"
251010_125639_0000080776_CAM1_NG_bmp.rf.c51f197fe18edded643e24fa6bab64d1.jpg,qblock,3,#4d4d4d,77,77,77,"(647, 82, 663, 90)"
251010_125639_0000080776_CAM1_NG_bmp.rf.c51f197fe18edded643e24fa6bab64d1.jpg,qblock,5,#535353,83,83,83,"(649, 309, 665, 317)"
251010_125639_0000080776_CAM1_NG_bmp.rf.c51f197fe18edded643e24fa6bab64d1.jpg,qblock,6,#5c5c5c,92,92,92,"(268, 311, 285, 320)"
251010_125639_0000080776_CAM1_NG_bmp.rf.c51f197fe18edded643e24fa6bab64d1.jpg,qblock,7,#545454,84,84,84,"(457, 83, 473, 91)"
251010_125639_0000080776_CAM1_NG_bmp.rf.c51f197fe18edded643e24fa6bab64d1.jpg,qblock,9,#585858,88,88,88,"(459, 310, 475, 318)"
251010_125639_0000080776_CAM1_NG_bmp.rf.c51f197fe18edded643e24fa6bab64d1.jpg,qblock,10,#5d5d5d,93,93,93,"(267, 84, 283, 92)"
251010_125639_0000080776_CAM1_NG_bmp.rf.c51f197fe18edded643e24fa6bab64d1.jpg,qblock,13,#565656,86,86,86,"(363, 311, 380, 319)"
251010_125639_0000080776_CAM1_NG_bmp.rf.c51f197fe18edded643e24fa6bab64d1.jpg,qblock,15,#5f5f5f,95,95,95,"(362, 83, 378, 92)"
251010_125639_0000080776_CAM1_NG_bmp.rf.c51f197fe18edded643e24fa6bab64d1.jpg,qblock,16,#5b5b5b,91,91,91,"(552, 82, 568, 90)"
251010_125639_0000080776_CAM1_NG_bmp.rf.c51f197fe18edded643e24fa6bab64d1.jpg,qblock,18,#4b4b4b,75,75,75,"(554, 310, 570, 318)"
251010_125639_0000080776_CAM1_NG_bmp.rf.c51f197fe18edded643e24fa6bab64d1.jpg,qblock,20,#4a4a4a,74,74,74,"(174, 312, 190, 320)"
251010_125639_0000080776_CAM1_NG_bmp.rf.c51f197fe18edded643e24fa6bab64d1.jpg,qblock,24,#404040,64,64,64,"(80, 312, 96, 320)"
251010_125639_0000080776_CAM1_NG_bmp.rf.c51f197fe18edded643e24fa6bab64d1.jpg,qblock,25,#454545,69,69,69,"(79, 86, 95, 95)"
251107_232356_0000097812_CAM1_NG_bmp.rf.4961ca57aa6389ac6f5f6a9dd2975c0d.jpg,incorrect qblock,0,#b5b5b5,181,181,181,"(646, 167, 662, 175)"
251107_232356_0000097812_CAM1_NG_bmp.rf.4961ca57aa6389ac6f5f6a9dd2975c0d.jpg,incorrect qblock,1,#b4b4b4,180,180,180,"(266, 170, 281, 178)"
251107_232356_0000097812_CAM1_NG_bmp.rf.4961ca57aa6389ac6f5f6a9dd2975c0d.jpg,incorrect qblock,2,#a1a1a1,161,161,161,"(77, 171, 93, 179)"
251107_232356_0000097812_CAM1_NG_bmp.rf.4961ca57aa6389ac6f5f6a9dd2975c0d.jpg,incorrect qblock,3,#c3c3c3,195,195,195,"(456, 168, 472, 176)"
251107_232356_0000097812_CAM1_NG_bmp.rf.4961ca57aa6389ac6f5f6a9dd2975c0d.jpg,incorrect qblock,4,#b2b2b2,178,178,178,"(172, 170, 187, 178)"
251107_232356_0000097812_CAM1_NG_bmp.rf.4961ca57aa6389ac6f5f6a9dd2975c0d.jpg,incorrect qblock,5,#b5b5b5,181,181,181,"(252, 132, 264, 137)"
251107_232356_0000097812_CAM1_NG_bmp.rf.4961ca57aa6389ac6f5f6a9dd2975c0d.jpg,incorrect qblock,6,#bebebe,190,190,190,"(552, 167, 568, 176)"
251107_232356_0000097812_CAM1_NG_bmp.rf.4961ca57aa6389ac6f5f6a9dd2975c0d.jpg,incorrect qblock,7,#b3b3b3,179,179,179,"(157, 133, 170, 138)"
251107_232356_0000097812_CAM1_NG_bmp.rf.4961ca57aa6389ac6f5f6a9dd2975c0d.jpg,incorrect qblock,8,#bcbcbc,188,188,188,"(361, 169, 376, 177)"
251107_232356_0000097812_CAM1_NG_bmp.rf.4961ca57aa6389ac6f5f6a9dd2975c0d.jpg,incorrect qblock,9,#bebebe,190,190,190,"(442, 131, 454, 136)"
251107_232356_0000097812_CAM1_NG_bmp.rf.4961ca57aa6389ac6f5f6a9dd2975c0d.jpg,incorrect qblock,10,#b9b9b9,185,185,185,"(346, 132, 358, 136)"
251107_232356_0000097812_CAM1_NG_bmp.rf.4961ca57aa6389ac6f5f6a9dd2975c0d.jpg,incorrect qblock,11,#bababa,186,186,186,"(632, 130, 645, 135)"
251107_232356_0000097812_CAM1_NG_bmp.rf.4961ca57aa6389ac6f5f6a9dd2975c0d.jpg,incorrect qblock,12,#c4c4c4,196,196,196,"(537, 130, 549, 136)"
251107_232356_0000097812_CAM1_NG_bmp.rf.4961ca57aa6389ac6f5f6a9dd2975c0d.jpg,incorrect qblock,13,#b8b8b8,184,184,184,"(727, 130, 739, 135)"
251015_020541_0000434638_CAM1_OK_bmp.rf.7f8c3306b45c3facc30d2bf701a08c17.jpg,qblock,2,#585858,88,88,88,"(645, 59, 661, 68)"
251015_020541_0000434638_CAM1_OK_bmp.rf.7f8c3306b45c3facc30d2bf701a08c17.jpg,qblock,3,#565656,86,86,86,"(646, 286, 662, 295)"
251015_020541_0000434638_CAM1_OK_bmp.rf.7f8c3306b45c3facc30d2bf701a08c17.jpg,qblock,5,#545454,84,84,84,"(456, 287, 472, 296)"
251015_020541_0000434638_CAM1_OK_bmp.rf.7f8c3306b45c3facc30d2bf701a08c17.jpg,qblock,7,#4e4e4e,78,78,78,"(265, 62, 281, 71)"
251015_020541_0000434638_CAM1_OK_bmp.rf.7f8c3306b45c3facc30d2bf701a08c17.jpg,qblock,8,#565656,86,86,86,"(171, 62, 186, 71)"
251015_020541_0000434638_CAM1_OK_bmp.rf.7f8c3306b45c3facc30d2bf701a08c17.jpg,qblock,10,#4b4b4b,75,75,75,"(361, 288, 377, 296)"
251015_020541_0000434638_CAM1_OK_bmp.rf.7f8c3306b45c3facc30d2bf701a08c17.jpg,qblock,11,#545454,84,84,84,"(266, 288, 282, 297)"
251015_020541_0000434638_CAM1_OK_bmp.rf.7f8c3306b45c3facc30d2bf701a08c17.jpg,qblock,12,#515151,81,81,81,"(360, 61, 376, 70)"
251015_020541_0000434638_CAM1_OK_bmp.rf.7f8c3306b45c3facc30d2bf701a08c17.jpg,qblock,13,#5d5d5d,93,93,93,"(455, 60, 472, 69)"
251015_020541_0000434638_CAM1_OK_bmp.rf.7f8c3306b45c3facc30d2bf701a08c17.jpg,qblock,15,#535353,83,83,83,"(550, 60, 567, 68)"
251015_020541_0000434638_CAM1_OK_bmp.rf.7f8c3306b45c3facc30d2bf701a08c17.jpg,qblock,16,#3b3b3b,59,59,59,"(77, 64, 92, 72)"
251015_020541_0000434638_CAM1_OK_bmp.rf.7f8c3306b45c3facc30d2bf701a08c17.jpg,qblock,18,#505050,80,80,80,"(172, 288, 188, 297)"
251015_020541_0000434638_CAM1_OK_bmp.rf.7f8c3306b45c3facc30d2bf701a08c17.jpg,qblock,20,#4f4f4f,79,79,79,"(551, 287, 568, 295)"
251015_020541_0000434638_CAM1_OK_bmp.rf.7f8c3306b45c3facc30d2bf701a08c17.jpg,qblock,21,#393939,57,57,57,"(77, 289, 93, 297)"
251107_232621_0000098291_CAM1_NG_bmp.rf.af58cd28d7a4e187674f7adf47fc2aba.jpg,incorrect qblock,0,#b7b7b7,183,183,183,"(646, 167, 662, 176)"
251107_232621_0000098291_CAM1_NG_bmp.rf.af58cd28d7a4e187674f7adf47fc2aba.jpg,incorrect qblock,1,#b5b5b5,181,181,181,"(266, 170, 281, 178)"
251107_232621_0000098291_CAM1_NG_bmp.rf.af58cd28d7a4e187674f7adf47fc2aba.jpg,incorrect qblock,2,#b5b5b5,181,181,181,"(172, 170, 187, 179)"
251107_232621_0000098291_CAM1_NG_bmp.rf.af58cd28d7a4e187674f7adf47fc2aba.jpg,incorrect qblock,3,#bbbbbb,187,187,187,"(632, 130, 644, 136)"
251107_232621_0000098291_CAM1_NG_bmp.rf.af58cd28d7a4e187674f7adf47fc2aba.jpg,incorrect qblock,4,#c2c2c2,194,194,194,"(360, 169, 375, 177)"
251107_232621_0000098291_CAM1_NG_bmp.rf.af58cd28d7a4e187674f7adf47fc2aba.jpg,incorrect qblock,5,#adadad,173,173,173,"(77, 171, 93, 180)"
251107_232621_0000098291_CAM1_NG_bmp.rf.af58cd28d7a4e187674f7adf47fc2aba.jpg,incorrect qblock,6,#c0c0c0,192,192,192,"(551, 168, 568, 176)"
251107_232621_0000098291_CAM1_NG_bmp.rf.af58cd28d7a4e187674f7adf47fc2aba.jpg,incorrect qblock,7,#bdbdbd,189,189,189,"(441, 132, 453, 136)"
251107_232621_0000098291_CAM1_NG_bmp.rf.af58cd28d7a4e187674f7adf47fc2aba.jpg,incorrect qblock,8,#c3c3c3,195,195,195,"(456, 169, 472, 176)"
251107_232621_0000098291_CAM1_NG_bmp.rf.af58cd28d7a4e187674f7adf47fc2aba.jpg,incorrect qblock,9,#bebebe,190,190,190,"(346, 132, 359, 137)"
251107_232621_0000098291_CAM1_NG_bmp.rf.af58cd28d7a4e187674f7adf47fc2aba.jpg,incorrect qblock,10,#b2b2b2,178,178,178,"(251, 133, 263, 137)"
251107_232621_0000098291_CAM1_NG_bmp.rf.af58cd28d7a4e187674f7adf47fc2aba.jpg,incorrect qblock,11,#bcbcbc,188,188,188,"(726, 130, 739, 135)"
251107_232621_0000098291_CAM1_NG_bmp.rf.af58cd28d7a4e187674f7adf47fc2aba.jpg,incorrect qblock,12,#aaaaaa,170,170,170,"(157, 134, 169, 138)"
251107_232621_0000098291_CAM1_NG_bmp.rf.af58cd28d7a4e187674f7adf47fc2aba.jpg,incorrect qblock,13,#bcbcbc,188,188,188,"(536, 131, 549, 136)"
251010_124904_0000080549_CAM1_NG_bmp.rf.035679e4447ca6815d8558b1ebf145a6.jpg,qblock,0,#595959,89,89,89,"(647, 89, 664, 98)"
251010_124904_0000080549_CAM1_NG_bmp.rf.035679e4447ca6815d8558b1ebf145a6.jpg,qblock,1,#616161,97,97,97,"(267, 91, 283, 100)"
251010_124904_0000080549_CAM1_NG_bmp.rf.035679e4447ca6815d8558b1ebf145a6.jpg,qblock,4,#4c4c4c,76,76,76,"(649, 317, 665, 325)"
251010_124904_0000080549_CAM1_NG_bmp.rf.035679e4447ca6815d8558b1ebf145a6.jpg,qblock,7,#5b5b5b,91,91,91,"(457, 90, 473, 99)"
251010_124904_0000080549_CAM1_NG_bmp.rf.035679e4447ca6815d8558b1ebf145a6.jpg,qblock,11,#575757,87,87,87,"(268, 319, 285, 327)"
251010_124904_0000080549_CAM1_NG_bmp.rf.035679e4447ca6815d8558b1ebf145a6.jpg,qblock,12,#535353,83,83,83,"(362, 91, 378, 99)"
251010_124904_0000080549_CAM1_NG_bmp.rf.035679e4447ca6815d8558b1ebf145a6.jpg,qblock,13,#515151,81,81,81,"(459, 318, 475, 326)"
251010_124904_0000080549_CAM1_NG_bmp.rf.035679e4447ca6815d8558b1ebf145a6.jpg,qblock,14,#585858,88,88,88,"(364, 318, 380, 327)"
251010_124904_0000080549_CAM1_NG_bmp.rf.035679e4447ca6815d8558b1ebf145a6.jpg,qblock,15,#535353,83,83,83,"(552, 90, 569, 98)"
251010_124904_0000080549_CAM1_NG_bmp.rf.035679e4447ca6815d8558b1ebf145a6.jpg,qblock,16,#545454,84,84,84,"(174, 319, 190, 328)"
251010_124904_0000080549_CAM1_NG_bmp.rf.035679e4447ca6815d8558b1ebf145a6.jpg,qblock,20,#575757,87,87,87,"(554, 317, 570, 326)"
251010_124904_0000080549_CAM1_NG_bmp.rf.035679e4447ca6815d8558b1ebf145a6.jpg,qblock,22,#5a5a5a,90,90,90,"(173, 92, 189, 101)"
251010_124904_0000080549_CAM1_NG_bmp.rf.035679e4447ca6815d8558b1ebf145a6.jpg,qblock,23,#444444,68,68,68,"(80, 319, 96, 328)"
251010_124904_0000080549_CAM1_NG_bmp.rf.035679e4447ca6815d8558b1ebf145a6.jpg,qblock,24,#464646,70,70,70,"(79, 93, 95, 102)"
251010_125624_0000080727_CAM1_NG_bmp.rf.623178d0c95d58cc3e7a9c988b8afbe3.jpg,qblock,3,#5a5a5a,90,90,90,"(268, 325, 284, 333)"
251010_125624_0000080727_CAM1_NG_bmp.rf.623178d0c95d58cc3e7a9c988b8afbe3.jpg,qblock,6,#5b5b5b,91,91,91,"(648, 323, 665, 332)"
251010_125624_0000080727_CAM1_NG_bmp.rf.623178d0c95d58cc3e7a9c988b8afbe3.jpg,qblock,7,#535353,83,83,83,"(363, 325, 379, 333)"
251010_125624_0000080727_CAM1_NG_bmp.rf.623178d0c95d58cc3e7a9c988b8afbe3.jpg,qblock,8,#4b4b4b,75,75,75,"(458, 325, 474, 333)"
251010_125624_0000080727_CAM1_NG_bmp.rf.623178d0c95d58cc3e7a9c988b8afbe3.jpg,qblock,11,#545454,84,84,84,"(362, 97, 377, 105)"
251010_125624_0000080727_CAM1_NG_bmp.rf.623178d0c95d58cc3e7a9c988b8afbe3.jpg,qblock,12,#565656,86,86,86,"(266, 98, 283, 106)"
251010_125624_0000080727_CAM1_NG_bmp.rf.623178d0c95d58cc3e7a9c988b8afbe3.jpg,qblock,15,#4c4c4c,76,76,76,"(172, 99, 188, 107)"
251010_125624_0000080727_CAM1_NG_bmp.rf.623178d0c95d58cc3e7a9c988b8afbe3.jpg,qblock,17,#535353,83,83,83,"(648, 95, 663, 103)"
251010_125624_0000080727_CAM1_NG_bmp.rf.623178d0c95d58cc3e7a9c988b8afbe3.jpg,qblock,18,#5d5d5d,93,93,93,"(458, 96, 474, 105)"
251010_125624_0000080727_CAM1_NG_bmp.rf.623178d0c95d58cc3e7a9c988b8afbe3.jpg,qblock,19,#545454,84,84,84,"(553, 324, 569, 332)"
251010_125624_0000080727_CAM1_NG_bmp.rf.623178d0c95d58cc3e7a9c988b8afbe3.jpg,qblock,20,#4e4e4e,78,78,78,"(80, 325, 96, 334)"
251010_125624_0000080727_CAM1_NG_bmp.rf.623178d0c95d58cc3e7a9c988b8afbe3.jpg,qblock,21,#494949,73,73,73,"(78, 99, 94, 108)"
251107_231611_0000096269_CAM1_NG_bmp.rf.3ca46ab996a94939b705d0cef960b9e4.jpg,incorrect qblock,0,#ababab,171,171,171,"(266, 170, 281, 178)"
251107_231611_0000096269_CAM1_NG_bmp.rf.3ca46ab996a94939b705d0cef960b9e4.jpg,incorrect qblock,1,#adadad,173,173,173,"(646, 167, 662, 176)"
251107_231611_0000096269_CAM1_NG_bmp.rf.3ca46ab996a94939b705d0cef960b9e4.jpg,incorrect qblock,2,#a4a4a4,164,164,164,"(172, 170, 187, 179)"
251107_231611_0000096269_CAM1_NG_bmp.rf.3ca46ab996a94939b705d0cef960b9e4.jpg,incorrect qblock,3,#949494,148,148,148,"(77, 171, 93, 180)"
251107_231611_0000096269_CAM1_NG_bmp.rf.3ca46ab996a94939b705d0cef960b9e4.jpg,incorrect qblock,4,#b6b6b6,182,182,182,"(551, 168, 568, 176)"
251107_231611_0000096269_CAM1_NG_bmp.rf.3ca46ab996a94939b705d0cef960b9e4.jpg,incorrect qblock,5,#b7b7b7,183,183,183,"(456, 169, 472, 177)"
251107_231611_0000096269_CAM1_NG_bmp.rf.3ca46ab996a94939b705d0cef960b9e4.jpg,incorrect qblock,6,#aaaaaa,170,170,170,"(251, 133, 263, 137)"
251107_231611_0000096269_CAM1_NG_bmp.rf.3ca46ab996a94939b705d0cef960b9e4.jpg,incorrect qblock,7,#acacac,172,172,172,"(632, 130, 644, 136)"
251107_231611_0000096269_CAM1_NG_bmp.rf.3ca46ab996a94939b705d0cef960b9e4.jpg,incorrect qblock,8,#b5b5b5,181,181,181,"(361, 169, 376, 177)"
251107_231611_0000096269_CAM1_NG_bmp.rf.3ca46ab996a94939b705d0cef960b9e4.jpg,incorrect qblock,9,#bcbcbc,188,188,188,"(441, 131, 454, 136)"
251107_231611_0000096269_CAM1_NG_bmp.rf.3ca46ab996a94939b705d0cef960b9e4.jpg,incorrect qblock,10,#a6a6a6,166,166,166,"(157, 133, 169, 138)"
251107_231611_0000096269_CAM1_NG_bmp.rf.3ca46ab996a94939b705d0cef960b9e4.jpg,incorrect qblock,11,#aeaeae,174,174,174,"(346, 132, 358, 137)"
251107_231611_0000096269_CAM1_NG_bmp.rf.3ca46ab996a94939b705d0cef960b9e4.jpg,incorrect qblock,12,#b2b2b2,178,178,178,"(536, 131, 549, 136)"
251107_231611_0000096269_CAM1_NG_bmp.rf.3ca46ab996a94939b705d0cef960b9e4.jpg,incorrect qblock,13,#afafaf,175,175,175,"(727, 130, 739, 135)"
251107_232453_0000098001_CAM1_NG_bmp.rf.43c7cc907cf4df798e3ecf7bae7593ea.jpg,incorrect qblock,0,#b6b6b6,182,182,182,"(646, 166, 662, 175)"
251107_232453_0000098001_CAM1_NG_bmp.rf.43c7cc907cf4df798e3ecf7bae7593ea.jpg,incorrect qblock,1,#b2b2b2,178,178,178,"(266, 169, 281, 177)"
251107_232453_0000098001_CAM1_NG_bmp.rf.43c7cc907cf4df798e3ecf7bae7593ea.jpg,incorrect qblock,2,#adadad,173,173,173,"(172, 170, 187, 178)"
251107_232453_0000098001_CAM1_NG_bmp.rf.43c7cc907cf4df798e3ecf7bae7593ea.jpg,incorrect qblock,3,#bdbdbd,189,189,189,"(456, 168, 472, 175)"
251107_232453_0000098001_CAM1_NG_bmp.rf.43c7cc907cf4df798e3ecf7bae7593ea.jpg,incorrect qblock,4,#a3a3a3,163,163,163,"(77, 171, 93, 179)"
251107_232453_0000098001_CAM1_NG_bmp.rf.43c7cc907cf4df798e3ecf7bae7593ea.jpg,incorrect qblock,5,#b5b5b5,181,181,181,"(251, 132, 263, 137)"
251107_232453_0000098001_CAM1_NG_bmp.rf.43c7cc907cf4df798e3ecf7bae7593ea.jpg,incorrect qblock,6,#bbbbbb,187,187,187,"(551, 167, 568, 175)"
251107_232453_0000098001_CAM1_NG_bmp.rf.43c7cc907cf4df798e3ecf7bae7593ea.jpg,incorrect qblock,7,#adadad,173,173,173,"(157, 133, 169, 137)"
251107_232453_0000098001_CAM1_NG_bmp.rf.43c7cc907cf4df798e3ecf7bae7593ea.jpg,incorrect qblock,8,#b3b3b3,179,179,179,"(361, 169, 376, 176)"
251107_232453_0000098001_CAM1_NG_bmp.rf.43c7cc907cf4df798e3ecf7bae7593ea.jpg,incorrect qblock,9,#bebebe,190,190,190,"(441, 131, 454, 135)"
251107_232453_0000098001_CAM1_NG_bmp.rf.43c7cc907cf4df798e3ecf7bae7593ea.jpg,incorrect qblock,10,#b8b8b8,184,184,184,"(727, 129, 739, 134)"
251107_232453_0000098001_CAM1_NG_bmp.rf.43c7cc907cf4df798e3ecf7bae7593ea.jpg,incorrect qblock,11,#bbbbbb,187,187,187,"(346, 131, 359, 136)"
251010_201506_0000147686_CAM1_NG_bmp.rf.1a57511db1c2ac93f5c86461ffef2326.jpg,qblock,0,#5a5a5a,90,90,90,"(645, 62, 662, 71)"
251010_201506_0000147686_CAM1_NG_bmp.rf.1a57511db1c2ac93f5c86461ffef2326.jpg,qblock,2,#535353,83,83,83,"(550, 63, 567, 71)"
251010_201506_0000147686_CAM1_NG_bmp.rf.1a57511db1c2ac93f5c86461ffef2326.jpg,qblock,4,#5c5c5c,92,92,92,"(361, 291, 378, 300)"
251010_201506_0000147686_CAM1_NG_bmp.rf.1a57511db1c2ac93f5c86461ffef2326.jpg,qblock,6,#505050,80,80,80,"(265, 65, 281, 73)"
251010_201506_0000147686_CAM1_NG_bmp.rf.1a57511db1c2ac93f5c86461ffef2326.jpg,qblock,10,#555555,85,85,85,"(646, 290, 663, 299)"
251010_201506_0000147686_CAM1_NG_bmp.rf.1a57511db1c2ac93f5c86461ffef2326.jpg,qblock,11,#535353,83,83,83,"(360, 64, 376, 73)"
251010_201506_0000147686_CAM1_NG_bmp.rf.1a57511db1c2ac93f5c86461ffef2326.jpg,qblock,12,#4a4a4a,74,74,74,"(455, 64, 471, 72)"
251010_201506_0000147686_CAM1_NG_bmp.rf.1a57511db1c2ac93f5c86461ffef2326.jpg,qblock,13,#595959,89,89,89,"(266, 292, 283, 300)"
251010_201506_0000147686_CAM1_NG_bmp.rf.1a57511db1c2ac93f5c86461ffef2326.jpg,qblock,16,#5d5d5d,93,93,93,"(551, 290, 568, 299)"
251010_201506_0000147686_CAM1_NG_bmp.rf.1a57511db1c2ac93f5c86461ffef2326.jpg,qblock,17,#585858,88,88,88,"(456, 291, 473, 299)"
251010_201506_0000147686_CAM1_NG_bmp.rf.1a57511db1c2ac93f5c86461ffef2326.jpg,qblock,18,#545454,84,84,84,"(172, 292, 188, 301)"
251010_125634_0000080761_CAM1_NG_bmp.rf.0cf1178d427474ba79584a27790c6acc.jpg,qblock,1,#535353,83,83,83,"(268, 312, 284, 320)"
251010_125634_0000080761_CAM1_NG_bmp.rf.0cf1178d427474ba79584a27790c6acc.jpg,qblock,2,#555555,85,85,85,"(648, 310, 665, 318)"
251010_125634_0000080761_CAM1_NG_bmp.rf.0cf1178d427474ba79584a27790c6acc.jpg,qblock,3,#595959,89,89,89,"(363, 311, 379, 320)"
251010_125634_0000080761_CAM1_NG_bmp.rf.0cf1178d427474ba79584a27790c6acc.jpg,qblock,5,#545454,84,84,84,"(647, 82, 663, 90)"
251010_125634_0000080761_CAM1_NG_bmp.rf.0cf1178d427474ba79584a27790c6acc.jpg,qblock,6,#545454,84,84,84,"(458, 311, 474, 319)"
251010_125634_0000080761_CAM1_NG_bmp.rf.0cf1178d427474ba79584a27790c6acc.jpg,qblock,7,#494949,73,73,73,"(267, 85, 282, 93)"
251010_125634_0000080761_CAM1_NG_bmp.rf.0cf1178d427474ba79584a27790c6acc.jpg,qblock,12,#505050,80,80,80,"(362, 84, 377, 92)"
251010_125634_0000080761_CAM1_NG_bmp.rf.0cf1178d427474ba79584a27790c6acc.jpg,qblock,13,#4c4c4c,76,76,76,"(552, 83, 568, 91)"
251010_125634_0000080761_CAM1_NG_bmp.rf.0cf1178d427474ba79584a27790c6acc.jpg,qblock,15,#5a5a5a,90,90,90,"(457, 83, 473, 91)"
251010_125634_0000080761_CAM1_NG_bmp.rf.0cf1178d427474ba79584a27790c6acc.jpg,qblock,16,#4a4a4a,74,74,74,"(553, 311, 569, 319)"
251010_125634_0000080761_CAM1_NG_bmp.rf.0cf1178d427474ba79584a27790c6acc.jpg,qblock,17,#535353,83,83,83,"(174, 312, 190, 320)"
251010_125634_0000080761_CAM1_NG_bmp.rf.0cf1178d427474ba79584a27790c6acc.jpg,qblock,22,#454545,69,69,69,"(79, 86, 94, 95)"
251010_125634_0000080761_CAM1_NG_bmp.rf.0cf1178d427474ba79584a27790c6acc.jpg,qblock,23,#464646,70,70,70,"(80, 312, 95, 321)"
251107_232212_0000097464_CAM1_NG_bmp.rf.5756a14a994d3f1f58a08d97cd5b2eb4.jpg,incorrect qblock,0,#b6b6b6,182,182,182,"(646, 167, 662, 176)"
251107_232212_0000097464_CAM1_NG_bmp.rf.5756a14a994d3f1f58a08d97cd5b2eb4.jpg,incorrect qblock,1,#b5b5b5,181,181,181,"(266, 170, 281, 178)"
251107_232212_0000097464_CAM1_NG_bmp.rf.5756a14a994d3f1f58a08d97cd5b2eb4.jpg,incorrect qblock,2,#a6a6a6,166,166,166,"(77, 171, 93, 179)"
251107_232212_0000097464_CAM1_NG_bmp.rf.5756a14a994d3f1f58a08d97cd5b2eb4.jpg,incorrect qblock,3,#bebebe,190,190,190,"(551, 168, 568, 176)"
251107_232212_0000097464_CAM1_NG_bmp.rf.5756a14a994d3f1f58a08d97cd5b2eb4.jpg,incorrect qblock,4,#b6b6b6,182,182,182,"(172, 170, 187, 179)"
251107_232212_0000097464_CAM1_NG_bmp.rf.5756a14a994d3f1f58a08d97cd5b2eb4.jpg,incorrect qblock,5,#b6b6b6,182,182,182,"(632, 130, 644, 136)"
251107_232212_0000097464_CAM1_NG_bmp.rf.5756a14a994d3f1f58a08d97cd5b2eb4.jpg,incorrect qblock,6,#bfbfbf,191,191,191,"(456, 169, 472, 177)"
251107_232212_0000097464_CAM1_NG_bmp.rf.5756a14a994d3f1f58a08d97cd5b2eb4.jpg,incorrect qblock,7,#b0b0b0,176,176,176,"(251, 133, 263, 137)"
251107_232212_0000097464_CAM1_NG_bmp.rf.5756a14a994d3f1f58a08d97cd5b2eb4.jpg,incorrect qblock,8,#bbbbbb,187,187,187,"(361, 169, 376, 177)"
251107_232212_0000097464_CAM1_NG_bmp.rf.5756a14a994d3f1f58a08d97cd5b2eb4.jpg,incorrect qblock,9,#c2c2c2,194,194,194,"(441, 131, 454, 136)"
251107_232212_0000097464_CAM1_NG_bmp.rf.5756a14a994d3f1f58a08d97cd5b2eb4.jpg,incorrect qblock,10,#bcbcbc,188,188,188,"(346, 132, 358, 136)"
251107_232212_0000097464_CAM1_NG_bmp.rf.5756a14a994d3f1f58a08d97cd5b2eb4.jpg,incorrect qblock,11,#a8a8a8,168,168,168,"(157, 134, 169, 138)"
251107_232212_0000097464_CAM1_NG_bmp.rf.5756a14a994d3f1f58a08d97cd5b2eb4.jpg,incorrect qblock,12,#bababa,186,186,186,"(727, 130, 739, 135)"
251107_232212_0000097464_CAM1_NG_bmp.rf.5756a14a994d3f1f58a08d97cd5b2eb4.jpg,incorrect qblock,13,#bebebe,190,190,190,"(536, 131, 549, 136)"
251010_124907_0000080558_CAM1_NG_bmp.rf.d0ed17866a0ebe4642072c5294850992.jpg,qblock,0,#5f5f5f,95,95,95,"(266, 92, 283, 101)"
251010_124907_0000080558_CAM1_NG_bmp.rf.d0ed17866a0ebe4642072c5294850992.jpg,qblock,1,#525252,82,82,82,"(647, 90, 664, 98)"
251010_124907_0000080558_CAM1_NG_bmp.rf.d0ed17866a0ebe4642072c5294850992.jpg,qblock,2,#626262,98,98,98,"(648, 316, 665, 325)"
251010_124907_0000080558_CAM1_NG_bmp.rf.d0ed17866a0ebe4642072c5294850992.jpg,qblock,4,#606060,96,96,96,"(268, 318, 284, 327)"
251010_124907_0000080558_CAM1_NG_bmp.rf.d0ed17866a0ebe4642072c5294850992.jpg,qblock,8,#525252,82,82,82,"(457, 91, 473, 99)"
251010_124907_0000080558_CAM1_NG_bmp.rf.d0ed17866a0ebe4642072c5294850992.jpg,qblock,11,#5c5c5c,92,92,92,"(362, 91, 378, 100)"
251010_124907_0000080558_CAM1_NG_bmp.rf.d0ed17866a0ebe4642072c5294850992.jpg,qblock,12,#535353,83,83,83,"(458, 318, 474, 326)"
251010_124907_0000080558_CAM1_NG_bmp.rf.d0ed17866a0ebe4642072c5294850992.jpg,qblock,13,#585858,88,88,88,"(552, 90, 568, 99)"
251010_124907_0000080558_CAM1_NG_bmp.rf.d0ed17866a0ebe4642072c5294850992.jpg,qblock,16,#595959,89,89,89,"(363, 318, 379, 327)"
251010_124907_0000080558_CAM1_NG_bmp.rf.d0ed17866a0ebe4642072c5294850992.jpg,qblock,17,#4e4e4e,78,78,78,"(174, 319, 190, 327)"
251010_124907_0000080558_CAM1_NG_bmp.rf.d0ed17866a0ebe4642072c5294850992.jpg,qblock,19,#3f3f3f,63,63,63,"(78, 94, 94, 102)"
251010_124907_0000080558_CAM1_NG_bmp.rf.d0ed17866a0ebe4642072c5294850992.jpg,qblock,21,#565656,86,86,86,"(172, 93, 188, 101)"
251010_124907_0000080558_CAM1_NG_bmp.rf.d0ed17866a0ebe4642072c5294850992.jpg,qblock,22,#545454,84,84,84,"(554, 317, 570, 326)"
251010_124907_0000080558_CAM1_NG_bmp.rf.d0ed17866a0ebe4642072c5294850992.jpg,qblock,23,#454545,69,69,69,"(80, 319, 96, 328)"
251107_231952_0000097001_CAM1_NG_bmp.rf.7f69b5935e8e5260075e44e10b2740a0.jpg,incorrect qblock,0,#b4b4b4,180,180,180,"(646, 167, 662, 175)"
251107_231952_0000097001_CAM1_NG_bmp.rf.7f69b5935e8e5260075e44e10b2740a0.jpg,incorrect qblock,1,#b9b9b9,185,185,185,"(266, 169, 281, 178)"
251107_231952_0000097001_CAM1_NG_bmp.rf.7f69b5935e8e5260075e44e10b2740a0.jpg,incorrect qblock,2,#a1a1a1,161,161,161,"(77, 171, 93, 179)"
251107_231952_0000097001_CAM1_NG_bmp.rf.7f69b5935e8e5260075e44e10b2740a0.jpg,incorrect qblock,3,#b3b3b3,179,179,179,"(172, 170, 187, 178)"
251107_231952_0000097001_CAM1_NG_bmp.rf.7f69b5935e8e5260075e44e10b2740a0.jpg,incorrect qblock,4,#c4c4c4,196,196,196,"(456, 168, 472, 176)"
251107_231952_0000097001_CAM1_NG_bmp.rf.7f69b5935e8e5260075e44e10b2740a0.jpg,incorrect qblock,5,#bbbbbb,187,187,187,"(552, 167, 568, 176)"
251107_231952_0000097001_CAM1_NG_bmp.rf.7f69b5935e8e5260075e44e10b2740a0.jpg,incorrect qblock,6,#b5b5b5,181,181,181,"(251, 132, 264, 137)"
251107_231952_0000097001_CAM1_NG_bmp.rf.7f69b5935e8e5260075e44e10b2740a0.jpg,incorrect qblock,7,#bbbbbb,187,187,187,"(361, 169, 376, 176)"
251107_231952_0000097001_CAM1_NG_bmp.rf.7f69b5935e8e5260075e44e10b2740a0.jpg,incorrect qblock,8,#acacac,172,172,172,"(158, 133, 170, 138)"
251107_231952_0000097001_CAM1_NG_bmp.rf.7f69b5935e8e5260075e44e10b2740a0.jpg,incorrect qblock,9,#b7b7b7,183,183,183,"(346, 132, 358, 136)"
251107_231952_0000097001_CAM1_NG_bmp.rf.7f69b5935e8e5260075e44e10b2740a0.jpg,incorrect qblock,10,#c0c0c0,192,192,192,"(441, 131, 454, 135)"
251107_231952_0000097001_CAM1_NG_bmp.rf.7f69b5935e8e5260075e44e10b2740a0.jpg,incorrect qblock,11,#b5b5b5,181,181,181,"(632, 130, 645, 135)"
251107_231952_0000097001_CAM1_NG_bmp.rf.7f69b5935e8e5260075e44e10b2740a0.jpg,incorrect qblock,12,#c0c0c0,192,192,192,"(537, 130, 549, 135)"
251010_125645_0000080799_CAM1_NG_bmp.rf.a1aba995965d81768144476f86d812cf.jpg,qblock,2,#5e5e5e,94,94,94,"(268, 308, 284, 317)"
251010_125645_0000080799_CAM1_NG_bmp.rf.a1aba995965d81768144476f86d812cf.jpg,qblock,3,#575757,87,87,87,"(647, 79, 663, 87)"
251010_125645_0000080799_CAM1_NG_bmp.rf.a1aba995965d81768144476f86d812cf.jpg,qblock,6,#4f4f4f,79,79,79,"(458, 308, 474, 316)"
251010_125645_0000080799_CAM1_NG_bmp.rf.a1aba995965d81768144476f86d812cf.jpg,qblock,7,#5c5c5c,92,92,92,"(457, 80, 473, 89)"
251010_125645_0000080799_CAM1_NG_bmp.rf.a1aba995965d81768144476f86d812cf.jpg,qblock,10,#515151,81,81,81,"(267, 82, 283, 90)"
251010_125645_0000080799_CAM1_NG_bmp.rf.a1aba995965d81768144476f86d812cf.jpg,qblock,12,#515151,81,81,81,"(552, 80, 568, 88)"
251010_125645_0000080799_CAM1_NG_bmp.rf.a1aba995965d81768144476f86d812cf.jpg,qblock,13,#585858,88,88,88,"(363, 308, 379, 316)"
251010_125645_0000080799_CAM1_NG_bmp.rf.a1aba995965d81768144476f86d812cf.jpg,qblock,16,#555555,85,85,85,"(362, 81, 378, 89)"
251010_125645_0000080799_CAM1_NG_bmp.rf.a1aba995965d81768144476f86d812cf.jpg,qblock,17,#4d4d4d,77,77,77,"(174, 309, 190, 317)"
251010_125645_0000080799_CAM1_NG_bmp.rf.a1aba995965d81768144476f86d812cf.jpg,qblock,19,#474747,71,71,71,"(649, 307, 665, 315)"
251010_125645_0000080799_CAM1_NG_bmp.rf.a1aba995965d81768144476f86d812cf.jpg,qblock,20,#626262,98,98,98,"(172, 82, 188, 91)"
251010_125645_0000080799_CAM1_NG_bmp.rf.a1aba995965d81768144476f86d812cf.jpg,qblock,22,#505050,80,80,80,"(554, 307, 569, 315)"
251010_125645_0000080799_CAM1_NG_bmp.rf.a1aba995965d81768144476f86d812cf.jpg,qblock,25,#454545,69,69,69,"(80, 309, 96, 318)"
251010_125625_0000080729_CAM1_NG_bmp.rf.0ef668c4903c1ea6856b1a9046ef2c7d.jpg,qblock,5,#5d5d5d,93,93,93,"(268, 325, 284, 333)"
251010_125625_0000080729_CAM1_NG_bmp.rf.0ef668c4903c1ea6856b1a9046ef2c7d.jpg,qblock,7,#545454,84,84,84,"(363, 325, 379, 333)"
251010_125625_0000080729_CAM1_NG_bmp.rf.0ef668c4903c1ea6856b1a9046ef2c7d.jpg,qblock,8,#4a4a4a,74,74,74,"(648, 324, 665, 332)"
251010_125625_0000080729_CAM1_NG_bmp.rf.0ef668c4903c1ea6856b1a9046ef2c7d.jpg,qblock,9,#4b4b4b,75,75,75,"(458, 325, 474, 333)"
251010_125625_0000080729_CAM1_NG_bmp.rf.0ef668c4903c1ea6856b1a9046ef2c7d.jpg,qblock,11,#5c5c5c,92,92,92,"(172, 99, 188, 107)"
251010_125625_0000080729_CAM1_NG_bmp.rf.0ef668c4903c1ea6856b1a9046ef2c7d.jpg,qblock,12,#5b5b5b,91,91,91,"(267, 98, 283, 107)"
251010_125625_0000080729_CAM1_NG_bmp.rf.0ef668c4903c1ea6856b1a9046ef2c7d.jpg,qblock,14,#4e4e4e,78,78,78,"(362, 98, 377, 106)"
251010_125625_0000080729_CAM1_NG_bmp.rf.0ef668c4903c1ea6856b1a9046ef2c7d.jpg,qblock,16,#595959,89,89,89,"(457, 97, 473, 105)"
251010_125625_0000080729_CAM1_NG_bmp.rf.0ef668c4903c1ea6856b1a9046ef2c7d.jpg,qblock,17,#5c5c5c,92,92,92,"(648, 95, 663, 104)"
251010_125625_0000080729_CAM1_NG_bmp.rf.0ef668c4903c1ea6856b1a9046ef2c7d.jpg,qblock,18,#545454,84,84,84,"(553, 324, 569, 332)"
251010_125625_0000080729_CAM1_NG_bmp.rf.0ef668c4903c1ea6856b1a9046ef2c7d.jpg,qblock,21,#3d3d3d,61,61,61,"(80, 326, 96, 334)"
251010_125625_0000080729_CAM1_NG_bmp.rf.0ef668c4903c1ea6856b1a9046ef2c7d.jpg,qblock,22,#595959,89,89,89,"(174, 325, 190, 334)"
251107_231842_0000096768_CAM1_NG_bmp.rf.9ab23181022570981df21ab3cc593dc2.jpg,incorrect qblock,0,#bdbdbd,189,189,189,"(646, 166, 662, 175)"
251107_231842_0000096768_CAM1_NG_bmp.rf.9ab23181022570981df21ab3cc593dc2.jpg,incorrect qblock,1,#afafaf,175,175,175,"(266, 170, 281, 177)"
251107_231842_0000096768_CAM1_NG_bmp.rf.9ab23181022570981df21ab3cc593dc2.jpg,incorrect qblock,2,#a5a5a5,165,165,165,"(77, 170, 93, 179)"
251107_231842_0000096768_CAM1_NG_bmp.rf.9ab23181022570981df21ab3cc593dc2.jpg,incorrect qblock,3,#afafaf,175,175,175,"(172, 170, 187, 178)"
251107_231842_0000096768_CAM1_NG_bmp.rf.9ab23181022570981df21ab3cc593dc2.jpg,incorrect qblock,4,#c4c4c4,196,196,196,"(456, 168, 472, 176)"
251107_231842_0000096768_CAM1_NG_bmp.rf.9ab23181022570981df21ab3cc593dc2.jpg,incorrect qblock,5,#bebebe,190,190,190,"(551, 167, 568, 176)"
251107_231842_0000096768_CAM1_NG_bmp.rf.9ab23181022570981df21ab3cc593dc2.jpg,incorrect qblock,6,#b6b6b6,182,182,182,"(251, 132, 264, 137)"
251107_231842_0000096768_CAM1_NG_bmp.rf.9ab23181022570981df21ab3cc593dc2.jpg,incorrect qblock,7,#bababa,186,186,186,"(361, 169, 376, 176)"
251107_231842_0000096768_CAM1_NG_bmp.rf.9ab23181022570981df21ab3cc593dc2.jpg,incorrect qblock,8,#afafaf,175,175,175,"(157, 133, 170, 137)"
251107_231842_0000096768_CAM1_NG_bmp.rf.9ab23181022570981df21ab3cc593dc2.jpg,incorrect qblock,9,#c2c2c2,194,194,194,"(441, 131, 454, 135)"
251107_231842_0000096768_CAM1_NG_bmp.rf.9ab23181022570981df21ab3cc593dc2.jpg,incorrect qblock,10,#b4b4b4,180,180,180,"(346, 132, 359, 136)"
251107_231842_0000096768_CAM1_NG_bmp.rf.9ab23181022570981df21ab3cc593dc2.jpg,incorrect qblock,11,#b4b4b4,180,180,180,"(632, 130, 644, 135)"
251107_231842_0000096768_CAM1_NG_bmp.rf.9ab23181022570981df21ab3cc593dc2.jpg,incorrect qblock,12,#bfbfbf,191,191,191,"(537, 130, 549, 135)"
251107_231842_0000096768_CAM1_NG_bmp.rf.9ab23181022570981df21ab3cc593dc2.jpg,incorrect qblock,13,#b8b8b8,184,184,184,"(727, 130, 739, 135)"
251010_125638_0000080774_CAM1_NG_bmp.rf.6ccd22150a192c09066cd75e341ff0c7.jpg,qblock,3,#4d4d4d,77,77,77,"(459, 310, 475, 318)"
251010_125638_0000080774_CAM1_NG_bmp.rf.6ccd22150a192c09066cd75e341ff0c7.jpg,qblock,4,#585858,88,88,88,"(268, 311, 285, 319)"
251010_125638_0000080774_CAM1_NG_bmp.rf.6ccd22150a192c09066cd75e341ff0c7.jpg,qblock,6,#505050,80,80,80,"(647, 81, 663, 89)"
251010_125638_0000080774_CAM1_NG_bmp.rf.6ccd22150a192c09066cd75e341ff0c7.jpg,qblock,9,#494949,73,73,73,"(649, 309, 665, 317)"
251010_125638_0000080774_CAM1_NG_bmp.rf.6ccd22150a192c09066cd75e341ff0c7.jpg,qblock,10,#555555,85,85,85,"(457, 82, 473, 90)"
251010_125638_0000080774_CAM1_NG_bmp.rf.6ccd22150a192c09066cd75e341ff0c7.jpg,qblock,13,#4f4f4f,79,79,79,"(362, 83, 378, 91)"
251010_125638_0000080774_CAM1_NG_bmp.rf.6ccd22150a192c09066cd75e341ff0c7.jpg,qblock,15,#5b5b5b,91,91,91,"(267, 83, 283, 92)"
251010_125638_0000080774_CAM1_NG_bmp.rf.6ccd22150a192c09066cd75e341ff0c7.jpg,qblock,16,#595959,89,89,89,"(552, 81, 568, 90)"
251010_125638_0000080774_CAM1_NG_bmp.rf.6ccd22150a192c09066cd75e341ff0c7.jpg,qblock,17,#555555,85,85,85,"(554, 309, 570, 317)"
251010_125638_0000080774_CAM1_NG_bmp.rf.6ccd22150a192c09066cd75e341ff0c7.jpg,qblock,18,#565656,86,86,86,"(364, 310, 380, 319)"
251010_125638_0000080774_CAM1_NG_bmp.rf.6ccd22150a192c09066cd75e341ff0c7.jpg,qblock,22,#545454,84,84,84,"(174, 311, 190, 319)"
251010_125638_0000080774_CAM1_NG_bmp.rf.6ccd22150a192c09066cd75e341ff0c7.jpg,qblock,24,#464646,70,70,70,"(80, 311, 96, 320)"
251010_125638_0000080774_CAM1_NG_bmp.rf.6ccd22150a192c09066cd75e341ff0c7.jpg,qblock,25,#525252,82,82,82,"(173, 84, 188, 93)"
251010_125638_0000080774_CAM1_NG_bmp.rf.6ccd22150a192c09066cd75e341ff0c7.jpg,qblock,26,#464646,70,70,70,"(79, 85, 95, 94)"
251107_232103_0000097236_CAM1_NG_bmp.rf.c7f621774bf0a8088b5d1445dd50179f.jpg,incorrect qblock,0,#afafaf,175,175,175,"(646, 167, 662, 175)"
251107_232103_0000097236_CAM1_NG_bmp.rf.c7f621774bf0a8088b5d1445dd50179f.jpg,incorrect qblock,1,#b7b7b7,183,183,183,"(266, 169, 281, 178)"
251107_232103_0000097236_CAM1_NG_bmp.rf.c7f621774bf0a8088b5d1445dd50179f.jpg,incorrect qblock,2,#a4a4a4,164,164,164,"(77, 171, 93, 179)"
251107_232103_0000097236_CAM1_NG_bmp.rf.c7f621774bf0a8088b5d1445dd50179f.jpg,incorrect qblock,3,#c7c7c7,199,199,199,"(456, 168, 472, 176)"
251107_232103_0000097236_CAM1_NG_bmp.rf.c7f621774bf0a8088b5d1445dd50179f.jpg,incorrect qblock,4,#b2b2b2,178,178,178,"(172, 170, 187, 178)"
251107_232103_0000097236_CAM1_NG_bmp.rf.c7f621774bf0a8088b5d1445dd50179f.jpg,incorrect qblock,5,#bebebe,190,190,190,"(551, 167, 568, 176)"
251107_232103_0000097236_CAM1_NG_bmp.rf.c7f621774bf0a8088b5d1445dd50179f.jpg,incorrect qblock,6,#b8b8b8,184,184,184,"(251, 132, 264, 137)"
251107_232103_0000097236_CAM1_NG_bmp.rf.c7f621774bf0a8088b5d1445dd50179f.jpg,incorrect qblock,7,#bababa,186,186,186,"(361, 169, 376, 176)"
251107_232103_0000097236_CAM1_NG_bmp.rf.c7f621774bf0a8088b5d1445dd50179f.jpg,incorrect qblock,8,#b1b1b1,177,177,177,"(157, 133, 169, 138)"
251107_232103_0000097236_CAM1_NG_bmp.rf.c7f621774bf0a8088b5d1445dd50179f.jpg,incorrect qblock,9,#b5b5b5,181,181,181,"(346, 132, 359, 136)"
251107_232103_0000097236_CAM1_NG_bmp.rf.c7f621774bf0a8088b5d1445dd50179f.jpg,incorrect qblock,10,#bebebe,190,190,190,"(441, 131, 454, 135)"
251107_232103_0000097236_CAM1_NG_bmp.rf.c7f621774bf0a8088b5d1445dd50179f.jpg,incorrect qblock,11,#b6b6b6,182,182,182,"(727, 129, 739, 134)"
251107_232103_0000097236_CAM1_NG_bmp.rf.c7f621774bf0a8088b5d1445dd50179f.jpg,incorrect qblock,12,#b7b7b7,183,183,183,"(632, 130, 645, 135)"
251107_232103_0000097236_CAM1_NG_bmp.rf.c7f621774bf0a8088b5d1445dd50179f.jpg,incorrect qblock,13,#c3c3c3,195,195,195,"(536, 130, 549, 135)"
251107_232330_0000097726_CAM1_NG_bmp.rf.3323a65b827bb7098df1edb10c60c4ac.jpg,incorrect qblock,0,#b6b6b6,182,182,182,"(266, 170, 281, 178)"
251107_232330_0000097726_CAM1_NG_bmp.rf.3323a65b827bb7098df1edb10c60c4ac.jpg,incorrect qblock,1,#bfbfbf,191,191,191,"(646, 167, 662, 176)"
251107_232330_0000097726_CAM1_NG_bmp.rf.3323a65b827bb7098df1edb10c60c4ac.jpg,incorrect qblock,2,#aeaeae,174,174,174,"(172, 171, 187, 179)"
251107_232330_0000097726_CAM1_NG_bmp.rf.3323a65b827bb7098df1edb10c60c4ac.jpg,incorrect qblock,3,#c3c3c3,195,195,195,"(551, 168, 568, 176)"
251107_232330_0000097726_CAM1_NG_bmp.rf.3323a65b827bb7098df1edb10c60c4ac.jpg,incorrect qblock,4,#b0b0b0,176,176,176,"(632, 131, 644, 136)"
251107_232330_0000097726_CAM1_NG_bmp.rf.3323a65b827bb7098df1edb10c60c4ac.jpg,incorrect qblock,5,#a2a2a2,162,162,162,"(77, 172, 93, 180)"
251107_232330_0000097726_CAM1_NG_bmp.rf.3323a65b827bb7098df1edb10c60c4ac.jpg,incorrect qblock,6,#c1c1c1,193,193,193,"(456, 169, 472, 177)"
251107_232330_0000097726_CAM1_NG_bmp.rf.3323a65b827bb7098df1edb10c60c4ac.jpg,incorrect qblock,7,#b7b7b7,183,183,183,"(361, 170, 376, 178)"
251107_232330_0000097726_CAM1_NG_bmp.rf.3323a65b827bb7098df1edb10c60c4ac.jpg,incorrect qblock,8,#c3c3c3,195,195,195,"(441, 132, 454, 136)"
251107_232330_0000097726_CAM1_NG_bmp.rf.3323a65b827bb7098df1edb10c60c4ac.jpg,incorrect qblock,9,#c1c1c1,193,193,193,"(346, 132, 359, 137)"
251107_232330_0000097726_CAM1_NG_bmp.rf.3323a65b827bb7098df1edb10c60c4ac.jpg,incorrect qblock,10,#b9b9b9,185,185,185,"(251, 133, 263, 138)"
251107_232330_0000097726_CAM1_NG_bmp.rf.3323a65b827bb7098df1edb10c60c4ac.jpg,incorrect qblock,11,#c0c0c0,192,192,192,"(727, 130, 739, 136)"
251107_232330_0000097726_CAM1_NG_bmp.rf.3323a65b827bb7098df1edb10c60c4ac.jpg,incorrect qblock,12,#c2c2c2,194,194,194,"(536, 131, 549, 136)"
251107_232330_0000097726_CAM1_NG_bmp.rf.3323a65b827bb7098df1edb10c60c4ac.jpg,incorrect qblock,13,#b1b1b1,177,177,177,"(157, 134, 169, 138)"
251107_231741_0000096566_CAM1_NG_bmp.rf.27391f330c398610a0db23215598ffb1.jpg,incorrect qblock,0,#b6b6b6,182,182,182,"(646, 167, 662, 176)"
251107_231741_0000096566_CAM1_NG_bmp.rf.27391f330c398610a0db23215598ffb1.jpg,incorrect qblock,1,#b4b4b4,180,180,180,"(266, 170, 281, 178)"
251107_231741_0000096566_CAM1_NG_bmp.rf.27391f330c398610a0db23215598ffb1.jpg,incorrect qblock,2,#acacac,172,172,172,"(172, 171, 187, 179)"
251107_231741_0000096566_CAM1_NG_bmp.rf.27391f330c398610a0db23215598ffb1.jpg,incorrect qblock,3,#b9b9b9,185,185,185,"(551, 168, 568, 176)"
251107_231741_0000096566_CAM1_NG_bmp.rf.27391f330c398610a0db23215598ffb1.jpg,incorrect qblock,4,#a0a0a0,160,160,160,"(77, 172, 93, 180)"
251107_231741_0000096566_CAM1_NG_bmp.rf.27391f330c398610a0db23215598ffb1.jpg,incorrect qblock,5,#bdbdbd,189,189,189,"(361, 169, 376, 177)"
251107_231741_0000096566_CAM1_NG_bmp.rf.27391f330c398610a0db23215598ffb1.jpg,incorrect qblock,6,#bfbfbf,191,191,191,"(456, 169, 472, 177)"
251107_231741_0000096566_CAM1_NG_bmp.rf.27391f330c398610a0db23215598ffb1.jpg,incorrect qblock,7,#adadad,173,173,173,"(252, 133, 264, 137)"
251107_231741_0000096566_CAM1_NG_bmp.rf.27391f330c398610a0db23215598ffb1.jpg,incorrect qblock,8,#b5b5b5,181,181,181,"(632, 130, 645, 135)"
251107_231741_0000096566_CAM1_NG_bmp.rf.27391f330c398610a0db23215598ffb1.jpg,incorrect qblock,9,#c0c0c0,192,192,192,"(441, 131, 454, 136)"
251107_231741_0000096566_CAM1_NG_bmp.rf.27391f330c398610a0db23215598ffb1.jpg,incorrect qblock,10,#acacac,172,172,172,"(157, 133, 169, 138)"
251107_231741_0000096566_CAM1_NG_bmp.rf.27391f330c398610a0db23215598ffb1.jpg,incorrect qblock,11,#b9b9b9,185,185,185,"(346, 132, 358, 136)"
251107_231741_0000096566_CAM1_NG_bmp.rf.27391f330c398610a0db23215598ffb1.jpg,incorrect qblock,12,#b6b6b6,182,182,182,"(537, 131, 549, 136)"
251107_231741_0000096566_CAM1_NG_bmp.rf.27391f330c398610a0db23215598ffb1.jpg,incorrect qblock,13,#b4b4b4,180,180,180,"(727, 130, 739, 135)"
251010_115528_0000080416_CAM1_NG_bmp.rf.58f66051d819bc9d7761b0b8cac4600f.jpg,qblock,0,#5d5d5d,93,93,93,"(649, 56, 665, 65)"
251010_115528_0000080416_CAM1_NG_bmp.rf.58f66051d819bc9d7761b0b8cac4600f.jpg,qblock,1,#5e5e5e,94,94,94,"(459, 57, 475, 66)"
251010_115528_0000080416_CAM1_NG_bmp.rf.58f66051d819bc9d7761b0b8cac4600f.jpg,qblock,2,#5f5f5f,95,95,95,"(268, 59, 285, 68)"
251010_115528_0000080416_CAM1_NG_bmp.rf.58f66051d819bc9d7761b0b8cac4600f.jpg,qblock,4,#545454,84,84,84,"(650, 283, 666, 292)"
251010_115528_0000080416_CAM1_NG_bmp.rf.58f66051d819bc9d7761b0b8cac4600f.jpg,qblock,6,#4d4d4d,77,77,77,"(555, 284, 571, 292)"
251010_115528_0000080416_CAM1_NG_bmp.rf.58f66051d819bc9d7761b0b8cac4600f.jpg,qblock,7,#474747,71,71,71,"(460, 285, 476, 293)"
251010_115528_0000080416_CAM1_NG_bmp.rf.58f66051d819bc9d7761b0b8cac4600f.jpg,qblock,8,#4b4b4b,75,75,75,"(175, 286, 191, 294)"
251010_115528_0000080416_CAM1_NG_bmp.rf.58f66051d819bc9d7761b0b8cac4600f.jpg,qblock,9,#4e4e4e,78,78,78,"(365, 285, 381, 293)"
251010_115528_0000080416_CAM1_NG_bmp.rf.58f66051d819bc9d7761b0b8cac4600f.jpg,qblock,10,#565656,86,86,86,"(174, 60, 190, 69)"
251010_115528_0000080416_CAM1_NG_bmp.rf.58f66051d819bc9d7761b0b8cac4600f.jpg,qblock,11,#636363,99,99,99,"(363, 58, 380, 67)"
251010_115528_0000080416_CAM1_NG_bmp.rf.58f66051d819bc9d7761b0b8cac4600f.jpg,qblock,12,#545454,84,84,84,"(554, 57, 570, 66)"
251010_115528_0000080416_CAM1_NG_bmp.rf.58f66051d819bc9d7761b0b8cac4600f.jpg,qblock,17,#4c4c4c,76,76,76,"(80, 61, 96, 70)"
251010_115528_0000080416_CAM1_NG_bmp.rf.58f66051d819bc9d7761b0b8cac4600f.jpg,qblock,20,#4a4a4a,74,74,74,"(81, 286, 97, 295)"
251010_125650_0000080816_CAM1_NG_bmp.rf.c0c79562c5537889b8958f77bc01287d.jpg,qblock,1,#5d5d5d,93,93,93,"(268, 309, 284, 317)"
251010_125650_0000080816_CAM1_NG_bmp.rf.c0c79562c5537889b8958f77bc01287d.jpg,qblock,2,#4e4e4e,78,78,78,"(647, 80, 663, 88)"
251010_125650_0000080816_CAM1_NG_bmp.rf.c0c79562c5537889b8958f77bc01287d.jpg,qblock,7,#5a5a5a,90,90,90,"(458, 308, 474, 317)"
251010_125650_0000080816_CAM1_NG_bmp.rf.c0c79562c5537889b8958f77bc01287d.jpg,qblock,9,#585858,88,88,88,"(552, 80, 568, 88)"
251010_125650_0000080816_CAM1_NG_bmp.rf.c0c79562c5537889b8958f77bc01287d.jpg,qblock,10,#575757,87,87,87,"(267, 82, 283, 91)"
251010_125650_0000080816_CAM1_NG_bmp.rf.c0c79562c5537889b8958f77bc01287d.jpg,qblock,12,#535353,83,83,83,"(363, 309, 379, 317)"
251010_125650_0000080816_CAM1_NG_bmp.rf.c0c79562c5537889b8958f77bc01287d.jpg,qblock,13,#535353,83,83,83,"(457, 81, 473, 89)"
251010_125650_0000080816_CAM1_NG_bmp.rf.c0c79562c5537889b8958f77bc01287d.jpg,qblock,15,#606060,96,96,96,"(361, 81, 377, 90)"
251010_125650_0000080816_CAM1_NG_bmp.rf.c0c79562c5537889b8958f77bc01287d.jpg,qblock,17,#565656,86,86,86,"(649, 307, 665, 315)"
251010_125650_0000080816_CAM1_NG_bmp.rf.c0c79562c5537889b8958f77bc01287d.jpg,qblock,21,#5a5a5a,90,90,90,"(174, 309, 190, 318)"
251010_125650_0000080816_CAM1_NG_bmp.rf.c0c79562c5537889b8958f77bc01287d.jpg,qblock,22,#575757,87,87,87,"(172, 83, 188, 91)"
251010_125650_0000080816_CAM1_NG_bmp.rf.c0c79562c5537889b8958f77bc01287d.jpg,qblock,23,#4b4b4b,75,75,75,"(554, 308, 569, 316)"
251010_125650_0000080816_CAM1_NG_bmp.rf.c0c79562c5537889b8958f77bc01287d.jpg,qblock,25,#444444,68,68,68,"(80, 310, 96, 318)"
251010_125650_0000080816_CAM1_NG_bmp.rf.c0c79562c5537889b8958f77bc01287d.jpg,qblock,26,#444444,68,68,68,"(79, 84, 94, 93)"
251010_070211_0000043540_CAM1_NG_bmp.rf.b37d5cbef9c5fc1ee92cd52985d506a4.jpg,qblock,0,#565656,86,86,86,"(648, 62, 665, 71)"
251010_070211_0000043540_CAM1_NG_bmp.rf.b37d5cbef9c5fc1ee92cd52985d506a4.jpg,qblock,7,#5a5a5a,90,90,90,"(268, 64, 284, 73)"
251010_070211_0000043540_CAM1_NG_bmp.rf.b37d5cbef9c5fc1ee92cd52985d506a4.jpg,qblock,8,#565656,86,86,86,"(458, 63, 475, 72)"
251010_070211_0000043540_CAM1_NG_bmp.rf.b37d5cbef9c5fc1ee92cd52985d506a4.jpg,qblock,9,#585858,88,88,88,"(269, 291, 286, 300)"
251010_070211_0000043540_CAM1_NG_bmp.rf.b37d5cbef9c5fc1ee92cd52985d506a4.jpg,qblock,11,#4a4a4a,74,74,74,"(555, 290, 571, 299)"
251010_070211_0000043540_CAM1_NG_bmp.rf.b37d5cbef9c5fc1ee92cd52985d506a4.jpg,qblock,12,#535353,83,83,83,"(364, 291, 381, 300)"
251010_070211_0000043540_CAM1_NG_bmp.rf.b37d5cbef9c5fc1ee92cd52985d506a4.jpg,qblock,13,#5e5e5e,94,94,94,"(553, 62, 570, 71)"
251010_070211_0000043540_CAM1_NG_bmp.rf.b37d5cbef9c5fc1ee92cd52985d506a4.jpg,qblock,14,#515151,81,81,81,"(650, 289, 666, 298)"
251010_070211_0000043540_CAM1_NG_bmp.rf.b37d5cbef9c5fc1ee92cd52985d506a4.jpg,qblock,15,#515151,81,81,81,"(363, 64, 379, 72)"
251010_070211_0000043540_CAM1_NG_bmp.rf.b37d5cbef9c5fc1ee92cd52985d506a4.jpg,qblock,16,#595959,89,89,89,"(459, 290, 476, 299)"
251010_070211_0000043540_CAM1_NG_bmp.rf.b37d5cbef9c5fc1ee92cd52985d506a4.jpg,qblock,19,#5b5b5b,91,91,91,"(175, 291, 191, 300)"
251107_232301_0000097627_CAM1_NG_bmp.rf.eec17793f2c984ea2097d423010ceffc.jpg,incorrect qblock,0,#b5b5b5,181,181,181,"(266, 170, 281, 178)"
251107_232301_0000097627_CAM1_NG_bmp.rf.eec17793f2c984ea2097d423010ceffc.jpg,incorrect qblock,1,#b7b7b7,183,183,183,"(646, 167, 662, 176)"
251107_232301_0000097627_CAM1_NG_bmp.rf.eec17793f2c984ea2097d423010ceffc.jpg,incorrect qblock,2,#aeaeae,174,174,174,"(172, 171, 187, 179)"
251107_232301_0000097627_CAM1_NG_bmp.rf.eec17793f2c984ea2097d423010ceffc.jpg,incorrect qblock,3,#bdbdbd,189,189,189,"(551, 168, 568, 176)"
251107_232301_0000097627_CAM1_NG_bmp.rf.eec17793f2c984ea2097d423010ceffc.jpg,incorrect qblock,4,#a1a1a1,161,161,161,"(77, 172, 93, 180)"
251107_232301_0000097627_CAM1_NG_bmp.rf.eec17793f2c984ea2097d423010ceffc.jpg,incorrect qblock,5,#c2c2c2,194,194,194,"(456, 169, 472, 177)"
251107_232301_0000097627_CAM1_NG_bmp.rf.eec17793f2c984ea2097d423010ceffc.jpg,incorrect qblock,6,#bababa,186,186,186,"(632, 130, 645, 136)"
251107_232301_0000097627_CAM1_NG_bmp.rf.eec17793f2c984ea2097d423010ceffc.jpg,incorrect qblock,7,#b7b7b7,183,183,183,"(361, 170, 376, 177)"
251107_232301_0000097627_CAM1_NG_bmp.rf.eec17793f2c984ea2097d423010ceffc.jpg,incorrect qblock,8,#b4b4b4,180,180,180,"(252, 133, 264, 137)"
251107_232301_0000097627_CAM1_NG_bmp.rf.eec17793f2c984ea2097d423010ceffc.jpg,incorrect qblock,9,#c5c5c5,197,197,197,"(442, 131, 454, 136)"
251107_232301_0000097627_CAM1_NG_bmp.rf.eec17793f2c984ea2097d423010ceffc.jpg,incorrect qblock,10,#bebebe,190,190,190,"(347, 132, 359, 136)"
251107_232301_0000097627_CAM1_NG_bmp.rf.eec17793f2c984ea2097d423010ceffc.jpg,incorrect qblock,11,#b1b1b1,177,177,177,"(157, 134, 169, 138)"
251107_232301_0000097627_CAM1_NG_bmp.rf.eec17793f2c984ea2097d423010ceffc.jpg,incorrect qblock,12,#bdbdbd,189,189,189,"(537, 131, 549, 136)"
251107_232301_0000097627_CAM1_NG_bmp.rf.eec17793f2c984ea2097d423010ceffc.jpg,incorrect qblock,13,#b6b6b6,182,182,182,"(727, 130, 739, 135)"
251107_231809_0000096658_CAM1_NG_bmp.rf.033e0a6bb59c7628eec787b17897b8d9.jpg,incorrect qblock,0,#b4b4b4,180,180,180,"(646, 167, 662, 175)"
251107_231809_0000096658_CAM1_NG_bmp.rf.033e0a6bb59c7628eec787b17897b8d9.jpg,incorrect qblock,1,#b3b3b3,179,179,179,"(266, 170, 281, 178)"
251107_231809_0000096658_CAM1_NG_bmp.rf.033e0a6bb59c7628eec787b17897b8d9.jpg,incorrect qblock,2,#a2a2a2,162,162,162,"(77, 171, 93, 179)"
251107_231809_0000096658_CAM1_NG_bmp.rf.033e0a6bb59c7628eec787b17897b8d9.jpg,incorrect qblock,3,#bababa,186,186,186,"(552, 167, 568, 176)"
251107_231809_0000096658_CAM1_NG_bmp.rf.033e0a6bb59c7628eec787b17897b8d9.jpg,incorrect qblock,4,#b2b2b2,178,178,178,"(172, 170, 188, 178)"
251107_231809_0000096658_CAM1_NG_bmp.rf.033e0a6bb59c7628eec787b17897b8d9.jpg,incorrect qblock,5,#c4c4c4,196,196,196,"(456, 168, 472, 176)"
251107_231809_0000096658_CAM1_NG_bmp.rf.033e0a6bb59c7628eec787b17897b8d9.jpg,incorrect qblock,6,#b0b0b0,176,176,176,"(252, 133, 264, 137)"
251107_231809_0000096658_CAM1_NG_bmp.rf.033e0a6bb59c7628eec787b17897b8d9.jpg,incorrect qblock,7,#bbbbbb,187,187,187,"(361, 169, 376, 177)"
251107_231809_0000096658_CAM1_NG_bmp.rf.033e0a6bb59c7628eec787b17897b8d9.jpg,incorrect qblock,8,#b7b7b7,183,183,183,"(632, 130, 645, 135)"
251107_231809_0000096658_CAM1_NG_bmp.rf.033e0a6bb59c7628eec787b17897b8d9.jpg,incorrect qblock,9,#bfbfbf,191,191,191,"(442, 131, 454, 136)"
251107_231809_0000096658_CAM1_NG_bmp.rf.033e0a6bb59c7628eec787b17897b8d9.jpg,incorrect qblock,10,#adadad,173,173,173,"(158, 133, 170, 138)"
251107_231809_0000096658_CAM1_NG_bmp.rf.033e0a6bb59c7628eec787b17897b8d9.jpg,incorrect qblock,11,#bababa,186,186,186,"(727, 130, 739, 135)"
251107_231809_0000096658_CAM1_NG_bmp.rf.033e0a6bb59c7628eec787b17897b8d9.jpg,incorrect qblock,12,#b6b6b6,182,182,182,"(347, 132, 359, 136)"
251107_231809_0000096658_CAM1_NG_bmp.rf.033e0a6bb59c7628eec787b17897b8d9.jpg,incorrect qblock,13,#b8b8b8,184,184,184,"(537, 131, 549, 136)"
251010_070226_0000043592_CAM1_NG_bmp.rf.70696547d1f67f46eb7f6c9bce46d3de.jpg,qblock,0,#4b4b4b,75,75,75,"(458, 62, 474, 70)"
251010_070226_0000043592_CAM1_NG_bmp.rf.70696547d1f67f46eb7f6c9bce46d3de.jpg,qblock,2,#5e5e5e,94,94,94,"(648, 60, 665, 69)"
251010_070226_0000043592_CAM1_NG_bmp.rf.70696547d1f67f46eb7f6c9bce46d3de.jpg,qblock,3,#505050,80,80,80,"(268, 63, 284, 72)"
251010_070226_0000043592_CAM1_NG_bmp.rf.70696547d1f67f46eb7f6c9bce46d3de.jpg,qblock,9,#545454,84,84,84,"(363, 62, 379, 71)"
251010_070226_0000043592_CAM1_NG_bmp.rf.70696547d1f67f46eb7f6c9bce46d3de.jpg,qblock,11,#484848,72,72,72,"(555, 289, 571, 297)"
251010_070226_0000043592_CAM1_NG_bmp.rf.70696547d1f67f46eb7f6c9bce46d3de.jpg,qblock,12,#565656,86,86,86,"(269, 290, 285, 299)"
251010_070226_0000043592_CAM1_NG_bmp.rf.70696547d1f67f46eb7f6c9bce46d3de.jpg,qblock,13,#565656,86,86,86,"(553, 61, 570, 70)"
251010_070226_0000043592_CAM1_NG_bmp.rf.70696547d1f67f46eb7f6c9bce46d3de.jpg,qblock,14,#565656,86,86,86,"(649, 288, 666, 297)"
251010_070226_0000043592_CAM1_NG_bmp.rf.70696547d1f67f46eb7f6c9bce46d3de.jpg,qblock,15,#515151,81,81,81,"(364, 290, 381, 299)"
251010_070226_0000043592_CAM1_NG_bmp.rf.70696547d1f67f46eb7f6c9bce46d3de.jpg,qblock,16,#585858,88,88,88,"(459, 289, 476, 298)"
251010_070226_0000043592_CAM1_NG_bmp.rf.70696547d1f67f46eb7f6c9bce46d3de.jpg,qblock,17,#535353,83,83,83,"(175, 290, 191, 299)"
251010_070226_0000043592_CAM1_NG_bmp.rf.70696547d1f67f46eb7f6c9bce46d3de.jpg,qblock,18,#464646,70,70,70,"(174, 64, 189, 72)"
251107_232342_0000097765_CAM1_NG_bmp.rf.b37d0eb7ef75e2efb83e0e4c1f227c08.jpg,incorrect qblock,0,#b7b7b7,183,183,183,"(266, 170, 281, 178)"
251107_232342_0000097765_CAM1_NG_bmp.rf.b37d0eb7ef75e2efb83e0e4c1f227c08.jpg,incorrect qblock,1,#b6b6b6,182,182,182,"(646, 167, 662, 176)"
251107_232342_0000097765_CAM1_NG_bmp.rf.b37d0eb7ef75e2efb83e0e4c1f227c08.jpg,incorrect qblock,2,#bebebe,190,190,190,"(552, 168, 568, 176)"
251107_232342_0000097765_CAM1_NG_bmp.rf.b37d0eb7ef75e2efb83e0e4c1f227c08.jpg,incorrect qblock,3,#b2b2b2,178,178,178,"(172, 171, 188, 179)"
251107_232342_0000097765_CAM1_NG_bmp.rf.b37d0eb7ef75e2efb83e0e4c1f227c08.jpg,incorrect qblock,4,#b7b7b7,183,183,183,"(361, 170, 376, 177)"
251107_232342_0000097765_CAM1_NG_bmp.rf.b37d0eb7ef75e2efb83e0e4c1f227c08.jpg,incorrect qblock,5,#a4a4a4,164,164,164,"(77, 172, 93, 180)"
251107_232342_0000097765_CAM1_NG_bmp.rf.b37d0eb7ef75e2efb83e0e4c1f227c08.jpg,incorrect qblock,6,#c3c3c3,195,195,195,"(456, 169, 472, 177)"
251107_232342_0000097765_CAM1_NG_bmp.rf.b37d0eb7ef75e2efb83e0e4c1f227c08.jpg,incorrect qblock,7,#bababa,186,186,186,"(632, 130, 644, 135)"
251107_232342_0000097765_CAM1_NG_bmp.rf.b37d0eb7ef75e2efb83e0e4c1f227c08.jpg,incorrect qblock,8,#bcbcbc,188,188,188,"(442, 132, 454, 136)"
251107_232342_0000097765_CAM1_NG_bmp.rf.b37d0eb7ef75e2efb83e0e4c1f227c08.jpg,incorrect qblock,9,#bdbdbd,189,189,189,"(251, 133, 264, 137)"
251107_232342_0000097765_CAM1_NG_bmp.rf.b37d0eb7ef75e2efb83e0e4c1f227c08.jpg,incorrect qblock,10,#bebebe,190,190,190,"(347, 132, 358, 137)"
251107_232342_0000097765_CAM1_NG_bmp.rf.b37d0eb7ef75e2efb83e0e4c1f227c08.jpg,incorrect qblock,11,#b9b9b9,185,185,185,"(727, 130, 739, 135)"
251107_232342_0000097765_CAM1_NG_bmp.rf.b37d0eb7ef75e2efb83e0e4c1f227c08.jpg,incorrect qblock,12,#ababab,171,171,171,"(158, 134, 169, 138)"
251107_232342_0000097765_CAM1_NG_bmp.rf.b37d0eb7ef75e2efb83e0e4c1f227c08.jpg,incorrect qblock,13,#bfbfbf,191,191,191,"(537, 131, 549, 136)"
251010_125702_0000080857_CAM1_NG_bmp.rf.a9b33dd13e5233c4af446b269fb98c10.jpg,qblock,3,#535353,83,83,83,"(647, 80, 664, 88)"
251010_125702_0000080857_CAM1_NG_bmp.rf.a9b33dd13e5233c4af446b269fb98c10.jpg,qblock,6,#494949,73,73,73,"(459, 310, 475, 318)"
251010_125702_0000080857_CAM1_NG_bmp.rf.a9b33dd13e5233c4af446b269fb98c10.jpg,qblock,7,#636363,99,99,99,"(268, 310, 285, 319)"
251010_125702_0000080857_CAM1_NG_bmp.rf.a9b33dd13e5233c4af446b269fb98c10.jpg,qblock,11,#585858,88,88,88,"(457, 81, 473, 89)"
251010_125702_0000080857_CAM1_NG_bmp.rf.a9b33dd13e5233c4af446b269fb98c10.jpg,qblock,12,#5b5b5b,91,91,91,"(267, 82, 283, 91)"
251010_125702_0000080857_CAM1_NG_bmp.rf.a9b33dd13e5233c4af446b269fb98c10.jpg,qblock,13,#5a5a5a,90,90,90,"(363, 310, 380, 318)"
251010_125702_0000080857_CAM1_NG_bmp.rf.a9b33dd13e5233c4af446b269fb98c10.jpg,qblock,14,#595959,89,89,89,"(649, 308, 665, 316)"
251010_125702_0000080857_CAM1_NG_bmp.rf.a9b33dd13e5233c4af446b269fb98c10.jpg,qblock,16,#515151,81,81,81,"(554, 309, 570, 317)"
251010_125702_0000080857_CAM1_NG_bmp.rf.a9b33dd13e5233c4af446b269fb98c10.jpg,qblock,17,#5b5b5b,91,91,91,"(552, 80, 568, 89)"
251010_125702_0000080857_CAM1_NG_bmp.rf.a9b33dd13e5233c4af446b269fb98c10.jpg,qblock,18,#5e5e5e,94,94,94,"(362, 81, 378, 90)"
251010_125702_0000080857_CAM1_NG_bmp.rf.a9b33dd13e5233c4af446b269fb98c10.jpg,qblock,22,#5c5c5c,92,92,92,"(172, 83, 188, 92)"
251010_125702_0000080857_CAM1_NG_bmp.rf.a9b33dd13e5233c4af446b269fb98c10.jpg,qblock,24,#4e4e4e,78,78,78,"(174, 311, 190, 319)"
251010_125702_0000080857_CAM1_NG_bmp.rf.a9b33dd13e5233c4af446b269fb98c10.jpg,qblock,25,#444444,68,68,68,"(80, 311, 96, 319)"
251010_125702_0000080857_CAM1_NG_bmp.rf.a9b33dd13e5233c4af446b269fb98c10.jpg,qblock,26,#474747,71,71,71,"(79, 84, 95, 93)"
251010_125629_0000080742_CAM1_NG_bmp.rf.42bdcc4beff6c80adf09aa4c36573c8c.jpg,qblock,3,#5c5c5c,92,92,92,"(268, 318, 285, 326)"
251010_125629_0000080742_CAM1_NG_bmp.rf.42bdcc4beff6c80adf09aa4c36573c8c.jpg,qblock,4,#5d5d5d,93,93,93,"(267, 90, 283, 99)"
251010_125629_0000080742_CAM1_NG_bmp.rf.42bdcc4beff6c80adf09aa4c36573c8c.jpg,qblock,5,#545454,84,84,84,"(647, 88, 664, 96)"
251010_125629_0000080742_CAM1_NG_bmp.rf.42bdcc4beff6c80adf09aa4c36573c8c.jpg,qblock,8,#595959,89,89,89,"(457, 89, 473, 97)"
251010_125629_0000080742_CAM1_NG_bmp.rf.42bdcc4beff6c80adf09aa4c36573c8c.jpg,qblock,11,#515151,81,81,81,"(362, 90, 378, 98)"
251010_125629_0000080742_CAM1_NG_bmp.rf.42bdcc4beff6c80adf09aa4c36573c8c.jpg,qblock,12,#545454,84,84,84,"(459, 317, 475, 325)"
251010_125629_0000080742_CAM1_NG_bmp.rf.42bdcc4beff6c80adf09aa4c36573c8c.jpg,qblock,13,#5c5c5c,92,92,92,"(552, 88, 568, 97)"
251010_125629_0000080742_CAM1_NG_bmp.rf.42bdcc4beff6c80adf09aa4c36573c8c.jpg,qblock,15,#616161,97,97,97,"(363, 317, 380, 326)"
251010_125629_0000080742_CAM1_NG_bmp.rf.42bdcc4beff6c80adf09aa4c36573c8c.jpg,qblock,18,#545454,84,84,84,"(173, 91, 188, 100)"
251010_125629_0000080742_CAM1_NG_bmp.rf.42bdcc4beff6c80adf09aa4c36573c8c.jpg,qblock,19,#575757,87,87,87,"(174, 318, 190, 327)"
251010_125629_0000080742_CAM1_NG_bmp.rf.42bdcc4beff6c80adf09aa4c36573c8c.jpg,qblock,22,#484848,72,72,72,"(79, 92, 95, 101)"
251010_125629_0000080742_CAM1_NG_bmp.rf.42bdcc4beff6c80adf09aa4c36573c8c.jpg,qblock,23,#3f3f3f,63,63,63,"(80, 319, 96, 327)"
251107_232111_0000097264_CAM1_NG_bmp.rf.c43cce8052aaa7de0bf4a07fcd9876d9.jpg,incorrect qblock,0,#b4b4b4,180,180,180,"(266, 170, 281, 178)"
251107_232111_0000097264_CAM1_NG_bmp.rf.c43cce8052aaa7de0bf4a07fcd9876d9.jpg,incorrect qblock,1,#b4b4b4,180,180,180,"(646, 167, 662, 176)"
251107_232111_0000097264_CAM1_NG_bmp.rf.c43cce8052aaa7de0bf4a07fcd9876d9.jpg,incorrect qblock,2,#b6b6b6,182,182,182,"(172, 170, 187, 178)"
251107_232111_0000097264_CAM1_NG_bmp.rf.c43cce8052aaa7de0bf4a07fcd9876d9.jpg,incorrect qblock,3,#a6a6a6,166,166,166,"(77, 171, 93, 180)"
251107_232111_0000097264_CAM1_NG_bmp.rf.c43cce8052aaa7de0bf4a07fcd9876d9.jpg,incorrect qblock,4,#bbbbbb,187,187,187,"(552, 168, 568, 176)"
251107_232111_0000097264_CAM1_NG_bmp.rf.c43cce8052aaa7de0bf4a07fcd9876d9.jpg,incorrect qblock,5,#b6b6b6,182,182,182,"(632, 130, 644, 135)"
251107_232111_0000097264_CAM1_NG_bmp.rf.c43cce8052aaa7de0bf4a07fcd9876d9.jpg,incorrect qblock,6,#bebebe,190,190,190,"(361, 169, 376, 177)"
251107_232111_0000097264_CAM1_NG_bmp.rf.c43cce8052aaa7de0bf4a07fcd9876d9.jpg,incorrect qblock,7,#c0c0c0,192,192,192,"(456, 169, 472, 176)"
251107_232111_0000097264_CAM1_NG_bmp.rf.c43cce8052aaa7de0bf4a07fcd9876d9.jpg,incorrect qblock,8,#b5b5b5,181,181,181,"(251, 133, 263, 137)"
251107_232111_0000097264_CAM1_NG_bmp.rf.c43cce8052aaa7de0bf4a07fcd9876d9.jpg,incorrect qblock,9,#b4b4b4,180,180,180,"(157, 133, 169, 138)"
251107_232111_0000097264_CAM1_NG_bmp.rf.c43cce8052aaa7de0bf4a07fcd9876d9.jpg,incorrect qblock,10,#bdbdbd,189,189,189,"(441, 132, 454, 136)"
251107_232111_0000097264_CAM1_NG_bmp.rf.c43cce8052aaa7de0bf4a07fcd9876d9.jpg,incorrect qblock,11,#bababa,186,186,186,"(347, 132, 358, 136)"
251107_232111_0000097264_CAM1_NG_bmp.rf.c43cce8052aaa7de0bf4a07fcd9876d9.jpg,incorrect qblock,12,#c1c1c1,193,193,193,"(536, 131, 549, 136)"
251107_232111_0000097264_CAM1_NG_bmp.rf.c43cce8052aaa7de0bf4a07fcd9876d9.jpg,incorrect qblock,13,#b9b9b9,185,185,185,"(727, 130, 739, 135)"
251107_232048_0000097186_CAM1_NG_bmp.rf.8206efdfa65d9682080ff04229bdbc25.jpg,incorrect qblock,0,#b2b2b2,178,178,178,"(646, 167, 662, 175)"
251107_232048_0000097186_CAM1_NG_bmp.rf.8206efdfa65d9682080ff04229bdbc25.jpg,incorrect qblock,1,#b1b1b1,177,177,177,"(266, 170, 281, 178)"
251107_232048_0000097186_CAM1_NG_bmp.rf.8206efdfa65d9682080ff04229bdbc25.jpg,incorrect qblock,2,#b0b0b0,176,176,176,"(172, 170, 187, 178)"
251107_232048_0000097186_CAM1_NG_bmp.rf.8206efdfa65d9682080ff04229bdbc25.jpg,incorrect qblock,3,#a1a1a1,161,161,161,"(77, 171, 93, 179)"
251107_232048_0000097186_CAM1_NG_bmp.rf.8206efdfa65d9682080ff04229bdbc25.jpg,incorrect qblock,4,#c0c0c0,192,192,192,"(456, 168, 472, 176)"
251107_232048_0000097186_CAM1_NG_bmp.rf.8206efdfa65d9682080ff04229bdbc25.jpg,incorrect qblock,5,#bfbfbf,191,191,191,"(551, 167, 568, 176)"
251107_232048_0000097186_CAM1_NG_bmp.rf.8206efdfa65d9682080ff04229bdbc25.jpg,incorrect qblock,6,#b8b8b8,184,184,184,"(252, 132, 263, 136)"
251107_232048_0000097186_CAM1_NG_bmp.rf.8206efdfa65d9682080ff04229bdbc25.jpg,incorrect qblock,7,#b8b8b8,184,184,184,"(361, 169, 376, 177)"
251107_232048_0000097186_CAM1_NG_bmp.rf.8206efdfa65d9682080ff04229bdbc25.jpg,incorrect qblock,8,#b4b4b4,180,180,180,"(157, 133, 169, 138)"
251107_232048_0000097186_CAM1_NG_bmp.rf.8206efdfa65d9682080ff04229bdbc25.jpg,incorrect qblock,9,#c4c4c4,196,196,196,"(441, 131, 454, 135)"
251107_232048_0000097186_CAM1_NG_bmp.rf.8206efdfa65d9682080ff04229bdbc25.jpg,incorrect qblock,10,#b9b9b9,185,185,185,"(346, 132, 359, 136)"
251107_232048_0000097186_CAM1_NG_bmp.rf.8206efdfa65d9682080ff04229bdbc25.jpg,incorrect qblock,11,#b2b2b2,178,178,178,"(632, 130, 644, 135)"
251107_232048_0000097186_CAM1_NG_bmp.rf.8206efdfa65d9682080ff04229bdbc25.jpg,incorrect qblock,12,#c1c1c1,193,193,193,"(727, 129, 739, 134)"
251107_232048_0000097186_CAM1_NG_bmp.rf.8206efdfa65d9682080ff04229bdbc25.jpg,incorrect qblock,13,#bfbfbf,191,191,191,"(537, 130, 549, 136)"
251107_231715_0000096480_CAM1_NG_bmp.rf.5293efba98b2f6b2926c5fba7f26c2f0.jpg,incorrect qblock,0,#b3b3b3,179,179,179,"(646, 166, 662, 175)"
251107_231715_0000096480_CAM1_NG_bmp.rf.5293efba98b2f6b2926c5fba7f26c2f0.jpg,incorrect qblock,1,#bdbdbd,189,189,189,"(456, 168, 472, 175)"
251107_231715_0000096480_CAM1_NG_bmp.rf.5293efba98b2f6b2926c5fba7f26c2f0.jpg,incorrect qblock,2,#afafaf,175,175,175,"(266, 169, 281, 177)"
251107_231715_0000096480_CAM1_NG_bmp.rf.5293efba98b2f6b2926c5fba7f26c2f0.jpg,incorrect qblock,3,#9a9a9a,154,154,154,"(77, 170, 93, 178)"
251107_231715_0000096480_CAM1_NG_bmp.rf.5293efba98b2f6b2926c5fba7f26c2f0.jpg,incorrect qblock,4,#afafaf,175,175,175,"(172, 169, 187, 178)"
251107_231715_0000096480_CAM1_NG_bmp.rf.5293efba98b2f6b2926c5fba7f26c2f0.jpg,incorrect qblock,5,#b5b5b5,181,181,181,"(727, 129, 739, 134)"
251107_231715_0000096480_CAM1_NG_bmp.rf.5293efba98b2f6b2926c5fba7f26c2f0.jpg,incorrect qblock,6,#a9a9a9,169,169,169,"(251, 132, 264, 136)"
251107_231715_0000096480_CAM1_NG_bmp.rf.5293efba98b2f6b2926c5fba7f26c2f0.jpg,incorrect qblock,7,#a6a6a6,166,166,166,"(157, 132, 169, 137)"
251107_231715_0000096480_CAM1_NG_bmp.rf.5293efba98b2f6b2926c5fba7f26c2f0.jpg,incorrect qblock,8,#b6b6b6,182,182,182,"(552, 167, 568, 175)"
251107_231715_0000096480_CAM1_NG_bmp.rf.5293efba98b2f6b2926c5fba7f26c2f0.jpg,incorrect qblock,9,#bababa,186,186,186,"(361, 168, 376, 176)"
251107_231715_0000096480_CAM1_NG_bmp.rf.5293efba98b2f6b2926c5fba7f26c2f0.jpg,incorrect qblock,10,#b5b5b5,181,181,181,"(346, 131, 359, 135)"
251015_020247_0000434147_CAM1_OK_bmp.rf.61b9442193e145039dac13f3b7a98360.jpg,qblock,2,#555555,85,85,85,"(645, 59, 661, 68)"
251015_020247_0000434147_CAM1_OK_bmp.rf.61b9442193e145039dac13f3b7a98360.jpg,qblock,3,#4e4e4e,78,78,78,"(646, 287, 662, 295)"
251015_020247_0000434147_CAM1_OK_bmp.rf.61b9442193e145039dac13f3b7a98360.jpg,qblock,6,#4a4a4a,74,74,74,"(266, 289, 282, 297)"
251015_020247_0000434147_CAM1_OK_bmp.rf.61b9442193e145039dac13f3b7a98360.jpg,qblock,7,#545454,84,84,84,"(171, 62, 186, 71)"
251015_020247_0000434147_CAM1_OK_bmp.rf.61b9442193e145039dac13f3b7a98360.jpg,qblock,9,#5d5d5d,93,93,93,"(265, 61, 281, 71)"
251015_020247_0000434147_CAM1_OK_bmp.rf.61b9442193e145039dac13f3b7a98360.jpg,qblock,10,#606060,96,96,96,"(550, 59, 567, 68)"
251015_020247_0000434147_CAM1_OK_bmp.rf.61b9442193e145039dac13f3b7a98360.jpg,qblock,11,#4c4c4c,76,76,76,"(456, 288, 472, 296)"
251015_020247_0000434147_CAM1_OK_bmp.rf.61b9442193e145039dac13f3b7a98360.jpg,qblock,12,#515151,81,81,81,"(361, 288, 377, 297)"
251015_020247_0000434147_CAM1_OK_bmp.rf.61b9442193e145039dac13f3b7a98360.jpg,qblock,14,#484848,72,72,72,"(172, 289, 188, 298)"
251015_020247_0000434147_CAM1_OK_bmp.rf.61b9442193e145039dac13f3b7a98360.jpg,qblock,15,#4f4f4f,79,79,79,"(360, 61, 376, 70)"
251015_020247_0000434147_CAM1_OK_bmp.rf.61b9442193e145039dac13f3b7a98360.jpg,qblock,16,#393939,57,57,57,"(77, 64, 92, 72)"
251015_020247_0000434147_CAM1_OK_bmp.rf.61b9442193e145039dac13f3b7a98360.jpg,qblock,17,#565656,86,86,86,"(455, 60, 471, 69)"
251015_020247_0000434147_CAM1_OK_bmp.rf.61b9442193e145039dac13f3b7a98360.jpg,qblock,18,#404040,64,64,64,"(77, 289, 93, 298)"
251015_020247_0000434147_CAM1_OK_bmp.rf.61b9442193e145039dac13f3b7a98360.jpg,qblock,22,#555555,85,85,85,"(551, 287, 568, 296)"
251010_125626_0000080734_CAM1_NG_bmp.rf.c5044ec7982ee5beccc0cf361c8407ba.jpg,qblock,3,#4b4b4b,75,75,75,"(649, 322, 665, 330)"
251010_125626_0000080734_CAM1_NG_bmp.rf.c5044ec7982ee5beccc0cf361c8407ba.jpg,qblock,5,#4e4e4e,78,78,78,"(267, 98, 283, 106)"
251010_125626_0000080734_CAM1_NG_bmp.rf.c5044ec7982ee5beccc0cf361c8407ba.jpg,qblock,9,#4e4e4e,78,78,78,"(269, 324, 285, 332)"
251010_125626_0000080734_CAM1_NG_bmp.rf.c5044ec7982ee5beccc0cf361c8407ba.jpg,qblock,10,#505050,80,80,80,"(459, 323, 475, 331)"
251010_125626_0000080734_CAM1_NG_bmp.rf.c5044ec7982ee5beccc0cf361c8407ba.jpg,qblock,11,#545454,84,84,84,"(554, 322, 570, 331)"
251010_125626_0000080734_CAM1_NG_bmp.rf.c5044ec7982ee5beccc0cf361c8407ba.jpg,qblock,12,#474747,71,71,71,"(364, 324, 380, 332)"
251010_125626_0000080734_CAM1_NG_bmp.rf.c5044ec7982ee5beccc0cf361c8407ba.jpg,qblock,13,#545454,84,84,84,"(362, 97, 378, 105)"
251010_125626_0000080734_CAM1_NG_bmp.rf.c5044ec7982ee5beccc0cf361c8407ba.jpg,qblock,15,#464646,70,70,70,"(173, 99, 188, 107)"
251010_125626_0000080734_CAM1_NG_bmp.rf.c5044ec7982ee5beccc0cf361c8407ba.jpg,qblock,16,#585858,88,88,88,"(458, 96, 474, 104)"
251010_125626_0000080734_CAM1_NG_bmp.rf.c5044ec7982ee5beccc0cf361c8407ba.jpg,qblock,18,#606060,96,96,96,"(648, 94, 664, 103)"
251010_125626_0000080734_CAM1_NG_bmp.rf.c5044ec7982ee5beccc0cf361c8407ba.jpg,qblock,19,#525252,82,82,82,"(174, 324, 190, 333)"
251010_125626_0000080734_CAM1_NG_bmp.rf.c5044ec7982ee5beccc0cf361c8407ba.jpg,qblock,21,#434343,67,67,67,"(81, 324, 96, 333)"
251010_125626_0000080734_CAM1_NG_bmp.rf.c5044ec7982ee5beccc0cf361c8407ba.jpg,qblock,23,#464646,70,70,70,"(79, 99, 95, 108)"
251107_232342_0000097764_CAM1_NG_bmp.rf.26a562fd2896d1db5886e234874d13dc.jpg,incorrect qblock,0,#b8b8b8,184,184,184,"(646, 167, 662, 175)"
251107_232342_0000097764_CAM1_NG_bmp.rf.26a562fd2896d1db5886e234874d13dc.jpg,incorrect qblock,1,#afafaf,175,175,175,"(266, 170, 281, 178)"
251107_232342_0000097764_CAM1_NG_bmp.rf.26a562fd2896d1db5886e234874d13dc.jpg,incorrect qblock,2,#a5a5a5,165,165,165,"(77, 171, 93, 179)"
251107_232342_0000097764_CAM1_NG_bmp.rf.26a562fd2896d1db5886e234874d13dc.jpg,incorrect qblock,3,#aeaeae,174,174,174,"(172, 170, 187, 178)"
251107_232342_0000097764_CAM1_NG_bmp.rf.26a562fd2896d1db5886e234874d13dc.jpg,incorrect qblock,4,#c2c2c2,194,194,194,"(551, 167, 568, 176)"
251107_232342_0000097764_CAM1_NG_bmp.rf.26a562fd2896d1db5886e234874d13dc.jpg,incorrect qblock,5,#c1c1c1,193,193,193,"(456, 168, 472, 176)"
251107_232342_0000097764_CAM1_NG_bmp.rf.26a562fd2896d1db5886e234874d13dc.jpg,incorrect qblock,6,#b9b9b9,185,185,185,"(251, 132, 264, 137)"
251107_232342_0000097764_CAM1_NG_bmp.rf.26a562fd2896d1db5886e234874d13dc.jpg,incorrect qblock,7,#adadad,173,173,173,"(157, 133, 169, 137)"
251107_232342_0000097764_CAM1_NG_bmp.rf.26a562fd2896d1db5886e234874d13dc.jpg,incorrect qblock,8,#b8b8b8,184,184,184,"(361, 169, 376, 177)"
251107_232342_0000097764_CAM1_NG_bmp.rf.26a562fd2896d1db5886e234874d13dc.jpg,incorrect qblock,9,#b8b8b8,184,184,184,"(346, 132, 359, 136)"
251107_232342_0000097764_CAM1_NG_bmp.rf.26a562fd2896d1db5886e234874d13dc.jpg,incorrect qblock,10,#c1c1c1,193,193,193,"(441, 131, 454, 135)"
251107_232342_0000097764_CAM1_NG_bmp.rf.26a562fd2896d1db5886e234874d13dc.jpg,incorrect qblock,11,#b1b1b1,177,177,177,"(632, 130, 644, 135)"
251107_232342_0000097764_CAM1_NG_bmp.rf.26a562fd2896d1db5886e234874d13dc.jpg,incorrect qblock,12,#bbbbbb,187,187,187,"(727, 129, 739, 134)"
251107_232342_0000097764_CAM1_NG_bmp.rf.26a562fd2896d1db5886e234874d13dc.jpg,incorrect qblock,13,#c4c4c4,196,196,196,"(536, 130, 549, 135)"
251010_070235_0000043622_CAM1_NG_bmp.rf.66266a433650b7311f273fdbd3d796f7.jpg,qblock,1,#565656,86,86,86,"(648, 61, 665, 70)"
251010_070235_0000043622_CAM1_NG_bmp.rf.66266a433650b7311f273fdbd3d796f7.jpg,qblock,6,#5a5a5a,90,90,90,"(268, 63, 284, 72)"
251010_070235_0000043622_CAM1_NG_bmp.rf.66266a433650b7311f273fdbd3d796f7.jpg,qblock,7,#565656,86,86,86,"(458, 62, 474, 71)"
251010_070235_0000043622_CAM1_NG_bmp.rf.66266a433650b7311f273fdbd3d796f7.jpg,qblock,10,#4e4e4e,78,78,78,"(555, 289, 571, 298)"
251010_070235_0000043622_CAM1_NG_bmp.rf.66266a433650b7311f273fdbd3d796f7.jpg,qblock,11,#555555,85,85,85,"(364, 290, 381, 299)"
251010_070235_0000043622_CAM1_NG_bmp.rf.66266a433650b7311f273fdbd3d796f7.jpg,qblock,12,#454545,69,69,69,"(554, 62, 570, 70)"
251010_070235_0000043622_CAM1_NG_bmp.rf.66266a433650b7311f273fdbd3d796f7.jpg,qblock,13,#5e5e5e,94,94,94,"(363, 62, 379, 71)"
251010_070235_0000043622_CAM1_NG_bmp.rf.66266a433650b7311f273fdbd3d796f7.jpg,qblock,14,#454545,69,69,69,"(650, 289, 666, 297)"
251010_070235_0000043622_CAM1_NG_bmp.rf.66266a433650b7311f273fdbd3d796f7.jpg,qblock,15,#464646,70,70,70,"(460, 290, 476, 298)"
251010_070235_0000043622_CAM1_NG_bmp.rf.66266a433650b7311f273fdbd3d796f7.jpg,qblock,16,#5d5d5d,93,93,93,"(269, 290, 286, 299)"
251010_070235_0000043622_CAM1_NG_bmp.rf.66266a433650b7311f273fdbd3d796f7.jpg,qblock,19,#494949,73,73,73,"(175, 291, 191, 299)"
251010_070235_0000043622_CAM1_NG_bmp.rf.66266a433650b7311f273fdbd3d796f7.jpg,qblock,23,#545454,84,84,84,"(174, 64, 190, 73)"
251010_070220_0000043571_CAM1_NG_bmp.rf.bbb63162b83f56b9e44149c6afce8ec1.jpg,qblock,0,#525252,82,82,82,"(648, 62, 665, 70)"
251010_070220_0000043571_CAM1_NG_bmp.rf.bbb63162b83f56b9e44149c6afce8ec1.jpg,qblock,8,#515151,81,81,81,"(458, 63, 475, 71)"
251010_070220_0000043571_CAM1_NG_bmp.rf.bbb63162b83f56b9e44149c6afce8ec1.jpg,qblock,9,#565656,86,86,86,"(268, 64, 284, 73)"
251010_070220_0000043571_CAM1_NG_bmp.rf.bbb63162b83f56b9e44149c6afce8ec1.jpg,qblock,10,#4c4c4c,76,76,76,"(364, 290, 381, 298)"
251010_070220_0000043571_CAM1_NG_bmp.rf.bbb63162b83f56b9e44149c6afce8ec1.jpg,qblock,11,#444444,68,68,68,"(555, 289, 571, 297)"
251010_070220_0000043571_CAM1_NG_bmp.rf.bbb63162b83f56b9e44149c6afce8ec1.jpg,qblock,12,#4e4e4e,78,78,78,"(650, 288, 666, 296)"
251010_070220_0000043571_CAM1_NG_bmp.rf.bbb63162b83f56b9e44149c6afce8ec1.jpg,qblock,13,#535353,83,83,83,"(554, 62, 570, 71)"
251010_070220_0000043571_CAM1_NG_bmp.rf.bbb63162b83f56b9e44149c6afce8ec1.jpg,qblock,14,#595959,89,89,89,"(363, 63, 379, 72)"
251010_070220_0000043571_CAM1_NG_bmp.rf.bbb63162b83f56b9e44149c6afce8ec1.jpg,qblock,15,#545454,84,84,84,"(269, 290, 286, 299)"
251010_070220_0000043571_CAM1_NG_bmp.rf.bbb63162b83f56b9e44149c6afce8ec1.jpg,qblock,17,#4f4f4f,79,79,79,"(175, 290, 191, 299)"
251010_070220_0000043571_CAM1_NG_bmp.rf.bbb63162b83f56b9e44149c6afce8ec1.jpg,qblock,18,#4c4c4c,76,76,76,"(460, 289, 476, 298)"
251010_070220_0000043571_CAM1_NG_bmp.rf.bbb63162b83f56b9e44149c6afce8ec1.jpg,qblock,24,#4e4e4e,78,78,78,"(174, 65, 190, 74)"
251107_232041_0000097165_CAM1_NG_bmp.rf.d812e1056224109481465630875c104e.jpg,incorrect qblock,0,#b6b6b6,182,182,182,"(646, 167, 662, 175)"
251107_232041_0000097165_CAM1_NG_bmp.rf.d812e1056224109481465630875c104e.jpg,incorrect qblock,1,#b3b3b3,179,179,179,"(266, 170, 281, 178)"
251107_232041_0000097165_CAM1_NG_bmp.rf.d812e1056224109481465630875c104e.jpg,incorrect qblock,2,#b2b2b2,178,178,178,"(172, 170, 187, 178)"
251107_232041_0000097165_CAM1_NG_bmp.rf.d812e1056224109481465630875c104e.jpg,incorrect qblock,3,#a2a2a2,162,162,162,"(77, 171, 93, 180)"
251107_232041_0000097165_CAM1_NG_bmp.rf.d812e1056224109481465630875c104e.jpg,incorrect qblock,4,#bfbfbf,191,191,191,"(551, 168, 568, 176)"
251107_232041_0000097165_CAM1_NG_bmp.rf.d812e1056224109481465630875c104e.jpg,incorrect qblock,5,#bfbfbf,191,191,191,"(456, 169, 472, 176)"
251107_232041_0000097165_CAM1_NG_bmp.rf.d812e1056224109481465630875c104e.jpg,incorrect qblock,6,#bdbdbd,189,189,189,"(361, 169, 376, 177)"
251107_232041_0000097165_CAM1_NG_bmp.rf.d812e1056224109481465630875c104e.jpg,incorrect qblock,7,#b4b4b4,180,180,180,"(251, 132, 263, 137)"
251107_232041_0000097165_CAM1_NG_bmp.rf.d812e1056224109481465630875c104e.jpg,incorrect qblock,8,#b5b5b5,181,181,181,"(346, 132, 358, 136)"
251107_232041_0000097165_CAM1_NG_bmp.rf.d812e1056224109481465630875c104e.jpg,incorrect qblock,9,#adadad,173,173,173,"(157, 133, 169, 138)"
251107_232041_0000097165_CAM1_NG_bmp.rf.d812e1056224109481465630875c104e.jpg,incorrect qblock,10,#c2c2c2,194,194,194,"(441, 131, 454, 135)"
251107_232041_0000097165_CAM1_NG_bmp.rf.d812e1056224109481465630875c104e.jpg,incorrect qblock,11,#b2b2b2,178,178,178,"(632, 130, 644, 135)"
251107_232041_0000097165_CAM1_NG_bmp.rf.d812e1056224109481465630875c104e.jpg,incorrect qblock,12,#bfbfbf,191,191,191,"(537, 130, 549, 136)"
251107_232041_0000097165_CAM1_NG_bmp.rf.d812e1056224109481465630875c104e.jpg,incorrect qblock,13,#b7b7b7,183,183,183,"(727, 130, 739, 135)"
251107_232306_0000097645_CAM1_NG_bmp.rf.e8bdcbf23d7ffec7093ddef58b464c03.jpg,incorrect qblock,0,#b4b4b4,180,180,180,"(646, 167, 662, 176)"
251107_232306_0000097645_CAM1_NG_bmp.rf.e8bdcbf23d7ffec7093ddef58b464c03.jpg,incorrect qblock,1,#b3b3b3,179,179,179,"(266, 170, 281, 178)"
251107_232306_0000097645_CAM1_NG_bmp.rf.e8bdcbf23d7ffec7093ddef58b464c03.jpg,incorrect qblock,2,#afafaf,175,175,175,"(172, 171, 187, 179)"
251107_232306_0000097645_CAM1_NG_bmp.rf.e8bdcbf23d7ffec7093ddef58b464c03.jpg,incorrect qblock,3,#bdbdbd,189,189,189,"(551, 168, 568, 176)"
251107_232306_0000097645_CAM1_NG_bmp.rf.e8bdcbf23d7ffec7093ddef58b464c03.jpg,incorrect qblock,4,#aaaaaa,170,170,170,"(77, 171, 93, 180)"
251107_232306_0000097645_CAM1_NG_bmp.rf.e8bdcbf23d7ffec7093ddef58b464c03.jpg,incorrect qblock,5,#b6b6b6,182,182,182,"(361, 170, 376, 177)"
251107_232306_0000097645_CAM1_NG_bmp.rf.e8bdcbf23d7ffec7093ddef58b464c03.jpg,incorrect qblock,6,#b7b7b7,183,183,183,"(251, 132, 263, 137)"
251107_232306_0000097645_CAM1_NG_bmp.rf.e8bdcbf23d7ffec7093ddef58b464c03.jpg,incorrect qblock,7,#c0c0c0,192,192,192,"(456, 169, 472, 177)"
251107_232306_0000097645_CAM1_NG_bmp.rf.e8bdcbf23d7ffec7093ddef58b464c03.jpg,incorrect qblock,8,#c1c1c1,193,193,193,"(441, 131, 454, 136)"
251107_232306_0000097645_CAM1_NG_bmp.rf.e8bdcbf23d7ffec7093ddef58b464c03.jpg,incorrect qblock,9,#acacac,172,172,172,"(157, 133, 169, 138)"
251107_232306_0000097645_CAM1_NG_bmp.rf.e8bdcbf23d7ffec7093ddef58b464c03.jpg,incorrect qblock,10,#b8b8b8,184,184,184,"(346, 132, 358, 136)"
251107_232306_0000097645_CAM1_NG_bmp.rf.e8bdcbf23d7ffec7093ddef58b464c03.jpg,incorrect qblock,11,#adadad,173,173,173,"(632, 130, 644, 135)"
251107_232306_0000097645_CAM1_NG_bmp.rf.e8bdcbf23d7ffec7093ddef58b464c03.jpg,incorrect qblock,12,#bcbcbc,188,188,188,"(536, 131, 549, 136)"
251107_232044_0000097173_CAM1_NG_bmp.rf.b8950a01826e83c85d9833cc49a77676.jpg,incorrect qblock,0,#b9b9b9,185,185,185,"(266, 170, 281, 178)"
251107_232044_0000097173_CAM1_NG_bmp.rf.b8950a01826e83c85d9833cc49a77676.jpg,incorrect qblock,1,#b8b8b8,184,184,184,"(646, 167, 662, 176)"
251107_232044_0000097173_CAM1_NG_bmp.rf.b8950a01826e83c85d9833cc49a77676.jpg,incorrect qblock,2,#b0b0b0,176,176,176,"(172, 171, 187, 179)"
251107_232044_0000097173_CAM1_NG_bmp.rf.b8950a01826e83c85d9833cc49a77676.jpg,incorrect qblock,3,#bfbfbf,191,191,191,"(456, 169, 472, 177)"
251107_232044_0000097173_CAM1_NG_bmp.rf.b8950a01826e83c85d9833cc49a77676.jpg,incorrect qblock,4,#bfbfbf,191,191,191,"(552, 168, 568, 176)"
251107_232044_0000097173_CAM1_NG_bmp.rf.b8950a01826e83c85d9833cc49a77676.jpg,incorrect qblock,5,#a5a5a5,165,165,165,"(77, 172, 93, 181)"
251107_232044_0000097173_CAM1_NG_bmp.rf.b8950a01826e83c85d9833cc49a77676.jpg,incorrect qblock,6,#b4b4b4,180,180,180,"(632, 130, 645, 135)"
251107_232044_0000097173_CAM1_NG_bmp.rf.b8950a01826e83c85d9833cc49a77676.jpg,incorrect qblock,7,#b7b7b7,183,183,183,"(361, 170, 376, 178)"
251107_232044_0000097173_CAM1_NG_bmp.rf.b8950a01826e83c85d9833cc49a77676.jpg,incorrect qblock,8,#b4b4b4,180,180,180,"(251, 133, 264, 137)"
251107_232044_0000097173_CAM1_NG_bmp.rf.b8950a01826e83c85d9833cc49a77676.jpg,incorrect qblock,9,#bbbbbb,187,187,187,"(346, 132, 358, 137)"
251107_232044_0000097173_CAM1_NG_bmp.rf.b8950a01826e83c85d9833cc49a77676.jpg,incorrect qblock,10,#bababa,186,186,186,"(442, 132, 454, 136)"
251107_232044_0000097173_CAM1_NG_bmp.rf.b8950a01826e83c85d9833cc49a77676.jpg,incorrect qblock,11,#adadad,173,173,173,"(157, 134, 169, 138)"
251107_232044_0000097173_CAM1_NG_bmp.rf.b8950a01826e83c85d9833cc49a77676.jpg,incorrect qblock,12,#b7b7b7,183,183,183,"(727, 130, 739, 135)"
251107_232044_0000097173_CAM1_NG_bmp.rf.b8950a01826e83c85d9833cc49a77676.jpg,incorrect qblock,13,#bbbbbb,187,187,187,"(537, 131, 549, 136)"
251107_232044_0000097173_CAM1_NG_bmp.rf.b8950a01826e83c85d9833cc49a77676.jpg,incorrect qblock,14,#b7b7b7,183,183,183,"(159, 360, 171, 366)"
251107_232103_0000097235_CAM1_NG_bmp.rf.2247ce984c2c55c5dd109c09b50b7e09.jpg,incorrect qblock,0,#b6b6b6,182,182,182,"(646, 167, 662, 175)"
251107_232103_0000097235_CAM1_NG_bmp.rf.2247ce984c2c55c5dd109c09b50b7e09.jpg,incorrect qblock,1,#b9b9b9,185,185,185,"(266, 170, 281, 178)"
251107_232103_0000097235_CAM1_NG_bmp.rf.2247ce984c2c55c5dd109c09b50b7e09.jpg,incorrect qblock,2,#aaaaaa,170,170,170,"(77, 171, 93, 180)"
251107_232103_0000097235_CAM1_NG_bmp.rf.2247ce984c2c55c5dd109c09b50b7e09.jpg,incorrect qblock,3,#c6c6c6,198,198,198,"(551, 167, 568, 176)"
251107_232103_0000097235_CAM1_NG_bmp.rf.2247ce984c2c55c5dd109c09b50b7e09.jpg,incorrect qblock,4,#b4b4b4,180,180,180,"(172, 170, 187, 179)"
251107_232103_0000097235_CAM1_NG_bmp.rf.2247ce984c2c55c5dd109c09b50b7e09.jpg,incorrect qblock,5,#c9c9c9,201,201,201,"(456, 168, 472, 176)"
251107_232103_0000097235_CAM1_NG_bmp.rf.2247ce984c2c55c5dd109c09b50b7e09.jpg,incorrect qblock,6,#b8b8b8,184,184,184,"(251, 132, 263, 137)"
251107_232103_0000097235_CAM1_NG_bmp.rf.2247ce984c2c55c5dd109c09b50b7e09.jpg,incorrect qblock,7,#afafaf,175,175,175,"(157, 133, 169, 137)"
251107_232103_0000097235_CAM1_NG_bmp.rf.2247ce984c2c55c5dd109c09b50b7e09.jpg,incorrect qblock,8,#c1c1c1,193,193,193,"(361, 169, 376, 177)"
251107_232103_0000097235_CAM1_NG_bmp.rf.2247ce984c2c55c5dd109c09b50b7e09.jpg,incorrect qblock,9,#bebebe,190,190,190,"(441, 131, 454, 135)"
251107_232103_0000097235_CAM1_NG_bmp.rf.2247ce984c2c55c5dd109c09b50b7e09.jpg,incorrect qblock,10,#b4b4b4,180,180,180,"(346, 132, 358, 136)"
251107_232103_0000097235_CAM1_NG_bmp.rf.2247ce984c2c55c5dd109c09b50b7e09.jpg,incorrect qblock,11,#b6b6b6,182,182,182,"(632, 130, 645, 135)"
251107_232103_0000097235_CAM1_NG_bmp.rf.2247ce984c2c55c5dd109c09b50b7e09.jpg,incorrect qblock,12,#c6c6c6,198,198,198,"(536, 130, 549, 136)"
251107_232103_0000097235_CAM1_NG_bmp.rf.2247ce984c2c55c5dd109c09b50b7e09.jpg,incorrect qblock,13,#bebebe,190,190,190,"(727, 129, 739, 134)"
251010_114738_0000080381_CAM1_NG_bmp.rf.8220d6986c5e29e679c6b1a7b866419c.jpg,qblock,3,#4d4d4d,77,77,77,"(555, 289, 571, 297)"
251010_114738_0000080381_CAM1_NG_bmp.rf.8220d6986c5e29e679c6b1a7b866419c.jpg,qblock,4,#555555,85,85,85,"(460, 289, 476, 298)"
251010_114738_0000080381_CAM1_NG_bmp.rf.8220d6986c5e29e679c6b1a7b866419c.jpg,qblock,5,#595959,89,89,89,"(81, 290, 98, 299)"
251010_114738_0000080381_CAM1_NG_bmp.rf.8220d6986c5e29e679c6b1a7b866419c.jpg,qblock,7,#646464,100,100,100,"(270, 289, 286, 298)"
251010_114738_0000080381_CAM1_NG_bmp.rf.8220d6986c5e29e679c6b1a7b866419c.jpg,qblock,9,#616161,97,97,97,"(365, 289, 382, 298)"
251010_114738_0000080381_CAM1_NG_bmp.rf.8220d6986c5e29e679c6b1a7b866419c.jpg,incorrect qblock,10,#8a8a8a,138,138,138,"(348, 24, 363, 32)"
251010_114738_0000080381_CAM1_NG_bmp.rf.8220d6986c5e29e679c6b1a7b866419c.jpg,qblock,11,#646464,100,100,100,"(650, 287, 667, 296)"
251010_114738_0000080381_CAM1_NG_bmp.rf.8220d6986c5e29e679c6b1a7b866419c.jpg,qblock,12,#5d5d5d,93,93,93,"(175, 290, 192, 299)"
251107_231853_0000096805_CAM1_NG_bmp.rf.8f5b0274ad24b6f7c17c301318edfb52.jpg,incorrect qblock,0,#b4b4b4,180,180,180,"(266, 171, 281, 179)"
251107_231853_0000096805_CAM1_NG_bmp.rf.8f5b0274ad24b6f7c17c301318edfb52.jpg,incorrect qblock,1,#b3b3b3,179,179,179,"(646, 168, 662, 177)"
251107_231853_0000096805_CAM1_NG_bmp.rf.8f5b0274ad24b6f7c17c301318edfb52.jpg,incorrect qblock,2,#aeaeae,174,174,174,"(172, 172, 187, 180)"
251107_231853_0000096805_CAM1_NG_bmp.rf.8f5b0274ad24b6f7c17c301318edfb52.jpg,incorrect qblock,3,#b6b6b6,182,182,182,"(552, 169, 568, 177)"
251107_231853_0000096805_CAM1_NG_bmp.rf.8f5b0274ad24b6f7c17c301318edfb52.jpg,incorrect qblock,4,#b0b0b0,176,176,176,"(632, 131, 644, 136)"
251107_231853_0000096805_CAM1_NG_bmp.rf.8f5b0274ad24b6f7c17c301318edfb52.jpg,incorrect qblock,5,#bbbbbb,187,187,187,"(361, 170, 376, 178)"
251107_231853_0000096805_CAM1_NG_bmp.rf.8f5b0274ad24b6f7c17c301318edfb52.jpg,incorrect qblock,6,#bebebe,190,190,190,"(456, 170, 472, 178)"
251107_231853_0000096805_CAM1_NG_bmp.rf.8f5b0274ad24b6f7c17c301318edfb52.jpg,incorrect qblock,7,#a8a8a8,168,168,168,"(77, 172, 93, 181)"
251107_231853_0000096805_CAM1_NG_bmp.rf.8f5b0274ad24b6f7c17c301318edfb52.jpg,incorrect qblock,8,#b7b7b7,183,183,183,"(727, 131, 739, 136)"
251107_231853_0000096805_CAM1_NG_bmp.rf.8f5b0274ad24b6f7c17c301318edfb52.jpg,incorrect qblock,9,#b3b3b3,179,179,179,"(346, 133, 358, 137)"
251107_231853_0000096805_CAM1_NG_bmp.rf.8f5b0274ad24b6f7c17c301318edfb52.jpg,incorrect qblock,10,#c1c1c1,193,193,193,"(441, 132, 454, 136)"
251107_231853_0000096805_CAM1_NG_bmp.rf.8f5b0274ad24b6f7c17c301318edfb52.jpg,incorrect qblock,11,#b6b6b6,182,182,182,"(251, 133, 263, 138)"
251107_231853_0000096805_CAM1_NG_bmp.rf.8f5b0274ad24b6f7c17c301318edfb52.jpg,incorrect qblock,12,#b1b1b1,177,177,177,"(254, 361, 265, 365)"
251107_231853_0000096805_CAM1_NG_bmp.rf.8f5b0274ad24b6f7c17c301318edfb52.jpg,incorrect qblock,13,#b4b4b4,180,180,180,"(159, 360, 171, 366)"
251107_231853_0000096805_CAM1_NG_bmp.rf.8f5b0274ad24b6f7c17c301318edfb52.jpg,incorrect qblock,14,#bdbdbd,189,189,189,"(537, 131, 549, 136)"
251107_231853_0000096805_CAM1_NG_bmp.rf.8f5b0274ad24b6f7c17c301318edfb52.jpg,incorrect qblock,15,#bbbbbb,187,187,187,"(538, 359, 551, 365)"
251107_231853_0000096805_CAM1_NG_bmp.rf.8f5b0274ad24b6f7c17c301318edfb52.jpg,incorrect qblock,16,#bbbbbb,187,187,187,"(348, 360, 360, 365)"
251107_231853_0000096805_CAM1_NG_bmp.rf.8f5b0274ad24b6f7c17c301318edfb52.jpg,incorrect qblock,17,#b3b3b3,179,179,179,"(157, 134, 169, 138)"
251015_020546_0000434654_CAM1_OK_bmp.rf.b53df37691e879b8b57d114730da221d.jpg,qblock,1,#4d4d4d,77,77,77,"(646, 286, 662, 295)"
251015_020546_0000434654_CAM1_OK_bmp.rf.b53df37691e879b8b57d114730da221d.jpg,qblock,4,#525252,82,82,82,"(645, 59, 661, 68)"
251015_020546_0000434654_CAM1_OK_bmp.rf.b53df37691e879b8b57d114730da221d.jpg,qblock,5,#505050,80,80,80,"(171, 62, 186, 71)"
251015_020546_0000434654_CAM1_OK_bmp.rf.b53df37691e879b8b57d114730da221d.jpg,qblock,7,#4b4b4b,75,75,75,"(456, 287, 472, 295)"
251015_020546_0000434654_CAM1_OK_bmp.rf.b53df37691e879b8b57d114730da221d.jpg,qblock,8,#595959,89,89,89,"(265, 61, 281, 71)"
251015_020546_0000434654_CAM1_OK_bmp.rf.b53df37691e879b8b57d114730da221d.jpg,qblock,9,#494949,73,73,73,"(266, 288, 282, 296)"
251015_020546_0000434654_CAM1_OK_bmp.rf.b53df37691e879b8b57d114730da221d.jpg,qblock,10,#5d5d5d,93,93,93,"(550, 59, 567, 68)"
251015_020546_0000434654_CAM1_OK_bmp.rf.b53df37691e879b8b57d114730da221d.jpg,qblock,13,#565656,86,86,86,"(455, 60, 472, 69)"
251015_020546_0000434654_CAM1_OK_bmp.rf.b53df37691e879b8b57d114730da221d.jpg,qblock,14,#505050,80,80,80,"(361, 287, 377, 296)"
251015_020546_0000434654_CAM1_OK_bmp.rf.b53df37691e879b8b57d114730da221d.jpg,qblock,16,#4c4c4c,76,76,76,"(360, 61, 376, 70)"
251015_020546_0000434654_CAM1_OK_bmp.rf.b53df37691e879b8b57d114730da221d.jpg,qblock,17,#343434,52,52,52,"(77, 64, 92, 72)"
251015_020546_0000434654_CAM1_OK_bmp.rf.b53df37691e879b8b57d114730da221d.jpg,qblock,18,#484848,72,72,72,"(172, 288, 188, 297)"
251015_020546_0000434654_CAM1_OK_bmp.rf.b53df37691e879b8b57d114730da221d.jpg,qblock,19,#414141,65,65,65,"(77, 288, 93, 297)"
251015_020546_0000434654_CAM1_OK_bmp.rf.b53df37691e879b8b57d114730da221d.jpg,qblock,22,#555555,85,85,85,"(551, 286, 568, 295)"
251107_231855_0000096813_CAM1_NG_bmp.rf.fc1bf51878a8cd7d0628adb1ec799072.jpg,incorrect qblock,0,#b7b7b7,183,183,183,"(646, 167, 662, 176)"
251107_231855_0000096813_CAM1_NG_bmp.rf.fc1bf51878a8cd7d0628adb1ec799072.jpg,incorrect qblock,1,#b6b6b6,182,182,182,"(266, 170, 281, 178)"
251107_231855_0000096813_CAM1_NG_bmp.rf.fc1bf51878a8cd7d0628adb1ec799072.jpg,incorrect qblock,2,#bebebe,190,190,190,"(551, 168, 568, 176)"
251107_231855_0000096813_CAM1_NG_bmp.rf.fc1bf51878a8cd7d0628adb1ec799072.jpg,incorrect qblock,3,#afafaf,175,175,175,"(172, 171, 187, 179)"
251107_231855_0000096813_CAM1_NG_bmp.rf.fc1bf51878a8cd7d0628adb1ec799072.jpg,incorrect qblock,4,#b6b6b6,182,182,182,"(632, 131, 644, 136)"
251107_231855_0000096813_CAM1_NG_bmp.rf.fc1bf51878a8cd7d0628adb1ec799072.jpg,incorrect qblock,5,#bababa,186,186,186,"(361, 170, 376, 177)"
251107_231855_0000096813_CAM1_NG_bmp.rf.fc1bf51878a8cd7d0628adb1ec799072.jpg,incorrect qblock,6,#9f9f9f,159,159,159,"(77, 172, 93, 180)"
251107_231855_0000096813_CAM1_NG_bmp.rf.fc1bf51878a8cd7d0628adb1ec799072.jpg,incorrect qblock,7,#c4c4c4,196,196,196,"(456, 169, 472, 177)"
251107_231855_0000096813_CAM1_NG_bmp.rf.fc1bf51878a8cd7d0628adb1ec799072.jpg,incorrect qblock,8,#b9b9b9,185,185,185,"(346, 132, 358, 137)"
251107_231855_0000096813_CAM1_NG_bmp.rf.fc1bf51878a8cd7d0628adb1ec799072.jpg,incorrect qblock,9,#bebebe,190,190,190,"(726, 130, 739, 135)"
251107_231855_0000096813_CAM1_NG_bmp.rf.fc1bf51878a8cd7d0628adb1ec799072.jpg,incorrect qblock,10,#bdbdbd,189,189,189,"(441, 132, 454, 136)"
251107_231855_0000096813_CAM1_NG_bmp.rf.fc1bf51878a8cd7d0628adb1ec799072.jpg,incorrect qblock,11,#b2b2b2,178,178,178,"(251, 133, 263, 138)"
251107_231855_0000096813_CAM1_NG_bmp.rf.fc1bf51878a8cd7d0628adb1ec799072.jpg,incorrect qblock,12,#a6a6a6,166,166,166,"(157, 134, 169, 138)"
251107_231855_0000096813_CAM1_NG_bmp.rf.fc1bf51878a8cd7d0628adb1ec799072.jpg,incorrect qblock,13,#bababa,186,186,186,"(159, 360, 171, 366)"
251107_231855_0000096813_CAM1_NG_bmp.rf.fc1bf51878a8cd7d0628adb1ec799072.jpg,incorrect qblock,14,#c0c0c0,192,192,192,"(536, 131, 549, 136)"
251107_231855_0000096813_CAM1_NG_bmp.rf.fc1bf51878a8cd7d0628adb1ec799072.jpg,incorrect qblock,15,#b0b0b0,176,176,176,"(253, 361, 265, 365)"
251107_231855_0000096813_CAM1_NG_bmp.rf.fc1bf51878a8cd7d0628adb1ec799072.jpg,incorrect qblock,16,#bbbbbb,187,187,187,"(538, 359, 551, 365)"
251107_232141_0000097362_CAM1_NG_bmp.rf.839e32ba37645cdd1e00c49f9fa3e364.jpg,incorrect qblock,0,#b9b9b9,185,185,185,"(646, 167, 662, 176)"
251107_232141_0000097362_CAM1_NG_bmp.rf.839e32ba37645cdd1e00c49f9fa3e364.jpg,incorrect qblock,1,#b8b8b8,184,184,184,"(266, 170, 281, 178)"
251107_232141_0000097362_CAM1_NG_bmp.rf.839e32ba37645cdd1e00c49f9fa3e364.jpg,incorrect qblock,2,#a8a8a8,168,168,168,"(77, 171, 93, 180)"
251107_232141_0000097362_CAM1_NG_bmp.rf.839e32ba37645cdd1e00c49f9fa3e364.jpg,incorrect qblock,3,#b6b6b6,182,182,182,"(172, 170, 188, 179)"
251107_232141_0000097362_CAM1_NG_bmp.rf.839e32ba37645cdd1e00c49f9fa3e364.jpg,incorrect qblock,4,#bebebe,190,190,190,"(552, 168, 568, 176)"
251107_232141_0000097362_CAM1_NG_bmp.rf.839e32ba37645cdd1e00c49f9fa3e364.jpg,incorrect qblock,5,#c1c1c1,193,193,193,"(361, 169, 376, 177)"
251107_232141_0000097362_CAM1_NG_bmp.rf.839e32ba37645cdd1e00c49f9fa3e364.jpg,incorrect qblock,6,#c2c2c2,194,194,194,"(456, 169, 472, 177)"
251107_232141_0000097362_CAM1_NG_bmp.rf.839e32ba37645cdd1e00c49f9fa3e364.jpg,incorrect qblock,7,#b7b7b7,183,183,183,"(632, 130, 645, 135)"
251107_232141_0000097362_CAM1_NG_bmp.rf.839e32ba37645cdd1e00c49f9fa3e364.jpg,incorrect qblock,8,#b0b0b0,176,176,176,"(252, 133, 264, 137)"
251107_232141_0000097362_CAM1_NG_bmp.rf.839e32ba37645cdd1e00c49f9fa3e364.jpg,incorrect qblock,9,#b3b3b3,179,179,179,"(442, 132, 454, 136)"
251107_232141_0000097362_CAM1_NG_bmp.rf.839e32ba37645cdd1e00c49f9fa3e364.jpg,incorrect qblock,10,#bababa,186,186,186,"(346, 132, 358, 136)"
251107_232141_0000097362_CAM1_NG_bmp.rf.839e32ba37645cdd1e00c49f9fa3e364.jpg,incorrect qblock,11,#b1b1b1,177,177,177,"(158, 133, 169, 138)"
251107_232141_0000097362_CAM1_NG_bmp.rf.839e32ba37645cdd1e00c49f9fa3e364.jpg,incorrect qblock,12,#b8b8b8,184,184,184,"(727, 130, 739, 135)"
251107_232141_0000097362_CAM1_NG_bmp.rf.839e32ba37645cdd1e00c49f9fa3e364.jpg,incorrect qblock,13,#bdbdbd,189,189,189,"(537, 131, 549, 136)"
251010_125635_0000080763_CAM1_NG_bmp.rf.d94051ba3008c05664221b13aeaa9ede.jpg,qblock,0,#535353,83,83,83,"(268, 309, 284, 317)"
251010_125635_0000080763_CAM1_NG_bmp.rf.d94051ba3008c05664221b13aeaa9ede.jpg,qblock,1,#535353,83,83,83,"(458, 308, 474, 316)"
251010_125635_0000080763_CAM1_NG_bmp.rf.d94051ba3008c05664221b13aeaa9ede.jpg,qblock,4,#575757,87,87,87,"(647, 80, 663, 89)"
251010_125635_0000080763_CAM1_NG_bmp.rf.d94051ba3008c05664221b13aeaa9ede.jpg,qblock,5,#5d5d5d,93,93,93,"(457, 81, 473, 90)"
251010_125635_0000080763_CAM1_NG_bmp.rf.d94051ba3008c05664221b13aeaa9ede.jpg,qblock,10,#575757,87,87,87,"(266, 83, 283, 91)"
251010_125635_0000080763_CAM1_NG_bmp.rf.d94051ba3008c05664221b13aeaa9ede.jpg,qblock,11,#505050,80,80,80,"(552, 81, 567, 89)"
251010_125635_0000080763_CAM1_NG_bmp.rf.d94051ba3008c05664221b13aeaa9ede.jpg,qblock,12,#5b5b5b,91,91,91,"(363, 308, 379, 317)"
251010_125635_0000080763_CAM1_NG_bmp.rf.d94051ba3008c05664221b13aeaa9ede.jpg,qblock,13,#525252,82,82,82,"(648, 307, 664, 315)"
251010_125635_0000080763_CAM1_NG_bmp.rf.d94051ba3008c05664221b13aeaa9ede.jpg,qblock,16,#565656,86,86,86,"(362, 82, 377, 90)"
251010_125635_0000080763_CAM1_NG_bmp.rf.d94051ba3008c05664221b13aeaa9ede.jpg,qblock,18,#4f4f4f,79,79,79,"(174, 309, 189, 317)"
251010_125635_0000080763_CAM1_NG_bmp.rf.d94051ba3008c05664221b13aeaa9ede.jpg,qblock,21,#4f4f4f,79,79,79,"(172, 84, 188, 92)"
251010_125635_0000080763_CAM1_NG_bmp.rf.d94051ba3008c05664221b13aeaa9ede.jpg,qblock,22,#494949,73,73,73,"(553, 308, 569, 316)"
251010_125635_0000080763_CAM1_NG_bmp.rf.d94051ba3008c05664221b13aeaa9ede.jpg,qblock,25,#404040,64,64,64,"(78, 85, 94, 93)"
251010_125635_0000080763_CAM1_NG_bmp.rf.d94051ba3008c05664221b13aeaa9ede.jpg,qblock,26,#484848,72,72,72,"(79, 309, 95, 318)"
251107_232237_0000097550_CAM1_NG_bmp.rf.44c996fd4c408e81b9e8edf38949a1ea.jpg,incorrect qblock,0,#b5b5b5,181,181,181,"(646, 167, 662, 175)"
251107_232237_0000097550_CAM1_NG_bmp.rf.44c996fd4c408e81b9e8edf38949a1ea.jpg,incorrect qblock,1,#b4b4b4,180,180,180,"(266, 170, 281, 178)"
251107_232237_0000097550_CAM1_NG_bmp.rf.44c996fd4c408e81b9e8edf38949a1ea.jpg,incorrect qblock,2,#a9a9a9,169,169,169,"(77, 171, 93, 180)"
251107_232237_0000097550_CAM1_NG_bmp.rf.44c996fd4c408e81b9e8edf38949a1ea.jpg,incorrect qblock,3,#bebebe,190,190,190,"(361, 169, 376, 177)"
251107_232237_0000097550_CAM1_NG_bmp.rf.44c996fd4c408e81b9e8edf38949a1ea.jpg,incorrect qblock,4,#b8b8b8,184,184,184,"(552, 168, 568, 176)"
251107_232237_0000097550_CAM1_NG_bmp.rf.44c996fd4c408e81b9e8edf38949a1ea.jpg,incorrect qblock,5,#b6b6b6,182,182,182,"(172, 170, 188, 179)"
251107_232237_0000097550_CAM1_NG_bmp.rf.44c996fd4c408e81b9e8edf38949a1ea.jpg,incorrect qblock,6,#bcbcbc,188,188,188,"(251, 132, 263, 137)"
251107_232237_0000097550_CAM1_NG_bmp.rf.44c996fd4c408e81b9e8edf38949a1ea.jpg,incorrect qblock,7,#bdbdbd,189,189,189,"(457, 169, 472, 176)"
251107_232237_0000097550_CAM1_NG_bmp.rf.44c996fd4c408e81b9e8edf38949a1ea.jpg,incorrect qblock,8,#bbbbbb,187,187,187,"(442, 131, 454, 136)"
251107_232237_0000097550_CAM1_NG_bmp.rf.44c996fd4c408e81b9e8edf38949a1ea.jpg,incorrect qblock,9,#b5b5b5,181,181,181,"(157, 133, 169, 138)"
251107_232237_0000097550_CAM1_NG_bmp.rf.44c996fd4c408e81b9e8edf38949a1ea.jpg,incorrect qblock,10,#b6b6b6,182,182,182,"(346, 132, 358, 136)"
251107_232237_0000097550_CAM1_NG_bmp.rf.44c996fd4c408e81b9e8edf38949a1ea.jpg,incorrect qblock,11,#b3b3b3,179,179,179,"(632, 130, 645, 135)"
251107_232237_0000097550_CAM1_NG_bmp.rf.44c996fd4c408e81b9e8edf38949a1ea.jpg,incorrect qblock,12,#bfbfbf,191,191,191,"(536, 131, 549, 136)"
251107_232237_0000097550_CAM1_NG_bmp.rf.44c996fd4c408e81b9e8edf38949a1ea.jpg,incorrect qblock,13,#b6b6b6,182,182,182,"(727, 130, 739, 135)"
251010_124906_0000080555_CAM1_NG_bmp.rf.bc8b7edfdb1964fd320a033366770542.jpg,qblock,0,#5f5f5f,95,95,95,"(647, 89, 664, 98)"
251010_124906_0000080555_CAM1_NG_bmp.rf.bc8b7edfdb1964fd320a033366770542.jpg,qblock,1,#585858,88,88,88,"(267, 92, 283, 101)"
251010_124906_0000080555_CAM1_NG_bmp.rf.bc8b7edfdb1964fd320a033366770542.jpg,qblock,3,#4f4f4f,79,79,79,"(649, 318, 665, 326)"
251010_124906_0000080555_CAM1_NG_bmp.rf.bc8b7edfdb1964fd320a033366770542.jpg,qblock,6,#5b5b5b,91,91,91,"(268, 320, 285, 329)"
251010_124906_0000080555_CAM1_NG_bmp.rf.bc8b7edfdb1964fd320a033366770542.jpg,qblock,7,#505050,80,80,80,"(457, 91, 473, 99)"
251010_124906_0000080555_CAM1_NG_bmp.rf.bc8b7edfdb1964fd320a033366770542.jpg,qblock,11,#535353,83,83,83,"(459, 319, 475, 328)"
251010_124906_0000080555_CAM1_NG_bmp.rf.bc8b7edfdb1964fd320a033366770542.jpg,qblock,15,#4f4f4f,79,79,79,"(363, 320, 379, 328)"
251010_124906_0000080555_CAM1_NG_bmp.rf.bc8b7edfdb1964fd320a033366770542.jpg,qblock,16,#5b5b5b,91,91,91,"(362, 91, 378, 100)"
251010_124906_0000080555_CAM1_NG_bmp.rf.bc8b7edfdb1964fd320a033366770542.jpg,qblock,17,#494949,73,73,73,"(554, 319, 570, 327)"
251010_124906_0000080555_CAM1_NG_bmp.rf.bc8b7edfdb1964fd320a033366770542.jpg,qblock,20,#545454,84,84,84,"(174, 320, 190, 329)"
251010_124906_0000080555_CAM1_NG_bmp.rf.bc8b7edfdb1964fd320a033366770542.jpg,qblock,21,#585858,88,88,88,"(552, 90, 569, 99)"
251010_124906_0000080555_CAM1_NG_bmp.rf.bc8b7edfdb1964fd320a033366770542.jpg,qblock,22,#474747,71,71,71,"(80, 320, 96, 329)"
251010_124906_0000080555_CAM1_NG_bmp.rf.bc8b7edfdb1964fd320a033366770542.jpg,qblock,23,#424242,66,66,66,"(79, 94, 95, 103)"
251010_124906_0000080555_CAM1_NG_bmp.rf.bc8b7edfdb1964fd320a033366770542.jpg,qblock,24,#515151,81,81,81,"(173, 93, 189, 102)"
251107_232600_0000098221_CAM1_NG_bmp.rf.4b6cc54b2b2254bed086e2010ac29519.jpg,incorrect qblock,0,#b7b7b7,183,183,183,"(266, 170, 281, 178)"
251107_232600_0000098221_CAM1_NG_bmp.rf.4b6cc54b2b2254bed086e2010ac29519.jpg,incorrect qblock,1,#b9b9b9,185,185,185,"(646, 167, 662, 176)"
251107_232600_0000098221_CAM1_NG_bmp.rf.4b6cc54b2b2254bed086e2010ac29519.jpg,incorrect qblock,2,#aeaeae,174,174,174,"(172, 171, 187, 179)"
251107_232600_0000098221_CAM1_NG_bmp.rf.4b6cc54b2b2254bed086e2010ac29519.jpg,incorrect qblock,3,#bfbfbf,191,191,191,"(551, 168, 568, 176)"
251107_232600_0000098221_CAM1_NG_bmp.rf.4b6cc54b2b2254bed086e2010ac29519.jpg,incorrect qblock,4,#a0a0a0,160,160,160,"(77, 172, 93, 180)"
251107_232600_0000098221_CAM1_NG_bmp.rf.4b6cc54b2b2254bed086e2010ac29519.jpg,incorrect qblock,5,#b9b9b9,185,185,185,"(361, 170, 376, 177)"
251107_232600_0000098221_CAM1_NG_bmp.rf.4b6cc54b2b2254bed086e2010ac29519.jpg,incorrect qblock,6,#c1c1c1,193,193,193,"(456, 169, 472, 177)"
251107_232600_0000098221_CAM1_NG_bmp.rf.4b6cc54b2b2254bed086e2010ac29519.jpg,incorrect qblock,7,#b0b0b0,176,176,176,"(251, 133, 264, 137)"
251107_232600_0000098221_CAM1_NG_bmp.rf.4b6cc54b2b2254bed086e2010ac29519.jpg,incorrect qblock,8,#bababa,186,186,186,"(632, 130, 644, 135)"
251107_232600_0000098221_CAM1_NG_bmp.rf.4b6cc54b2b2254bed086e2010ac29519.jpg,incorrect qblock,9,#bebebe,190,190,190,"(442, 131, 454, 136)"
251107_232600_0000098221_CAM1_NG_bmp.rf.4b6cc54b2b2254bed086e2010ac29519.jpg,incorrect qblock,10,#bbbbbb,187,187,187,"(346, 132, 358, 136)"
251107_232600_0000098221_CAM1_NG_bmp.rf.4b6cc54b2b2254bed086e2010ac29519.jpg,incorrect qblock,11,#b4b4b4,180,180,180,"(157, 133, 169, 138)"
251107_232600_0000098221_CAM1_NG_bmp.rf.4b6cc54b2b2254bed086e2010ac29519.jpg,incorrect qblock,12,#b6b6b6,182,182,182,"(727, 130, 739, 135)"
251107_232600_0000098221_CAM1_NG_bmp.rf.4b6cc54b2b2254bed086e2010ac29519.jpg,incorrect qblock,13,#b4b4b4,180,180,180,"(537, 131, 549, 136)"
251107_231942_0000096967_CAM1_NG_bmp.rf.525cf4c0e5095cc9e7cd8833a273f2f9.jpg,incorrect qblock,0,#b5b5b5,181,181,181,"(266, 170, 281, 178)"
251107_231942_0000096967_CAM1_NG_bmp.rf.525cf4c0e5095cc9e7cd8833a273f2f9.jpg,incorrect qblock,1,#b6b6b6,182,182,182,"(646, 167, 662, 176)"
251107_231942_0000096967_CAM1_NG_bmp.rf.525cf4c0e5095cc9e7cd8833a273f2f9.jpg,incorrect qblock,2,#b2b2b2,178,178,178,"(172, 171, 187, 179)"
251107_231942_0000096967_CAM1_NG_bmp.rf.525cf4c0e5095cc9e7cd8833a273f2f9.jpg,incorrect qblock,3,#b9b9b9,185,185,185,"(552, 168, 568, 177)"
251107_231942_0000096967_CAM1_NG_bmp.rf.525cf4c0e5095cc9e7cd8833a273f2f9.jpg,incorrect qblock,4,#b7b7b7,183,183,183,"(361, 170, 376, 177)"
251107_231942_0000096967_CAM1_NG_bmp.rf.525cf4c0e5095cc9e7cd8833a273f2f9.jpg,incorrect qblock,5,#9f9f9f,159,159,159,"(77, 172, 93, 180)"
251107_231942_0000096967_CAM1_NG_bmp.rf.525cf4c0e5095cc9e7cd8833a273f2f9.jpg,incorrect qblock,6,#c2c2c2,194,194,194,"(456, 169, 472, 177)"
251107_231942_0000096967_CAM1_NG_bmp.rf.525cf4c0e5095cc9e7cd8833a273f2f9.jpg,incorrect qblock,7,#b9b9b9,185,185,185,"(632, 130, 644, 135)"
251107_231942_0000096967_CAM1_NG_bmp.rf.525cf4c0e5095cc9e7cd8833a273f2f9.jpg,incorrect qblock,8,#b6b6b6,182,182,182,"(251, 133, 264, 137)"
251107_231942_0000096967_CAM1_NG_bmp.rf.525cf4c0e5095cc9e7cd8833a273f2f9.jpg,incorrect qblock,9,#b9b9b9,185,185,185,"(442, 132, 454, 136)"
251107_231942_0000096967_CAM1_NG_bmp.rf.525cf4c0e5095cc9e7cd8833a273f2f9.jpg,incorrect qblock,10,#bababa,186,186,186,"(346, 132, 358, 136)"
251107_231942_0000096967_CAM1_NG_bmp.rf.525cf4c0e5095cc9e7cd8833a273f2f9.jpg,incorrect qblock,11,#b9b9b9,185,185,185,"(727, 130, 739, 135)"
251107_231942_0000096967_CAM1_NG_bmp.rf.525cf4c0e5095cc9e7cd8833a273f2f9.jpg,incorrect qblock,12,#b5b5b5,181,181,181,"(157, 133, 169, 138)"
251107_231942_0000096967_CAM1_NG_bmp.rf.525cf4c0e5095cc9e7cd8833a273f2f9.jpg,incorrect qblock,13,#bdbdbd,189,189,189,"(537, 131, 549, 136)"
251107_231856_0000096816_CAM1_NG_bmp.rf.8a4209bd5b7e9985db3cb9cf760e63d9.jpg,incorrect qblock,0,#b5b5b5,181,181,181,"(266, 170, 281, 179)"
251107_231856_0000096816_CAM1_NG_bmp.rf.8a4209bd5b7e9985db3cb9cf760e63d9.jpg,incorrect qblock,1,#b4b4b4,180,180,180,"(646, 168, 662, 177)"
251107_231856_0000096816_CAM1_NG_bmp.rf.8a4209bd5b7e9985db3cb9cf760e63d9.jpg,incorrect qblock,2,#adadad,173,173,173,"(172, 171, 187, 179)"
251107_231856_0000096816_CAM1_NG_bmp.rf.8a4209bd5b7e9985db3cb9cf760e63d9.jpg,incorrect qblock,3,#b9b9b9,185,185,185,"(552, 168, 568, 177)"
251107_231856_0000096816_CAM1_NG_bmp.rf.8a4209bd5b7e9985db3cb9cf760e63d9.jpg,incorrect qblock,4,#bdbdbd,189,189,189,"(632, 131, 644, 136)"
251107_231856_0000096816_CAM1_NG_bmp.rf.8a4209bd5b7e9985db3cb9cf760e63d9.jpg,incorrect qblock,5,#c2c2c2,194,194,194,"(456, 169, 472, 177)"
251107_231856_0000096816_CAM1_NG_bmp.rf.8a4209bd5b7e9985db3cb9cf760e63d9.jpg,incorrect qblock,6,#bababa,186,186,186,"(361, 170, 376, 178)"
251107_231856_0000096816_CAM1_NG_bmp.rf.8a4209bd5b7e9985db3cb9cf760e63d9.jpg,incorrect qblock,7,#9c9c9c,156,156,156,"(77, 172, 93, 180)"
251107_231856_0000096816_CAM1_NG_bmp.rf.8a4209bd5b7e9985db3cb9cf760e63d9.jpg,incorrect qblock,8,#bdbdbd,189,189,189,"(727, 131, 739, 136)"
251107_231856_0000096816_CAM1_NG_bmp.rf.8a4209bd5b7e9985db3cb9cf760e63d9.jpg,incorrect qblock,9,#c2c2c2,194,194,194,"(441, 132, 454, 137)"
251107_231856_0000096816_CAM1_NG_bmp.rf.8a4209bd5b7e9985db3cb9cf760e63d9.jpg,incorrect qblock,10,#bdbdbd,189,189,189,"(346, 132, 358, 137)"
251107_231856_0000096816_CAM1_NG_bmp.rf.8a4209bd5b7e9985db3cb9cf760e63d9.jpg,incorrect qblock,11,#c5c5c5,197,197,197,"(536, 131, 549, 136)"
251107_231856_0000096816_CAM1_NG_bmp.rf.8a4209bd5b7e9985db3cb9cf760e63d9.jpg,incorrect qblock,12,#bababa,186,186,186,"(253, 361, 265, 366)"
251107_231856_0000096816_CAM1_NG_bmp.rf.8a4209bd5b7e9985db3cb9cf760e63d9.jpg,incorrect qblock,13,#b8b8b8,184,184,184,"(251, 133, 263, 138)"
251107_231856_0000096816_CAM1_NG_bmp.rf.8a4209bd5b7e9985db3cb9cf760e63d9.jpg,incorrect qblock,14,#b4b4b4,180,180,180,"(159, 361, 171, 366)"
251107_231856_0000096816_CAM1_NG_bmp.rf.8a4209bd5b7e9985db3cb9cf760e63d9.jpg,incorrect qblock,15,#adadad,173,173,173,"(157, 134, 170, 138)"
251107_231856_0000096816_CAM1_NG_bmp.rf.8a4209bd5b7e9985db3cb9cf760e63d9.jpg,incorrect qblock,16,#bbbbbb,187,187,187,"(348, 360, 360, 365)"
251107_231856_0000096816_CAM1_NG_bmp.rf.8a4209bd5b7e9985db3cb9cf760e63d9.jpg,incorrect qblock,17,#b2b2b2,178,178,178,"(538, 360, 551, 365)"
251107_232410_0000097856_CAM1_NG_bmp.rf.b1dfd90d95c0e5b3b8757845a2460f79.jpg,incorrect qblock,0,#bababa,186,186,186,"(646, 167, 662, 176)"
251107_232410_0000097856_CAM1_NG_bmp.rf.b1dfd90d95c0e5b3b8757845a2460f79.jpg,incorrect qblock,1,#b4b4b4,180,180,180,"(266, 170, 281, 178)"
251107_232410_0000097856_CAM1_NG_bmp.rf.b1dfd90d95c0e5b3b8757845a2460f79.jpg,incorrect qblock,2,#acacac,172,172,172,"(172, 171, 187, 179)"
251107_232410_0000097856_CAM1_NG_bmp.rf.b1dfd90d95c0e5b3b8757845a2460f79.jpg,incorrect qblock,3,#a5a5a5,165,165,165,"(77, 172, 93, 180)"
251107_232410_0000097856_CAM1_NG_bmp.rf.b1dfd90d95c0e5b3b8757845a2460f79.jpg,incorrect qblock,4,#b6b6b6,182,182,182,"(361, 170, 376, 177)"
251107_232410_0000097856_CAM1_NG_bmp.rf.b1dfd90d95c0e5b3b8757845a2460f79.jpg,incorrect qblock,5,#bfbfbf,191,191,191,"(456, 169, 472, 177)"
251107_232410_0000097856_CAM1_NG_bmp.rf.b1dfd90d95c0e5b3b8757845a2460f79.jpg,incorrect qblock,6,#b9b9b9,185,185,185,"(632, 130, 644, 135)"
251107_232410_0000097856_CAM1_NG_bmp.rf.b1dfd90d95c0e5b3b8757845a2460f79.jpg,incorrect qblock,7,#bfbfbf,191,191,191,"(551, 168, 568, 176)"
251107_232410_0000097856_CAM1_NG_bmp.rf.b1dfd90d95c0e5b3b8757845a2460f79.jpg,incorrect qblock,8,#b0b0b0,176,176,176,"(252, 133, 264, 137)"
251107_232410_0000097856_CAM1_NG_bmp.rf.b1dfd90d95c0e5b3b8757845a2460f79.jpg,incorrect qblock,9,#c0c0c0,192,192,192,"(442, 131, 454, 136)"
251107_232410_0000097856_CAM1_NG_bmp.rf.b1dfd90d95c0e5b3b8757845a2460f79.jpg,incorrect qblock,10,#b9b9b9,185,185,185,"(347, 132, 359, 136)"
251107_232410_0000097856_CAM1_NG_bmp.rf.b1dfd90d95c0e5b3b8757845a2460f79.jpg,incorrect qblock,11,#a9a9a9,169,169,169,"(157, 134, 169, 138)"
251107_232410_0000097856_CAM1_NG_bmp.rf.b1dfd90d95c0e5b3b8757845a2460f79.jpg,incorrect qblock,12,#b6b6b6,182,182,182,"(727, 130, 739, 135)"
251107_232410_0000097856_CAM1_NG_bmp.rf.b1dfd90d95c0e5b3b8757845a2460f79.jpg,incorrect qblock,13,#b9b9b9,185,185,185,"(537, 131, 549, 136)"
251015_020553_0000434679_CAM1_OK_bmp.rf.ed43b9b147b5334159e1b677dfcf7b7b.jpg,qblock,3,#555555,85,85,85,"(646, 286, 662, 295)"
251015_020553_0000434679_CAM1_OK_bmp.rf.ed43b9b147b5334159e1b677dfcf7b7b.jpg,qblock,5,#464646,70,70,70,"(171, 62, 186, 71)"
251015_020553_0000434679_CAM1_OK_bmp.rf.ed43b9b147b5334159e1b677dfcf7b7b.jpg,qblock,6,#575757,87,87,87,"(645, 58, 661, 67)"
251015_020553_0000434679_CAM1_OK_bmp.rf.ed43b9b147b5334159e1b677dfcf7b7b.jpg,qblock,7,#535353,83,83,83,"(456, 287, 472, 296)"
251015_020553_0000434679_CAM1_OK_bmp.rf.ed43b9b147b5334159e1b677dfcf7b7b.jpg,qblock,9,#4d4d4d,77,77,77,"(265, 61, 281, 70)"
251015_020553_0000434679_CAM1_OK_bmp.rf.ed43b9b147b5334159e1b677dfcf7b7b.jpg,qblock,10,#535353,83,83,83,"(266, 288, 282, 297)"
251015_020553_0000434679_CAM1_OK_bmp.rf.ed43b9b147b5334159e1b677dfcf7b7b.jpg,qblock,11,#4a4a4a,74,74,74,"(361, 288, 377, 297)"
251015_020553_0000434679_CAM1_OK_bmp.rf.ed43b9b147b5334159e1b677dfcf7b7b.jpg,qblock,12,#3c3c3c,60,60,60,"(77, 63, 92, 71)"
251015_020553_0000434679_CAM1_OK_bmp.rf.ed43b9b147b5334159e1b677dfcf7b7b.jpg,qblock,13,#565656,86,86,86,"(455, 59, 471, 68)"
251015_020553_0000434679_CAM1_OK_bmp.rf.ed43b9b147b5334159e1b677dfcf7b7b.jpg,qblock,14,#404040,64,64,64,"(172, 289, 188, 297)"
251015_020553_0000434679_CAM1_OK_bmp.rf.ed43b9b147b5334159e1b677dfcf7b7b.jpg,qblock,15,#505050,80,80,80,"(360, 60, 376, 69)"
251015_020553_0000434679_CAM1_OK_bmp.rf.ed43b9b147b5334159e1b677dfcf7b7b.jpg,qblock,17,#515151,81,81,81,"(550, 59, 567, 68)"
251015_020553_0000434679_CAM1_OK_bmp.rf.ed43b9b147b5334159e1b677dfcf7b7b.jpg,qblock,20,#3c3c3c,60,60,60,"(77, 289, 93, 298)"
251015_020553_0000434679_CAM1_OK_bmp.rf.ed43b9b147b5334159e1b677dfcf7b7b.jpg,qblock,21,#4e4e4e,78,78,78,"(551, 287, 568, 295)"
251010_125547_0000080603_CAM1_NG_bmp.rf.45472cfcb44937235897a8a40f5fe4df.jpg,qblock,1,#5c5c5c,92,92,92,"(267, 88, 283, 97)"
251010_125547_0000080603_CAM1_NG_bmp.rf.45472cfcb44937235897a8a40f5fe4df.jpg,qblock,3,#535353,83,83,83,"(647, 86, 663, 95)"
251010_125547_0000080603_CAM1_NG_bmp.rf.45472cfcb44937235897a8a40f5fe4df.jpg,qblock,4,#575757,87,87,87,"(457, 87, 473, 95)"
251010_125547_0000080603_CAM1_NG_bmp.rf.45472cfcb44937235897a8a40f5fe4df.jpg,qblock,5,#4f4f4f,79,79,79,"(362, 88, 378, 96)"
251010_125547_0000080603_CAM1_NG_bmp.rf.45472cfcb44937235897a8a40f5fe4df.jpg,qblock,7,#525252,82,82,82,"(173, 89, 188, 98)"
251010_125547_0000080603_CAM1_NG_bmp.rf.45472cfcb44937235897a8a40f5fe4df.jpg,qblock,11,#585858,88,88,88,"(648, 314, 665, 323)"
251010_125547_0000080603_CAM1_NG_bmp.rf.45472cfcb44937235897a8a40f5fe4df.jpg,qblock,12,#3f3f3f,63,63,63,"(81, 316, 96, 325)"
251010_125547_0000080603_CAM1_NG_bmp.rf.45472cfcb44937235897a8a40f5fe4df.jpg,qblock,13,#4d4d4d,77,77,77,"(552, 87, 568, 95)"
251010_125547_0000080603_CAM1_NG_bmp.rf.45472cfcb44937235897a8a40f5fe4df.jpg,qblock,14,#414141,65,65,65,"(79, 90, 95, 99)"
251010_125547_0000080603_CAM1_NG_bmp.rf.45472cfcb44937235897a8a40f5fe4df.jpg,qblock,15,#454545,69,69,69,"(174, 317, 190, 325)"
251010_125547_0000080603_CAM1_NG_bmp.rf.45472cfcb44937235897a8a40f5fe4df.jpg,qblock,16,#585858,88,88,88,"(268, 316, 284, 325)"
251107_232354_0000097804_CAM1_NG_bmp.rf.c296a9c6a948361b1194e6b35031df65.jpg,incorrect qblock,0,#b1b1b1,177,177,177,"(647, 166, 662, 175)"
251107_232354_0000097804_CAM1_NG_bmp.rf.c296a9c6a948361b1194e6b35031df65.jpg,incorrect qblock,1,#b6b6b6,182,182,182,"(266, 169, 281, 177)"
251107_232354_0000097804_CAM1_NG_bmp.rf.c296a9c6a948361b1194e6b35031df65.jpg,incorrect qblock,2,#c0c0c0,192,192,192,"(456, 168, 472, 175)"
251107_232354_0000097804_CAM1_NG_bmp.rf.c296a9c6a948361b1194e6b35031df65.jpg,incorrect qblock,3,#adadad,173,173,173,"(77, 170, 93, 179)"
251107_232354_0000097804_CAM1_NG_bmp.rf.c296a9c6a948361b1194e6b35031df65.jpg,incorrect qblock,4,#afafaf,175,175,175,"(172, 170, 187, 178)"
251107_232354_0000097804_CAM1_NG_bmp.rf.c296a9c6a948361b1194e6b35031df65.jpg,incorrect qblock,5,#b7b7b7,183,183,183,"(251, 132, 264, 137)"
251107_232354_0000097804_CAM1_NG_bmp.rf.c296a9c6a948361b1194e6b35031df65.jpg,incorrect qblock,6,#bcbcbc,188,188,188,"(551, 167, 568, 175)"
251107_232354_0000097804_CAM1_NG_bmp.rf.c296a9c6a948361b1194e6b35031df65.jpg,incorrect qblock,7,#b3b3b3,179,179,179,"(157, 133, 169, 137)"
251107_232354_0000097804_CAM1_NG_bmp.rf.c296a9c6a948361b1194e6b35031df65.jpg,incorrect qblock,8,#b5b5b5,181,181,181,"(361, 169, 376, 176)"
251107_232354_0000097804_CAM1_NG_bmp.rf.c296a9c6a948361b1194e6b35031df65.jpg,incorrect qblock,9,#b5b5b5,181,181,181,"(727, 129, 739, 134)"
251107_232354_0000097804_CAM1_NG_bmp.rf.c296a9c6a948361b1194e6b35031df65.jpg,incorrect qblock,10,#bbbbbb,187,187,187,"(442, 131, 454, 135)"
251107_232354_0000097804_CAM1_NG_bmp.rf.c296a9c6a948361b1194e6b35031df65.jpg,incorrect qblock,11,#bdbdbd,189,189,189,"(346, 131, 359, 136)"
251107_232354_0000097804_CAM1_NG_bmp.rf.c296a9c6a948361b1194e6b35031df65.jpg,incorrect qblock,12,#b1b1b1,177,177,177,"(632, 130, 644, 135)"
251010_201457_0000147657_CAM1_NG_bmp.rf.49e62eb33c6995471bb166bac53500e6.jpg,qblock,1,#5c5c5c,92,92,92,"(645, 62, 662, 71)"
251010_201457_0000147657_CAM1_NG_bmp.rf.49e62eb33c6995471bb166bac53500e6.jpg,qblock,5,#575757,87,87,87,"(550, 63, 567, 72)"
251010_201457_0000147657_CAM1_NG_bmp.rf.49e62eb33c6995471bb166bac53500e6.jpg,qblock,7,#505050,80,80,80,"(265, 65, 281, 74)"
251010_201457_0000147657_CAM1_NG_bmp.rf.49e62eb33c6995471bb166bac53500e6.jpg,qblock,8,#5d5d5d,93,93,93,"(361, 291, 378, 300)"
251010_201457_0000147657_CAM1_NG_bmp.rf.49e62eb33c6995471bb166bac53500e6.jpg,qblock,11,#555555,85,85,85,"(360, 64, 376, 73)"
251010_201457_0000147657_CAM1_NG_bmp.rf.49e62eb33c6995471bb166bac53500e6.jpg,qblock,12,#565656,86,86,86,"(646, 290, 663, 299)"
251010_201457_0000147657_CAM1_NG_bmp.rf.49e62eb33c6995471bb166bac53500e6.jpg,qblock,13,#505050,80,80,80,"(455, 64, 471, 73)"
251010_201457_0000147657_CAM1_NG_bmp.rf.49e62eb33c6995471bb166bac53500e6.jpg,qblock,14,#555555,85,85,85,"(266, 292, 283, 301)"
251010_201457_0000147657_CAM1_NG_bmp.rf.49e62eb33c6995471bb166bac53500e6.jpg,qblock,16,#5d5d5d,93,93,93,"(551, 290, 568, 299)"
251010_201457_0000147657_CAM1_NG_bmp.rf.49e62eb33c6995471bb166bac53500e6.jpg,qblock,17,#565656,86,86,86,"(456, 291, 473, 300)"
251010_201457_0000147657_CAM1_NG_bmp.rf.49e62eb33c6995471bb166bac53500e6.jpg,qblock,18,#525252,82,82,82,"(172, 292, 188, 301)"
251010_125636_0000080769_CAM1_NG_bmp.rf.1d3f9d112025a022dbfedc1b42ae2b2f.jpg,qblock,1,#535353,83,83,83,"(647, 80, 663, 88)"
251010_125636_0000080769_CAM1_NG_bmp.rf.1d3f9d112025a022dbfedc1b42ae2b2f.jpg,qblock,2,#4d4d4d,77,77,77,"(268, 309, 284, 317)"
251010_125636_0000080769_CAM1_NG_bmp.rf.1d3f9d112025a022dbfedc1b42ae2b2f.jpg,qblock,5,#4f4f4f,79,79,79,"(458, 308, 474, 316)"
251010_125636_0000080769_CAM1_NG_bmp.rf.1d3f9d112025a022dbfedc1b42ae2b2f.jpg,qblock,6,#5b5b5b,91,91,91,"(552, 80, 568, 89)"
251010_125636_0000080769_CAM1_NG_bmp.rf.1d3f9d112025a022dbfedc1b42ae2b2f.jpg,qblock,8,#5e5e5e,94,94,94,"(362, 81, 378, 90)"
251010_125636_0000080769_CAM1_NG_bmp.rf.1d3f9d112025a022dbfedc1b42ae2b2f.jpg,qblock,12,#585858,88,88,88,"(363, 308, 379, 316)"
251010_125636_0000080769_CAM1_NG_bmp.rf.1d3f9d112025a022dbfedc1b42ae2b2f.jpg,qblock,13,#5f5f5f,95,95,95,"(266, 82, 283, 91)"
251010_125636_0000080769_CAM1_NG_bmp.rf.1d3f9d112025a022dbfedc1b42ae2b2f.jpg,qblock,14,#565656,86,86,86,"(457, 81, 473, 89)"
251010_125636_0000080769_CAM1_NG_bmp.rf.1d3f9d112025a022dbfedc1b42ae2b2f.jpg,qblock,17,#515151,81,81,81,"(648, 307, 665, 315)"
251010_125636_0000080769_CAM1_NG_bmp.rf.1d3f9d112025a022dbfedc1b42ae2b2f.jpg,qblock,18,#494949,73,73,73,"(174, 309, 189, 317)"
251010_125636_0000080769_CAM1_NG_bmp.rf.1d3f9d112025a022dbfedc1b42ae2b2f.jpg,qblock,20,#5a5a5a,90,90,90,"(172, 83, 188, 91)"
251010_125636_0000080769_CAM1_NG_bmp.rf.1d3f9d112025a022dbfedc1b42ae2b2f.jpg,qblock,23,#525252,82,82,82,"(554, 307, 569, 315)"
251010_125636_0000080769_CAM1_NG_bmp.rf.1d3f9d112025a022dbfedc1b42ae2b2f.jpg,qblock,24,#3e3e3e,62,62,62,"(80, 309, 95, 318)"
251010_125636_0000080769_CAM1_NG_bmp.rf.1d3f9d112025a022dbfedc1b42ae2b2f.jpg,qblock,26,#424242,66,66,66,"(79, 84, 94, 93)"
251107_232438_0000097951_CAM1_NG_bmp.rf.8ade70806362f3e62345a2a0e34801a5.jpg,incorrect qblock,0,#bcbcbc,188,188,188,"(646, 167, 662, 176)"
251107_232438_0000097951_CAM1_NG_bmp.rf.8ade70806362f3e62345a2a0e34801a5.jpg,incorrect qblock,1,#b5b5b5,181,181,181,"(266, 170, 281, 178)"
251107_232438_0000097951_CAM1_NG_bmp.rf.8ade70806362f3e62345a2a0e34801a5.jpg,incorrect qblock,2,#a2a2a2,162,162,162,"(77, 172, 93, 180)"
251107_232438_0000097951_CAM1_NG_bmp.rf.8ade70806362f3e62345a2a0e34801a5.jpg,incorrect qblock,3,#afafaf,175,175,175,"(172, 171, 187, 179)"
251107_232438_0000097951_CAM1_NG_bmp.rf.8ade70806362f3e62345a2a0e34801a5.jpg,incorrect qblock,4,#bdbdbd,189,189,189,"(551, 168, 568, 176)"
251107_232438_0000097951_CAM1_NG_bmp.rf.8ade70806362f3e62345a2a0e34801a5.jpg,incorrect qblock,5,#b4b4b4,180,180,180,"(252, 132, 264, 137)"
251107_232438_0000097951_CAM1_NG_bmp.rf.8ade70806362f3e62345a2a0e34801a5.jpg,incorrect qblock,6,#bebebe,190,190,190,"(457, 169, 472, 177)"
251107_232438_0000097951_CAM1_NG_bmp.rf.8ade70806362f3e62345a2a0e34801a5.jpg,incorrect qblock,7,#b7b7b7,183,183,183,"(361, 170, 376, 177)"
251107_232438_0000097951_CAM1_NG_bmp.rf.8ade70806362f3e62345a2a0e34801a5.jpg,incorrect qblock,8,#bdbdbd,189,189,189,"(442, 131, 454, 136)"
251107_232438_0000097951_CAM1_NG_bmp.rf.8ade70806362f3e62345a2a0e34801a5.jpg,incorrect qblock,9,#b1b1b1,177,177,177,"(157, 133, 170, 138)"
251107_232438_0000097951_CAM1_NG_bmp.rf.8ade70806362f3e62345a2a0e34801a5.jpg,incorrect qblock,10,#b4b4b4,180,180,180,"(347, 132, 359, 136)"
251107_232438_0000097951_CAM1_NG_bmp.rf.8ade70806362f3e62345a2a0e34801a5.jpg,incorrect qblock,11,#b6b6b6,182,182,182,"(632, 130, 645, 135)"
251107_232438_0000097951_CAM1_NG_bmp.rf.8ade70806362f3e62345a2a0e34801a5.jpg,incorrect qblock,12,#b9b9b9,185,185,185,"(537, 131, 549, 136)"
251010_125658_0000080841_CAM1_NG_bmp.rf.a4915023e68134248c3298eb5b22a0f7.jpg,qblock,1,#535353,83,83,83,"(269, 311, 285, 319)"
251010_125658_0000080841_CAM1_NG_bmp.rf.a4915023e68134248c3298eb5b22a0f7.jpg,qblock,5,#515151,81,81,81,"(459, 310, 475, 318)"
251010_125658_0000080841_CAM1_NG_bmp.rf.a4915023e68134248c3298eb5b22a0f7.jpg,qblock,6,#525252,82,82,82,"(647, 81, 663, 89)"
251010_125658_0000080841_CAM1_NG_bmp.rf.a4915023e68134248c3298eb5b22a0f7.jpg,qblock,9,#4b4b4b,75,75,75,"(649, 309, 665, 317)"
251010_125658_0000080841_CAM1_NG_bmp.rf.a4915023e68134248c3298eb5b22a0f7.jpg,qblock,12,#595959,89,89,89,"(457, 82, 473, 90)"
251010_125658_0000080841_CAM1_NG_bmp.rf.a4915023e68134248c3298eb5b22a0f7.jpg,qblock,13,#4c4c4c,76,76,76,"(552, 82, 568, 90)"
251010_125658_0000080841_CAM1_NG_bmp.rf.a4915023e68134248c3298eb5b22a0f7.jpg,qblock,15,#606060,96,96,96,"(363, 310, 380, 319)"
251010_125658_0000080841_CAM1_NG_bmp.rf.a4915023e68134248c3298eb5b22a0f7.jpg,qblock,16,#4d4d4d,77,77,77,"(267, 84, 283, 92)"
251010_125658_0000080841_CAM1_NG_bmp.rf.a4915023e68134248c3298eb5b22a0f7.jpg,qblock,18,#474747,71,71,71,"(554, 310, 570, 317)"
251010_125658_0000080841_CAM1_NG_bmp.rf.a4915023e68134248c3298eb5b22a0f7.jpg,qblock,21,#525252,82,82,82,"(362, 83, 378, 91)"
251010_125658_0000080841_CAM1_NG_bmp.rf.a4915023e68134248c3298eb5b22a0f7.jpg,qblock,22,#585858,88,88,88,"(174, 311, 190, 319)"
251010_125658_0000080841_CAM1_NG_bmp.rf.a4915023e68134248c3298eb5b22a0f7.jpg,qblock,24,#3e3e3e,62,62,62,"(80, 312, 96, 320)"
251010_124900_0000080534_CAM1_NG_bmp.rf.0e36d0f43861849a7c4691c210478bda.jpg,qblock,1,#4f4f4f,79,79,79,"(647, 89, 663, 97)"
251010_124900_0000080534_CAM1_NG_bmp.rf.0e36d0f43861849a7c4691c210478bda.jpg,qblock,2,#595959,89,89,89,"(267, 91, 283, 100)"
251010_124900_0000080534_CAM1_NG_bmp.rf.0e36d0f43861849a7c4691c210478bda.jpg,qblock,4,#545454,84,84,84,"(457, 90, 473, 98)"
251010_124900_0000080534_CAM1_NG_bmp.rf.0e36d0f43861849a7c4691c210478bda.jpg,qblock,5,#5d5d5d,93,93,93,"(362, 90, 378, 99)"
251010_124900_0000080534_CAM1_NG_bmp.rf.0e36d0f43861849a7c4691c210478bda.jpg,qblock,6,#5e5e5e,94,94,94,"(268, 317, 284, 326)"
251010_124900_0000080534_CAM1_NG_bmp.rf.0e36d0f43861849a7c4691c210478bda.jpg,qblock,10,#505050,80,80,80,"(458, 317, 474, 325)"
251010_124900_0000080534_CAM1_NG_bmp.rf.0e36d0f43861849a7c4691c210478bda.jpg,qblock,14,#585858,88,88,88,"(552, 89, 568, 98)"
251010_124900_0000080534_CAM1_NG_bmp.rf.0e36d0f43861849a7c4691c210478bda.jpg,qblock,17,#575757,87,87,87,"(363, 317, 379, 326)"
251010_124900_0000080534_CAM1_NG_bmp.rf.0e36d0f43861849a7c4691c210478bda.jpg,qblock,18,#5d5d5d,93,93,93,"(174, 317, 190, 326)"
251010_124900_0000080534_CAM1_NG_bmp.rf.0e36d0f43861849a7c4691c210478bda.jpg,qblock,19,#525252,82,82,82,"(80, 317, 96, 326)"
251010_124900_0000080534_CAM1_NG_bmp.rf.0e36d0f43861849a7c4691c210478bda.jpg,qblock,20,#585858,88,88,88,"(172, 92, 188, 101)"
251010_124900_0000080534_CAM1_NG_bmp.rf.0e36d0f43861849a7c4691c210478bda.jpg,qblock,21,#414141,65,65,65,"(78, 93, 94, 102)"
251107_231858_0000096821_CAM1_NG_bmp.rf.440b71c65c1154750648872b01ea0adf.jpg,incorrect qblock,0,#b6b6b6,182,182,182,"(266, 170, 281, 178)"
251107_231858_0000096821_CAM1_NG_bmp.rf.440b71c65c1154750648872b01ea0adf.jpg,incorrect qblock,1,#b2b2b2,178,178,178,"(646, 168, 662, 176)"
251107_231858_0000096821_CAM1_NG_bmp.rf.440b71c65c1154750648872b01ea0adf.jpg,incorrect qblock,2,#aeaeae,174,174,174,"(172, 171, 187, 179)"
251107_231858_0000096821_CAM1_NG_bmp.rf.440b71c65c1154750648872b01ea0adf.jpg,incorrect qblock,3,#bcbcbc,188,188,188,"(551, 168, 568, 177)"
251107_231858_0000096821_CAM1_NG_bmp.rf.440b71c65c1154750648872b01ea0adf.jpg,incorrect qblock,4,#adadad,173,173,173,"(632, 131, 644, 136)"
251107_231858_0000096821_CAM1_NG_bmp.rf.440b71c65c1154750648872b01ea0adf.jpg,incorrect qblock,5,#b7b7b7,183,183,183,"(361, 170, 376, 178)"
251107_231858_0000096821_CAM1_NG_bmp.rf.440b71c65c1154750648872b01ea0adf.jpg,incorrect qblock,6,#c1c1c1,193,193,193,"(456, 169, 472, 177)"
251107_231858_0000096821_CAM1_NG_bmp.rf.440b71c65c1154750648872b01ea0adf.jpg,incorrect qblock,7,#9d9d9d,157,157,157,"(77, 172, 93, 180)"
251107_231858_0000096821_CAM1_NG_bmp.rf.440b71c65c1154750648872b01ea0adf.jpg,incorrect qblock,8,#c1c1c1,193,193,193,"(441, 132, 454, 136)"
251107_231858_0000096821_CAM1_NG_bmp.rf.440b71c65c1154750648872b01ea0adf.jpg,incorrect qblock,9,#bdbdbd,189,189,189,"(727, 130, 739, 136)"
251107_231858_0000096821_CAM1_NG_bmp.rf.440b71c65c1154750648872b01ea0adf.jpg,incorrect qblock,10,#b7b7b7,183,183,183,"(347, 132, 358, 137)"
251107_231858_0000096821_CAM1_NG_bmp.rf.440b71c65c1154750648872b01ea0adf.jpg,incorrect qblock,11,#b0b0b0,176,176,176,"(253, 361, 265, 365)"
251107_231858_0000096821_CAM1_NG_bmp.rf.440b71c65c1154750648872b01ea0adf.jpg,incorrect qblock,12,#b3b3b3,179,179,179,"(159, 360, 171, 366)"
251107_231858_0000096821_CAM1_NG_bmp.rf.440b71c65c1154750648872b01ea0adf.jpg,incorrect qblock,13,#b4b4b4,180,180,180,"(251, 133, 264, 138)"
251107_231858_0000096821_CAM1_NG_bmp.rf.440b71c65c1154750648872b01ea0adf.jpg,incorrect qblock,14,#a9a9a9,169,169,169,"(157, 134, 169, 138)"
251107_231858_0000096821_CAM1_NG_bmp.rf.440b71c65c1154750648872b01ea0adf.jpg,incorrect qblock,15,#bcbcbc,188,188,188,"(537, 131, 549, 136)"
251107_231858_0000096821_CAM1_NG_bmp.rf.440b71c65c1154750648872b01ea0adf.jpg,incorrect qblock,16,#b3b3b3,179,179,179,"(538, 360, 551, 365)"
251010_115514_0000080413_CAM1_NG_bmp.rf.57d6b3e3de4f253b447259ab9624cd03.jpg,qblock,0,#595959,89,89,89,"(269, 58, 285, 67)"
251010_115514_0000080413_CAM1_NG_bmp.rf.57d6b3e3de4f253b447259ab9624cd03.jpg,qblock,1,#535353,83,83,83,"(650, 282, 666, 291)"
251010_115514_0000080413_CAM1_NG_bmp.rf.57d6b3e3de4f253b447259ab9624cd03.jpg,qblock,2,#4f4f4f,79,79,79,"(459, 57, 475, 65)"
251010_115514_0000080413_CAM1_NG_bmp.rf.57d6b3e3de4f253b447259ab9624cd03.jpg,qblock,3,#585858,88,88,88,"(174, 59, 190, 68)"
251010_115514_0000080413_CAM1_NG_bmp.rf.57d6b3e3de4f253b447259ab9624cd03.jpg,qblock,4,#585858,88,88,88,"(364, 57, 379, 66)"
251010_115514_0000080413_CAM1_NG_bmp.rf.57d6b3e3de4f253b447259ab9624cd03.jpg,qblock,5,#606060,96,96,96,"(175, 284, 192, 293)"
251010_115514_0000080413_CAM1_NG_bmp.rf.57d6b3e3de4f253b447259ab9624cd03.jpg,qblock,9,#4b4b4b,75,75,75,"(80, 60, 96, 69)"
251010_115514_0000080413_CAM1_NG_bmp.rf.57d6b3e3de4f253b447259ab9624cd03.jpg,qblock,10,#474747,71,71,71,"(460, 284, 476, 292)"
251010_115514_0000080413_CAM1_NG_bmp.rf.57d6b3e3de4f253b447259ab9624cd03.jpg,qblock,11,#545454,84,84,84,"(555, 283, 572, 292)"
251010_115514_0000080413_CAM1_NG_bmp.rf.57d6b3e3de4f253b447259ab9624cd03.jpg,qblock,12,#515151,81,81,81,"(365, 284, 381, 293)"
251010_115514_0000080413_CAM1_NG_bmp.rf.57d6b3e3de4f253b447259ab9624cd03.jpg,qblock,14,#5f5f5f,95,95,95,"(649, 55, 665, 64)"
251010_115514_0000080413_CAM1_NG_bmp.rf.57d6b3e3de4f253b447259ab9624cd03.jpg,qblock,17,#484848,72,72,72,"(81, 285, 97, 294)"
251010_115514_0000080413_CAM1_NG_bmp.rf.57d6b3e3de4f253b447259ab9624cd03.jpg,qblock,18,#595959,89,89,89,"(270, 284, 286, 293)"
251010_125642_0000080787_CAM1_NG_bmp.rf.2ad6eef5f2a33bf9e01b4fabed76eaf9.jpg,qblock,2,#5e5e5e,94,94,94,"(268, 309, 284, 318)"
251010_125642_0000080787_CAM1_NG_bmp.rf.2ad6eef5f2a33bf9e01b4fabed76eaf9.jpg,qblock,4,#4f4f4f,79,79,79,"(458, 309, 474, 317)"
251010_125642_0000080787_CAM1_NG_bmp.rf.2ad6eef5f2a33bf9e01b4fabed76eaf9.jpg,qblock,5,#595959,89,89,89,"(647, 79, 663, 87)"
251010_125642_0000080787_CAM1_NG_bmp.rf.2ad6eef5f2a33bf9e01b4fabed76eaf9.jpg,qblock,8,#474747,71,71,71,"(649, 308, 665, 316)"
251010_125642_0000080787_CAM1_NG_bmp.rf.2ad6eef5f2a33bf9e01b4fabed76eaf9.jpg,qblock,10,#515151,81,81,81,"(267, 82, 283, 90)"
251010_125642_0000080787_CAM1_NG_bmp.rf.2ad6eef5f2a33bf9e01b4fabed76eaf9.jpg,qblock,12,#5b5b5b,91,91,91,"(457, 80, 473, 89)"
251010_125642_0000080787_CAM1_NG_bmp.rf.2ad6eef5f2a33bf9e01b4fabed76eaf9.jpg,qblock,16,#575757,87,87,87,"(363, 309, 379, 317)"
251010_125642_0000080787_CAM1_NG_bmp.rf.2ad6eef5f2a33bf9e01b4fabed76eaf9.jpg,qblock,17,#505050,80,80,80,"(552, 80, 568, 88)"
251010_125642_0000080787_CAM1_NG_bmp.rf.2ad6eef5f2a33bf9e01b4fabed76eaf9.jpg,qblock,19,#555555,85,85,85,"(362, 81, 378, 89)"
251010_125642_0000080787_CAM1_NG_bmp.rf.2ad6eef5f2a33bf9e01b4fabed76eaf9.jpg,qblock,21,#4d4d4d,77,77,77,"(174, 310, 190, 318)"
251010_125642_0000080787_CAM1_NG_bmp.rf.2ad6eef5f2a33bf9e01b4fabed76eaf9.jpg,qblock,22,#505050,80,80,80,"(554, 308, 569, 316)"
251010_125642_0000080787_CAM1_NG_bmp.rf.2ad6eef5f2a33bf9e01b4fabed76eaf9.jpg,qblock,23,#525252,82,82,82,"(172, 83, 188, 91)"
251010_125642_0000080787_CAM1_NG_bmp.rf.2ad6eef5f2a33bf9e01b4fabed76eaf9.jpg,qblock,25,#454545,69,69,69,"(80, 310, 96, 318)"
251107_231816_0000096684_CAM1_NG_bmp.rf.1c29cfa83013ea3135d1841fdb33d494.jpg,incorrect qblock,0,#b0b0b0,176,176,176,"(646, 167, 662, 175)"
251107_231816_0000096684_CAM1_NG_bmp.rf.1c29cfa83013ea3135d1841fdb33d494.jpg,incorrect qblock,1,#b2b2b2,178,178,178,"(266, 170, 281, 178)"
251107_231816_0000096684_CAM1_NG_bmp.rf.1c29cfa83013ea3135d1841fdb33d494.jpg,incorrect qblock,2,#a2a2a2,162,162,162,"(77, 171, 93, 179)"
251107_231816_0000096684_CAM1_NG_bmp.rf.1c29cfa83013ea3135d1841fdb33d494.jpg,incorrect qblock,3,#b8b8b8,184,184,184,"(551, 168, 568, 176)"
251107_231816_0000096684_CAM1_NG_bmp.rf.1c29cfa83013ea3135d1841fdb33d494.jpg,incorrect qblock,4,#b3b3b3,179,179,179,"(172, 170, 188, 178)"
251107_231816_0000096684_CAM1_NG_bmp.rf.1c29cfa83013ea3135d1841fdb33d494.jpg,incorrect qblock,5,#bababa,186,186,186,"(361, 169, 376, 177)"
251107_231816_0000096684_CAM1_NG_bmp.rf.1c29cfa83013ea3135d1841fdb33d494.jpg,incorrect qblock,6,#bababa,186,186,186,"(632, 130, 645, 135)"
251107_231816_0000096684_CAM1_NG_bmp.rf.1c29cfa83013ea3135d1841fdb33d494.jpg,incorrect qblock,7,#bdbdbd,189,189,189,"(456, 169, 472, 176)"
251107_231816_0000096684_CAM1_NG_bmp.rf.1c29cfa83013ea3135d1841fdb33d494.jpg,incorrect qblock,8,#b0b0b0,176,176,176,"(252, 133, 264, 137)"
251107_231816_0000096684_CAM1_NG_bmp.rf.1c29cfa83013ea3135d1841fdb33d494.jpg,incorrect qblock,9,#c5c5c5,197,197,197,"(442, 131, 454, 136)"
251107_231816_0000096684_CAM1_NG_bmp.rf.1c29cfa83013ea3135d1841fdb33d494.jpg,incorrect qblock,10,#bdbdbd,189,189,189,"(347, 132, 359, 136)"
251107_231816_0000096684_CAM1_NG_bmp.rf.1c29cfa83013ea3135d1841fdb33d494.jpg,incorrect qblock,11,#b9b9b9,185,185,185,"(727, 130, 739, 135)"
251107_231816_0000096684_CAM1_NG_bmp.rf.1c29cfa83013ea3135d1841fdb33d494.jpg,incorrect qblock,12,#b6b6b6,182,182,182,"(157, 133, 170, 138)"
251107_231816_0000096684_CAM1_NG_bmp.rf.1c29cfa83013ea3135d1841fdb33d494.jpg,incorrect qblock,13,#bcbcbc,188,188,188,"(537, 131, 550, 136)"
251107_231816_0000096684_CAM1_NG_bmp.rf.1c29cfa83013ea3135d1841fdb33d494.jpg,incorrect qblock,14,#b5b5b5,181,181,181,"(159, 360, 171, 366)"
251010_070221_0000043576_CAM1_NG_bmp.rf.f9407d42d4fce409c527ed1234d68428.jpg,qblock,2,#646464,100,100,100,"(267, 62, 284, 72)"
251010_070221_0000043576_CAM1_NG_bmp.rf.f9407d42d4fce409c527ed1234d68428.jpg,qblock,3,#575757,87,87,87,"(458, 61, 474, 70)"
251010_070221_0000043576_CAM1_NG_bmp.rf.f9407d42d4fce409c527ed1234d68428.jpg,qblock,5,#595959,89,89,89,"(648, 60, 665, 69)"
251010_070221_0000043576_CAM1_NG_bmp.rf.f9407d42d4fce409c527ed1234d68428.jpg,qblock,10,#575757,87,87,87,"(364, 289, 381, 298)"
251010_070221_0000043576_CAM1_NG_bmp.rf.f9407d42d4fce409c527ed1234d68428.jpg,qblock,11,#4b4b4b,75,75,75,"(269, 290, 285, 298)"
251010_070221_0000043576_CAM1_NG_bmp.rf.f9407d42d4fce409c527ed1234d68428.jpg,qblock,12,#505050,80,80,80,"(363, 62, 379, 71)"
251010_070221_0000043576_CAM1_NG_bmp.rf.f9407d42d4fce409c527ed1234d68428.jpg,qblock,13,#535353,83,83,83,"(553, 61, 570, 69)"
251010_070221_0000043576_CAM1_NG_bmp.rf.f9407d42d4fce409c527ed1234d68428.jpg,qblock,14,#515151,81,81,81,"(649, 288, 666, 296)"
251010_070221_0000043576_CAM1_NG_bmp.rf.f9407d42d4fce409c527ed1234d68428.jpg,qblock,15,#404040,64,64,64,"(555, 289, 571, 297)"
251010_070221_0000043576_CAM1_NG_bmp.rf.f9407d42d4fce409c527ed1234d68428.jpg,qblock,16,#515151,81,81,81,"(459, 289, 476, 298)"
251010_070221_0000043576_CAM1_NG_bmp.rf.f9407d42d4fce409c527ed1234d68428.jpg,qblock,17,#4a4a4a,74,74,74,"(175, 290, 191, 299)"
251010_070221_0000043576_CAM1_NG_bmp.rf.f9407d42d4fce409c527ed1234d68428.jpg,qblock,18,#545454,84,84,84,"(174, 63, 189, 72)"
251010_070221_0000043575_CAM1_NG_bmp.rf.7ac5f1b3f301202772a9c938c788f356.jpg,qblock,1,#595959,89,89,89,"(648, 62, 665, 71)"
251010_070221_0000043575_CAM1_NG_bmp.rf.7ac5f1b3f301202772a9c938c788f356.jpg,qblock,3,#4a4a4a,74,74,74,"(270, 292, 286, 301)"
251010_070221_0000043575_CAM1_NG_bmp.rf.7ac5f1b3f301202772a9c938c788f356.jpg,qblock,6,#585858,88,88,88,"(364, 291, 381, 300)"
251010_070221_0000043575_CAM1_NG_bmp.rf.7ac5f1b3f301202772a9c938c788f356.jpg,qblock,7,#4d4d4d,77,77,77,"(175, 292, 191, 301)"
251010_070221_0000043575_CAM1_NG_bmp.rf.7ac5f1b3f301202772a9c938c788f356.jpg,qblock,8,#5c5c5c,92,92,92,"(268, 64, 284, 73)"
251010_070221_0000043575_CAM1_NG_bmp.rf.7ac5f1b3f301202772a9c938c788f356.jpg,qblock,10,#595959,89,89,89,"(458, 63, 475, 72)"
251010_070221_0000043575_CAM1_NG_bmp.rf.7ac5f1b3f301202772a9c938c788f356.jpg,qblock,12,#4b4b4b,75,75,75,"(650, 290, 666, 298)"
251010_070221_0000043575_CAM1_NG_bmp.rf.7ac5f1b3f301202772a9c938c788f356.jpg,qblock,13,#585858,88,88,88,"(554, 62, 570, 71)"
251010_070221_0000043575_CAM1_NG_bmp.rf.7ac5f1b3f301202772a9c938c788f356.jpg,qblock,14,#4a4a4a,74,74,74,"(460, 291, 476, 299)"
251010_070221_0000043575_CAM1_NG_bmp.rf.7ac5f1b3f301202772a9c938c788f356.jpg,qblock,15,#555555,85,85,85,"(555, 290, 572, 299)"
251010_070221_0000043575_CAM1_NG_bmp.rf.7ac5f1b3f301202772a9c938c788f356.jpg,qblock,16,#525252,82,82,82,"(363, 64, 379, 73)"
251010_070221_0000043575_CAM1_NG_bmp.rf.7ac5f1b3f301202772a9c938c788f356.jpg,qblock,23,#565656,86,86,86,"(174, 65, 190, 74)"
251107_231859_0000096825_CAM1_NG_bmp.rf.46c60f35cc94aa591feddef3c05ec696.jpg,incorrect qblock,0,#b3b3b3,179,179,179,"(266, 170, 281, 179)"
251107_231859_0000096825_CAM1_NG_bmp.rf.46c60f35cc94aa591feddef3c05ec696.jpg,incorrect qblock,1,#b8b8b8,184,184,184,"(646, 168, 662, 176)"
251107_231859_0000096825_CAM1_NG_bmp.rf.46c60f35cc94aa591feddef3c05ec696.jpg,incorrect qblock,2,#ababab,171,171,171,"(172, 171, 187, 179)"
251107_231859_0000096825_CAM1_NG_bmp.rf.46c60f35cc94aa591feddef3c05ec696.jpg,incorrect qblock,3,#b6b6b6,182,182,182,"(552, 168, 568, 177)"
251107_231859_0000096825_CAM1_NG_bmp.rf.46c60f35cc94aa591feddef3c05ec696.jpg,incorrect qblock,4,#bababa,186,186,186,"(360, 170, 376, 178)"
251107_231859_0000096825_CAM1_NG_bmp.rf.46c60f35cc94aa591feddef3c05ec696.jpg,incorrect qblock,5,#b1b1b1,177,177,177,"(632, 131, 644, 136)"
251107_231859_0000096825_CAM1_NG_bmp.rf.46c60f35cc94aa591feddef3c05ec696.jpg,incorrect qblock,6,#c0c0c0,192,192,192,"(456, 169, 472, 177)"
251107_231859_0000096825_CAM1_NG_bmp.rf.46c60f35cc94aa591feddef3c05ec696.jpg,incorrect qblock,7,#bbbbbb,187,187,187,"(726, 131, 739, 136)"
251107_231859_0000096825_CAM1_NG_bmp.rf.46c60f35cc94aa591feddef3c05ec696.jpg,incorrect qblock,8,#9c9c9c,156,156,156,"(77, 172, 93, 180)"
251107_231859_0000096825_CAM1_NG_bmp.rf.46c60f35cc94aa591feddef3c05ec696.jpg,incorrect qblock,9,#b2b2b2,178,178,178,"(346, 133, 358, 137)"
251107_231859_0000096825_CAM1_NG_bmp.rf.46c60f35cc94aa591feddef3c05ec696.jpg,incorrect qblock,10,#c0c0c0,192,192,192,"(441, 132, 453, 136)"
251107_231859_0000096825_CAM1_NG_bmp.rf.46c60f35cc94aa591feddef3c05ec696.jpg,incorrect qblock,11,#c3c3c3,195,195,195,"(536, 131, 549, 136)"
251107_231859_0000096825_CAM1_NG_bmp.rf.46c60f35cc94aa591feddef3c05ec696.jpg,incorrect qblock,12,#a7a7a7,167,167,167,"(251, 134, 263, 138)"
251107_231859_0000096825_CAM1_NG_bmp.rf.46c60f35cc94aa591feddef3c05ec696.jpg,incorrect qblock,13,#acacac,172,172,172,"(253, 361, 265, 365)"
251107_231859_0000096825_CAM1_NG_bmp.rf.46c60f35cc94aa591feddef3c05ec696.jpg,incorrect qblock,14,#b8b8b8,184,184,184,"(159, 360, 171, 366)"
251107_231859_0000096825_CAM1_NG_bmp.rf.46c60f35cc94aa591feddef3c05ec696.jpg,incorrect qblock,15,#aeaeae,174,174,174,"(157, 134, 169, 138)"
251107_232037_0000097151_CAM1_NG_bmp.rf.162bc657ac1667020b156ff731914bd1.jpg,incorrect qblock,0,#b4b4b4,180,180,180,"(266, 170, 281, 178)"
251107_232037_0000097151_CAM1_NG_bmp.rf.162bc657ac1667020b156ff731914bd1.jpg,incorrect qblock,1,#b6b6b6,182,182,182,"(646, 167, 662, 176)"
251107_232037_0000097151_CAM1_NG_bmp.rf.162bc657ac1667020b156ff731914bd1.jpg,incorrect qblock,2,#bfbfbf,191,191,191,"(551, 168, 568, 177)"
251107_232037_0000097151_CAM1_NG_bmp.rf.162bc657ac1667020b156ff731914bd1.jpg,incorrect qblock,3,#acacac,172,172,172,"(172, 171, 187, 179)"
251107_232037_0000097151_CAM1_NG_bmp.rf.162bc657ac1667020b156ff731914bd1.jpg,incorrect qblock,4,#c1c1c1,193,193,193,"(456, 169, 472, 177)"
251107_232037_0000097151_CAM1_NG_bmp.rf.162bc657ac1667020b156ff731914bd1.jpg,incorrect qblock,5,#9f9f9f,159,159,159,"(77, 172, 93, 180)"
251107_232037_0000097151_CAM1_NG_bmp.rf.162bc657ac1667020b156ff731914bd1.jpg,incorrect qblock,6,#b3b3b3,179,179,179,"(632, 130, 644, 136)"
251107_232037_0000097151_CAM1_NG_bmp.rf.162bc657ac1667020b156ff731914bd1.jpg,incorrect qblock,7,#b4b4b4,180,180,180,"(361, 170, 376, 178)"
251107_232037_0000097151_CAM1_NG_bmp.rf.162bc657ac1667020b156ff731914bd1.jpg,incorrect qblock,8,#bdbdbd,189,189,189,"(727, 130, 739, 136)"
251107_232037_0000097151_CAM1_NG_bmp.rf.162bc657ac1667020b156ff731914bd1.jpg,incorrect qblock,9,#b6b6b6,182,182,182,"(441, 132, 454, 136)"
251107_232037_0000097151_CAM1_NG_bmp.rf.162bc657ac1667020b156ff731914bd1.jpg,incorrect qblock,10,#b6b6b6,182,182,182,"(251, 133, 264, 137)"
251107_232037_0000097151_CAM1_NG_bmp.rf.162bc657ac1667020b156ff731914bd1.jpg,incorrect qblock,11,#b8b8b8,184,184,184,"(346, 132, 358, 137)"
251107_232037_0000097151_CAM1_NG_bmp.rf.162bc657ac1667020b156ff731914bd1.jpg,incorrect qblock,12,#aaaaaa,170,170,170,"(157, 134, 169, 138)"
251107_232037_0000097151_CAM1_NG_bmp.rf.162bc657ac1667020b156ff731914bd1.jpg,incorrect qblock,13,#b8b8b8,184,184,184,"(537, 131, 549, 136)"
251015_020545_0000434652_CAM1_OK_bmp.rf.021787199ae9d529c80312d3702cd5ba.jpg,qblock,3,#565656,86,86,86,"(645, 59, 661, 68)"
251015_020545_0000434652_CAM1_OK_bmp.rf.021787199ae9d529c80312d3702cd5ba.jpg,qblock,4,#515151,81,81,81,"(646, 287, 662, 295)"
251015_020545_0000434652_CAM1_OK_bmp.rf.021787199ae9d529c80312d3702cd5ba.jpg,qblock,6,#4e4e4e,78,78,78,"(265, 62, 281, 71)"
251015_020545_0000434652_CAM1_OK_bmp.rf.021787199ae9d529c80312d3702cd5ba.jpg,qblock,7,#454545,69,69,69,"(171, 63, 186, 71)"
251015_020545_0000434652_CAM1_OK_bmp.rf.021787199ae9d529c80312d3702cd5ba.jpg,qblock,8,#4d4d4d,77,77,77,"(266, 289, 282, 297)"
251015_020545_0000434652_CAM1_OK_bmp.rf.021787199ae9d529c80312d3702cd5ba.jpg,qblock,9,#4b4b4b,75,75,75,"(172, 289, 188, 298)"
251015_020545_0000434652_CAM1_OK_bmp.rf.021787199ae9d529c80312d3702cd5ba.jpg,qblock,11,#4e4e4e,78,78,78,"(456, 288, 472, 296)"
251015_020545_0000434652_CAM1_OK_bmp.rf.021787199ae9d529c80312d3702cd5ba.jpg,qblock,12,#444444,68,68,68,"(361, 289, 377, 297)"
251015_020545_0000434652_CAM1_OK_bmp.rf.021787199ae9d529c80312d3702cd5ba.jpg,qblock,14,#525252,82,82,82,"(550, 60, 567, 69)"
251015_020545_0000434652_CAM1_OK_bmp.rf.021787199ae9d529c80312d3702cd5ba.jpg,qblock,15,#404040,64,64,64,"(77, 64, 92, 73)"
251015_020545_0000434652_CAM1_OK_bmp.rf.021787199ae9d529c80312d3702cd5ba.jpg,qblock,16,#5b5b5b,91,91,91,"(455, 60, 472, 69)"
251015_020545_0000434652_CAM1_OK_bmp.rf.021787199ae9d529c80312d3702cd5ba.jpg,qblock,17,#505050,80,80,80,"(360, 61, 376, 70)"
251015_020545_0000434652_CAM1_OK_bmp.rf.021787199ae9d529c80312d3702cd5ba.jpg,qblock,19,#434343,67,67,67,"(77, 289, 93, 298)"
251015_020545_0000434652_CAM1_OK_bmp.rf.021787199ae9d529c80312d3702cd5ba.jpg,qblock,20,#565656,86,86,86,"(551, 287, 568, 296)"
251107_231801_0000096633_CAM1_NG_bmp.rf.62bac9d389f3626a633964c06cabe531.jpg,incorrect qblock,0,#b5b5b5,181,181,181,"(646, 167, 662, 175)"
251107_231801_0000096633_CAM1_NG_bmp.rf.62bac9d389f3626a633964c06cabe531.jpg,incorrect qblock,1,#b6b6b6,182,182,182,"(266, 170, 281, 178)"
251107_231801_0000096633_CAM1_NG_bmp.rf.62bac9d389f3626a633964c06cabe531.jpg,incorrect qblock,2,#b3b3b3,179,179,179,"(172, 170, 187, 178)"
251107_231801_0000096633_CAM1_NG_bmp.rf.62bac9d389f3626a633964c06cabe531.jpg,incorrect qblock,3,#bebebe,190,190,190,"(551, 167, 568, 176)"
251107_231801_0000096633_CAM1_NG_bmp.rf.62bac9d389f3626a633964c06cabe531.jpg,incorrect qblock,4,#c4c4c4,196,196,196,"(456, 168, 472, 176)"
251107_231801_0000096633_CAM1_NG_bmp.rf.62bac9d389f3626a633964c06cabe531.jpg,incorrect qblock,5,#a4a4a4,164,164,164,"(77, 171, 93, 180)"
251107_231801_0000096633_CAM1_NG_bmp.rf.62bac9d389f3626a633964c06cabe531.jpg,incorrect qblock,6,#b6b6b6,182,182,182,"(252, 132, 264, 137)"
251107_231801_0000096633_CAM1_NG_bmp.rf.62bac9d389f3626a633964c06cabe531.jpg,incorrect qblock,7,#bcbcbc,188,188,188,"(361, 169, 376, 177)"
251107_231801_0000096633_CAM1_NG_bmp.rf.62bac9d389f3626a633964c06cabe531.jpg,incorrect qblock,8,#b4b4b4,180,180,180,"(347, 132, 359, 136)"
251107_231801_0000096633_CAM1_NG_bmp.rf.62bac9d389f3626a633964c06cabe531.jpg,incorrect qblock,9,#b0b0b0,176,176,176,"(157, 133, 169, 138)"
251107_231801_0000096633_CAM1_NG_bmp.rf.62bac9d389f3626a633964c06cabe531.jpg,incorrect qblock,10,#c4c4c4,196,196,196,"(441, 131, 454, 135)"
251107_231801_0000096633_CAM1_NG_bmp.rf.62bac9d389f3626a633964c06cabe531.jpg,incorrect qblock,11,#c1c1c1,193,193,193,"(727, 129, 739, 134)"
251107_231801_0000096633_CAM1_NG_bmp.rf.62bac9d389f3626a633964c06cabe531.jpg,incorrect qblock,12,#c4c4c4,196,196,196,"(537, 130, 550, 136)"
251107_231801_0000096633_CAM1_NG_bmp.rf.62bac9d389f3626a633964c06cabe531.jpg,incorrect qblock,13,#b5b5b5,181,181,181,"(632, 130, 645, 135)"
251010_125641_0000080783_CAM1_NG_bmp.rf.f4131c677f4332864d49aaa58f9a4576.jpg,qblock,0,#565656,86,86,86,"(268, 310, 284, 318)"
251010_125641_0000080783_CAM1_NG_bmp.rf.f4131c677f4332864d49aaa58f9a4576.jpg,qblock,2,#565656,86,86,86,"(458, 309, 474, 317)"
251010_125641_0000080783_CAM1_NG_bmp.rf.f4131c677f4332864d49aaa58f9a4576.jpg,qblock,4,#565656,86,86,86,"(648, 308, 665, 316)"
251010_125641_0000080783_CAM1_NG_bmp.rf.f4131c677f4332864d49aaa58f9a4576.jpg,qblock,6,#515151,81,81,81,"(647, 80, 663, 88)"
251010_125641_0000080783_CAM1_NG_bmp.rf.f4131c677f4332864d49aaa58f9a4576.jpg,qblock,9,#5d5d5d,93,93,93,"(363, 309, 379, 318)"
251010_125641_0000080783_CAM1_NG_bmp.rf.f4131c677f4332864d49aaa58f9a4576.jpg,qblock,13,#555555,85,85,85,"(457, 81, 473, 89)"
251010_125641_0000080783_CAM1_NG_bmp.rf.f4131c677f4332864d49aaa58f9a4576.jpg,qblock,14,#595959,89,89,89,"(267, 82, 283, 91)"
251010_125641_0000080783_CAM1_NG_bmp.rf.f4131c677f4332864d49aaa58f9a4576.jpg,qblock,15,#5b5b5b,91,91,91,"(552, 80, 568, 89)"
251010_125641_0000080783_CAM1_NG_bmp.rf.f4131c677f4332864d49aaa58f9a4576.jpg,qblock,16,#5d5d5d,93,93,93,"(362, 81, 377, 90)"
251010_125641_0000080783_CAM1_NG_bmp.rf.f4131c677f4332864d49aaa58f9a4576.jpg,qblock,18,#464646,70,70,70,"(554, 309, 569, 317)"
251010_125641_0000080783_CAM1_NG_bmp.rf.f4131c677f4332864d49aaa58f9a4576.jpg,qblock,22,#545454,84,84,84,"(174, 310, 190, 318)"
251010_125641_0000080783_CAM1_NG_bmp.rf.f4131c677f4332864d49aaa58f9a4576.jpg,qblock,24,#5c5c5c,92,92,92,"(172, 83, 188, 91)"
251010_125641_0000080783_CAM1_NG_bmp.rf.f4131c677f4332864d49aaa58f9a4576.jpg,qblock,25,#454545,69,69,69,"(79, 84, 94, 93)"
251010_125641_0000080783_CAM1_NG_bmp.rf.f4131c677f4332864d49aaa58f9a4576.jpg,qblock,26,#4b4b4b,75,75,75,"(80, 310, 96, 319)"
251010_125638_0000080773_CAM1_NG_bmp.rf.8f2e8c9761f133550a37a837f5dc366a.jpg,qblock,1,#575757,87,87,87,"(268, 309, 284, 318)"
251010_125638_0000080773_CAM1_NG_bmp.rf.8f2e8c9761f133550a37a837f5dc366a.jpg,qblock,4,#494949,73,73,73,"(458, 309, 474, 317)"
251010_125638_0000080773_CAM1_NG_bmp.rf.8f2e8c9761f133550a37a837f5dc366a.jpg,qblock,5,#575757,87,87,87,"(647, 80, 663, 89)"
251010_125638_0000080773_CAM1_NG_bmp.rf.8f2e8c9761f133550a37a837f5dc366a.jpg,qblock,6,#535353,83,83,83,"(648, 307, 664, 316)"
251010_125638_0000080773_CAM1_NG_bmp.rf.8f2e8c9761f133550a37a837f5dc366a.jpg,qblock,9,#505050,80,80,80,"(363, 309, 379, 317)"
251010_125638_0000080773_CAM1_NG_bmp.rf.8f2e8c9761f133550a37a837f5dc366a.jpg,qblock,10,#505050,80,80,80,"(267, 83, 283, 91)"
251010_125638_0000080773_CAM1_NG_bmp.rf.8f2e8c9761f133550a37a837f5dc366a.jpg,qblock,11,#5c5c5c,92,92,92,"(457, 81, 473, 90)"
251010_125638_0000080773_CAM1_NG_bmp.rf.8f2e8c9761f133550a37a837f5dc366a.jpg,qblock,14,#505050,80,80,80,"(552, 81, 568, 89)"
251010_125638_0000080773_CAM1_NG_bmp.rf.8f2e8c9761f133550a37a837f5dc366a.jpg,qblock,16,#575757,87,87,87,"(362, 82, 378, 90)"
251010_125638_0000080773_CAM1_NG_bmp.rf.8f2e8c9761f133550a37a837f5dc366a.jpg,qblock,18,#444444,68,68,68,"(174, 310, 189, 318)"
251010_125638_0000080773_CAM1_NG_bmp.rf.8f2e8c9761f133550a37a837f5dc366a.jpg,qblock,19,#4f4f4f,79,79,79,"(553, 308, 569, 316)"
251010_125638_0000080773_CAM1_NG_bmp.rf.8f2e8c9761f133550a37a837f5dc366a.jpg,qblock,23,#515151,81,81,81,"(172, 84, 188, 92)"
251010_125638_0000080773_CAM1_NG_bmp.rf.8f2e8c9761f133550a37a837f5dc366a.jpg,qblock,25,#3d3d3d,61,61,61,"(80, 310, 96, 318)"
251010_125638_0000080773_CAM1_NG_bmp.rf.8f2e8c9761f133550a37a837f5dc366a.jpg,qblock,26,#4a4a4a,74,74,74,"(79, 84, 94, 93)"
251010_132054_0000083827_CAM1_NG_bmp.rf.ea16910ff5c4d6919e68f74471ff07fb.jpg,qblock,4,#5c5c5c,92,92,92,"(360, 79, 377, 88)"
251010_132054_0000083827_CAM1_NG_bmp.rf.ea16910ff5c4d6919e68f74471ff07fb.jpg,qblock,8,#5a5a5a,90,90,90,"(266, 306, 283, 315)"
251010_132054_0000083827_CAM1_NG_bmp.rf.ea16910ff5c4d6919e68f74471ff07fb.jpg,qblock,9,#565656,86,86,86,"(646, 304, 663, 312)"
251010_132054_0000083827_CAM1_NG_bmp.rf.ea16910ff5c4d6919e68f74471ff07fb.jpg,qblock,10,#595959,89,89,89,"(456, 305, 473, 314)"
251010_132054_0000083827_CAM1_NG_bmp.rf.ea16910ff5c4d6919e68f74471ff07fb.jpg,qblock,12,#515151,81,81,81,"(361, 306, 377, 314)"
251010_132054_0000083827_CAM1_NG_bmp.rf.ea16910ff5c4d6919e68f74471ff07fb.jpg,qblock,14,#575757,87,87,87,"(265, 80, 282, 88)"
251010_132054_0000083827_CAM1_NG_bmp.rf.ea16910ff5c4d6919e68f74471ff07fb.jpg,qblock,15,#575757,87,87,87,"(550, 78, 567, 86)"
251010_132054_0000083827_CAM1_NG_bmp.rf.ea16910ff5c4d6919e68f74471ff07fb.jpg,qblock,16,#5e5e5e,94,94,94,"(645, 77, 662, 86)"
251010_132054_0000083827_CAM1_NG_bmp.rf.ea16910ff5c4d6919e68f74471ff07fb.jpg,qblock,17,#5d5d5d,93,93,93,"(171, 80, 187, 89)"
251010_132054_0000083827_CAM1_NG_bmp.rf.ea16910ff5c4d6919e68f74471ff07fb.jpg,qblock,18,#525252,82,82,82,"(455, 79, 472, 87)"
251010_132054_0000083827_CAM1_NG_bmp.rf.ea16910ff5c4d6919e68f74471ff07fb.jpg,qblock,21,#4b4b4b,75,75,75,"(78, 306, 94, 315)"
251010_132054_0000083827_CAM1_NG_bmp.rf.ea16910ff5c4d6919e68f74471ff07fb.jpg,qblock,23,#4d4d4d,77,77,77,"(77, 81, 93, 90)"
251010_132054_0000083827_CAM1_NG_bmp.rf.ea16910ff5c4d6919e68f74471ff07fb.jpg,qblock,24,#555555,85,85,85,"(172, 306, 188, 315)"
251107_232353_0000097802_CAM1_NG_bmp.rf.d8c88bfbfd50ce93857b00670bb57269.jpg,incorrect qblock,0,#b9b9b9,185,185,185,"(646, 167, 662, 175)"
251107_232353_0000097802_CAM1_NG_bmp.rf.d8c88bfbfd50ce93857b00670bb57269.jpg,incorrect qblock,1,#b1b1b1,177,177,177,"(266, 170, 281, 178)"
251107_232353_0000097802_CAM1_NG_bmp.rf.d8c88bfbfd50ce93857b00670bb57269.jpg,incorrect qblock,2,#b3b3b3,179,179,179,"(172, 170, 187, 179)"
251107_232353_0000097802_CAM1_NG_bmp.rf.d8c88bfbfd50ce93857b00670bb57269.jpg,incorrect qblock,3,#a7a7a7,167,167,167,"(77, 171, 93, 180)"
251107_232353_0000097802_CAM1_NG_bmp.rf.d8c88bfbfd50ce93857b00670bb57269.jpg,incorrect qblock,4,#bcbcbc,188,188,188,"(551, 168, 568, 176)"
251107_232353_0000097802_CAM1_NG_bmp.rf.d8c88bfbfd50ce93857b00670bb57269.jpg,incorrect qblock,5,#b9b9b9,185,185,185,"(251, 132, 264, 137)"
251107_232353_0000097802_CAM1_NG_bmp.rf.d8c88bfbfd50ce93857b00670bb57269.jpg,incorrect qblock,6,#c0c0c0,192,192,192,"(456, 169, 472, 176)"
251107_232353_0000097802_CAM1_NG_bmp.rf.d8c88bfbfd50ce93857b00670bb57269.jpg,incorrect qblock,7,#bababa,186,186,186,"(361, 169, 376, 177)"
251107_232353_0000097802_CAM1_NG_bmp.rf.d8c88bfbfd50ce93857b00670bb57269.jpg,incorrect qblock,8,#c5c5c5,197,197,197,"(441, 131, 454, 135)"
251107_232353_0000097802_CAM1_NG_bmp.rf.d8c88bfbfd50ce93857b00670bb57269.jpg,incorrect qblock,9,#b2b2b2,178,178,178,"(157, 133, 169, 138)"
251107_232353_0000097802_CAM1_NG_bmp.rf.d8c88bfbfd50ce93857b00670bb57269.jpg,incorrect qblock,10,#c1c1c1,193,193,193,"(346, 131, 359, 136)"
251107_232353_0000097802_CAM1_NG_bmp.rf.d8c88bfbfd50ce93857b00670bb57269.jpg,incorrect qblock,11,#b0b0b0,176,176,176,"(632, 130, 644, 135)"
251107_232353_0000097802_CAM1_NG_bmp.rf.d8c88bfbfd50ce93857b00670bb57269.jpg,incorrect qblock,12,#b8b8b8,184,184,184,"(537, 131, 549, 136)"
251107_232353_0000097802_CAM1_NG_bmp.rf.d8c88bfbfd50ce93857b00670bb57269.jpg,incorrect qblock,13,#bbbbbb,187,187,187,"(727, 129, 739, 134)"
251010_131955_0000083637_CAM1_NG_bmp.rf.29e9d996207a46d2ec31aeb946d37a00.jpg,qblock,5,#525252,82,82,82,"(268, 306, 284, 315)"
251010_131955_0000083637_CAM1_NG_bmp.rf.29e9d996207a46d2ec31aeb946d37a00.jpg,qblock,6,#585858,88,88,88,"(266, 79, 283, 87)"
251010_131955_0000083637_CAM1_NG_bmp.rf.29e9d996207a46d2ec31aeb946d37a00.jpg,qblock,8,#525252,82,82,82,"(458, 305, 474, 314)"
251010_131955_0000083637_CAM1_NG_bmp.rf.29e9d996207a46d2ec31aeb946d37a00.jpg,qblock,10,#5d5d5d,93,93,93,"(361, 78, 378, 87)"
251010_131955_0000083637_CAM1_NG_bmp.rf.29e9d996207a46d2ec31aeb946d37a00.jpg,qblock,11,#4b4b4b,75,75,75,"(363, 306, 379, 314)"
251010_131955_0000083637_CAM1_NG_bmp.rf.29e9d996207a46d2ec31aeb946d37a00.jpg,qblock,14,#535353,83,83,83,"(648, 304, 665, 312)"
251010_131955_0000083637_CAM1_NG_bmp.rf.29e9d996207a46d2ec31aeb946d37a00.jpg,qblock,15,#5c5c5c,92,92,92,"(457, 77, 473, 86)"
251010_131955_0000083637_CAM1_NG_bmp.rf.29e9d996207a46d2ec31aeb946d37a00.jpg,qblock,16,#515151,81,81,81,"(552, 77, 568, 85)"
251010_131955_0000083637_CAM1_NG_bmp.rf.29e9d996207a46d2ec31aeb946d37a00.jpg,qblock,17,#4f4f4f,79,79,79,"(172, 80, 188, 88)"
251010_131955_0000083637_CAM1_NG_bmp.rf.29e9d996207a46d2ec31aeb946d37a00.jpg,qblock,18,#585858,88,88,88,"(647, 76, 663, 85)"
251010_131955_0000083637_CAM1_NG_bmp.rf.29e9d996207a46d2ec31aeb946d37a00.jpg,qblock,20,#404040,64,64,64,"(80, 307, 96, 315)"
251010_131955_0000083637_CAM1_NG_bmp.rf.29e9d996207a46d2ec31aeb946d37a00.jpg,qblock,21,#545454,84,84,84,"(78, 80, 94, 89)"
251010_131955_0000083637_CAM1_NG_bmp.rf.29e9d996207a46d2ec31aeb946d37a00.jpg,qblock,22,#4d4d4d,77,77,77,"(553, 305, 570, 313)"
251010_125651_0000080818_CAM1_NG_bmp.rf.3407e6fbcd9e86b6b457b0df16bc1525.jpg,qblock,0,#515151,81,81,81,"(268, 310, 284, 318)"
251010_125651_0000080818_CAM1_NG_bmp.rf.3407e6fbcd9e86b6b457b0df16bc1525.jpg,qblock,2,#515151,81,81,81,"(458, 309, 474, 317)"
251010_125651_0000080818_CAM1_NG_bmp.rf.3407e6fbcd9e86b6b457b0df16bc1525.jpg,qblock,5,#4e4e4e,78,78,78,"(647, 80, 663, 88)"
251010_125651_0000080818_CAM1_NG_bmp.rf.3407e6fbcd9e86b6b457b0df16bc1525.jpg,qblock,7,#4e4e4e,78,78,78,"(648, 308, 665, 316)"
251010_125651_0000080818_CAM1_NG_bmp.rf.3407e6fbcd9e86b6b457b0df16bc1525.jpg,qblock,10,#565656,86,86,86,"(457, 81, 473, 89)"
251010_125651_0000080818_CAM1_NG_bmp.rf.3407e6fbcd9e86b6b457b0df16bc1525.jpg,qblock,15,#5a5a5a,90,90,90,"(267, 82, 283, 91)"
251010_125651_0000080818_CAM1_NG_bmp.rf.3407e6fbcd9e86b6b457b0df16bc1525.jpg,qblock,16,#5e5e5e,94,94,94,"(362, 81, 378, 90)"
251010_125651_0000080818_CAM1_NG_bmp.rf.3407e6fbcd9e86b6b457b0df16bc1525.jpg,qblock,17,#595959,89,89,89,"(363, 309, 379, 318)"
251010_125651_0000080818_CAM1_NG_bmp.rf.3407e6fbcd9e86b6b457b0df16bc1525.jpg,qblock,18,#5b5b5b,91,91,91,"(552, 80, 568, 89)"
251010_125651_0000080818_CAM1_NG_bmp.rf.3407e6fbcd9e86b6b457b0df16bc1525.jpg,qblock,19,#525252,82,82,82,"(554, 308, 569, 316)"
251010_125651_0000080818_CAM1_NG_bmp.rf.3407e6fbcd9e86b6b457b0df16bc1525.jpg,qblock,22,#505050,80,80,80,"(174, 310, 190, 318)"
251010_125651_0000080818_CAM1_NG_bmp.rf.3407e6fbcd9e86b6b457b0df16bc1525.jpg,qblock,24,#5c5c5c,92,92,92,"(172, 83, 188, 91)"
251010_125651_0000080818_CAM1_NG_bmp.rf.3407e6fbcd9e86b6b457b0df16bc1525.jpg,qblock,25,#464646,70,70,70,"(79, 84, 94, 93)"
251010_125651_0000080818_CAM1_NG_bmp.rf.3407e6fbcd9e86b6b457b0df16bc1525.jpg,qblock,26,#484848,72,72,72,"(80, 310, 96, 319)"
251107_231924_0000096907_CAM1_NG_bmp.rf.41cdde0a1ef3936df61a936d48de2daa.jpg,incorrect qblock,0,#b4b4b4,180,180,180,"(646, 167, 662, 176)"
251107_231924_0000096907_CAM1_NG_bmp.rf.41cdde0a1ef3936df61a936d48de2daa.jpg,incorrect qblock,1,#b0b0b0,176,176,176,"(266, 170, 281, 178)"
251107_231924_0000096907_CAM1_NG_bmp.rf.41cdde0a1ef3936df61a936d48de2daa.jpg,incorrect qblock,2,#a4a4a4,164,164,164,"(77, 171, 93, 180)"
251107_231924_0000096907_CAM1_NG_bmp.rf.41cdde0a1ef3936df61a936d48de2daa.jpg,incorrect qblock,3,#b4b4b4,180,180,180,"(252, 132, 264, 137)"
251107_231924_0000096907_CAM1_NG_bmp.rf.41cdde0a1ef3936df61a936d48de2daa.jpg,incorrect qblock,4,#b8b8b8,184,184,184,"(552, 168, 568, 176)"
251107_231924_0000096907_CAM1_NG_bmp.rf.41cdde0a1ef3936df61a936d48de2daa.jpg,incorrect qblock,5,#b0b0b0,176,176,176,"(172, 170, 187, 179)"
251107_231924_0000096907_CAM1_NG_bmp.rf.41cdde0a1ef3936df61a936d48de2daa.jpg,incorrect qblock,6,#bdbdbd,189,189,189,"(456, 169, 472, 177)"
251107_231924_0000096907_CAM1_NG_bmp.rf.41cdde0a1ef3936df61a936d48de2daa.jpg,incorrect qblock,7,#bcbcbc,188,188,188,"(361, 169, 376, 177)"
251107_231924_0000096907_CAM1_NG_bmp.rf.41cdde0a1ef3936df61a936d48de2daa.jpg,incorrect qblock,8,#b2b2b2,178,178,178,"(157, 133, 170, 138)"
251107_231924_0000096907_CAM1_NG_bmp.rf.41cdde0a1ef3936df61a936d48de2daa.jpg,incorrect qblock,9,#c0c0c0,192,192,192,"(346, 131, 359, 136)"
251107_231924_0000096907_CAM1_NG_bmp.rf.41cdde0a1ef3936df61a936d48de2daa.jpg,incorrect qblock,10,#c1c1c1,193,193,193,"(727, 129, 739, 134)"
251107_231924_0000096907_CAM1_NG_bmp.rf.41cdde0a1ef3936df61a936d48de2daa.jpg,incorrect qblock,11,#bcbcbc,188,188,188,"(442, 131, 454, 135)"
251107_231924_0000096907_CAM1_NG_bmp.rf.41cdde0a1ef3936df61a936d48de2daa.jpg,incorrect qblock,12,#b8b8b8,184,184,184,"(632, 130, 645, 135)"
251107_231924_0000096907_CAM1_NG_bmp.rf.41cdde0a1ef3936df61a936d48de2daa.jpg,incorrect qblock,13,#c1c1c1,193,193,193,"(537, 130, 550, 135)"
251010_132055_0000083829_CAM1_NG_bmp.rf.bdd161d34586fd3c8f44bfe2b4a8e6bc.jpg,qblock,6,#4d4d4d,77,77,77,"(266, 306, 282, 314)"
251010_132055_0000083829_CAM1_NG_bmp.rf.bdd161d34586fd3c8f44bfe2b4a8e6bc.jpg,qblock,7,#515151,81,81,81,"(360, 79, 376, 87)"
251010_132055_0000083829_CAM1_NG_bmp.rf.bdd161d34586fd3c8f44bfe2b4a8e6bc.jpg,qblock,9,#555555,85,85,85,"(361, 305, 377, 314)"
251010_132055_0000083829_CAM1_NG_bmp.rf.bdd161d34586fd3c8f44bfe2b4a8e6bc.jpg,qblock,10,#5e5e5e,94,94,94,"(265, 79, 281, 88)"
251010_132055_0000083829_CAM1_NG_bmp.rf.bdd161d34586fd3c8f44bfe2b4a8e6bc.jpg,qblock,11,#515151,81,81,81,"(456, 305, 473, 313)"
251010_132055_0000083829_CAM1_NG_bmp.rf.bdd161d34586fd3c8f44bfe2b4a8e6bc.jpg,qblock,12,#606060,96,96,96,"(550, 77, 567, 86)"
251010_132055_0000083829_CAM1_NG_bmp.rf.bdd161d34586fd3c8f44bfe2b4a8e6bc.jpg,qblock,13,#4e4e4e,78,78,78,"(646, 304, 663, 312)"
251010_132055_0000083829_CAM1_NG_bmp.rf.bdd161d34586fd3c8f44bfe2b4a8e6bc.jpg,qblock,15,#5e5e5e,94,94,94,"(455, 78, 472, 86)"
251010_132055_0000083829_CAM1_NG_bmp.rf.bdd161d34586fd3c8f44bfe2b4a8e6bc.jpg,qblock,16,#585858,88,88,88,"(171, 80, 187, 89)"
251010_132055_0000083829_CAM1_NG_bmp.rf.bdd161d34586fd3c8f44bfe2b4a8e6bc.jpg,qblock,18,#585858,88,88,88,"(645, 77, 662, 85)"
251010_132055_0000083829_CAM1_NG_bmp.rf.bdd161d34586fd3c8f44bfe2b4a8e6bc.jpg,qblock,20,#414141,65,65,65,"(78, 306, 94, 315)"
251010_132055_0000083829_CAM1_NG_bmp.rf.bdd161d34586fd3c8f44bfe2b4a8e6bc.jpg,qblock,22,#505050,80,80,80,"(552, 304, 568, 313)"
251010_132055_0000083829_CAM1_NG_bmp.rf.bdd161d34586fd3c8f44bfe2b4a8e6bc.jpg,qblock,24,#494949,73,73,73,"(77, 81, 93, 90)"
251010_115849_0000080435_CAM1_NG_bmp.rf.86ba6bb34567216df123557a0cf207e6.jpg,qblock,2,#606060,96,96,96,"(269, 89, 285, 98)"
251010_115849_0000080435_CAM1_NG_bmp.rf.86ba6bb34567216df123557a0cf207e6.jpg,qblock,4,#666666,102,102,102,"(648, 87, 665, 95)"
251010_115849_0000080435_CAM1_NG_bmp.rf.86ba6bb34567216df123557a0cf207e6.jpg,qblock,7,#484848,72,72,72,"(82, 91, 98, 100)"
251010_115849_0000080435_CAM1_NG_bmp.rf.86ba6bb34567216df123557a0cf207e6.jpg,qblock,8,#5e5e5e,94,94,94,"(270, 316, 286, 325)"
251010_115849_0000080435_CAM1_NG_bmp.rf.86ba6bb34567216df123557a0cf207e6.jpg,qblock,9,#626262,98,98,98,"(458, 88, 474, 96)"
251010_115849_0000080435_CAM1_NG_bmp.rf.86ba6bb34567216df123557a0cf207e6.jpg,qblock,10,#6a6a6a,106,106,106,"(363, 88, 379, 97)"
251010_115849_0000080435_CAM1_NG_bmp.rf.86ba6bb34567216df123557a0cf207e6.jpg,qblock,11,#646464,100,100,100,"(554, 87, 569, 96)"
251107_231656_0000096416_CAM1_NG_bmp.rf.b5776d8fe9db18db51404f1bfe2e9a90.jpg,incorrect qblock,0,#b8b8b8,184,184,184,"(646, 167, 662, 175)"
251107_231656_0000096416_CAM1_NG_bmp.rf.b5776d8fe9db18db51404f1bfe2e9a90.jpg,incorrect qblock,1,#acacac,172,172,172,"(266, 170, 281, 178)"
251107_231656_0000096416_CAM1_NG_bmp.rf.b5776d8fe9db18db51404f1bfe2e9a90.jpg,incorrect qblock,2,#adadad,173,173,173,"(172, 170, 187, 179)"
251107_231656_0000096416_CAM1_NG_bmp.rf.b5776d8fe9db18db51404f1bfe2e9a90.jpg,incorrect qblock,3,#b7b7b7,183,183,183,"(551, 168, 568, 176)"
251107_231656_0000096416_CAM1_NG_bmp.rf.b5776d8fe9db18db51404f1bfe2e9a90.jpg,incorrect qblock,4,#a0a0a0,160,160,160,"(77, 171, 93, 180)"
251107_231656_0000096416_CAM1_NG_bmp.rf.b5776d8fe9db18db51404f1bfe2e9a90.jpg,incorrect qblock,5,#c3c3c3,195,195,195,"(456, 168, 472, 176)"
251107_231656_0000096416_CAM1_NG_bmp.rf.b5776d8fe9db18db51404f1bfe2e9a90.jpg,incorrect qblock,6,#ababab,171,171,171,"(252, 133, 264, 137)"
251107_231656_0000096416_CAM1_NG_bmp.rf.b5776d8fe9db18db51404f1bfe2e9a90.jpg,incorrect qblock,7,#b7b7b7,183,183,183,"(361, 169, 376, 177)"
251107_231656_0000096416_CAM1_NG_bmp.rf.b5776d8fe9db18db51404f1bfe2e9a90.jpg,incorrect qblock,8,#b5b5b5,181,181,181,"(632, 130, 645, 135)"
251107_231656_0000096416_CAM1_NG_bmp.rf.b5776d8fe9db18db51404f1bfe2e9a90.jpg,incorrect qblock,9,#b5b5b5,181,181,181,"(346, 132, 358, 136)"
251107_231656_0000096416_CAM1_NG_bmp.rf.b5776d8fe9db18db51404f1bfe2e9a90.jpg,incorrect qblock,10,#bcbcbc,188,188,188,"(442, 131, 454, 136)"
251107_231656_0000096416_CAM1_NG_bmp.rf.b5776d8fe9db18db51404f1bfe2e9a90.jpg,incorrect qblock,11,#acacac,172,172,172,"(157, 133, 169, 138)"
251107_231656_0000096416_CAM1_NG_bmp.rf.b5776d8fe9db18db51404f1bfe2e9a90.jpg,incorrect qblock,12,#b0b0b0,176,176,176,"(537, 131, 549, 136)"
251107_231656_0000096416_CAM1_NG_bmp.rf.b5776d8fe9db18db51404f1bfe2e9a90.jpg,incorrect qblock,13,#b5b5b5,181,181,181,"(727, 130, 739, 135)"
251107_231656_0000096416_CAM1_NG_bmp.rf.b5776d8fe9db18db51404f1bfe2e9a90.jpg,incorrect qblock,14,#b5b5b5,181,181,181,"(159, 360, 171, 366)"
251107_231812_0000096669_CAM1_NG_bmp.rf.5743852c9b286e6de8718f01f7fcb48b.jpg,incorrect qblock,0,#b6b6b6,182,182,182,"(646, 166, 662, 175)"
251107_231812_0000096669_CAM1_NG_bmp.rf.5743852c9b286e6de8718f01f7fcb48b.jpg,incorrect qblock,1,#b0b0b0,176,176,176,"(266, 170, 281, 178)"
251107_231812_0000096669_CAM1_NG_bmp.rf.5743852c9b286e6de8718f01f7fcb48b.jpg,incorrect qblock,2,#afafaf,175,175,175,"(172, 170, 187, 178)"
251107_231812_0000096669_CAM1_NG_bmp.rf.5743852c9b286e6de8718f01f7fcb48b.jpg,incorrect qblock,3,#9c9c9c,156,156,156,"(77, 171, 93, 179)"
251107_231812_0000096669_CAM1_NG_bmp.rf.5743852c9b286e6de8718f01f7fcb48b.jpg,incorrect qblock,4,#c3c3c3,195,195,195,"(456, 168, 472, 176)"
251107_231812_0000096669_CAM1_NG_bmp.rf.5743852c9b286e6de8718f01f7fcb48b.jpg,incorrect qblock,5,#bcbcbc,188,188,188,"(551, 167, 568, 176)"
251107_231812_0000096669_CAM1_NG_bmp.rf.5743852c9b286e6de8718f01f7fcb48b.jpg,incorrect qblock,6,#b8b8b8,184,184,184,"(251, 132, 263, 136)"
251107_231812_0000096669_CAM1_NG_bmp.rf.5743852c9b286e6de8718f01f7fcb48b.jpg,incorrect qblock,7,#adadad,173,173,173,"(157, 133, 169, 137)"
251107_231812_0000096669_CAM1_NG_bmp.rf.5743852c9b286e6de8718f01f7fcb48b.jpg,incorrect qblock,8,#b6b6b6,182,182,182,"(361, 169, 376, 176)"
251107_231812_0000096669_CAM1_NG_bmp.rf.5743852c9b286e6de8718f01f7fcb48b.jpg,incorrect qblock,9,#bfbfbf,191,191,191,"(346, 131, 359, 136)"
251107_231812_0000096669_CAM1_NG_bmp.rf.5743852c9b286e6de8718f01f7fcb48b.jpg,incorrect qblock,10,#bcbcbc,188,188,188,"(727, 129, 739, 134)"
251107_231812_0000096669_CAM1_NG_bmp.rf.5743852c9b286e6de8718f01f7fcb48b.jpg,incorrect qblock,11,#bdbdbd,189,189,189,"(441, 131, 454, 135)"
251107_231812_0000096669_CAM1_NG_bmp.rf.5743852c9b286e6de8718f01f7fcb48b.jpg,incorrect qblock,12,#afafaf,175,175,175,"(632, 130, 644, 135)"
251107_231812_0000096669_CAM1_NG_bmp.rf.5743852c9b286e6de8718f01f7fcb48b.jpg,incorrect qblock,13,#bcbcbc,188,188,188,"(537, 130, 549, 135)"
251107_231612_0000096271_CAM1_NG_bmp.rf.7679f116d71c80d7422934dffca85e50.jpg,incorrect qblock,0,#b2b2b2,178,178,178,"(646, 167, 662, 176)"
251107_231612_0000096271_CAM1_NG_bmp.rf.7679f116d71c80d7422934dffca85e50.jpg,incorrect qblock,1,#b0b0b0,176,176,176,"(266, 170, 281, 178)"
251107_231612_0000096271_CAM1_NG_bmp.rf.7679f116d71c80d7422934dffca85e50.jpg,incorrect qblock,2,#9d9d9d,157,157,157,"(172, 171, 187, 179)"
251107_231612_0000096271_CAM1_NG_bmp.rf.7679f116d71c80d7422934dffca85e50.jpg,incorrect qblock,3,#b5b5b5,181,181,181,"(552, 168, 568, 176)"
251107_231612_0000096271_CAM1_NG_bmp.rf.7679f116d71c80d7422934dffca85e50.jpg,incorrect qblock,4,#b1b1b1,177,177,177,"(632, 131, 645, 136)"
251107_231612_0000096271_CAM1_NG_bmp.rf.7679f116d71c80d7422934dffca85e50.jpg,incorrect qblock,5,#939393,147,147,147,"(77, 171, 93, 180)"
251107_231612_0000096271_CAM1_NG_bmp.rf.7679f116d71c80d7422934dffca85e50.jpg,incorrect qblock,6,#b8b8b8,184,184,184,"(456, 169, 472, 177)"
251107_231612_0000096271_CAM1_NG_bmp.rf.7679f116d71c80d7422934dffca85e50.jpg,incorrect qblock,7,#afafaf,175,175,175,"(361, 170, 376, 177)"
251107_231612_0000096271_CAM1_NG_bmp.rf.7679f116d71c80d7422934dffca85e50.jpg,incorrect qblock,8,#adadad,173,173,173,"(251, 133, 264, 137)"
251107_231612_0000096271_CAM1_NG_bmp.rf.7679f116d71c80d7422934dffca85e50.jpg,incorrect qblock,9,#b3b3b3,179,179,179,"(346, 132, 358, 137)"
251107_231612_0000096271_CAM1_NG_bmp.rf.7679f116d71c80d7422934dffca85e50.jpg,incorrect qblock,10,#bbbbbb,187,187,187,"(727, 130, 739, 136)"
251107_231612_0000096271_CAM1_NG_bmp.rf.7679f116d71c80d7422934dffca85e50.jpg,incorrect qblock,11,#b3b3b3,179,179,179,"(441, 132, 454, 136)"
251107_231612_0000096271_CAM1_NG_bmp.rf.7679f116d71c80d7422934dffca85e50.jpg,incorrect qblock,12,#b7b7b7,183,183,183,"(537, 131, 550, 136)"
251107_231612_0000096271_CAM1_NG_bmp.rf.7679f116d71c80d7422934dffca85e50.jpg,incorrect qblock,13,#969696,150,150,150,"(157, 134, 169, 138)"
251107_231612_0000096271_CAM1_NG_bmp.rf.7679f116d71c80d7422934dffca85e50.jpg,incorrect qblock,14,#b1b1b1,177,177,177,"(253, 360, 265, 365)"
251107_231612_0000096271_CAM1_NG_bmp.rf.7679f116d71c80d7422934dffca85e50.jpg,incorrect qblock,15,#a4a4a4,164,164,164,"(159, 360, 171, 366)"
251010_070225_0000043589_CAM1_NG_bmp.rf.16e950395b1ac4d609be67d17b6a1b28.jpg,qblock,3,#515151,81,81,81,"(458, 62, 475, 70)"
251010_070225_0000043589_CAM1_NG_bmp.rf.16e950395b1ac4d609be67d17b6a1b28.jpg,qblock,7,#626262,98,98,98,"(648, 60, 665, 69)"
251010_070225_0000043589_CAM1_NG_bmp.rf.16e950395b1ac4d609be67d17b6a1b28.jpg,qblock,8,#565656,86,86,86,"(268, 63, 285, 72)"
251010_070225_0000043589_CAM1_NG_bmp.rf.16e950395b1ac4d609be67d17b6a1b28.jpg,qblock,9,#575757,87,87,87,"(364, 290, 381, 299)"
251010_070225_0000043589_CAM1_NG_bmp.rf.16e950395b1ac4d609be67d17b6a1b28.jpg,qblock,11,#4f4f4f,79,79,79,"(555, 289, 571, 298)"
251010_070225_0000043589_CAM1_NG_bmp.rf.16e950395b1ac4d609be67d17b6a1b28.jpg,qblock,12,#595959,89,89,89,"(553, 61, 570, 70)"
251010_070225_0000043589_CAM1_NG_bmp.rf.16e950395b1ac4d609be67d17b6a1b28.jpg,qblock,13,#585858,88,88,88,"(363, 62, 379, 71)"
251010_070225_0000043589_CAM1_NG_bmp.rf.16e950395b1ac4d609be67d17b6a1b28.jpg,qblock,14,#474747,71,71,71,"(460, 290, 476, 298)"
251010_070225_0000043589_CAM1_NG_bmp.rf.16e950395b1ac4d609be67d17b6a1b28.jpg,qblock,15,#5e5e5e,94,94,94,"(269, 290, 286, 299)"
251010_070225_0000043589_CAM1_NG_bmp.rf.16e950395b1ac4d609be67d17b6a1b28.jpg,qblock,16,#464646,70,70,70,"(650, 289, 666, 297)"
251010_070225_0000043589_CAM1_NG_bmp.rf.16e950395b1ac4d609be67d17b6a1b28.jpg,qblock,20,#4f4f4f,79,79,79,"(175, 291, 192, 299)"
251010_070225_0000043589_CAM1_NG_bmp.rf.16e950395b1ac4d609be67d17b6a1b28.jpg,qblock,22,#4e4e4e,78,78,78,"(174, 64, 190, 73)"
251107_232313_0000097667_CAM1_NG_bmp.rf.3fa5064b6b71c0ccddc1861a03edaa26.jpg,incorrect qblock,0,#b5b5b5,181,181,181,"(646, 167, 662, 175)"
251107_232313_0000097667_CAM1_NG_bmp.rf.3fa5064b6b71c0ccddc1861a03edaa26.jpg,incorrect qblock,1,#b4b4b4,180,180,180,"(266, 170, 281, 178)"
251107_232313_0000097667_CAM1_NG_bmp.rf.3fa5064b6b71c0ccddc1861a03edaa26.jpg,incorrect qblock,2,#a3a3a3,163,163,163,"(77, 171, 93, 179)"
251107_232313_0000097667_CAM1_NG_bmp.rf.3fa5064b6b71c0ccddc1861a03edaa26.jpg,incorrect qblock,3,#b6b6b6,182,182,182,"(172, 170, 187, 178)"
251107_232313_0000097667_CAM1_NG_bmp.rf.3fa5064b6b71c0ccddc1861a03edaa26.jpg,incorrect qblock,4,#c4c4c4,196,196,196,"(456, 168, 472, 176)"
251107_232313_0000097667_CAM1_NG_bmp.rf.3fa5064b6b71c0ccddc1861a03edaa26.jpg,incorrect qblock,5,#b7b7b7,183,183,183,"(252, 132, 264, 137)"
251107_232313_0000097667_CAM1_NG_bmp.rf.3fa5064b6b71c0ccddc1861a03edaa26.jpg,incorrect qblock,6,#c1c1c1,193,193,193,"(551, 167, 568, 176)"
251107_232313_0000097667_CAM1_NG_bmp.rf.3fa5064b6b71c0ccddc1861a03edaa26.jpg,incorrect qblock,7,#b2b2b2,178,178,178,"(157, 133, 170, 138)"
251107_232313_0000097667_CAM1_NG_bmp.rf.3fa5064b6b71c0ccddc1861a03edaa26.jpg,incorrect qblock,8,#bbbbbb,187,187,187,"(346, 132, 358, 136)"
251107_232313_0000097667_CAM1_NG_bmp.rf.3fa5064b6b71c0ccddc1861a03edaa26.jpg,incorrect qblock,9,#bbbbbb,187,187,187,"(361, 169, 376, 176)"
251107_232313_0000097667_CAM1_NG_bmp.rf.3fa5064b6b71c0ccddc1861a03edaa26.jpg,incorrect qblock,10,#c2c2c2,194,194,194,"(441, 131, 454, 136)"
251107_232313_0000097667_CAM1_NG_bmp.rf.3fa5064b6b71c0ccddc1861a03edaa26.jpg,incorrect qblock,11,#b0b0b0,176,176,176,"(632, 130, 644, 135)"
251107_232313_0000097667_CAM1_NG_bmp.rf.3fa5064b6b71c0ccddc1861a03edaa26.jpg,incorrect qblock,12,#c3c3c3,195,195,195,"(537, 130, 549, 136)"
251107_232313_0000097667_CAM1_NG_bmp.rf.3fa5064b6b71c0ccddc1861a03edaa26.jpg,incorrect qblock,13,#bebebe,190,190,190,"(727, 129, 739, 134)"
251015_020550_0000434667_CAM1_OK_bmp.rf.92cca60379cb31fa92ab4c1caa83b17f.jpg,qblock,2,#5a5a5a,90,90,90,"(645, 59, 661, 68)"
251015_020550_0000434667_CAM1_OK_bmp.rf.92cca60379cb31fa92ab4c1caa83b17f.jpg,qblock,3,#555555,85,85,85,"(646, 286, 662, 295)"
251015_020550_0000434667_CAM1_OK_bmp.rf.92cca60379cb31fa92ab4c1caa83b17f.jpg,qblock,6,#484848,72,72,72,"(171, 63, 186, 71)"
251015_020550_0000434667_CAM1_OK_bmp.rf.92cca60379cb31fa92ab4c1caa83b17f.jpg,qblock,7,#505050,80,80,80,"(265, 62, 281, 71)"
251015_020550_0000434667_CAM1_OK_bmp.rf.92cca60379cb31fa92ab4c1caa83b17f.jpg,qblock,8,#464646,70,70,70,"(456, 288, 472, 296)"
251015_020550_0000434667_CAM1_OK_bmp.rf.92cca60379cb31fa92ab4c1caa83b17f.jpg,qblock,10,#545454,84,84,84,"(550, 60, 567, 69)"
251015_020550_0000434667_CAM1_OK_bmp.rf.92cca60379cb31fa92ab4c1caa83b17f.jpg,qblock,11,#525252,82,82,82,"(266, 288, 282, 297)"
251015_020550_0000434667_CAM1_OK_bmp.rf.92cca60379cb31fa92ab4c1caa83b17f.jpg,qblock,12,#515151,81,81,81,"(360, 61, 376, 70)"
251015_020550_0000434667_CAM1_OK_bmp.rf.92cca60379cb31fa92ab4c1caa83b17f.jpg,qblock,13,#4b4b4b,75,75,75,"(361, 288, 377, 297)"
251015_020550_0000434667_CAM1_OK_bmp.rf.92cca60379cb31fa92ab4c1caa83b17f.jpg,qblock,15,#414141,65,65,65,"(77, 64, 92, 73)"
251015_020550_0000434667_CAM1_OK_bmp.rf.92cca60379cb31fa92ab4c1caa83b17f.jpg,qblock,16,#5e5e5e,94,94,94,"(455, 60, 472, 69)"
251015_020550_0000434667_CAM1_OK_bmp.rf.92cca60379cb31fa92ab4c1caa83b17f.jpg,qblock,17,#424242,66,66,66,"(172, 289, 188, 297)"
251015_020550_0000434667_CAM1_OK_bmp.rf.92cca60379cb31fa92ab4c1caa83b17f.jpg,qblock,19,#4e4e4e,78,78,78,"(551, 287, 568, 296)"
251015_020550_0000434667_CAM1_OK_bmp.rf.92cca60379cb31fa92ab4c1caa83b17f.jpg,qblock,21,#3b3b3b,59,59,59,"(77, 289, 93, 297)"
251015_020546_0000434655_CAM1_OK_bmp.rf.287a0aaf4e002c8090bc16d5c0c56062.jpg,qblock,2,#4b4b4b,75,75,75,"(646, 286, 662, 295)"
251015_020546_0000434655_CAM1_OK_bmp.rf.287a0aaf4e002c8090bc16d5c0c56062.jpg,qblock,4,#535353,83,83,83,"(645, 59, 661, 68)"
251015_020546_0000434655_CAM1_OK_bmp.rf.287a0aaf4e002c8090bc16d5c0c56062.jpg,qblock,5,#595959,89,89,89,"(170, 62, 186, 71)"
251015_020546_0000434655_CAM1_OK_bmp.rf.287a0aaf4e002c8090bc16d5c0c56062.jpg,qblock,7,#585858,88,88,88,"(265, 61, 281, 71)"
251015_020546_0000434655_CAM1_OK_bmp.rf.287a0aaf4e002c8090bc16d5c0c56062.jpg,qblock,8,#4c4c4c,76,76,76,"(456, 287, 472, 295)"
251015_020546_0000434655_CAM1_OK_bmp.rf.287a0aaf4e002c8090bc16d5c0c56062.jpg,qblock,9,#494949,73,73,73,"(266, 288, 282, 296)"
251015_020546_0000434655_CAM1_OK_bmp.rf.287a0aaf4e002c8090bc16d5c0c56062.jpg,qblock,10,#505050,80,80,80,"(361, 287, 377, 296)"
251015_020546_0000434655_CAM1_OK_bmp.rf.287a0aaf4e002c8090bc16d5c0c56062.jpg,qblock,11,#545454,84,84,84,"(455, 60, 471, 69)"
251015_020546_0000434655_CAM1_OK_bmp.rf.287a0aaf4e002c8090bc16d5c0c56062.jpg,qblock,12,#545454,84,84,84,"(359, 61, 376, 70)"
251015_020546_0000434655_CAM1_OK_bmp.rf.287a0aaf4e002c8090bc16d5c0c56062.jpg,qblock,13,#5f5f5f,95,95,95,"(550, 59, 567, 68)"
251015_020546_0000434655_CAM1_OK_bmp.rf.287a0aaf4e002c8090bc16d5c0c56062.jpg,qblock,14,#393939,57,57,57,"(77, 64, 92, 72)"
251015_020546_0000434655_CAM1_OK_bmp.rf.287a0aaf4e002c8090bc16d5c0c56062.jpg,qblock,15,#474747,71,71,71,"(172, 288, 188, 297)"
251015_020546_0000434655_CAM1_OK_bmp.rf.287a0aaf4e002c8090bc16d5c0c56062.jpg,qblock,20,#313131,49,49,49,"(77, 289, 93, 297)"
251015_020546_0000434655_CAM1_OK_bmp.rf.287a0aaf4e002c8090bc16d5c0c56062.jpg,qblock,22,#545454,84,84,84,"(551, 286, 568, 295)"
251010_124853_0000080510_CAM1_NG_bmp.rf.02252e49adc7d45765502093a6c5b8d7.jpg,qblock,0,#525252,82,82,82,"(267, 89, 283, 98)"
251010_124853_0000080510_CAM1_NG_bmp.rf.02252e49adc7d45765502093a6c5b8d7.jpg,qblock,2,#4a4a4a,74,74,74,"(647, 87, 663, 95)"
251010_124853_0000080510_CAM1_NG_bmp.rf.02252e49adc7d45765502093a6c5b8d7.jpg,qblock,5,#4b4b4b,75,75,75,"(649, 314, 665, 322)"
251010_124853_0000080510_CAM1_NG_bmp.rf.02252e49adc7d45765502093a6c5b8d7.jpg,qblock,6,#535353,83,83,83,"(362, 88, 378, 97)"
251010_124853_0000080510_CAM1_NG_bmp.rf.02252e49adc7d45765502093a6c5b8d7.jpg,qblock,8,#4c4c4c,76,76,76,"(457, 88, 473, 96)"
251010_124853_0000080510_CAM1_NG_bmp.rf.02252e49adc7d45765502093a6c5b8d7.jpg,qblock,10,#4a4a4a,74,74,74,"(173, 90, 189, 98)"
251010_124853_0000080510_CAM1_NG_bmp.rf.02252e49adc7d45765502093a6c5b8d7.jpg,qblock,13,#555555,85,85,85,"(552, 87, 568, 95)"
251010_124853_0000080510_CAM1_NG_bmp.rf.02252e49adc7d45765502093a6c5b8d7.jpg,qblock,14,#484848,72,72,72,"(79, 90, 95, 99)"
251010_124853_0000080510_CAM1_NG_bmp.rf.02252e49adc7d45765502093a6c5b8d7.jpg,qblock,15,#565656,86,86,86,"(554, 314, 570, 323)"
251107_231827_0000096720_CAM1_NG_bmp.rf.4859b2febbcd2912cbed8afcee870171.jpg,incorrect qblock,0,#afafaf,175,175,175,"(266, 171, 281, 179)"
251107_231827_0000096720_CAM1_NG_bmp.rf.4859b2febbcd2912cbed8afcee870171.jpg,incorrect qblock,1,#adadad,173,173,173,"(172, 171, 187, 179)"
251107_231827_0000096720_CAM1_NG_bmp.rf.4859b2febbcd2912cbed8afcee870171.jpg,incorrect qblock,2,#b1b1b1,177,177,177,"(646, 168, 662, 177)"
251107_231827_0000096720_CAM1_NG_bmp.rf.4859b2febbcd2912cbed8afcee870171.jpg,incorrect qblock,3,#b7b7b7,183,183,183,"(551, 169, 568, 177)"
251107_231827_0000096720_CAM1_NG_bmp.rf.4859b2febbcd2912cbed8afcee870171.jpg,incorrect qblock,4,#b6b6b6,182,182,182,"(632, 131, 644, 136)"
251107_231827_0000096720_CAM1_NG_bmp.rf.4859b2febbcd2912cbed8afcee870171.jpg,incorrect qblock,5,#bdbdbd,189,189,189,"(456, 170, 472, 177)"
251107_231827_0000096720_CAM1_NG_bmp.rf.4859b2febbcd2912cbed8afcee870171.jpg,incorrect qblock,6,#bababa,186,186,186,"(361, 170, 376, 178)"
251107_231827_0000096720_CAM1_NG_bmp.rf.4859b2febbcd2912cbed8afcee870171.jpg,incorrect qblock,7,#b9b9b9,185,185,185,"(726, 131, 739, 136)"
251107_231827_0000096720_CAM1_NG_bmp.rf.4859b2febbcd2912cbed8afcee870171.jpg,incorrect qblock,8,#a2a2a2,162,162,162,"(77, 172, 93, 181)"
251107_231827_0000096720_CAM1_NG_bmp.rf.4859b2febbcd2912cbed8afcee870171.jpg,incorrect qblock,9,#c4c4c4,196,196,196,"(441, 132, 454, 137)"
251107_231827_0000096720_CAM1_NG_bmp.rf.4859b2febbcd2912cbed8afcee870171.jpg,incorrect qblock,10,#b9b9b9,185,185,185,"(346, 133, 358, 137)"
251107_231827_0000096720_CAM1_NG_bmp.rf.4859b2febbcd2912cbed8afcee870171.jpg,incorrect qblock,11,#adadad,173,173,173,"(251, 134, 263, 138)"
251107_231827_0000096720_CAM1_NG_bmp.rf.4859b2febbcd2912cbed8afcee870171.jpg,incorrect qblock,12,#b7b7b7,183,183,183,"(537, 132, 549, 137)"
251107_231827_0000096720_CAM1_NG_bmp.rf.4859b2febbcd2912cbed8afcee870171.jpg,incorrect qblock,13,#bdbdbd,189,189,189,"(253, 360, 265, 365)"
251107_231827_0000096720_CAM1_NG_bmp.rf.4859b2febbcd2912cbed8afcee870171.jpg,incorrect qblock,14,#b8b8b8,184,184,184,"(159, 360, 171, 366)"
251010_124900_0000080535_CAM1_NG_bmp.rf.560d4037f2234250710036d4ce5c587a.jpg,qblock,3,#595959,89,89,89,"(647, 90, 664, 98)"
251010_124900_0000080535_CAM1_NG_bmp.rf.560d4037f2234250710036d4ce5c587a.jpg,qblock,6,#5b5b5b,91,91,91,"(457, 91, 473, 100)"
251010_124900_0000080535_CAM1_NG_bmp.rf.560d4037f2234250710036d4ce5c587a.jpg,qblock,10,#5e5e5e,94,94,94,"(267, 92, 283, 101)"
251010_124900_0000080535_CAM1_NG_bmp.rf.560d4037f2234250710036d4ce5c587a.jpg,qblock,12,#505050,80,80,80,"(459, 319, 475, 327)"
251010_124900_0000080535_CAM1_NG_bmp.rf.560d4037f2234250710036d4ce5c587a.jpg,qblock,13,#535353,83,83,83,"(362, 92, 378, 100)"
251010_124900_0000080535_CAM1_NG_bmp.rf.560d4037f2234250710036d4ce5c587a.jpg,qblock,14,#595959,89,89,89,"(364, 319, 380, 328)"
251010_124900_0000080535_CAM1_NG_bmp.rf.560d4037f2234250710036d4ce5c587a.jpg,qblock,15,#494949,73,73,73,"(649, 318, 665, 326)"
251010_124900_0000080535_CAM1_NG_bmp.rf.560d4037f2234250710036d4ce5c587a.jpg,qblock,17,#575757,87,87,87,"(554, 318, 570, 327)"
251010_124900_0000080535_CAM1_NG_bmp.rf.560d4037f2234250710036d4ce5c587a.jpg,qblock,18,#505050,80,80,80,"(269, 320, 285, 328)"
251010_124900_0000080535_CAM1_NG_bmp.rf.560d4037f2234250710036d4ce5c587a.jpg,qblock,20,#535353,83,83,83,"(174, 320, 190, 328)"
251010_124900_0000080535_CAM1_NG_bmp.rf.560d4037f2234250710036d4ce5c587a.jpg,qblock,22,#616161,97,97,97,"(552, 90, 569, 99)"
251010_124900_0000080535_CAM1_NG_bmp.rf.560d4037f2234250710036d4ce5c587a.jpg,qblock,24,#4a4a4a,74,74,74,"(173, 94, 189, 102)"
251010_124900_0000080535_CAM1_NG_bmp.rf.560d4037f2234250710036d4ce5c587a.jpg,qblock,25,#464646,70,70,70,"(81, 320, 97, 329)"
251010_124900_0000080535_CAM1_NG_bmp.rf.560d4037f2234250710036d4ce5c587a.jpg,qblock,26,#464646,70,70,70,"(79, 94, 95, 103)"
251015_020255_0000434173_CAM1_OK_bmp.rf.e0485adca80ee54090079257b7b6e8d3.jpg,qblock,2,#565656,86,86,86,"(645, 59, 661, 68)"
251015_020255_0000434173_CAM1_OK_bmp.rf.e0485adca80ee54090079257b7b6e8d3.jpg,qblock,3,#585858,88,88,88,"(646, 286, 662, 295)"
251015_020255_0000434173_CAM1_OK_bmp.rf.e0485adca80ee54090079257b7b6e8d3.jpg,qblock,6,#5b5b5b,91,91,91,"(265, 61, 281, 71)"
251015_020255_0000434173_CAM1_OK_bmp.rf.e0485adca80ee54090079257b7b6e8d3.jpg,qblock,8,#484848,72,72,72,"(456, 288, 472, 296)"
251015_020255_0000434173_CAM1_OK_bmp.rf.e0485adca80ee54090079257b7b6e8d3.jpg,qblock,9,#545454,84,84,84,"(171, 62, 186, 71)"
251015_020255_0000434173_CAM1_OK_bmp.rf.e0485adca80ee54090079257b7b6e8d3.jpg,qblock,10,#4f4f4f,79,79,79,"(360, 61, 376, 70)"
251015_020255_0000434173_CAM1_OK_bmp.rf.e0485adca80ee54090079257b7b6e8d3.jpg,qblock,11,#434343,67,67,67,"(172, 289, 188, 297)"
251015_020255_0000434173_CAM1_OK_bmp.rf.e0485adca80ee54090079257b7b6e8d3.jpg,qblock,12,#555555,85,85,85,"(266, 288, 282, 297)"
251015_020255_0000434173_CAM1_OK_bmp.rf.e0485adca80ee54090079257b7b6e8d3.jpg,qblock,13,#616161,97,97,97,"(550, 59, 567, 68)"
251015_020255_0000434173_CAM1_OK_bmp.rf.e0485adca80ee54090079257b7b6e8d3.jpg,qblock,14,#4d4d4d,77,77,77,"(361, 288, 377, 297)"
251015_020255_0000434173_CAM1_OK_bmp.rf.e0485adca80ee54090079257b7b6e8d3.jpg,qblock,16,#5a5a5a,90,90,90,"(455, 60, 472, 69)"
251015_020255_0000434173_CAM1_OK_bmp.rf.e0485adca80ee54090079257b7b6e8d3.jpg,qblock,17,#3b3b3b,59,59,59,"(77, 64, 92, 72)"
251015_020255_0000434173_CAM1_OK_bmp.rf.e0485adca80ee54090079257b7b6e8d3.jpg,qblock,19,#3f3f3f,63,63,63,"(77, 289, 93, 298)"
251015_020255_0000434173_CAM1_OK_bmp.rf.e0485adca80ee54090079257b7b6e8d3.jpg,qblock,21,#515151,81,81,81,"(551, 287, 568, 296)"
251107_232123_0000097304_CAM1_NG_bmp.rf.0bf7624116fceef07f7f208404896682.jpg,incorrect qblock,0,#bbbbbb,187,187,187,"(646, 167, 662, 176)"
251107_232123_0000097304_CAM1_NG_bmp.rf.0bf7624116fceef07f7f208404896682.jpg,incorrect qblock,1,#b3b3b3,179,179,179,"(266, 170, 281, 178)"
251107_232123_0000097304_CAM1_NG_bmp.rf.0bf7624116fceef07f7f208404896682.jpg,incorrect qblock,2,#aaaaaa,170,170,170,"(172, 171, 187, 179)"
251107_232123_0000097304_CAM1_NG_bmp.rf.0bf7624116fceef07f7f208404896682.jpg,incorrect qblock,3,#b5b5b5,181,181,181,"(632, 130, 644, 136)"
251107_232123_0000097304_CAM1_NG_bmp.rf.0bf7624116fceef07f7f208404896682.jpg,incorrect qblock,4,#a4a4a4,164,164,164,"(77, 171, 93, 180)"
251107_232123_0000097304_CAM1_NG_bmp.rf.0bf7624116fceef07f7f208404896682.jpg,incorrect qblock,5,#bcbcbc,188,188,188,"(551, 168, 568, 176)"
251107_232123_0000097304_CAM1_NG_bmp.rf.0bf7624116fceef07f7f208404896682.jpg,incorrect qblock,6,#bebebe,190,190,190,"(361, 169, 376, 177)"
251107_232123_0000097304_CAM1_NG_bmp.rf.0bf7624116fceef07f7f208404896682.jpg,incorrect qblock,7,#b6b6b6,182,182,182,"(251, 133, 263, 137)"
251107_232123_0000097304_CAM1_NG_bmp.rf.0bf7624116fceef07f7f208404896682.jpg,incorrect qblock,8,#bebebe,190,190,190,"(456, 169, 472, 177)"
251107_232123_0000097304_CAM1_NG_bmp.rf.0bf7624116fceef07f7f208404896682.jpg,incorrect qblock,9,#bcbcbc,188,188,188,"(441, 132, 454, 136)"
251107_232123_0000097304_CAM1_NG_bmp.rf.0bf7624116fceef07f7f208404896682.jpg,incorrect qblock,10,#bbbbbb,187,187,187,"(346, 132, 358, 137)"
251107_232123_0000097304_CAM1_NG_bmp.rf.0bf7624116fceef07f7f208404896682.jpg,incorrect qblock,11,#b4b4b4,180,180,180,"(727, 130, 739, 135)"
251107_232123_0000097304_CAM1_NG_bmp.rf.0bf7624116fceef07f7f208404896682.jpg,incorrect qblock,12,#ababab,171,171,171,"(157, 134, 169, 138)"
251107_232123_0000097304_CAM1_NG_bmp.rf.0bf7624116fceef07f7f208404896682.jpg,incorrect qblock,13,#b9b9b9,185,185,185,"(537, 131, 549, 136)"
251107_232123_0000097304_CAM1_NG_bmp.rf.0bf7624116fceef07f7f208404896682.jpg,incorrect qblock,14,#b3b3b3,179,179,179,"(159, 360, 171, 365)"
251010_125701_0000080852_CAM1_NG_bmp.rf.8a628eb0708bebff0da8eaa46e5c720e.jpg,qblock,0,#515151,81,81,81,"(268, 309, 284, 317)"
251010_125701_0000080852_CAM1_NG_bmp.rf.8a628eb0708bebff0da8eaa46e5c720e.jpg,qblock,2,#555555,85,85,85,"(458, 308, 474, 316)"
251010_125701_0000080852_CAM1_NG_bmp.rf.8a628eb0708bebff0da8eaa46e5c720e.jpg,qblock,7,#595959,89,89,89,"(647, 80, 663, 89)"
251010_125701_0000080852_CAM1_NG_bmp.rf.8a628eb0708bebff0da8eaa46e5c720e.jpg,qblock,10,#5a5a5a,90,90,90,"(363, 308, 379, 317)"
251010_125701_0000080852_CAM1_NG_bmp.rf.8a628eb0708bebff0da8eaa46e5c720e.jpg,qblock,11,#5e5e5e,94,94,94,"(457, 81, 473, 90)"
251010_125701_0000080852_CAM1_NG_bmp.rf.8a628eb0708bebff0da8eaa46e5c720e.jpg,qblock,12,#525252,82,82,82,"(552, 81, 568, 89)"
251010_125701_0000080852_CAM1_NG_bmp.rf.8a628eb0708bebff0da8eaa46e5c720e.jpg,qblock,14,#5a5a5a,90,90,90,"(266, 83, 283, 91)"
251010_125701_0000080852_CAM1_NG_bmp.rf.8a628eb0708bebff0da8eaa46e5c720e.jpg,qblock,15,#585858,88,88,88,"(362, 82, 378, 90)"
251010_125701_0000080852_CAM1_NG_bmp.rf.8a628eb0708bebff0da8eaa46e5c720e.jpg,qblock,16,#555555,85,85,85,"(648, 307, 665, 315)"
251010_125701_0000080852_CAM1_NG_bmp.rf.8a628eb0708bebff0da8eaa46e5c720e.jpg,qblock,17,#505050,80,80,80,"(174, 309, 189, 317)"
251010_125701_0000080852_CAM1_NG_bmp.rf.8a628eb0708bebff0da8eaa46e5c720e.jpg,qblock,20,#525252,82,82,82,"(172, 84, 188, 92)"
251010_125701_0000080852_CAM1_NG_bmp.rf.8a628eb0708bebff0da8eaa46e5c720e.jpg,qblock,22,#434343,67,67,67,"(554, 308, 569, 316)"
251010_125701_0000080852_CAM1_NG_bmp.rf.8a628eb0708bebff0da8eaa46e5c720e.jpg,qblock,25,#4a4a4a,74,74,74,"(80, 309, 96, 318)"
251010_125701_0000080852_CAM1_NG_bmp.rf.8a628eb0708bebff0da8eaa46e5c720e.jpg,qblock,26,#404040,64,64,64,"(78, 85, 94, 93)"
251107_232357_0000097814_CAM1_NG_bmp.rf.6f26dd44420affbc02773629c58c7907.jpg,incorrect qblock,0,#b3b3b3,179,179,179,"(646, 167, 662, 175)"
251107_232357_0000097814_CAM1_NG_bmp.rf.6f26dd44420affbc02773629c58c7907.jpg,incorrect qblock,1,#b3b3b3,179,179,179,"(266, 170, 281, 178)"
251107_232357_0000097814_CAM1_NG_bmp.rf.6f26dd44420affbc02773629c58c7907.jpg,incorrect qblock,2,#a7a7a7,167,167,167,"(77, 171, 93, 180)"
251107_232357_0000097814_CAM1_NG_bmp.rf.6f26dd44420affbc02773629c58c7907.jpg,incorrect qblock,3,#b3b3b3,179,179,179,"(172, 170, 188, 178)"
251107_232357_0000097814_CAM1_NG_bmp.rf.6f26dd44420affbc02773629c58c7907.jpg,incorrect qblock,4,#b9b9b9,185,185,185,"(552, 168, 568, 176)"
251107_232357_0000097814_CAM1_NG_bmp.rf.6f26dd44420affbc02773629c58c7907.jpg,incorrect qblock,5,#c6c6c6,198,198,198,"(456, 168, 472, 176)"
251107_232357_0000097814_CAM1_NG_bmp.rf.6f26dd44420affbc02773629c58c7907.jpg,incorrect qblock,6,#b7b7b7,183,183,183,"(361, 169, 376, 177)"
251107_232357_0000097814_CAM1_NG_bmp.rf.6f26dd44420affbc02773629c58c7907.jpg,incorrect qblock,7,#b8b8b8,184,184,184,"(252, 132, 264, 137)"
251107_232357_0000097814_CAM1_NG_bmp.rf.6f26dd44420affbc02773629c58c7907.jpg,incorrect qblock,8,#b6b6b6,182,182,182,"(157, 133, 170, 138)"
251107_232357_0000097814_CAM1_NG_bmp.rf.6f26dd44420affbc02773629c58c7907.jpg,incorrect qblock,9,#bdbdbd,189,189,189,"(442, 131, 454, 136)"
251107_232357_0000097814_CAM1_NG_bmp.rf.6f26dd44420affbc02773629c58c7907.jpg,incorrect qblock,10,#b2b2b2,178,178,178,"(632, 130, 644, 135)"
251107_232357_0000097814_CAM1_NG_bmp.rf.6f26dd44420affbc02773629c58c7907.jpg,incorrect qblock,11,#b8b8b8,184,184,184,"(346, 132, 359, 136)"
251107_232357_0000097814_CAM1_NG_bmp.rf.6f26dd44420affbc02773629c58c7907.jpg,incorrect qblock,12,#c0c0c0,192,192,192,"(537, 130, 549, 136)"
251107_232357_0000097814_CAM1_NG_bmp.rf.6f26dd44420affbc02773629c58c7907.jpg,incorrect qblock,13,#b9b9b9,185,185,185,"(727, 129, 739, 134)"
251010_070231_0000043610_CAM1_NG_bmp.rf.5d9c86c25cb3d606c577d43c5b0dbe94.jpg,qblock,0,#5c5c5c,92,92,92,"(648, 61, 665, 70)"
251010_070231_0000043610_CAM1_NG_bmp.rf.5d9c86c25cb3d606c577d43c5b0dbe94.jpg,qblock,4,#5d5d5d,93,93,93,"(458, 62, 475, 71)"
251010_070231_0000043610_CAM1_NG_bmp.rf.5d9c86c25cb3d606c577d43c5b0dbe94.jpg,qblock,9,#505050,80,80,80,"(268, 64, 284, 73)"
251010_070231_0000043610_CAM1_NG_bmp.rf.5d9c86c25cb3d606c577d43c5b0dbe94.jpg,qblock,10,#545454,84,84,84,"(363, 63, 379, 72)"
251010_070231_0000043610_CAM1_NG_bmp.rf.5d9c86c25cb3d606c577d43c5b0dbe94.jpg,qblock,11,#525252,82,82,82,"(269, 291, 286, 299)"
251010_070231_0000043610_CAM1_NG_bmp.rf.5d9c86c25cb3d606c577d43c5b0dbe94.jpg,qblock,12,#585858,88,88,88,"(364, 290, 381, 299)"
251010_070231_0000043610_CAM1_NG_bmp.rf.5d9c86c25cb3d606c577d43c5b0dbe94.jpg,qblock,13,#4c4c4c,76,76,76,"(554, 62, 570, 70)"
251010_070231_0000043610_CAM1_NG_bmp.rf.5d9c86c25cb3d606c577d43c5b0dbe94.jpg,qblock,14,#424242,66,66,66,"(555, 290, 571, 298)"
251010_070231_0000043610_CAM1_NG_bmp.rf.5d9c86c25cb3d606c577d43c5b0dbe94.jpg,qblock,15,#494949,73,73,73,"(650, 289, 666, 298)"
251010_070231_0000043610_CAM1_NG_bmp.rf.5d9c86c25cb3d606c577d43c5b0dbe94.jpg,qblock,16,#515151,81,81,81,"(459, 290, 476, 299)"
251010_070231_0000043610_CAM1_NG_bmp.rf.5d9c86c25cb3d606c577d43c5b0dbe94.jpg,qblock,17,#4b4b4b,75,75,75,"(175, 291, 191, 300)"
251010_070231_0000043610_CAM1_NG_bmp.rf.5d9c86c25cb3d606c577d43c5b0dbe94.jpg,qblock,24,#4a4a4a,74,74,74,"(174, 65, 190, 73)"
251010_125632_0000080755_CAM1_NG_bmp.rf.e925ac7bd1317e86fe838e41801b92ff.jpg,qblock,1,#585858,88,88,88,"(648, 310, 664, 318)"
251010_125632_0000080755_CAM1_NG_bmp.rf.e925ac7bd1317e86fe838e41801b92ff.jpg,qblock,2,#5a5a5a,90,90,90,"(268, 312, 284, 321)"
251010_125632_0000080755_CAM1_NG_bmp.rf.e925ac7bd1317e86fe838e41801b92ff.jpg,qblock,3,#494949,73,73,73,"(458, 312, 474, 320)"
251010_125632_0000080755_CAM1_NG_bmp.rf.e925ac7bd1317e86fe838e41801b92ff.jpg,qblock,4,#535353,83,83,83,"(267, 85, 282, 93)"
251010_125632_0000080755_CAM1_NG_bmp.rf.e925ac7bd1317e86fe838e41801b92ff.jpg,qblock,5,#4a4a4a,74,74,74,"(647, 83, 663, 91)"
251010_125632_0000080755_CAM1_NG_bmp.rf.e925ac7bd1317e86fe838e41801b92ff.jpg,qblock,6,#525252,82,82,82,"(363, 312, 379, 320)"
251010_125632_0000080755_CAM1_NG_bmp.rf.e925ac7bd1317e86fe838e41801b92ff.jpg,qblock,11,#454545,69,69,69,"(362, 85, 377, 93)"
251010_125632_0000080755_CAM1_NG_bmp.rf.e925ac7bd1317e86fe838e41801b92ff.jpg,qblock,13,#505050,80,80,80,"(457, 84, 473, 92)"
251010_125632_0000080755_CAM1_NG_bmp.rf.e925ac7bd1317e86fe838e41801b92ff.jpg,qblock,14,#565656,86,86,86,"(552, 83, 567, 91)"
251010_125632_0000080755_CAM1_NG_bmp.rf.e925ac7bd1317e86fe838e41801b92ff.jpg,qblock,16,#505050,80,80,80,"(553, 311, 569, 319)"
251010_125632_0000080755_CAM1_NG_bmp.rf.e925ac7bd1317e86fe838e41801b92ff.jpg,qblock,18,#555555,85,85,85,"(174, 312, 189, 321)"
251010_125632_0000080755_CAM1_NG_bmp.rf.e925ac7bd1317e86fe838e41801b92ff.jpg,qblock,21,#414141,65,65,65,"(78, 87, 94, 95)"
251010_125632_0000080755_CAM1_NG_bmp.rf.e925ac7bd1317e86fe838e41801b92ff.jpg,qblock,22,#4e4e4e,78,78,78,"(79, 312, 95, 321)"
251010_201506_0000147685_CAM1_NG_bmp.rf.d1ab85989a10a47899e19b7fe00aee5f.jpg,qblock,1,#606060,96,96,96,"(550, 62, 567, 71)"
251010_201506_0000147685_CAM1_NG_bmp.rf.d1ab85989a10a47899e19b7fe00aee5f.jpg,qblock,3,#575757,87,87,87,"(645, 62, 662, 71)"
251010_201506_0000147685_CAM1_NG_bmp.rf.d1ab85989a10a47899e19b7fe00aee5f.jpg,qblock,8,#515151,81,81,81,"(265, 65, 282, 73)"
251010_201506_0000147685_CAM1_NG_bmp.rf.d1ab85989a10a47899e19b7fe00aee5f.jpg,qblock,9,#545454,84,84,84,"(646, 289, 663, 297)"
251010_201506_0000147685_CAM1_NG_bmp.rf.d1ab85989a10a47899e19b7fe00aee5f.jpg,qblock,10,#5b5b5b,91,91,91,"(455, 63, 472, 72)"
251010_201506_0000147685_CAM1_NG_bmp.rf.d1ab85989a10a47899e19b7fe00aee5f.jpg,qblock,13,#5b5b5b,91,91,91,"(361, 290, 378, 299)"
251010_201506_0000147685_CAM1_NG_bmp.rf.d1ab85989a10a47899e19b7fe00aee5f.jpg,qblock,14,#555555,85,85,85,"(456, 290, 473, 298)"
251010_201506_0000147685_CAM1_NG_bmp.rf.d1ab85989a10a47899e19b7fe00aee5f.jpg,qblock,15,#535353,83,83,83,"(360, 64, 376, 73)"
251010_201506_0000147685_CAM1_NG_bmp.rf.d1ab85989a10a47899e19b7fe00aee5f.jpg,qblock,17,#545454,84,84,84,"(266, 291, 283, 299)"
251010_201506_0000147685_CAM1_NG_bmp.rf.d1ab85989a10a47899e19b7fe00aee5f.jpg,qblock,19,#515151,81,81,81,"(172, 291, 188, 300)"
251010_201506_0000147685_CAM1_NG_bmp.rf.d1ab85989a10a47899e19b7fe00aee5f.jpg,qblock,20,#5a5a5a,90,90,90,"(551, 289, 568, 298)"
251010_201506_0000147685_CAM1_NG_bmp.rf.d1ab85989a10a47899e19b7fe00aee5f.jpg,qblock,22,#565656,86,86,86,"(82, 292, 94, 299)"
251010_201506_0000147685_CAM1_NG_bmp.rf.d1ab85989a10a47899e19b7fe00aee5f.jpg,incorrect qblock,23,#656565,101,101,101,"(80, 67, 94, 75)"
251010_070207_0000043528_CAM1_NG_bmp.rf.7ab1616f89eeca44ec5ea6ecbeabfe34.jpg,qblock,1,#5d5d5d,93,93,93,"(648, 61, 665, 70)"
251010_070207_0000043528_CAM1_NG_bmp.rf.7ab1616f89eeca44ec5ea6ecbeabfe34.jpg,qblock,6,#5f5f5f,95,95,95,"(458, 62, 475, 71)"
251010_070207_0000043528_CAM1_NG_bmp.rf.7ab1616f89eeca44ec5ea6ecbeabfe34.jpg,qblock,9,#5b5b5b,91,91,91,"(269, 291, 286, 300)"
251010_070207_0000043528_CAM1_NG_bmp.rf.7ab1616f89eeca44ec5ea6ecbeabfe34.jpg,qblock,10,#4e4e4e,78,78,78,"(554, 62, 570, 70)"
251010_070207_0000043528_CAM1_NG_bmp.rf.7ab1616f89eeca44ec5ea6ecbeabfe34.jpg,qblock,11,#535353,83,83,83,"(364, 291, 381, 299)"
251010_070207_0000043528_CAM1_NG_bmp.rf.7ab1616f89eeca44ec5ea6ecbeabfe34.jpg,qblock,12,#525252,82,82,82,"(175, 291, 191, 300)"
251010_070207_0000043528_CAM1_NG_bmp.rf.7ab1616f89eeca44ec5ea6ecbeabfe34.jpg,qblock,13,#494949,73,73,73,"(555, 290, 571, 298)"
251010_070207_0000043528_CAM1_NG_bmp.rf.7ab1616f89eeca44ec5ea6ecbeabfe34.jpg,qblock,14,#4f4f4f,79,79,79,"(650, 289, 666, 298)"
251010_070207_0000043528_CAM1_NG_bmp.rf.7ab1616f89eeca44ec5ea6ecbeabfe34.jpg,qblock,15,#505050,80,80,80,"(460, 290, 476, 299)"
251010_070207_0000043528_CAM1_NG_bmp.rf.7ab1616f89eeca44ec5ea6ecbeabfe34.jpg,qblock,16,#595959,89,89,89,"(363, 63, 379, 72)"
251010_070207_0000043528_CAM1_NG_bmp.rf.7ab1616f89eeca44ec5ea6ecbeabfe34.jpg,qblock,22,#626262,98,98,98,"(269, 64, 285, 72)"
251010_070207_0000043528_CAM1_NG_bmp.rf.7ab1616f89eeca44ec5ea6ecbeabfe34.jpg,qblock,23,#505050,80,80,80,"(174, 65, 190, 74)"
251107_231807_0000096653_CAM1_NG_bmp.rf.7c348ead9e0767bebc00c7f0e72d44ec.jpg,incorrect qblock,0,#b7b7b7,183,183,183,"(266, 170, 281, 178)"
251107_231807_0000096653_CAM1_NG_bmp.rf.7c348ead9e0767bebc00c7f0e72d44ec.jpg,incorrect qblock,1,#b9b9b9,185,185,185,"(646, 167, 662, 176)"
251107_231807_0000096653_CAM1_NG_bmp.rf.7c348ead9e0767bebc00c7f0e72d44ec.jpg,incorrect qblock,2,#bdbdbd,189,189,189,"(551, 168, 568, 177)"
251107_231807_0000096653_CAM1_NG_bmp.rf.7c348ead9e0767bebc00c7f0e72d44ec.jpg,incorrect qblock,3,#b0b0b0,176,176,176,"(172, 171, 187, 179)"
251107_231807_0000096653_CAM1_NG_bmp.rf.7c348ead9e0767bebc00c7f0e72d44ec.jpg,incorrect qblock,4,#a2a2a2,162,162,162,"(78, 172, 93, 180)"
251107_231807_0000096653_CAM1_NG_bmp.rf.7c348ead9e0767bebc00c7f0e72d44ec.jpg,incorrect qblock,5,#b8b8b8,184,184,184,"(632, 130, 644, 135)"
251107_231807_0000096653_CAM1_NG_bmp.rf.7c348ead9e0767bebc00c7f0e72d44ec.jpg,incorrect qblock,6,#c1c1c1,193,193,193,"(456, 169, 472, 177)"
251107_231807_0000096653_CAM1_NG_bmp.rf.7c348ead9e0767bebc00c7f0e72d44ec.jpg,incorrect qblock,7,#b7b7b7,183,183,183,"(361, 170, 376, 178)"
251107_231807_0000096653_CAM1_NG_bmp.rf.7c348ead9e0767bebc00c7f0e72d44ec.jpg,incorrect qblock,8,#b0b0b0,176,176,176,"(251, 133, 263, 137)"
251107_231807_0000096653_CAM1_NG_bmp.rf.7c348ead9e0767bebc00c7f0e72d44ec.jpg,incorrect qblock,9,#bdbdbd,189,189,189,"(346, 132, 359, 136)"
251107_231807_0000096653_CAM1_NG_bmp.rf.7c348ead9e0767bebc00c7f0e72d44ec.jpg,incorrect qblock,10,#bfbfbf,191,191,191,"(442, 131, 454, 136)"
251107_231807_0000096653_CAM1_NG_bmp.rf.7c348ead9e0767bebc00c7f0e72d44ec.jpg,incorrect qblock,11,#b2b2b2,178,178,178,"(157, 133, 169, 138)"
251107_231807_0000096653_CAM1_NG_bmp.rf.7c348ead9e0767bebc00c7f0e72d44ec.jpg,incorrect qblock,12,#b8b8b8,184,184,184,"(727, 130, 739, 135)"
251107_231807_0000096653_CAM1_NG_bmp.rf.7c348ead9e0767bebc00c7f0e72d44ec.jpg,incorrect qblock,13,#bababa,186,186,186,"(537, 131, 549, 136)"
251107_232612_0000098261_CAM1_NG_bmp.rf.a981971e882a86a764affb0ff8e8cf6b.jpg,incorrect qblock,0,#b4b4b4,180,180,180,"(646, 166, 662, 175)"
251107_232612_0000098261_CAM1_NG_bmp.rf.a981971e882a86a764affb0ff8e8cf6b.jpg,incorrect qblock,1,#b4b4b4,180,180,180,"(266, 169, 281, 177)"
251107_232612_0000098261_CAM1_NG_bmp.rf.a981971e882a86a764affb0ff8e8cf6b.jpg,incorrect qblock,2,#bdbdbd,189,189,189,"(456, 168, 472, 175)"
251107_232612_0000098261_CAM1_NG_bmp.rf.a981971e882a86a764affb0ff8e8cf6b.jpg,incorrect qblock,3,#aaaaaa,170,170,170,"(77, 170, 93, 179)"
251107_232612_0000098261_CAM1_NG_bmp.rf.a981971e882a86a764affb0ff8e8cf6b.jpg,incorrect qblock,4,#aeaeae,174,174,174,"(172, 170, 187, 178)"
251107_232612_0000098261_CAM1_NG_bmp.rf.a981971e882a86a764affb0ff8e8cf6b.jpg,incorrect qblock,5,#b2b2b2,178,178,178,"(251, 132, 263, 136)"
251107_232612_0000098261_CAM1_NG_bmp.rf.a981971e882a86a764affb0ff8e8cf6b.jpg,incorrect qblock,6,#bbbbbb,187,187,187,"(551, 167, 568, 175)"
251107_232612_0000098261_CAM1_NG_bmp.rf.a981971e882a86a764affb0ff8e8cf6b.jpg,incorrect qblock,7,#b4b4b4,180,180,180,"(157, 132, 169, 137)"
251107_232612_0000098261_CAM1_NG_bmp.rf.a981971e882a86a764affb0ff8e8cf6b.jpg,incorrect qblock,8,#b4b4b4,180,180,180,"(727, 129, 739, 134)"
251107_232612_0000098261_CAM1_NG_bmp.rf.a981971e882a86a764affb0ff8e8cf6b.jpg,incorrect qblock,9,#b8b8b8,184,184,184,"(361, 168, 376, 176)"
251107_232612_0000098261_CAM1_NG_bmp.rf.a981971e882a86a764affb0ff8e8cf6b.jpg,incorrect qblock,10,#b9b9b9,185,185,185,"(346, 131, 359, 136)"
251107_232612_0000098261_CAM1_NG_bmp.rf.a981971e882a86a764affb0ff8e8cf6b.jpg,incorrect qblock,11,#c4c4c4,196,196,196,"(441, 130, 454, 135)"
251010_115245_0000080403_CAM1_NG_bmp.rf.93ec6514ce342aa79ce6d0394413e236.jpg,qblock,0,#585858,88,88,88,"(649, 56, 665, 65)"
251010_115245_0000080403_CAM1_NG_bmp.rf.93ec6514ce342aa79ce6d0394413e236.jpg,qblock,1,#5a5a5a,90,90,90,"(459, 57, 475, 66)"
251010_115245_0000080403_CAM1_NG_bmp.rf.93ec6514ce342aa79ce6d0394413e236.jpg,qblock,2,#4e4e4e,78,78,78,"(555, 284, 571, 292)"
251010_115245_0000080403_CAM1_NG_bmp.rf.93ec6514ce342aa79ce6d0394413e236.jpg,qblock,3,#585858,88,88,88,"(268, 59, 285, 68)"
251010_115245_0000080403_CAM1_NG_bmp.rf.93ec6514ce342aa79ce6d0394413e236.jpg,qblock,4,#545454,84,84,84,"(650, 283, 666, 292)"
251010_115245_0000080403_CAM1_NG_bmp.rf.93ec6514ce342aa79ce6d0394413e236.jpg,qblock,5,#484848,72,72,72,"(460, 285, 476, 293)"
251010_115245_0000080403_CAM1_NG_bmp.rf.93ec6514ce342aa79ce6d0394413e236.jpg,qblock,6,#4d4d4d,77,77,77,"(175, 286, 191, 294)"
251010_115245_0000080403_CAM1_NG_bmp.rf.93ec6514ce342aa79ce6d0394413e236.jpg,qblock,7,#515151,81,81,81,"(174, 60, 190, 68)"
251010_115245_0000080403_CAM1_NG_bmp.rf.93ec6514ce342aa79ce6d0394413e236.jpg,qblock,9,#505050,80,80,80,"(365, 285, 381, 293)"
251010_115245_0000080403_CAM1_NG_bmp.rf.93ec6514ce342aa79ce6d0394413e236.jpg,qblock,10,#5b5b5b,91,91,91,"(363, 58, 379, 67)"
251010_115245_0000080403_CAM1_NG_bmp.rf.93ec6514ce342aa79ce6d0394413e236.jpg,qblock,11,#585858,88,88,88,"(80, 60, 96, 70)"
251010_115245_0000080403_CAM1_NG_bmp.rf.93ec6514ce342aa79ce6d0394413e236.jpg,qblock,12,#525252,82,82,82,"(554, 57, 570, 65)"
251010_115245_0000080403_CAM1_NG_bmp.rf.93ec6514ce342aa79ce6d0394413e236.jpg,qblock,15,#4b4b4b,75,75,75,"(81, 286, 97, 295)"
251015_020244_0000434137_CAM1_OK_bmp.rf.609cf5b1a4cceefe6ca2a60545a4fd57.jpg,qblock,2,#565656,86,86,86,"(266, 289, 282, 298)"
251015_020244_0000434137_CAM1_OK_bmp.rf.609cf5b1a4cceefe6ca2a60545a4fd57.jpg,qblock,5,#565656,86,86,86,"(645, 60, 661, 69)"
251015_020244_0000434137_CAM1_OK_bmp.rf.609cf5b1a4cceefe6ca2a60545a4fd57.jpg,qblock,6,#585858,88,88,88,"(646, 287, 662, 296)"
251015_020244_0000434137_CAM1_OK_bmp.rf.609cf5b1a4cceefe6ca2a60545a4fd57.jpg,qblock,7,#5e5e5e,94,94,94,"(265, 62, 281, 72)"
251015_020244_0000434137_CAM1_OK_bmp.rf.609cf5b1a4cceefe6ca2a60545a4fd57.jpg,qblock,9,#4d4d4d,77,77,77,"(361, 289, 377, 298)"
251015_020244_0000434137_CAM1_OK_bmp.rf.609cf5b1a4cceefe6ca2a60545a4fd57.jpg,qblock,10,#616161,97,97,97,"(550, 60, 567, 69)"
251015_020244_0000434137_CAM1_OK_bmp.rf.609cf5b1a4cceefe6ca2a60545a4fd57.jpg,qblock,11,#4d4d4d,77,77,77,"(77, 64, 92, 73)"
251015_020244_0000434137_CAM1_OK_bmp.rf.609cf5b1a4cceefe6ca2a60545a4fd57.jpg,qblock,12,#454545,69,69,69,"(172, 290, 188, 298)"
251015_020244_0000434137_CAM1_OK_bmp.rf.609cf5b1a4cceefe6ca2a60545a4fd57.jpg,qblock,13,#505050,80,80,80,"(360, 62, 376, 71)"
251015_020244_0000434137_CAM1_OK_bmp.rf.609cf5b1a4cceefe6ca2a60545a4fd57.jpg,qblock,14,#5c5c5c,92,92,92,"(455, 61, 472, 70)"
251015_020244_0000434137_CAM1_OK_bmp.rf.609cf5b1a4cceefe6ca2a60545a4fd57.jpg,qblock,15,#454545,69,69,69,"(171, 64, 186, 72)"
251015_020244_0000434137_CAM1_OK_bmp.rf.609cf5b1a4cceefe6ca2a60545a4fd57.jpg,qblock,16,#474747,71,71,71,"(456, 289, 472, 297)"
251015_020244_0000434137_CAM1_OK_bmp.rf.609cf5b1a4cceefe6ca2a60545a4fd57.jpg,qblock,19,#404040,64,64,64,"(78, 290, 93, 298)"
251015_020244_0000434137_CAM1_OK_bmp.rf.609cf5b1a4cceefe6ca2a60545a4fd57.jpg,qblock,20,#505050,80,80,80,"(551, 288, 568, 297)"
251015_020541_0000434637_CAM1_OK_bmp.rf.b1486897c69ec22f63fcb36edc9c58de.jpg,qblock,2,#575757,87,87,87,"(646, 286, 662, 295)"
251015_020541_0000434637_CAM1_OK_bmp.rf.b1486897c69ec22f63fcb36edc9c58de.jpg,qblock,4,#4b4b4b,75,75,75,"(171, 62, 187, 71)"
251015_020541_0000434637_CAM1_OK_bmp.rf.b1486897c69ec22f63fcb36edc9c58de.jpg,qblock,5,#595959,89,89,89,"(645, 58, 661, 67)"
251015_020541_0000434637_CAM1_OK_bmp.rf.b1486897c69ec22f63fcb36edc9c58de.jpg,qblock,7,#464646,70,70,70,"(456, 288, 472, 296)"
251015_020541_0000434637_CAM1_OK_bmp.rf.b1486897c69ec22f63fcb36edc9c58de.jpg,qblock,9,#4e4e4e,78,78,78,"(265, 61, 281, 70)"
251015_020541_0000434637_CAM1_OK_bmp.rf.b1486897c69ec22f63fcb36edc9c58de.jpg,qblock,10,#434343,67,67,67,"(172, 289, 188, 297)"
251015_020541_0000434637_CAM1_OK_bmp.rf.b1486897c69ec22f63fcb36edc9c58de.jpg,qblock,11,#4b4b4b,75,75,75,"(361, 288, 377, 297)"
251015_020541_0000434637_CAM1_OK_bmp.rf.b1486897c69ec22f63fcb36edc9c58de.jpg,qblock,12,#525252,82,82,82,"(360, 60, 376, 69)"
251015_020541_0000434637_CAM1_OK_bmp.rf.b1486897c69ec22f63fcb36edc9c58de.jpg,qblock,13,#595959,89,89,89,"(455, 59, 471, 68)"
251015_020541_0000434637_CAM1_OK_bmp.rf.b1486897c69ec22f63fcb36edc9c58de.jpg,qblock,14,#545454,84,84,84,"(266, 288, 282, 297)"
251015_020541_0000434637_CAM1_OK_bmp.rf.b1486897c69ec22f63fcb36edc9c58de.jpg,qblock,15,#535353,83,83,83,"(550, 59, 567, 68)"
251015_020541_0000434637_CAM1_OK_bmp.rf.b1486897c69ec22f63fcb36edc9c58de.jpg,qblock,16,#3e3e3e,62,62,62,"(77, 63, 92, 71)"
251015_020541_0000434637_CAM1_OK_bmp.rf.b1486897c69ec22f63fcb36edc9c58de.jpg,qblock,20,#3d3d3d,61,61,61,"(77, 289, 93, 298)"
251015_020541_0000434637_CAM1_OK_bmp.rf.b1486897c69ec22f63fcb36edc9c58de.jpg,qblock,21,#505050,80,80,80,"(551, 287, 568, 296)"
251107_232609_0000098253_CAM1_NG_bmp.rf.6955709b3b4b3130c0a966938f83279d.jpg,incorrect qblock,0,#b5b5b5,181,181,181,"(646, 167, 662, 175)"
251107_232609_0000098253_CAM1_NG_bmp.rf.6955709b3b4b3130c0a966938f83279d.jpg,incorrect qblock,1,#b4b4b4,180,180,180,"(266, 170, 281, 178)"
251107_232609_0000098253_CAM1_NG_bmp.rf.6955709b3b4b3130c0a966938f83279d.jpg,incorrect qblock,2,#b1b1b1,177,177,177,"(172, 170, 187, 178)"
251107_232609_0000098253_CAM1_NG_bmp.rf.6955709b3b4b3130c0a966938f83279d.jpg,incorrect qblock,3,#c1c1c1,193,193,193,"(551, 167, 568, 176)"
251107_232609_0000098253_CAM1_NG_bmp.rf.6955709b3b4b3130c0a966938f83279d.jpg,incorrect qblock,4,#a4a4a4,164,164,164,"(77, 171, 93, 179)"
251107_232609_0000098253_CAM1_NG_bmp.rf.6955709b3b4b3130c0a966938f83279d.jpg,incorrect qblock,5,#c7c7c7,199,199,199,"(456, 168, 472, 176)"
251107_232609_0000098253_CAM1_NG_bmp.rf.6955709b3b4b3130c0a966938f83279d.jpg,incorrect qblock,6,#b8b8b8,184,184,184,"(251, 132, 263, 137)"
251107_232609_0000098253_CAM1_NG_bmp.rf.6955709b3b4b3130c0a966938f83279d.jpg,incorrect qblock,7,#bdbdbd,189,189,189,"(361, 169, 376, 176)"
251107_232609_0000098253_CAM1_NG_bmp.rf.6955709b3b4b3130c0a966938f83279d.jpg,incorrect qblock,8,#bebebe,190,190,190,"(632, 130, 644, 135)"
251107_232609_0000098253_CAM1_NG_bmp.rf.6955709b3b4b3130c0a966938f83279d.jpg,incorrect qblock,9,#c1c1c1,193,193,193,"(441, 131, 454, 136)"
251107_232609_0000098253_CAM1_NG_bmp.rf.6955709b3b4b3130c0a966938f83279d.jpg,incorrect qblock,10,#adadad,173,173,173,"(157, 133, 169, 138)"
251107_232609_0000098253_CAM1_NG_bmp.rf.6955709b3b4b3130c0a966938f83279d.jpg,incorrect qblock,11,#b9b9b9,185,185,185,"(346, 132, 358, 136)"
251107_232609_0000098253_CAM1_NG_bmp.rf.6955709b3b4b3130c0a966938f83279d.jpg,incorrect qblock,12,#bababa,186,186,186,"(536, 131, 549, 136)"
251107_232539_0000098154_CAM1_NG_bmp.rf.4e137d5bbf5bb80152c855beb05836fd.jpg,incorrect qblock,0,#b6b6b6,182,182,182,"(266, 170, 281, 178)"
251107_232539_0000098154_CAM1_NG_bmp.rf.4e137d5bbf5bb80152c855beb05836fd.jpg,incorrect qblock,1,#b8b8b8,184,184,184,"(646, 168, 662, 176)"
251107_232539_0000098154_CAM1_NG_bmp.rf.4e137d5bbf5bb80152c855beb05836fd.jpg,incorrect qblock,2,#bdbdbd,189,189,189,"(552, 168, 568, 177)"
251107_232539_0000098154_CAM1_NG_bmp.rf.4e137d5bbf5bb80152c855beb05836fd.jpg,incorrect qblock,3,#c4c4c4,196,196,196,"(456, 169, 472, 177)"
251107_232539_0000098154_CAM1_NG_bmp.rf.4e137d5bbf5bb80152c855beb05836fd.jpg,incorrect qblock,4,#afafaf,175,175,175,"(172, 171, 188, 179)"
251107_232539_0000098154_CAM1_NG_bmp.rf.4e137d5bbf5bb80152c855beb05836fd.jpg,incorrect qblock,5,#a4a4a4,164,164,164,"(77, 172, 93, 180)"
251107_232539_0000098154_CAM1_NG_bmp.rf.4e137d5bbf5bb80152c855beb05836fd.jpg,incorrect qblock,6,#b8b8b8,184,184,184,"(361, 170, 376, 178)"
251107_232539_0000098154_CAM1_NG_bmp.rf.4e137d5bbf5bb80152c855beb05836fd.jpg,incorrect qblock,7,#b0b0b0,176,176,176,"(252, 133, 264, 137)"
251107_232539_0000098154_CAM1_NG_bmp.rf.4e137d5bbf5bb80152c855beb05836fd.jpg,incorrect qblock,8,#b7b7b7,183,183,183,"(632, 130, 645, 135)"
251107_232539_0000098154_CAM1_NG_bmp.rf.4e137d5bbf5bb80152c855beb05836fd.jpg,incorrect qblock,9,#c7c7c7,199,199,199,"(442, 131, 454, 136)"
251107_232539_0000098154_CAM1_NG_bmp.rf.4e137d5bbf5bb80152c855beb05836fd.jpg,incorrect qblock,10,#b8b8b8,184,184,184,"(157, 133, 170, 138)"
251107_232539_0000098154_CAM1_NG_bmp.rf.4e137d5bbf5bb80152c855beb05836fd.jpg,incorrect qblock,11,#bbbbbb,187,187,187,"(347, 132, 359, 136)"
251107_232539_0000098154_CAM1_NG_bmp.rf.4e137d5bbf5bb80152c855beb05836fd.jpg,incorrect qblock,12,#b9b9b9,185,185,185,"(537, 131, 549, 136)"
251107_232539_0000098154_CAM1_NG_bmp.rf.4e137d5bbf5bb80152c855beb05836fd.jpg,incorrect qblock,13,#b7b7b7,183,183,183,"(727, 130, 739, 135)"
251107_232119_0000097289_CAM1_NG_bmp.rf.eaece0ec2c9c953af88634263cea5a3c.jpg,incorrect qblock,0,#b7b7b7,183,183,183,"(646, 167, 662, 176)"
251107_232119_0000097289_CAM1_NG_bmp.rf.eaece0ec2c9c953af88634263cea5a3c.jpg,incorrect qblock,1,#b5b5b5,181,181,181,"(266, 170, 281, 178)"
251107_232119_0000097289_CAM1_NG_bmp.rf.eaece0ec2c9c953af88634263cea5a3c.jpg,incorrect qblock,2,#b5b5b5,181,181,181,"(172, 170, 188, 179)"
251107_232119_0000097289_CAM1_NG_bmp.rf.eaece0ec2c9c953af88634263cea5a3c.jpg,incorrect qblock,3,#bcbcbc,188,188,188,"(552, 168, 568, 176)"
251107_232119_0000097289_CAM1_NG_bmp.rf.eaece0ec2c9c953af88634263cea5a3c.jpg,incorrect qblock,4,#a9a9a9,169,169,169,"(77, 171, 93, 180)"
251107_232119_0000097289_CAM1_NG_bmp.rf.eaece0ec2c9c953af88634263cea5a3c.jpg,incorrect qblock,5,#b2b2b2,178,178,178,"(252, 133, 263, 137)"
251107_232119_0000097289_CAM1_NG_bmp.rf.eaece0ec2c9c953af88634263cea5a3c.jpg,incorrect qblock,6,#c0c0c0,192,192,192,"(361, 169, 376, 177)"
251107_232119_0000097289_CAM1_NG_bmp.rf.eaece0ec2c9c953af88634263cea5a3c.jpg,incorrect qblock,7,#b8b8b8,184,184,184,"(632, 130, 645, 135)"
251107_232119_0000097289_CAM1_NG_bmp.rf.eaece0ec2c9c953af88634263cea5a3c.jpg,incorrect qblock,8,#c2c2c2,194,194,194,"(456, 169, 472, 177)"
251107_232119_0000097289_CAM1_NG_bmp.rf.eaece0ec2c9c953af88634263cea5a3c.jpg,incorrect qblock,9,#c2c2c2,194,194,194,"(442, 131, 454, 136)"
251107_232119_0000097289_CAM1_NG_bmp.rf.eaece0ec2c9c953af88634263cea5a3c.jpg,incorrect qblock,10,#b4b4b4,180,180,180,"(157, 133, 169, 138)"
251107_232119_0000097289_CAM1_NG_bmp.rf.eaece0ec2c9c953af88634263cea5a3c.jpg,incorrect qblock,11,#bebebe,190,190,190,"(346, 132, 359, 136)"
251107_232119_0000097289_CAM1_NG_bmp.rf.eaece0ec2c9c953af88634263cea5a3c.jpg,incorrect qblock,12,#bdbdbd,189,189,189,"(727, 130, 740, 135)"
251107_232119_0000097289_CAM1_NG_bmp.rf.eaece0ec2c9c953af88634263cea5a3c.jpg,incorrect qblock,13,#bfbfbf,191,191,191,"(537, 131, 550, 136)"
251107_231833_0000096738_CAM1_NG_bmp.rf.ebe6e4077bf963581e6b6463527aeaf0.jpg,incorrect qblock,0,#b2b2b2,178,178,178,"(646, 167, 662, 175)"
251107_231833_0000096738_CAM1_NG_bmp.rf.ebe6e4077bf963581e6b6463527aeaf0.jpg,incorrect qblock,1,#b4b4b4,180,180,180,"(266, 170, 281, 178)"
251107_231833_0000096738_CAM1_NG_bmp.rf.ebe6e4077bf963581e6b6463527aeaf0.jpg,incorrect qblock,2,#b2b2b2,178,178,178,"(172, 170, 187, 178)"
251107_231833_0000096738_CAM1_NG_bmp.rf.ebe6e4077bf963581e6b6463527aeaf0.jpg,incorrect qblock,3,#9d9d9d,157,157,157,"(77, 171, 93, 179)"
251107_231833_0000096738_CAM1_NG_bmp.rf.ebe6e4077bf963581e6b6463527aeaf0.jpg,incorrect qblock,4,#b8b8b8,184,184,184,"(551, 168, 568, 176)"
251107_231833_0000096738_CAM1_NG_bmp.rf.ebe6e4077bf963581e6b6463527aeaf0.jpg,incorrect qblock,5,#c1c1c1,193,193,193,"(456, 169, 472, 177)"
251107_231833_0000096738_CAM1_NG_bmp.rf.ebe6e4077bf963581e6b6463527aeaf0.jpg,incorrect qblock,6,#bdbdbd,189,189,189,"(361, 169, 376, 177)"
251107_231833_0000096738_CAM1_NG_bmp.rf.ebe6e4077bf963581e6b6463527aeaf0.jpg,incorrect qblock,7,#b9b9b9,185,185,185,"(252, 132, 264, 137)"
251107_231833_0000096738_CAM1_NG_bmp.rf.ebe6e4077bf963581e6b6463527aeaf0.jpg,incorrect qblock,8,#b4b4b4,180,180,180,"(632, 130, 644, 135)"
251107_231833_0000096738_CAM1_NG_bmp.rf.ebe6e4077bf963581e6b6463527aeaf0.jpg,incorrect qblock,9,#c2c2c2,194,194,194,"(441, 131, 454, 136)"
251107_231833_0000096738_CAM1_NG_bmp.rf.ebe6e4077bf963581e6b6463527aeaf0.jpg,incorrect qblock,10,#b1b1b1,177,177,177,"(157, 133, 169, 138)"
251107_231833_0000096738_CAM1_NG_bmp.rf.ebe6e4077bf963581e6b6463527aeaf0.jpg,incorrect qblock,11,#bababa,186,186,186,"(346, 132, 358, 136)"
251107_231833_0000096738_CAM1_NG_bmp.rf.ebe6e4077bf963581e6b6463527aeaf0.jpg,incorrect qblock,12,#bfbfbf,191,191,191,"(536, 131, 549, 136)"
251107_231833_0000096738_CAM1_NG_bmp.rf.ebe6e4077bf963581e6b6463527aeaf0.jpg,incorrect qblock,13,#c0c0c0,192,192,192,"(727, 129, 739, 134)"
251107_232059_0000097223_CAM1_NG_bmp.rf.f52239db8cab447ff7d8e4eae0562544.jpg,incorrect qblock,0,#b6b6b6,182,182,182,"(646, 166, 662, 175)"
251107_232059_0000097223_CAM1_NG_bmp.rf.f52239db8cab447ff7d8e4eae0562544.jpg,incorrect qblock,1,#b7b7b7,183,183,183,"(266, 169, 281, 177)"
251107_232059_0000097223_CAM1_NG_bmp.rf.f52239db8cab447ff7d8e4eae0562544.jpg,incorrect qblock,2,#a2a2a2,162,162,162,"(77, 171, 93, 179)"
251107_232059_0000097223_CAM1_NG_bmp.rf.f52239db8cab447ff7d8e4eae0562544.jpg,incorrect qblock,3,#c2c2c2,194,194,194,"(456, 168, 472, 175)"
251107_232059_0000097223_CAM1_NG_bmp.rf.f52239db8cab447ff7d8e4eae0562544.jpg,incorrect qblock,4,#b1b1b1,177,177,177,"(172, 170, 187, 178)"
251107_232059_0000097223_CAM1_NG_bmp.rf.f52239db8cab447ff7d8e4eae0562544.jpg,incorrect qblock,5,#c0c0c0,192,192,192,"(551, 167, 568, 176)"
251107_232059_0000097223_CAM1_NG_bmp.rf.f52239db8cab447ff7d8e4eae0562544.jpg,incorrect qblock,6,#b7b7b7,183,183,183,"(251, 132, 263, 136)"
251107_232059_0000097223_CAM1_NG_bmp.rf.f52239db8cab447ff7d8e4eae0562544.jpg,incorrect qblock,7,#bbbbbb,187,187,187,"(360, 169, 376, 176)"
251107_232059_0000097223_CAM1_NG_bmp.rf.f52239db8cab447ff7d8e4eae0562544.jpg,incorrect qblock,8,#afafaf,175,175,175,"(157, 133, 169, 137)"
251107_232059_0000097223_CAM1_NG_bmp.rf.f52239db8cab447ff7d8e4eae0562544.jpg,incorrect qblock,9,#bebebe,190,190,190,"(346, 131, 358, 136)"
251107_232059_0000097223_CAM1_NG_bmp.rf.f52239db8cab447ff7d8e4eae0562544.jpg,incorrect qblock,10,#b9b9b9,185,185,185,"(727, 129, 739, 134)"
251107_232059_0000097223_CAM1_NG_bmp.rf.f52239db8cab447ff7d8e4eae0562544.jpg,incorrect qblock,11,#bfbfbf,191,191,191,"(441, 131, 454, 135)"
251010_125636_0000080768_CAM1_NG_bmp.rf.479e882c9f39e8e461a8db628afe9262.jpg,qblock,1,#5c5c5c,92,92,92,"(647, 81, 663, 89)"
251010_125636_0000080768_CAM1_NG_bmp.rf.479e882c9f39e8e461a8db628afe9262.jpg,qblock,3,#4b4b4b,75,75,75,"(459, 310, 475, 318)"
251010_125636_0000080768_CAM1_NG_bmp.rf.479e882c9f39e8e461a8db628afe9262.jpg,qblock,4,#646464,100,100,100,"(268, 310, 285, 319)"
251010_125636_0000080768_CAM1_NG_bmp.rf.479e882c9f39e8e461a8db628afe9262.jpg,qblock,10,#595959,89,89,89,"(649, 308, 665, 316)"
251010_125636_0000080768_CAM1_NG_bmp.rf.479e882c9f39e8e461a8db628afe9262.jpg,qblock,11,#5f5f5f,95,95,95,"(457, 82, 473, 91)"
251010_125636_0000080768_CAM1_NG_bmp.rf.479e882c9f39e8e461a8db628afe9262.jpg,qblock,13,#545454,84,84,84,"(267, 84, 283, 92)"
251010_125636_0000080768_CAM1_NG_bmp.rf.479e882c9f39e8e461a8db628afe9262.jpg,qblock,14,#545454,84,84,84,"(552, 82, 568, 90)"
251010_125636_0000080768_CAM1_NG_bmp.rf.479e882c9f39e8e461a8db628afe9262.jpg,qblock,15,#5c5c5c,92,92,92,"(363, 310, 380, 318)"
251010_125636_0000080768_CAM1_NG_bmp.rf.479e882c9f39e8e461a8db628afe9262.jpg,qblock,16,#535353,83,83,83,"(554, 309, 570, 317)"
251010_125636_0000080768_CAM1_NG_bmp.rf.479e882c9f39e8e461a8db628afe9262.jpg,qblock,18,#5a5a5a,90,90,90,"(362, 83, 378, 91)"
251010_125636_0000080768_CAM1_NG_bmp.rf.479e882c9f39e8e461a8db628afe9262.jpg,qblock,23,#505050,80,80,80,"(174, 311, 190, 319)"
251010_125636_0000080768_CAM1_NG_bmp.rf.479e882c9f39e8e461a8db628afe9262.jpg,qblock,24,#404040,64,64,64,"(81, 311, 96, 319)"
251010_125636_0000080768_CAM1_NG_bmp.rf.479e882c9f39e8e461a8db628afe9262.jpg,qblock,25,#3e3e3e,62,62,62,"(79, 86, 95, 94)"
251107_232111_0000097263_CAM1_NG_bmp.rf.dfcd8a39f36755d614308fe5e73df954.jpg,incorrect qblock,0,#b8b8b8,184,184,184,"(646, 167, 662, 175)"
251107_232111_0000097263_CAM1_NG_bmp.rf.dfcd8a39f36755d614308fe5e73df954.jpg,incorrect qblock,1,#aeaeae,174,174,174,"(266, 170, 281, 178)"
251107_232111_0000097263_CAM1_NG_bmp.rf.dfcd8a39f36755d614308fe5e73df954.jpg,incorrect qblock,2,#a3a3a3,163,163,163,"(77, 171, 93, 179)"
251107_232111_0000097263_CAM1_NG_bmp.rf.dfcd8a39f36755d614308fe5e73df954.jpg,incorrect qblock,3,#bfbfbf,191,191,191,"(456, 168, 472, 176)"
251107_232111_0000097263_CAM1_NG_bmp.rf.dfcd8a39f36755d614308fe5e73df954.jpg,incorrect qblock,4,#b0b0b0,176,176,176,"(172, 170, 187, 178)"
251107_232111_0000097263_CAM1_NG_bmp.rf.dfcd8a39f36755d614308fe5e73df954.jpg,incorrect qblock,5,#bdbdbd,189,189,189,"(551, 167, 568, 176)"
251107_232111_0000097263_CAM1_NG_bmp.rf.dfcd8a39f36755d614308fe5e73df954.jpg,incorrect qblock,6,#b4b4b4,180,180,180,"(251, 132, 263, 137)"
251107_232111_0000097263_CAM1_NG_bmp.rf.dfcd8a39f36755d614308fe5e73df954.jpg,incorrect qblock,7,#adadad,173,173,173,"(157, 133, 169, 138)"
251107_232111_0000097263_CAM1_NG_bmp.rf.dfcd8a39f36755d614308fe5e73df954.jpg,incorrect qblock,8,#c0c0c0,192,192,192,"(346, 131, 358, 136)"
251107_232111_0000097263_CAM1_NG_bmp.rf.dfcd8a39f36755d614308fe5e73df954.jpg,incorrect qblock,9,#b7b7b7,183,183,183,"(361, 169, 376, 176)"
251107_232111_0000097263_CAM1_NG_bmp.rf.dfcd8a39f36755d614308fe5e73df954.jpg,incorrect qblock,10,#c2c2c2,194,194,194,"(441, 131, 454, 135)"
251107_232111_0000097263_CAM1_NG_bmp.rf.dfcd8a39f36755d614308fe5e73df954.jpg,incorrect qblock,11,#b0b0b0,176,176,176,"(632, 130, 644, 135)"
251107_232111_0000097263_CAM1_NG_bmp.rf.dfcd8a39f36755d614308fe5e73df954.jpg,incorrect qblock,12,#c4c4c4,196,196,196,"(536, 130, 549, 135)"
251107_232049_0000097191_CAM1_NG_bmp.rf.084061310934a4fde3799ba059d28434.jpg,incorrect qblock,0,#bbbbbb,187,187,187,"(646, 166, 662, 175)"
251107_232049_0000097191_CAM1_NG_bmp.rf.084061310934a4fde3799ba059d28434.jpg,incorrect qblock,1,#b2b2b2,178,178,178,"(266, 170, 281, 178)"
251107_232049_0000097191_CAM1_NG_bmp.rf.084061310934a4fde3799ba059d28434.jpg,incorrect qblock,2,#b2b2b2,178,178,178,"(172, 170, 187, 178)"
251107_232049_0000097191_CAM1_NG_bmp.rf.084061310934a4fde3799ba059d28434.jpg,incorrect qblock,3,#a6a6a6,166,166,166,"(77, 171, 93, 179)"
251107_232049_0000097191_CAM1_NG_bmp.rf.084061310934a4fde3799ba059d28434.jpg,incorrect qblock,4,#c4c4c4,196,196,196,"(456, 168, 472, 176)"
251107_232049_0000097191_CAM1_NG_bmp.rf.084061310934a4fde3799ba059d28434.jpg,incorrect qblock,5,#c3c3c3,195,195,195,"(551, 167, 568, 176)"
251107_232049_0000097191_CAM1_NG_bmp.rf.084061310934a4fde3799ba059d28434.jpg,incorrect qblock,6,#bdbdbd,189,189,189,"(361, 169, 376, 177)"
251107_232049_0000097191_CAM1_NG_bmp.rf.084061310934a4fde3799ba059d28434.jpg,incorrect qblock,7,#c1c1c1,193,193,193,"(251, 132, 263, 137)"
251107_232049_0000097191_CAM1_NG_bmp.rf.084061310934a4fde3799ba059d28434.jpg,incorrect qblock,8,#b2b2b2,178,178,178,"(157, 133, 169, 138)"
251107_232049_0000097191_CAM1_NG_bmp.rf.084061310934a4fde3799ba059d28434.jpg,incorrect qblock,9,#c0c0c0,192,192,192,"(442, 131, 454, 136)"
251107_232049_0000097191_CAM1_NG_bmp.rf.084061310934a4fde3799ba059d28434.jpg,incorrect qblock,10,#b3b3b3,179,179,179,"(632, 130, 644, 135)"
251107_232049_0000097191_CAM1_NG_bmp.rf.084061310934a4fde3799ba059d28434.jpg,incorrect qblock,11,#b9b9b9,185,185,185,"(347, 132, 359, 136)"
251107_232049_0000097191_CAM1_NG_bmp.rf.084061310934a4fde3799ba059d28434.jpg,incorrect qblock,12,#bababa,186,186,186,"(537, 131, 549, 136)"
251107_232049_0000097191_CAM1_NG_bmp.rf.084061310934a4fde3799ba059d28434.jpg,incorrect qblock,13,#b0b0b0,176,176,176,"(159, 360, 171, 365)"
251107_232049_0000097191_CAM1_NG_bmp.rf.084061310934a4fde3799ba059d28434.jpg,incorrect qblock,14,#bfbfbf,191,191,191,"(727, 129, 739, 134)"
251010_070214_0000043550_CAM1_NG_bmp.rf.537429902c6e6345d089eb5bda122c60.jpg,qblock,0,#5d5d5d,93,93,93,"(648, 61, 665, 70)"
251010_070214_0000043550_CAM1_NG_bmp.rf.537429902c6e6345d089eb5bda122c60.jpg,qblock,6,#5b5b5b,91,91,91,"(458, 62, 474, 71)"
251010_070214_0000043550_CAM1_NG_bmp.rf.537429902c6e6345d089eb5bda122c60.jpg,qblock,8,#515151,81,81,81,"(268, 64, 284, 73)"
251010_070214_0000043550_CAM1_NG_bmp.rf.537429902c6e6345d089eb5bda122c60.jpg,qblock,9,#535353,83,83,83,"(553, 62, 569, 71)"
251010_070214_0000043550_CAM1_NG_bmp.rf.537429902c6e6345d089eb5bda122c60.jpg,qblock,10,#565656,86,86,86,"(269, 291, 285, 300)"
251010_070214_0000043550_CAM1_NG_bmp.rf.537429902c6e6345d089eb5bda122c60.jpg,qblock,11,#535353,83,83,83,"(363, 63, 379, 72)"
251010_070214_0000043550_CAM1_NG_bmp.rf.537429902c6e6345d089eb5bda122c60.jpg,qblock,13,#515151,81,81,81,"(364, 291, 381, 300)"
251010_070214_0000043550_CAM1_NG_bmp.rf.537429902c6e6345d089eb5bda122c60.jpg,qblock,14,#5a5a5a,90,90,90,"(649, 289, 666, 298)"
251010_070214_0000043550_CAM1_NG_bmp.rf.537429902c6e6345d089eb5bda122c60.jpg,qblock,15,#434343,67,67,67,"(175, 292, 191, 300)"
251010_070214_0000043550_CAM1_NG_bmp.rf.537429902c6e6345d089eb5bda122c60.jpg,qblock,16,#4a4a4a,74,74,74,"(555, 290, 571, 299)"
251010_070214_0000043550_CAM1_NG_bmp.rf.537429902c6e6345d089eb5bda122c60.jpg,qblock,17,#585858,88,88,88,"(459, 290, 476, 299)"
251010_125547_0000080601_CAM1_NG_bmp.rf.d4763d49a195d7e770f6bbc9a5cfecf1.jpg,qblock,1,#505050,80,80,80,"(267, 90, 283, 98)"
251010_125547_0000080601_CAM1_NG_bmp.rf.d4763d49a195d7e770f6bbc9a5cfecf1.jpg,qblock,3,#5a5a5a,90,90,90,"(457, 88, 473, 97)"
251010_125547_0000080601_CAM1_NG_bmp.rf.d4763d49a195d7e770f6bbc9a5cfecf1.jpg,qblock,4,#555555,85,85,85,"(362, 89, 378, 98)"
251010_125547_0000080601_CAM1_NG_bmp.rf.d4763d49a195d7e770f6bbc9a5cfecf1.jpg,qblock,5,#505050,80,80,80,"(268, 317, 284, 325)"
251010_125547_0000080601_CAM1_NG_bmp.rf.d4763d49a195d7e770f6bbc9a5cfecf1.jpg,qblock,8,#5a5a5a,90,90,90,"(647, 87, 663, 95)"
251010_125547_0000080601_CAM1_NG_bmp.rf.d4763d49a195d7e770f6bbc9a5cfecf1.jpg,qblock,11,#606060,96,96,96,"(172, 90, 188, 99)"
251010_125547_0000080601_CAM1_NG_bmp.rf.d4763d49a195d7e770f6bbc9a5cfecf1.jpg,qblock,12,#515151,81,81,81,"(552, 88, 568, 96)"
251010_125547_0000080601_CAM1_NG_bmp.rf.d4763d49a195d7e770f6bbc9a5cfecf1.jpg,qblock,13,#414141,65,65,65,"(79, 91, 94, 100)"
251010_125547_0000080601_CAM1_NG_bmp.rf.d4763d49a195d7e770f6bbc9a5cfecf1.jpg,qblock,14,#505050,80,80,80,"(174, 317, 190, 325)"
251010_125547_0000080601_CAM1_NG_bmp.rf.d4763d49a195d7e770f6bbc9a5cfecf1.jpg,qblock,15,#3c3c3c,60,60,60,"(80, 317, 96, 326)"
251010_125547_0000080601_CAM1_NG_bmp.rf.d4763d49a195d7e770f6bbc9a5cfecf1.jpg,qblock,18,#585858,88,88,88,"(363, 316, 379, 325)"
251107_232327_0000097714_CAM1_NG_bmp.rf.a76f5383d5e623504b42e9a9e0c9a62e.jpg,incorrect qblock,0,#b5b5b5,181,181,181,"(646, 167, 662, 175)"
251107_232327_0000097714_CAM1_NG_bmp.rf.a76f5383d5e623504b42e9a9e0c9a62e.jpg,incorrect qblock,1,#b8b8b8,184,184,184,"(266, 170, 281, 178)"
251107_232327_0000097714_CAM1_NG_bmp.rf.a76f5383d5e623504b42e9a9e0c9a62e.jpg,incorrect qblock,2,#a3a3a3,163,163,163,"(77, 171, 93, 179)"
251107_232327_0000097714_CAM1_NG_bmp.rf.a76f5383d5e623504b42e9a9e0c9a62e.jpg,incorrect qblock,3,#b2b2b2,178,178,178,"(172, 170, 187, 178)"
251107_232327_0000097714_CAM1_NG_bmp.rf.a76f5383d5e623504b42e9a9e0c9a62e.jpg,incorrect qblock,4,#c8c8c8,200,200,200,"(456, 168, 472, 176)"
251107_232327_0000097714_CAM1_NG_bmp.rf.a76f5383d5e623504b42e9a9e0c9a62e.jpg,incorrect qblock,5,#c3c3c3,195,195,195,"(551, 167, 568, 176)"
251107_232327_0000097714_CAM1_NG_bmp.rf.a76f5383d5e623504b42e9a9e0c9a62e.jpg,incorrect qblock,6,#b2b2b2,178,178,178,"(252, 132, 264, 136)"
251107_232327_0000097714_CAM1_NG_bmp.rf.a76f5383d5e623504b42e9a9e0c9a62e.jpg,incorrect qblock,7,#bfbfbf,191,191,191,"(361, 169, 376, 177)"
251107_232327_0000097714_CAM1_NG_bmp.rf.a76f5383d5e623504b42e9a9e0c9a62e.jpg,incorrect qblock,8,#afafaf,175,175,175,"(157, 133, 170, 138)"
251107_232327_0000097714_CAM1_NG_bmp.rf.a76f5383d5e623504b42e9a9e0c9a62e.jpg,incorrect qblock,9,#bdbdbd,189,189,189,"(727, 129, 739, 134)"
251107_232327_0000097714_CAM1_NG_bmp.rf.a76f5383d5e623504b42e9a9e0c9a62e.jpg,incorrect qblock,10,#bebebe,190,190,190,"(441, 131, 454, 135)"
251107_232327_0000097714_CAM1_NG_bmp.rf.a76f5383d5e623504b42e9a9e0c9a62e.jpg,incorrect qblock,11,#bebebe,190,190,190,"(346, 131, 358, 136)"
251107_232327_0000097714_CAM1_NG_bmp.rf.a76f5383d5e623504b42e9a9e0c9a62e.jpg,incorrect qblock,12,#b9b9b9,185,185,185,"(632, 130, 645, 135)"
251010_124857_0000080523_CAM1_NG_bmp.rf.0ab14c121fbfb91a48e6b0376cae3154.jpg,qblock,1,#565656,86,86,86,"(647, 89, 664, 97)"
251010_124857_0000080523_CAM1_NG_bmp.rf.0ab14c121fbfb91a48e6b0376cae3154.jpg,qblock,4,#595959,89,89,89,"(457, 90, 473, 99)"
251010_124857_0000080523_CAM1_NG_bmp.rf.0ab14c121fbfb91a48e6b0376cae3154.jpg,qblock,5,#5f5f5f,95,95,95,"(267, 91, 283, 100)"
251010_124857_0000080523_CAM1_NG_bmp.rf.0ab14c121fbfb91a48e6b0376cae3154.jpg,qblock,12,#555555,85,85,85,"(459, 318, 475, 326)"
251010_124857_0000080523_CAM1_NG_bmp.rf.0ab14c121fbfb91a48e6b0376cae3154.jpg,qblock,13,#4c4c4c,76,76,76,"(364, 319, 380, 327)"
251010_124857_0000080523_CAM1_NG_bmp.rf.0ab14c121fbfb91a48e6b0376cae3154.jpg,qblock,14,#4e4e4e,78,78,78,"(649, 317, 665, 325)"
251010_124857_0000080523_CAM1_NG_bmp.rf.0ab14c121fbfb91a48e6b0376cae3154.jpg,qblock,15,#525252,82,82,82,"(362, 91, 378, 99)"
251010_124857_0000080523_CAM1_NG_bmp.rf.0ab14c121fbfb91a48e6b0376cae3154.jpg,qblock,17,#555555,85,85,85,"(269, 319, 285, 328)"
251010_124857_0000080523_CAM1_NG_bmp.rf.0ab14c121fbfb91a48e6b0376cae3154.jpg,qblock,18,#595959,89,89,89,"(174, 319, 190, 328)"
251010_124857_0000080523_CAM1_NG_bmp.rf.0ab14c121fbfb91a48e6b0376cae3154.jpg,qblock,19,#585858,88,88,88,"(553, 89, 569, 98)"
251010_124857_0000080523_CAM1_NG_bmp.rf.0ab14c121fbfb91a48e6b0376cae3154.jpg,qblock,21,#5a5a5a,90,90,90,"(554, 317, 570, 326)"
251010_124857_0000080523_CAM1_NG_bmp.rf.0ab14c121fbfb91a48e6b0376cae3154.jpg,qblock,23,#494949,73,73,73,"(81, 319, 97, 328)"
251010_124857_0000080523_CAM1_NG_bmp.rf.0ab14c121fbfb91a48e6b0376cae3154.jpg,qblock,24,#595959,89,89,89,"(173, 92, 189, 101)"
251010_124857_0000080523_CAM1_NG_bmp.rf.0ab14c121fbfb91a48e6b0376cae3154.jpg,qblock,25,#484848,72,72,72,"(79, 93, 95, 102)"
251010_070157_0000043494_CAM1_NG_bmp.rf.0dec38a0db7e07165532a1c23307e952.jpg,qblock,0,#525252,82,82,82,"(648, 62, 665, 70)"
251010_070157_0000043494_CAM1_NG_bmp.rf.0dec38a0db7e07165532a1c23307e952.jpg,qblock,4,#545454,84,84,84,"(458, 63, 475, 71)"
251010_070157_0000043494_CAM1_NG_bmp.rf.0dec38a0db7e07165532a1c23307e952.jpg,qblock,9,#585858,88,88,88,"(268, 64, 284, 73)"
251010_070157_0000043494_CAM1_NG_bmp.rf.0dec38a0db7e07165532a1c23307e952.jpg,qblock,10,#515151,81,81,81,"(554, 62, 570, 71)"
251010_070157_0000043494_CAM1_NG_bmp.rf.0dec38a0db7e07165532a1c23307e952.jpg,qblock,11,#535353,83,83,83,"(555, 289, 571, 298)"
251010_070157_0000043494_CAM1_NG_bmp.rf.0dec38a0db7e07165532a1c23307e952.jpg,qblock,12,#5c5c5c,92,92,92,"(363, 63, 379, 72)"
251010_070157_0000043494_CAM1_NG_bmp.rf.0dec38a0db7e07165532a1c23307e952.jpg,qblock,13,#5d5d5d,93,93,93,"(364, 290, 381, 299)"
251010_070157_0000043494_CAM1_NG_bmp.rf.0dec38a0db7e07165532a1c23307e952.jpg,qblock,14,#4a4a4a,74,74,74,"(650, 289, 666, 297)"
251010_070157_0000043494_CAM1_NG_bmp.rf.0dec38a0db7e07165532a1c23307e952.jpg,qblock,16,#545454,84,84,84,"(269, 291, 286, 299)"
251010_070157_0000043494_CAM1_NG_bmp.rf.0dec38a0db7e07165532a1c23307e952.jpg,qblock,17,#4d4d4d,77,77,77,"(460, 290, 476, 298)"
251010_070157_0000043494_CAM1_NG_bmp.rf.0dec38a0db7e07165532a1c23307e952.jpg,qblock,19,#525252,82,82,82,"(175, 291, 192, 300)"
251010_070157_0000043494_CAM1_NG_bmp.rf.0dec38a0db7e07165532a1c23307e952.jpg,qblock,24,#515151,81,81,81,"(174, 65, 190, 74)"
251010_070154_0000043483_CAM1_NG_bmp.rf.b463bca6111892779644d83dfdfe2c2a.jpg,qblock,0,#575757,87,87,87,"(648, 61, 665, 70)"
251010_070154_0000043483_CAM1_NG_bmp.rf.b463bca6111892779644d83dfdfe2c2a.jpg,qblock,1,#565656,86,86,86,"(458, 62, 474, 71)"
251010_070154_0000043483_CAM1_NG_bmp.rf.b463bca6111892779644d83dfdfe2c2a.jpg,qblock,8,#4c4c4c,76,76,76,"(555, 289, 571, 298)"
251010_070154_0000043483_CAM1_NG_bmp.rf.b463bca6111892779644d83dfdfe2c2a.jpg,qblock,10,#5d5d5d,93,93,93,"(268, 63, 284, 72)"
251010_070154_0000043483_CAM1_NG_bmp.rf.b463bca6111892779644d83dfdfe2c2a.jpg,qblock,11,#606060,96,96,96,"(363, 62, 379, 71)"
251010_070154_0000043483_CAM1_NG_bmp.rf.b463bca6111892779644d83dfdfe2c2a.jpg,qblock,12,#606060,96,96,96,"(553, 61, 570, 70)"
251010_070154_0000043483_CAM1_NG_bmp.rf.b463bca6111892779644d83dfdfe2c2a.jpg,qblock,13,#565656,86,86,86,"(364, 290, 381, 299)"
251010_070154_0000043483_CAM1_NG_bmp.rf.b463bca6111892779644d83dfdfe2c2a.jpg,qblock,14,#4c4c4c,76,76,76,"(459, 290, 476, 298)"
251010_070154_0000043483_CAM1_NG_bmp.rf.b463bca6111892779644d83dfdfe2c2a.jpg,qblock,15,#5a5a5a,90,90,90,"(269, 290, 285, 299)"
251010_070154_0000043483_CAM1_NG_bmp.rf.b463bca6111892779644d83dfdfe2c2a.jpg,qblock,16,#444444,68,68,68,"(650, 289, 666, 297)"
251010_070154_0000043483_CAM1_NG_bmp.rf.b463bca6111892779644d83dfdfe2c2a.jpg,qblock,19,#474747,71,71,71,"(175, 291, 191, 299)"
251010_070154_0000043483_CAM1_NG_bmp.rf.b463bca6111892779644d83dfdfe2c2a.jpg,qblock,21,#5c5c5c,92,92,92,"(173, 64, 189, 73)"
251010_070154_0000043483_CAM1_NG_bmp.rf.b463bca6111892779644d83dfdfe2c2a.jpg,incorrect qblock,24,#787878,120,120,120,"(79, 291, 92, 299)"
251015_020300_0000434189_CAM1_OK_bmp.rf.fee3e477be79a574583c87d52aa601a9.jpg,qblock,3,#4e4e4e,78,78,78,"(646, 287, 662, 295)"
251015_020300_0000434189_CAM1_OK_bmp.rf.fee3e477be79a574583c87d52aa601a9.jpg,qblock,4,#545454,84,84,84,"(645, 59, 661, 68)"
251015_020300_0000434189_CAM1_OK_bmp.rf.fee3e477be79a574583c87d52aa601a9.jpg,qblock,6,#545454,84,84,84,"(171, 62, 186, 71)"
251015_020300_0000434189_CAM1_OK_bmp.rf.fee3e477be79a574583c87d52aa601a9.jpg,qblock,7,#4c4c4c,76,76,76,"(456, 288, 472, 296)"
251015_020300_0000434189_CAM1_OK_bmp.rf.fee3e477be79a574583c87d52aa601a9.jpg,qblock,8,#5c5c5c,92,92,92,"(265, 61, 281, 70)"
251015_020300_0000434189_CAM1_OK_bmp.rf.fee3e477be79a574583c87d52aa601a9.jpg,qblock,10,#4f4f4f,79,79,79,"(360, 61, 376, 70)"
251015_020300_0000434189_CAM1_OK_bmp.rf.fee3e477be79a574583c87d52aa601a9.jpg,qblock,11,#515151,81,81,81,"(361, 288, 377, 297)"
251015_020300_0000434189_CAM1_OK_bmp.rf.fee3e477be79a574583c87d52aa601a9.jpg,qblock,13,#494949,73,73,73,"(266, 289, 282, 297)"
251015_020300_0000434189_CAM1_OK_bmp.rf.fee3e477be79a574583c87d52aa601a9.jpg,qblock,14,#484848,72,72,72,"(172, 289, 188, 298)"
251015_020300_0000434189_CAM1_OK_bmp.rf.fee3e477be79a574583c87d52aa601a9.jpg,qblock,15,#565656,86,86,86,"(455, 60, 471, 69)"
251015_020300_0000434189_CAM1_OK_bmp.rf.fee3e477be79a574583c87d52aa601a9.jpg,qblock,16,#606060,96,96,96,"(550, 59, 567, 68)"
251015_020300_0000434189_CAM1_OK_bmp.rf.fee3e477be79a574583c87d52aa601a9.jpg,qblock,17,#393939,57,57,57,"(77, 64, 92, 72)"
251015_020300_0000434189_CAM1_OK_bmp.rf.fee3e477be79a574583c87d52aa601a9.jpg,qblock,18,#424242,66,66,66,"(77, 289, 93, 298)"
251015_020300_0000434189_CAM1_OK_bmp.rf.fee3e477be79a574583c87d52aa601a9.jpg,qblock,20,#555555,85,85,85,"(551, 287, 568, 296)"
251015_020242_0000434130_CAM1_OK_bmp.rf.66569255a00c621759278061c82354a6.jpg,qblock,1,#545454,84,84,84,"(645, 59, 661, 68)"
251015_020242_0000434130_CAM1_OK_bmp.rf.66569255a00c621759278061c82354a6.jpg,qblock,2,#4e4e4e,78,78,78,"(646, 286, 662, 295)"
251015_020242_0000434130_CAM1_OK_bmp.rf.66569255a00c621759278061c82354a6.jpg,qblock,5,#535353,83,83,83,"(171, 62, 186, 71)"
251015_020242_0000434130_CAM1_OK_bmp.rf.66569255a00c621759278061c82354a6.jpg,qblock,6,#4b4b4b,75,75,75,"(456, 287, 472, 296)"
251015_020242_0000434130_CAM1_OK_bmp.rf.66569255a00c621759278061c82354a6.jpg,qblock,7,#5a5a5a,90,90,90,"(265, 61, 281, 71)"
251015_020242_0000434130_CAM1_OK_bmp.rf.66569255a00c621759278061c82354a6.jpg,qblock,9,#4a4a4a,74,74,74,"(266, 288, 282, 296)"
251015_020242_0000434130_CAM1_OK_bmp.rf.66569255a00c621759278061c82354a6.jpg,qblock,11,#434343,67,67,67,"(361, 288, 377, 296)"
251015_020242_0000434130_CAM1_OK_bmp.rf.66569255a00c621759278061c82354a6.jpg,qblock,12,#595959,89,89,89,"(455, 60, 472, 69)"
251015_020242_0000434130_CAM1_OK_bmp.rf.66569255a00c621759278061c82354a6.jpg,qblock,13,#5e5e5e,94,94,94,"(550, 59, 567, 68)"
251015_020242_0000434130_CAM1_OK_bmp.rf.66569255a00c621759278061c82354a6.jpg,qblock,15,#4d4d4d,77,77,77,"(360, 61, 376, 70)"
251015_020242_0000434130_CAM1_OK_bmp.rf.66569255a00c621759278061c82354a6.jpg,qblock,16,#373737,55,55,55,"(77, 64, 92, 72)"
251015_020242_0000434130_CAM1_OK_bmp.rf.66569255a00c621759278061c82354a6.jpg,qblock,18,#494949,73,73,73,"(172, 288, 188, 297)"
251015_020242_0000434130_CAM1_OK_bmp.rf.66569255a00c621759278061c82354a6.jpg,qblock,19,#464646,70,70,70,"(551, 287, 568, 295)"
251015_020242_0000434130_CAM1_OK_bmp.rf.66569255a00c621759278061c82354a6.jpg,qblock,23,#404040,64,64,64,"(77, 288, 93, 297)"
251010_070204_0000043517_CAM1_NG_bmp.rf.1011e3e3d7be4dc8cc2ed7b737c37c7b.jpg,qblock,0,#5a5a5a,90,90,90,"(648, 61, 665, 70)"
251010_070204_0000043517_CAM1_NG_bmp.rf.1011e3e3d7be4dc8cc2ed7b737c37c7b.jpg,qblock,4,#4f4f4f,79,79,79,"(268, 64, 284, 72)"
251010_070204_0000043517_CAM1_NG_bmp.rf.1011e3e3d7be4dc8cc2ed7b737c37c7b.jpg,qblock,5,#585858,88,88,88,"(458, 62, 474, 71)"
251010_070204_0000043517_CAM1_NG_bmp.rf.1011e3e3d7be4dc8cc2ed7b737c37c7b.jpg,qblock,8,#535353,83,83,83,"(364, 289, 381, 298)"
251010_070204_0000043517_CAM1_NG_bmp.rf.1011e3e3d7be4dc8cc2ed7b737c37c7b.jpg,qblock,10,#525252,82,82,82,"(553, 62, 570, 70)"
251010_070204_0000043517_CAM1_NG_bmp.rf.1011e3e3d7be4dc8cc2ed7b737c37c7b.jpg,qblock,11,#464646,70,70,70,"(175, 290, 191, 298)"
251010_070204_0000043517_CAM1_NG_bmp.rf.1011e3e3d7be4dc8cc2ed7b737c37c7b.jpg,qblock,12,#5a5a5a,90,90,90,"(269, 289, 285, 298)"
251010_070204_0000043517_CAM1_NG_bmp.rf.1011e3e3d7be4dc8cc2ed7b737c37c7b.jpg,qblock,14,#5a5a5a,90,90,90,"(649, 287, 666, 296)"
251010_070204_0000043517_CAM1_NG_bmp.rf.1011e3e3d7be4dc8cc2ed7b737c37c7b.jpg,qblock,15,#515151,81,81,81,"(363, 63, 379, 72)"
251010_070204_0000043517_CAM1_NG_bmp.rf.1011e3e3d7be4dc8cc2ed7b737c37c7b.jpg,qblock,16,#4b4b4b,75,75,75,"(459, 289, 476, 297)"
251010_070204_0000043517_CAM1_NG_bmp.rf.1011e3e3d7be4dc8cc2ed7b737c37c7b.jpg,qblock,17,#4a4a4a,74,74,74,"(555, 288, 571, 297)"
251010_070204_0000043517_CAM1_NG_bmp.rf.1011e3e3d7be4dc8cc2ed7b737c37c7b.jpg,qblock,24,#575757,87,87,87,"(174, 64, 190, 73)"
251107_231845_0000096778_CAM1_NG_bmp.rf.5253393e546fd5a272812165d96d4fde.jpg,incorrect qblock,0,#b5b5b5,181,181,181,"(266, 170, 281, 178)"
251107_231845_0000096778_CAM1_NG_bmp.rf.5253393e546fd5a272812165d96d4fde.jpg,incorrect qblock,1,#b7b7b7,183,183,183,"(646, 167, 662, 176)"
251107_231845_0000096778_CAM1_NG_bmp.rf.5253393e546fd5a272812165d96d4fde.jpg,incorrect qblock,2,#b7b7b7,183,183,183,"(552, 168, 568, 177)"
251107_231845_0000096778_CAM1_NG_bmp.rf.5253393e546fd5a272812165d96d4fde.jpg,incorrect qblock,3,#b3b3b3,179,179,179,"(172, 170, 187, 179)"
251107_231845_0000096778_CAM1_NG_bmp.rf.5253393e546fd5a272812165d96d4fde.jpg,incorrect qblock,4,#bbbbbb,187,187,187,"(632, 131, 644, 136)"
251107_231845_0000096778_CAM1_NG_bmp.rf.5253393e546fd5a272812165d96d4fde.jpg,incorrect qblock,5,#c2c2c2,194,194,194,"(456, 169, 472, 177)"
251107_231845_0000096778_CAM1_NG_bmp.rf.5253393e546fd5a272812165d96d4fde.jpg,incorrect qblock,6,#bbbbbb,187,187,187,"(361, 170, 376, 177)"
251107_231845_0000096778_CAM1_NG_bmp.rf.5253393e546fd5a272812165d96d4fde.jpg,incorrect qblock,7,#9e9e9e,158,158,158,"(77, 172, 93, 180)"
251107_231845_0000096778_CAM1_NG_bmp.rf.5253393e546fd5a272812165d96d4fde.jpg,incorrect qblock,8,#b1b1b1,177,177,177,"(251, 133, 264, 137)"
251107_231845_0000096778_CAM1_NG_bmp.rf.5253393e546fd5a272812165d96d4fde.jpg,incorrect qblock,9,#bbbbbb,187,187,187,"(346, 132, 358, 137)"
251107_231845_0000096778_CAM1_NG_bmp.rf.5253393e546fd5a272812165d96d4fde.jpg,incorrect qblock,10,#b8b8b8,184,184,184,"(442, 132, 454, 136)"
251107_231845_0000096778_CAM1_NG_bmp.rf.5253393e546fd5a272812165d96d4fde.jpg,incorrect qblock,11,#bcbcbc,188,188,188,"(727, 130, 739, 135)"
251107_231845_0000096778_CAM1_NG_bmp.rf.5253393e546fd5a272812165d96d4fde.jpg,incorrect qblock,12,#a8a8a8,168,168,168,"(157, 134, 169, 138)"
251107_231845_0000096778_CAM1_NG_bmp.rf.5253393e546fd5a272812165d96d4fde.jpg,incorrect qblock,13,#bebebe,190,190,190,"(537, 131, 549, 136)"
251107_231845_0000096778_CAM1_NG_bmp.rf.5253393e546fd5a272812165d96d4fde.jpg,incorrect qblock,14,#bababa,186,186,186,"(159, 360, 171, 366)"
251107_231845_0000096778_CAM1_NG_bmp.rf.5253393e546fd5a272812165d96d4fde.jpg,incorrect qblock,15,#bababa,186,186,186,"(253, 360, 265, 365)"
251107_231923_0000096905_CAM1_NG_bmp.rf.ee42a4e547e1289c3e9f7d2c97a9ddd2.jpg,incorrect qblock,0,#bcbcbc,188,188,188,"(646, 166, 662, 175)"
251107_231923_0000096905_CAM1_NG_bmp.rf.ee42a4e547e1289c3e9f7d2c97a9ddd2.jpg,incorrect qblock,1,#b7b7b7,183,183,183,"(266, 170, 281, 178)"
251107_231923_0000096905_CAM1_NG_bmp.rf.ee42a4e547e1289c3e9f7d2c97a9ddd2.jpg,incorrect qblock,2,#a1a1a1,161,161,161,"(77, 171, 93, 179)"
251107_231923_0000096905_CAM1_NG_bmp.rf.ee42a4e547e1289c3e9f7d2c97a9ddd2.jpg,incorrect qblock,3,#c8c8c8,200,200,200,"(456, 168, 472, 176)"
251107_231923_0000096905_CAM1_NG_bmp.rf.ee42a4e547e1289c3e9f7d2c97a9ddd2.jpg,incorrect qblock,4,#b3b3b3,179,179,179,"(172, 170, 187, 178)"
251107_231923_0000096905_CAM1_NG_bmp.rf.ee42a4e547e1289c3e9f7d2c97a9ddd2.jpg,incorrect qblock,5,#b5b5b5,181,181,181,"(252, 132, 264, 136)"
251107_231923_0000096905_CAM1_NG_bmp.rf.ee42a4e547e1289c3e9f7d2c97a9ddd2.jpg,incorrect qblock,6,#bdbdbd,189,189,189,"(552, 167, 568, 176)"
251107_231923_0000096905_CAM1_NG_bmp.rf.ee42a4e547e1289c3e9f7d2c97a9ddd2.jpg,incorrect qblock,7,#bdbdbd,189,189,189,"(361, 169, 376, 176)"
251107_231923_0000096905_CAM1_NG_bmp.rf.ee42a4e547e1289c3e9f7d2c97a9ddd2.jpg,incorrect qblock,8,#afafaf,175,175,175,"(157, 133, 170, 138)"
251107_231923_0000096905_CAM1_NG_bmp.rf.ee42a4e547e1289c3e9f7d2c97a9ddd2.jpg,incorrect qblock,9,#bfbfbf,191,191,191,"(727, 129, 739, 134)"
251107_231923_0000096905_CAM1_NG_bmp.rf.ee42a4e547e1289c3e9f7d2c97a9ddd2.jpg,incorrect qblock,10,#bdbdbd,189,189,189,"(347, 131, 359, 136)"
251107_231923_0000096905_CAM1_NG_bmp.rf.ee42a4e547e1289c3e9f7d2c97a9ddd2.jpg,incorrect qblock,11,#bcbcbc,188,188,188,"(442, 131, 454, 135)"
251107_231923_0000096905_CAM1_NG_bmp.rf.ee42a4e547e1289c3e9f7d2c97a9ddd2.jpg,incorrect qblock,12,#c2c2c2,194,194,194,"(537, 130, 550, 135)"
251010_070153_0000043479_CAM1_NG_bmp.rf.b159a45fa454351ccbbe474c36408bde.jpg,qblock,1,#595959,89,89,89,"(648, 61, 665, 70)"
251010_070153_0000043479_CAM1_NG_bmp.rf.b159a45fa454351ccbbe474c36408bde.jpg,qblock,4,#575757,87,87,87,"(458, 62, 474, 71)"
251010_070153_0000043479_CAM1_NG_bmp.rf.b159a45fa454351ccbbe474c36408bde.jpg,qblock,5,#5e5e5e,94,94,94,"(268, 63, 284, 72)"
251010_070153_0000043479_CAM1_NG_bmp.rf.b159a45fa454351ccbbe474c36408bde.jpg,qblock,10,#515151,81,81,81,"(553, 62, 570, 70)"
251010_070153_0000043479_CAM1_NG_bmp.rf.b159a45fa454351ccbbe474c36408bde.jpg,qblock,11,#5f5f5f,95,95,95,"(363, 62, 379, 71)"
251010_070153_0000043479_CAM1_NG_bmp.rf.b159a45fa454351ccbbe474c36408bde.jpg,qblock,12,#4e4e4e,78,78,78,"(460, 289, 476, 298)"
251010_070153_0000043479_CAM1_NG_bmp.rf.b159a45fa454351ccbbe474c36408bde.jpg,qblock,13,#565656,86,86,86,"(649, 288, 666, 297)"
251010_070153_0000043479_CAM1_NG_bmp.rf.b159a45fa454351ccbbe474c36408bde.jpg,qblock,14,#505050,80,80,80,"(364, 290, 381, 298)"
251010_070153_0000043479_CAM1_NG_bmp.rf.b159a45fa454351ccbbe474c36408bde.jpg,qblock,15,#474747,71,71,71,"(555, 289, 571, 297)"
251010_070153_0000043479_CAM1_NG_bmp.rf.b159a45fa454351ccbbe474c36408bde.jpg,qblock,17,#565656,86,86,86,"(269, 290, 285, 299)"
251010_070153_0000043479_CAM1_NG_bmp.rf.b159a45fa454351ccbbe474c36408bde.jpg,qblock,18,#515151,81,81,81,"(175, 290, 191, 299)"
251010_070153_0000043479_CAM1_NG_bmp.rf.b159a45fa454351ccbbe474c36408bde.jpg,incorrect qblock,22,#6a6a6a,106,106,106,"(80, 66, 94, 74)"
251010_070153_0000043479_CAM1_NG_bmp.rf.b159a45fa454351ccbbe474c36408bde.jpg,qblock,24,#5e5e5e,94,94,94,"(173, 64, 190, 73)"
251010_070153_0000043479_CAM1_NG_bmp.rf.b159a45fa454351ccbbe474c36408bde.jpg,incorrect qblock,25,#767676,118,118,118,"(79, 290, 91, 298)"
251010_125659_0000080846_CAM1_NG_bmp.rf.8d834304f1a8b2b8722beb1b2e171924.jpg,qblock,0,#5c5c5c,92,92,92,"(268, 309, 284, 318)"
251010_125659_0000080846_CAM1_NG_bmp.rf.8d834304f1a8b2b8722beb1b2e171924.jpg,qblock,2,#474747,71,71,71,"(648, 308, 664, 316)"
251010_125659_0000080846_CAM1_NG_bmp.rf.8d834304f1a8b2b8722beb1b2e171924.jpg,qblock,3,#4d4d4d,77,77,77,"(458, 309, 474, 317)"
251010_125659_0000080846_CAM1_NG_bmp.rf.8d834304f1a8b2b8722beb1b2e171924.jpg,qblock,5,#575757,87,87,87,"(647, 80, 663, 89)"
251010_125659_0000080846_CAM1_NG_bmp.rf.8d834304f1a8b2b8722beb1b2e171924.jpg,qblock,6,#555555,85,85,85,"(363, 309, 379, 318)"
251010_125659_0000080846_CAM1_NG_bmp.rf.8d834304f1a8b2b8722beb1b2e171924.jpg,qblock,10,#4d4d4d,77,77,77,"(457, 82, 473, 90)"
251010_125659_0000080846_CAM1_NG_bmp.rf.8d834304f1a8b2b8722beb1b2e171924.jpg,qblock,14,#545454,84,84,84,"(267, 83, 283, 91)"
251010_125659_0000080846_CAM1_NG_bmp.rf.8d834304f1a8b2b8722beb1b2e171924.jpg,qblock,15,#585858,88,88,88,"(362, 82, 378, 91)"
251010_125659_0000080846_CAM1_NG_bmp.rf.8d834304f1a8b2b8722beb1b2e171924.jpg,qblock,16,#515151,81,81,81,"(552, 81, 568, 89)"
251010_125659_0000080846_CAM1_NG_bmp.rf.8d834304f1a8b2b8722beb1b2e171924.jpg,qblock,19,#565656,86,86,86,"(553, 308, 569, 316)"
251010_125659_0000080846_CAM1_NG_bmp.rf.8d834304f1a8b2b8722beb1b2e171924.jpg,qblock,20,#4b4b4b,75,75,75,"(174, 310, 190, 318)"
251010_125659_0000080846_CAM1_NG_bmp.rf.8d834304f1a8b2b8722beb1b2e171924.jpg,qblock,24,#535353,83,83,83,"(172, 84, 188, 92)"
251010_125659_0000080846_CAM1_NG_bmp.rf.8d834304f1a8b2b8722beb1b2e171924.jpg,qblock,25,#404040,64,64,64,"(80, 310, 96, 318)"
251010_125659_0000080846_CAM1_NG_bmp.rf.8d834304f1a8b2b8722beb1b2e171924.jpg,qblock,26,#3d3d3d,61,61,61,"(79, 85, 94, 93)"
251107_232209_0000097454_CAM1_NG_bmp.rf.7c54bc56b089511c120d5312c490e518.jpg,incorrect qblock,0,#b6b6b6,182,182,182,"(646, 167, 662, 176)"
251107_232209_0000097454_CAM1_NG_bmp.rf.7c54bc56b089511c120d5312c490e518.jpg,incorrect qblock,1,#b8b8b8,184,184,184,"(266, 170, 281, 178)"
251107_232209_0000097454_CAM1_NG_bmp.rf.7c54bc56b089511c120d5312c490e518.jpg,incorrect qblock,2,#adadad,173,173,173,"(172, 171, 187, 179)"
251107_232209_0000097454_CAM1_NG_bmp.rf.7c54bc56b089511c120d5312c490e518.jpg,incorrect qblock,3,#c2c2c2,194,194,194,"(551, 168, 568, 176)"
251107_232209_0000097454_CAM1_NG_bmp.rf.7c54bc56b089511c120d5312c490e518.jpg,incorrect qblock,4,#a8a8a8,168,168,168,"(77, 171, 93, 180)"
251107_232209_0000097454_CAM1_NG_bmp.rf.7c54bc56b089511c120d5312c490e518.jpg,incorrect qblock,5,#c0c0c0,192,192,192,"(361, 169, 376, 177)"
251107_232209_0000097454_CAM1_NG_bmp.rf.7c54bc56b089511c120d5312c490e518.jpg,incorrect qblock,6,#b0b0b0,176,176,176,"(251, 133, 263, 137)"
251107_232209_0000097454_CAM1_NG_bmp.rf.7c54bc56b089511c120d5312c490e518.jpg,incorrect qblock,7,#c2c2c2,194,194,194,"(456, 169, 472, 177)"
251107_232209_0000097454_CAM1_NG_bmp.rf.7c54bc56b089511c120d5312c490e518.jpg,incorrect qblock,8,#b4b4b4,180,180,180,"(632, 130, 644, 135)"
251107_232209_0000097454_CAM1_NG_bmp.rf.7c54bc56b089511c120d5312c490e518.jpg,incorrect qblock,9,#bebebe,190,190,190,"(442, 131, 454, 136)"
251107_232209_0000097454_CAM1_NG_bmp.rf.7c54bc56b089511c120d5312c490e518.jpg,incorrect qblock,10,#bdbdbd,189,189,189,"(346, 132, 359, 136)"
251107_232209_0000097454_CAM1_NG_bmp.rf.7c54bc56b089511c120d5312c490e518.jpg,incorrect qblock,11,#b2b2b2,178,178,178,"(157, 133, 169, 138)"
251107_232209_0000097454_CAM1_NG_bmp.rf.7c54bc56b089511c120d5312c490e518.jpg,incorrect qblock,12,#b8b8b8,184,184,184,"(537, 131, 549, 136)"
251107_232209_0000097454_CAM1_NG_bmp.rf.7c54bc56b089511c120d5312c490e518.jpg,incorrect qblock,13,#afafaf,175,175,175,"(159, 360, 171, 365)"
251107_231831_0000096731_CAM1_NG_bmp.rf.7c73c41f8836cc552634426469214a95.jpg,incorrect qblock,0,#b1b1b1,177,177,177,"(646, 167, 662, 175)"
251107_231831_0000096731_CAM1_NG_bmp.rf.7c73c41f8836cc552634426469214a95.jpg,incorrect qblock,1,#b0b0b0,176,176,176,"(266, 170, 281, 178)"
251107_231831_0000096731_CAM1_NG_bmp.rf.7c73c41f8836cc552634426469214a95.jpg,incorrect qblock,2,#b4b4b4,180,180,180,"(172, 170, 188, 179)"
251107_231831_0000096731_CAM1_NG_bmp.rf.7c73c41f8836cc552634426469214a95.jpg,incorrect qblock,3,#a3a3a3,163,163,163,"(77, 171, 93, 179)"
251107_231831_0000096731_CAM1_NG_bmp.rf.7c73c41f8836cc552634426469214a95.jpg,incorrect qblock,4,#bababa,186,186,186,"(552, 167, 568, 176)"
251107_231831_0000096731_CAM1_NG_bmp.rf.7c73c41f8836cc552634426469214a95.jpg,incorrect qblock,5,#c6c6c6,198,198,198,"(456, 168, 472, 176)"
251107_231831_0000096731_CAM1_NG_bmp.rf.7c73c41f8836cc552634426469214a95.jpg,incorrect qblock,6,#bbbbbb,187,187,187,"(361, 169, 376, 177)"
251107_231831_0000096731_CAM1_NG_bmp.rf.7c73c41f8836cc552634426469214a95.jpg,incorrect qblock,7,#bcbcbc,188,188,188,"(251, 132, 264, 137)"
251107_231831_0000096731_CAM1_NG_bmp.rf.7c73c41f8836cc552634426469214a95.jpg,incorrect qblock,8,#b7b7b7,183,183,183,"(346, 132, 359, 136)"
251107_231831_0000096731_CAM1_NG_bmp.rf.7c73c41f8836cc552634426469214a95.jpg,incorrect qblock,9,#c0c0c0,192,192,192,"(441, 131, 454, 136)"
251107_231831_0000096731_CAM1_NG_bmp.rf.7c73c41f8836cc552634426469214a95.jpg,incorrect qblock,10,#acacac,172,172,172,"(158, 133, 170, 138)"
251107_231831_0000096731_CAM1_NG_bmp.rf.7c73c41f8836cc552634426469214a95.jpg,incorrect qblock,11,#b5b5b5,181,181,181,"(632, 130, 644, 135)"
251107_231831_0000096731_CAM1_NG_bmp.rf.7c73c41f8836cc552634426469214a95.jpg,incorrect qblock,12,#c2c2c2,194,194,194,"(537, 130, 549, 136)"
251107_232613_0000098264_CAM1_NG_bmp.rf.56196b6e1ccc740e54bd96413ebbf49c.jpg,incorrect qblock,0,#b2b2b2,178,178,178,"(646, 167, 662, 175)"
251107_232613_0000098264_CAM1_NG_bmp.rf.56196b6e1ccc740e54bd96413ebbf49c.jpg,incorrect qblock,1,#b0b0b0,176,176,176,"(266, 170, 281, 178)"
251107_232613_0000098264_CAM1_NG_bmp.rf.56196b6e1ccc740e54bd96413ebbf49c.jpg,incorrect qblock,2,#a7a7a7,167,167,167,"(77, 171, 93, 179)"
251107_232613_0000098264_CAM1_NG_bmp.rf.56196b6e1ccc740e54bd96413ebbf49c.jpg,incorrect qblock,3,#bfbfbf,191,191,191,"(551, 167, 568, 176)"
251107_232613_0000098264_CAM1_NG_bmp.rf.56196b6e1ccc740e54bd96413ebbf49c.jpg,incorrect qblock,4,#b4b4b4,180,180,180,"(172, 170, 187, 179)"
251107_232613_0000098264_CAM1_NG_bmp.rf.56196b6e1ccc740e54bd96413ebbf49c.jpg,incorrect qblock,5,#c2c2c2,194,194,194,"(456, 168, 472, 176)"
251107_232613_0000098264_CAM1_NG_bmp.rf.56196b6e1ccc740e54bd96413ebbf49c.jpg,incorrect qblock,6,#b6b6b6,182,182,182,"(251, 132, 263, 137)"
251107_232613_0000098264_CAM1_NG_bmp.rf.56196b6e1ccc740e54bd96413ebbf49c.jpg,incorrect qblock,7,#b5b5b5,181,181,181,"(361, 169, 376, 177)"
251107_232613_0000098264_CAM1_NG_bmp.rf.56196b6e1ccc740e54bd96413ebbf49c.jpg,incorrect qblock,8,#b0b0b0,176,176,176,"(157, 133, 169, 137)"
251107_232613_0000098264_CAM1_NG_bmp.rf.56196b6e1ccc740e54bd96413ebbf49c.jpg,incorrect qblock,9,#c3c3c3,195,195,195,"(441, 131, 454, 135)"
251107_232613_0000098264_CAM1_NG_bmp.rf.56196b6e1ccc740e54bd96413ebbf49c.jpg,incorrect qblock,10,#bfbfbf,191,191,191,"(346, 131, 359, 136)"
251107_232613_0000098264_CAM1_NG_bmp.rf.56196b6e1ccc740e54bd96413ebbf49c.jpg,incorrect qblock,11,#b8b8b8,184,184,184,"(727, 129, 739, 134)"
251107_232613_0000098264_CAM1_NG_bmp.rf.56196b6e1ccc740e54bd96413ebbf49c.jpg,incorrect qblock,12,#afafaf,175,175,175,"(632, 130, 644, 135)"
251010_125614_0000080693_CAM1_NG_bmp.rf.9de8c7d11e6c8f76ed63e5cfd25d1c30.jpg,qblock,0,#4f4f4f,79,79,79,"(649, 334, 665, 342)"
251010_125614_0000080693_CAM1_NG_bmp.rf.9de8c7d11e6c8f76ed63e5cfd25d1c30.jpg,qblock,1,#5a5a5a,90,90,90,"(267, 109, 283, 118)"
251010_125614_0000080693_CAM1_NG_bmp.rf.9de8c7d11e6c8f76ed63e5cfd25d1c30.jpg,qblock,6,#4c4c4c,76,76,76,"(648, 107, 664, 115)"
251010_125614_0000080693_CAM1_NG_bmp.rf.9de8c7d11e6c8f76ed63e5cfd25d1c30.jpg,qblock,7,#505050,80,80,80,"(362, 109, 378, 117)"
251010_125614_0000080693_CAM1_NG_bmp.rf.9de8c7d11e6c8f76ed63e5cfd25d1c30.jpg,qblock,10,#5a5a5a,90,90,90,"(457, 108, 473, 116)"
251010_125614_0000080693_CAM1_NG_bmp.rf.9de8c7d11e6c8f76ed63e5cfd25d1c30.jpg,qblock,11,#5a5a5a,90,90,90,"(172, 110, 188, 119)"
251010_125614_0000080693_CAM1_NG_bmp.rf.9de8c7d11e6c8f76ed63e5cfd25d1c30.jpg,qblock,12,#5d5d5d,93,93,93,"(552, 107, 568, 116)"
251010_125614_0000080693_CAM1_NG_bmp.rf.9de8c7d11e6c8f76ed63e5cfd25d1c30.jpg,qblock,15,#555555,85,85,85,"(174, 336, 190, 344)"
251010_125614_0000080693_CAM1_NG_bmp.rf.9de8c7d11e6c8f76ed63e5cfd25d1c30.jpg,qblock,17,#545454,84,84,84,"(459, 335, 475, 343)"
251010_125614_0000080693_CAM1_NG_bmp.rf.9de8c7d11e6c8f76ed63e5cfd25d1c30.jpg,qblock,18,#464646,70,70,70,"(80, 336, 96, 345)"
251010_125614_0000080693_CAM1_NG_bmp.rf.9de8c7d11e6c8f76ed63e5cfd25d1c30.jpg,qblock,20,#434343,67,67,67,"(79, 111, 95, 119)"
251010_125614_0000080693_CAM1_NG_bmp.rf.9de8c7d11e6c8f76ed63e5cfd25d1c30.jpg,qblock,21,#5d5d5d,93,93,93,"(363, 336, 381, 343)"
251107_232351_0000097794_CAM1_NG_bmp.rf.7385e2d319694689f72760fc22447574.jpg,incorrect qblock,0,#b2b2b2,178,178,178,"(646, 167, 662, 175)"
251107_232351_0000097794_CAM1_NG_bmp.rf.7385e2d319694689f72760fc22447574.jpg,incorrect qblock,1,#b7b7b7,183,183,183,"(266, 169, 281, 177)"
251107_232351_0000097794_CAM1_NG_bmp.rf.7385e2d319694689f72760fc22447574.jpg,incorrect qblock,2,#c2c2c2,194,194,194,"(456, 168, 472, 175)"
251107_232351_0000097794_CAM1_NG_bmp.rf.7385e2d319694689f72760fc22447574.jpg,incorrect qblock,3,#ababab,171,171,171,"(77, 170, 93, 179)"
251107_232351_0000097794_CAM1_NG_bmp.rf.7385e2d319694689f72760fc22447574.jpg,incorrect qblock,4,#b4b4b4,180,180,180,"(252, 132, 264, 136)"
251107_232351_0000097794_CAM1_NG_bmp.rf.7385e2d319694689f72760fc22447574.jpg,incorrect qblock,5,#afafaf,175,175,175,"(172, 170, 187, 178)"
251107_232351_0000097794_CAM1_NG_bmp.rf.7385e2d319694689f72760fc22447574.jpg,incorrect qblock,6,#bdbdbd,189,189,189,"(552, 167, 568, 175)"
251107_232351_0000097794_CAM1_NG_bmp.rf.7385e2d319694689f72760fc22447574.jpg,incorrect qblock,7,#b2b2b2,178,178,178,"(157, 133, 169, 137)"
251107_232351_0000097794_CAM1_NG_bmp.rf.7385e2d319694689f72760fc22447574.jpg,incorrect qblock,8,#b6b6b6,182,182,182,"(361, 169, 376, 176)"
251107_232351_0000097794_CAM1_NG_bmp.rf.7385e2d319694689f72760fc22447574.jpg,incorrect qblock,9,#bababa,186,186,186,"(727, 129, 739, 134)"
251107_232351_0000097794_CAM1_NG_bmp.rf.7385e2d319694689f72760fc22447574.jpg,incorrect qblock,10,#bebebe,190,190,190,"(441, 131, 454, 135)"
251107_232351_0000097794_CAM1_NG_bmp.rf.7385e2d319694689f72760fc22447574.jpg,incorrect qblock,11,#c2c2c2,194,194,194,"(346, 131, 358, 136)"
251107_232351_0000097794_CAM1_NG_bmp.rf.7385e2d319694689f72760fc22447574.jpg,incorrect qblock,12,#b4b4b4,180,180,180,"(632, 130, 645, 135)"
