filename,Width_in,Height_in,Confidence
251010_070157_0000043492_CAM1_NG_bmp.rf.0881e97ea26408dae0fadafec321bf37.jpg,0.3883,0.1726,0.9362
251010_070157_0000043492_CAM1_NG_bmp.rf.0881e97ea26408dae0fadafec321bf37.jpg,0.3883,0.1726,0.9276
251010_070157_0000043492_CAM1_NG_bmp.rf.0881e97ea26408dae0fadafec321bf37.jpg,0.3452,0.2157,0.9263
251010_070157_0000043492_CAM1_NG_bmp.rf.0881e97ea26408dae0fadafec321bf37.jpg,0.3452,0.1726,0.9243
251010_070157_0000043492_CAM1_NG_bmp.rf.0881e97ea26408dae0fadafec321bf37.jpg,0.3883,0.2157,0.922
251010_070157_0000043492_CAM1_NG_bmp.rf.0881e97ea26408dae0fadafec321bf37.jpg,0.3452,0.1726,0.9192
251010_070157_0000043492_CAM1_NG_bmp.rf.0881e97ea26408dae0fadafec321bf37.jpg,0.3883,0.2157,0.9174
251010_070157_0000043492_CAM1_NG_bmp.rf.0881e97ea26408dae0fadafec321bf37.jpg,0.302,0.1294,0.9106
251010_070157_0000043492_CAM1_NG_bmp.rf.0881e97ea26408dae0fadafec321bf37.jpg,0.302,0.1294,0.908
251010_070157_0000043492_CAM1_NG_bmp.rf.0881e97ea26408dae0fadafec321bf37.jpg,0.3452,0.1726,0.9056
251010_070157_0000043492_CAM1_NG_bmp.rf.0881e97ea26408dae0fadafec321bf37.jpg,0.302,0.1294,0.9014
251010_070157_0000043492_CAM1_NG_bmp.rf.0881e97ea26408dae0fadafec321bf37.jpg,0.3452,0.2157,0.8991
251010_070157_0000043492_CAM1_NG_bmp.rf.0881e97ea26408dae0fadafec321bf37.jpg,0.3452,0.2157,0.897
251010_070157_0000043492_CAM1_NG_bmp.rf.0881e97ea26408dae0fadafec321bf37.jpg,0.302,0.1294,0.8889
251010_070157_0000043492_CAM1_NG_bmp.rf.0881e97ea26408dae0fadafec321bf37.jpg,0.302,0.1294,0.8825
251010_070157_0000043492_CAM1_NG_bmp.rf.0881e97ea26408dae0fadafec321bf37.jpg,0.302,0.1294,0.8788
251010_070157_0000043492_CAM1_NG_bmp.rf.0881e97ea26408dae0fadafec321bf37.jpg,0.302,0.1294,0.8768
251010_070157_0000043492_CAM1_NG_bmp.rf.0881e97ea26408dae0fadafec321bf37.jpg,0.2589,0.1294,0.8736
251010_070157_0000043492_CAM1_NG_bmp.rf.0881e97ea26408dae0fadafec321bf37.jpg,0.302,0.1294,0.8734
251010_070157_0000043492_CAM1_NG_bmp.rf.0881e97ea26408dae0fadafec321bf37.jpg,0.3883,0.2157,0.8687
251010_070157_0000043492_CAM1_NG_bmp.rf.0881e97ea26408dae0fadafec321bf37.jpg,0.302,0.1294,0.8631
251010_070157_0000043492_CAM1_NG_bmp.rf.0881e97ea26408dae0fadafec321bf37.jpg,0.3452,0.1726,0.8566
251010_070157_0000043492_CAM1_NG_bmp.rf.0881e97ea26408dae0fadafec321bf37.jpg,0.302,0.1294,0.8564
251010_070157_0000043492_CAM1_NG_bmp.rf.0881e97ea26408dae0fadafec321bf37.jpg,0.302,0.1294,0.8447
251010_070157_0000043492_CAM1_NG_bmp.rf.0881e97ea26408dae0fadafec321bf37.jpg,0.302,0.1726,0.8372
251010_070157_0000043492_CAM1_NG_bmp.rf.0881e97ea26408dae0fadafec321bf37.jpg,0.302,0.1294,0.83
251010_070157_0000043492_CAM1_NG_bmp.rf.0881e97ea26408dae0fadafec321bf37.jpg,0.302,0.1726,0.8091
251010_070157_0000043492_CAM1_NG_bmp.rf.0881e97ea26408dae0fadafec321bf37.jpg,0.302,0.1294,0.8015
251010_070157_0000043492_CAM1_NG_bmp.rf.0881e97ea26408dae0fadafec321bf37.jpg,0.302,0.1294,0.8001
251010_070157_0000043492_CAM1_NG_bmp.rf.0881e97ea26408dae0fadafec321bf37.jpg,0.302,0.1294,0.793
251010_070157_0000043492_CAM1_NG_bmp.rf.0881e97ea26408dae0fadafec321bf37.jpg,0.302,0.1294,0.7849
251010_070213_0000043546_CAM1_NG_bmp.rf.85474699b700965f988b2727b0e60d47.jpg,0.3452,0.1726,0.9376
251010_070213_0000043546_CAM1_NG_bmp.rf.85474699b700965f988b2727b0e60d47.jpg,0.3452,0.2157,0.9354
251010_070213_0000043546_CAM1_NG_bmp.rf.85474699b700965f988b2727b0e60d47.jpg,0.3452,0.2157,0.9232
251010_070213_0000043546_CAM1_NG_bmp.rf.85474699b700965f988b2727b0e60d47.jpg,0.3883,0.2157,0.9209
251010_070213_0000043546_CAM1_NG_bmp.rf.85474699b700965f988b2727b0e60d47.jpg,0.3452,0.1726,0.9091
251010_070213_0000043546_CAM1_NG_bmp.rf.85474699b700965f988b2727b0e60d47.jpg,0.3883,0.2157,0.9073
251010_070213_0000043546_CAM1_NG_bmp.rf.85474699b700965f988b2727b0e60d47.jpg,0.3452,0.1726,0.906
251010_070213_0000043546_CAM1_NG_bmp.rf.85474699b700965f988b2727b0e60d47.jpg,0.3452,0.1726,0.906
251010_070213_0000043546_CAM1_NG_bmp.rf.85474699b700965f988b2727b0e60d47.jpg,0.302,0.1294,0.9017
251010_070213_0000043546_CAM1_NG_bmp.rf.85474699b700965f988b2727b0e60d47.jpg,0.3452,0.2157,0.9009
251010_070213_0000043546_CAM1_NG_bmp.rf.85474699b700965f988b2727b0e60d47.jpg,0.302,0.1294,0.8927
251010_070213_0000043546_CAM1_NG_bmp.rf.85474699b700965f988b2727b0e60d47.jpg,0.302,0.1294,0.8914
251010_070213_0000043546_CAM1_NG_bmp.rf.85474699b700965f988b2727b0e60d47.jpg,0.302,0.1726,0.891
251010_070213_0000043546_CAM1_NG_bmp.rf.85474699b700965f988b2727b0e60d47.jpg,0.2589,0.1294,0.89
251010_070213_0000043546_CAM1_NG_bmp.rf.85474699b700965f988b2727b0e60d47.jpg,0.3883,0.2157,0.8817
251010_070213_0000043546_CAM1_NG_bmp.rf.85474699b700965f988b2727b0e60d47.jpg,0.302,0.1726,0.8809
251010_070213_0000043546_CAM1_NG_bmp.rf.85474699b700965f988b2727b0e60d47.jpg,0.302,0.1294,0.8771
251010_070213_0000043546_CAM1_NG_bmp.rf.85474699b700965f988b2727b0e60d47.jpg,0.2589,0.1294,0.8767
251010_070213_0000043546_CAM1_NG_bmp.rf.85474699b700965f988b2727b0e60d47.jpg,0.302,0.1294,0.8764
251010_070213_0000043546_CAM1_NG_bmp.rf.85474699b700965f988b2727b0e60d47.jpg,0.3452,0.2157,0.8756
251010_070213_0000043546_CAM1_NG_bmp.rf.85474699b700965f988b2727b0e60d47.jpg,0.302,0.1294,0.8702
251010_070213_0000043546_CAM1_NG_bmp.rf.85474699b700965f988b2727b0e60d47.jpg,0.302,0.1726,0.8698
251010_070213_0000043546_CAM1_NG_bmp.rf.85474699b700965f988b2727b0e60d47.jpg,0.302,0.1294,0.8684
251010_070213_0000043546_CAM1_NG_bmp.rf.85474699b700965f988b2727b0e60d47.jpg,0.302,0.1294,0.8677
251010_070213_0000043546_CAM1_NG_bmp.rf.85474699b700965f988b2727b0e60d47.jpg,0.302,0.1294,0.8521
251010_070213_0000043546_CAM1_NG_bmp.rf.85474699b700965f988b2727b0e60d47.jpg,0.302,0.1294,0.8517
251010_070213_0000043546_CAM1_NG_bmp.rf.85474699b700965f988b2727b0e60d47.jpg,0.3452,0.1726,0.8466
251010_070213_0000043546_CAM1_NG_bmp.rf.85474699b700965f988b2727b0e60d47.jpg,0.302,0.1294,0.8008
251010_070213_0000043546_CAM1_NG_bmp.rf.85474699b700965f988b2727b0e60d47.jpg,0.302,0.1294,0.7936
251010_070213_0000043546_CAM1_NG_bmp.rf.85474699b700965f988b2727b0e60d47.jpg,0.302,0.1294,0.7401
251010_070213_0000043546_CAM1_NG_bmp.rf.85474699b700965f988b2727b0e60d47.jpg,0.302,0.1294,0.663
251010_070213_0000043546_CAM1_NG_bmp.rf.85474699b700965f988b2727b0e60d47.jpg,0.1726,0.1294,0.6316
251010_115853_0000080436_CAM1_NG_bmp.rf.41066d6315699ec4578a80fee8f0b126.jpg,0.3883,0.2157,0.9352
251010_115853_0000080436_CAM1_NG_bmp.rf.41066d6315699ec4578a80fee8f0b126.jpg,0.3452,0.1726,0.9077
251010_115853_0000080436_CAM1_NG_bmp.rf.41066d6315699ec4578a80fee8f0b126.jpg,0.2589,0.1294,0.9042
251010_115853_0000080436_CAM1_NG_bmp.rf.41066d6315699ec4578a80fee8f0b126.jpg,0.302,0.1294,0.8995
251010_115853_0000080436_CAM1_NG_bmp.rf.41066d6315699ec4578a80fee8f0b126.jpg,0.3452,0.1726,0.8927
251010_115853_0000080436_CAM1_NG_bmp.rf.41066d6315699ec4578a80fee8f0b126.jpg,0.3452,0.1726,0.8918
251010_115853_0000080436_CAM1_NG_bmp.rf.41066d6315699ec4578a80fee8f0b126.jpg,0.2589,0.1294,0.8897
251010_115853_0000080436_CAM1_NG_bmp.rf.41066d6315699ec4578a80fee8f0b126.jpg,0.3452,0.1726,0.8839
251010_115853_0000080436_CAM1_NG_bmp.rf.41066d6315699ec4578a80fee8f0b126.jpg,0.3452,0.1726,0.882
251010_115853_0000080436_CAM1_NG_bmp.rf.41066d6315699ec4578a80fee8f0b126.jpg,0.3452,0.2157,0.8714
251010_115853_0000080436_CAM1_NG_bmp.rf.41066d6315699ec4578a80fee8f0b126.jpg,0.3452,0.1726,0.8711
251010_115853_0000080436_CAM1_NG_bmp.rf.41066d6315699ec4578a80fee8f0b126.jpg,0.3452,0.1726,0.8699
251010_115853_0000080436_CAM1_NG_bmp.rf.41066d6315699ec4578a80fee8f0b126.jpg,0.3452,0.1726,0.8664
251010_115853_0000080436_CAM1_NG_bmp.rf.41066d6315699ec4578a80fee8f0b126.jpg,0.302,0.1294,0.8313
251010_115853_0000080436_CAM1_NG_bmp.rf.41066d6315699ec4578a80fee8f0b126.jpg,0.3883,0.2157,0.8127
251010_115853_0000080436_CAM1_NG_bmp.rf.41066d6315699ec4578a80fee8f0b126.jpg,0.302,0.1294,0.809
251010_115853_0000080436_CAM1_NG_bmp.rf.41066d6315699ec4578a80fee8f0b126.jpg,0.2589,0.1294,0.7986
251010_115853_0000080436_CAM1_NG_bmp.rf.41066d6315699ec4578a80fee8f0b126.jpg,0.2589,0.1294,0.7902
251010_115853_0000080436_CAM1_NG_bmp.rf.41066d6315699ec4578a80fee8f0b126.jpg,0.302,0.1294,0.7321
251010_115853_0000080436_CAM1_NG_bmp.rf.41066d6315699ec4578a80fee8f0b126.jpg,0.2589,0.1294,0.7183
251010_115853_0000080436_CAM1_NG_bmp.rf.41066d6315699ec4578a80fee8f0b126.jpg,0.3452,0.1726,0.6615
251010_115853_0000080436_CAM1_NG_bmp.rf.41066d6315699ec4578a80fee8f0b126.jpg,0.1294,0.1294,0.5092
251010_114835_0000080386_CAM1_NG_bmp.rf.2f9148e781a2ade6ed5a3b8e30156eb8.jpg,0.3452,0.1726,0.9238
251010_114835_0000080386_CAM1_NG_bmp.rf.2f9148e781a2ade6ed5a3b8e30156eb8.jpg,0.3452,0.1726,0.9189
251010_114835_0000080386_CAM1_NG_bmp.rf.2f9148e781a2ade6ed5a3b8e30156eb8.jpg,0.3452,0.2157,0.9114
251010_114835_0000080386_CAM1_NG_bmp.rf.2f9148e781a2ade6ed5a3b8e30156eb8.jpg,0.3452,0.1726,0.9085
251010_114835_0000080386_CAM1_NG_bmp.rf.2f9148e781a2ade6ed5a3b8e30156eb8.jpg,0.2589,0.1294,0.9054
251010_114835_0000080386_CAM1_NG_bmp.rf.2f9148e781a2ade6ed5a3b8e30156eb8.jpg,0.302,0.1294,0.8903
251010_114835_0000080386_CAM1_NG_bmp.rf.2f9148e781a2ade6ed5a3b8e30156eb8.jpg,0.3883,0.2157,0.887
251010_114835_0000080386_CAM1_NG_bmp.rf.2f9148e781a2ade6ed5a3b8e30156eb8.jpg,0.3452,0.2157,0.884
251010_114835_0000080386_CAM1_NG_bmp.rf.2f9148e781a2ade6ed5a3b8e30156eb8.jpg,0.2589,0.1294,0.878
251010_114835_0000080386_CAM1_NG_bmp.rf.2f9148e781a2ade6ed5a3b8e30156eb8.jpg,0.302,0.1294,0.8644
251010_114835_0000080386_CAM1_NG_bmp.rf.2f9148e781a2ade6ed5a3b8e30156eb8.jpg,0.2589,0.1294,0.8573
251010_114835_0000080386_CAM1_NG_bmp.rf.2f9148e781a2ade6ed5a3b8e30156eb8.jpg,0.3452,0.1726,0.8236
251010_114835_0000080386_CAM1_NG_bmp.rf.2f9148e781a2ade6ed5a3b8e30156eb8.jpg,0.302,0.0863,0.7646
251010_114835_0000080386_CAM1_NG_bmp.rf.2f9148e781a2ade6ed5a3b8e30156eb8.jpg,0.302,0.1294,0.7457
251010_114835_0000080386_CAM1_NG_bmp.rf.2f9148e781a2ade6ed5a3b8e30156eb8.jpg,0.3452,0.1726,0.7218
251010_114835_0000080386_CAM1_NG_bmp.rf.2f9148e781a2ade6ed5a3b8e30156eb8.jpg,0.3452,0.2157,0.7044
251010_114835_0000080386_CAM1_NG_bmp.rf.2f9148e781a2ade6ed5a3b8e30156eb8.jpg,0.3452,0.2157,0.6805
251010_114835_0000080386_CAM1_NG_bmp.rf.2f9148e781a2ade6ed5a3b8e30156eb8.jpg,0.3883,0.2157,0.6436
251010_114835_0000080386_CAM1_NG_bmp.rf.2f9148e781a2ade6ed5a3b8e30156eb8.jpg,0.2589,0.1294,0.6397
251010_114835_0000080386_CAM1_NG_bmp.rf.2f9148e781a2ade6ed5a3b8e30156eb8.jpg,0.3883,0.1726,0.6254
251010_114835_0000080386_CAM1_NG_bmp.rf.2f9148e781a2ade6ed5a3b8e30156eb8.jpg,0.3452,0.1726,0.5954
251010_114835_0000080386_CAM1_NG_bmp.rf.2f9148e781a2ade6ed5a3b8e30156eb8.jpg,0.1294,0.1294,0.5826
251010_114835_0000080386_CAM1_NG_bmp.rf.2f9148e781a2ade6ed5a3b8e30156eb8.jpg,0.302,0.1294,0.5743
251010_114835_0000080386_CAM1_NG_bmp.rf.2f9148e781a2ade6ed5a3b8e30156eb8.jpg,0.302,0.1294,0.5446
251010_124911_0000080574_CAM1_NG_bmp.rf.19ab907b4986bb6ac52a7279c105317c.jpg,0.3883,0.2157,0.9564
251010_124911_0000080574_CAM1_NG_bmp.rf.19ab907b4986bb6ac52a7279c105317c.jpg,0.3452,0.2157,0.9383
251010_124911_0000080574_CAM1_NG_bmp.rf.19ab907b4986bb6ac52a7279c105317c.jpg,0.3452,0.1726,0.9359
251010_124911_0000080574_CAM1_NG_bmp.rf.19ab907b4986bb6ac52a7279c105317c.jpg,0.3452,0.2157,0.9299
251010_124911_0000080574_CAM1_NG_bmp.rf.19ab907b4986bb6ac52a7279c105317c.jpg,0.3452,0.2157,0.9263
251010_124911_0000080574_CAM1_NG_bmp.rf.19ab907b4986bb6ac52a7279c105317c.jpg,0.3452,0.1726,0.9238
251010_124911_0000080574_CAM1_NG_bmp.rf.19ab907b4986bb6ac52a7279c105317c.jpg,0.3452,0.1726,0.918
251010_124911_0000080574_CAM1_NG_bmp.rf.19ab907b4986bb6ac52a7279c105317c.jpg,0.3883,0.2157,0.9144
251010_124911_0000080574_CAM1_NG_bmp.rf.19ab907b4986bb6ac52a7279c105317c.jpg,0.3883,0.1726,0.9098
251010_124911_0000080574_CAM1_NG_bmp.rf.19ab907b4986bb6ac52a7279c105317c.jpg,0.3452,0.1726,0.9002
251010_124911_0000080574_CAM1_NG_bmp.rf.19ab907b4986bb6ac52a7279c105317c.jpg,0.3452,0.1726,0.8923
251010_124911_0000080574_CAM1_NG_bmp.rf.19ab907b4986bb6ac52a7279c105317c.jpg,0.3883,0.1726,0.8883
251010_124911_0000080574_CAM1_NG_bmp.rf.19ab907b4986bb6ac52a7279c105317c.jpg,0.302,0.1294,0.8768
251010_124911_0000080574_CAM1_NG_bmp.rf.19ab907b4986bb6ac52a7279c105317c.jpg,0.3452,0.2157,0.8737
251010_124911_0000080574_CAM1_NG_bmp.rf.19ab907b4986bb6ac52a7279c105317c.jpg,0.2589,0.1294,0.8638
251010_124911_0000080574_CAM1_NG_bmp.rf.19ab907b4986bb6ac52a7279c105317c.jpg,0.302,0.1294,0.8627
251010_124911_0000080574_CAM1_NG_bmp.rf.19ab907b4986bb6ac52a7279c105317c.jpg,0.2589,0.1726,0.8592
251010_124911_0000080574_CAM1_NG_bmp.rf.19ab907b4986bb6ac52a7279c105317c.jpg,0.302,0.1294,0.8565
251010_124911_0000080574_CAM1_NG_bmp.rf.19ab907b4986bb6ac52a7279c105317c.jpg,0.2589,0.1294,0.844
251010_124911_0000080574_CAM1_NG_bmp.rf.19ab907b4986bb6ac52a7279c105317c.jpg,0.302,0.1726,0.8316
251010_124911_0000080574_CAM1_NG_bmp.rf.19ab907b4986bb6ac52a7279c105317c.jpg,0.302,0.1294,0.828
251010_124911_0000080574_CAM1_NG_bmp.rf.19ab907b4986bb6ac52a7279c105317c.jpg,0.302,0.1294,0.8234
251010_124911_0000080574_CAM1_NG_bmp.rf.19ab907b4986bb6ac52a7279c105317c.jpg,0.302,0.1294,0.8157
251010_124911_0000080574_CAM1_NG_bmp.rf.19ab907b4986bb6ac52a7279c105317c.jpg,0.302,0.1294,0.8074
251010_124911_0000080574_CAM1_NG_bmp.rf.19ab907b4986bb6ac52a7279c105317c.jpg,0.302,0.1294,0.7674
251010_124911_0000080574_CAM1_NG_bmp.rf.19ab907b4986bb6ac52a7279c105317c.jpg,0.302,0.1294,0.7473
251010_124911_0000080574_CAM1_NG_bmp.rf.19ab907b4986bb6ac52a7279c105317c.jpg,0.1294,0.1294,0.7307
251010_124911_0000080574_CAM1_NG_bmp.rf.19ab907b4986bb6ac52a7279c105317c.jpg,0.3883,0.1726,0.6767
251015_020254_0000434171_CAM1_OK_bmp.rf.c0f8b8affedeabb6475910769e661a0a.jpg,0.3452,0.1726,0.9332
251015_020254_0000434171_CAM1_OK_bmp.rf.c0f8b8affedeabb6475910769e661a0a.jpg,0.302,0.1726,0.9272
251015_020254_0000434171_CAM1_OK_bmp.rf.c0f8b8affedeabb6475910769e661a0a.jpg,0.3452,0.1726,0.9182
251015_020254_0000434171_CAM1_OK_bmp.rf.c0f8b8affedeabb6475910769e661a0a.jpg,0.3883,0.1726,0.897
251015_020254_0000434171_CAM1_OK_bmp.rf.c0f8b8affedeabb6475910769e661a0a.jpg,0.3452,0.1726,0.8964
251015_020254_0000434171_CAM1_OK_bmp.rf.c0f8b8affedeabb6475910769e661a0a.jpg,0.3452,0.1726,0.895
251015_020254_0000434171_CAM1_OK_bmp.rf.c0f8b8affedeabb6475910769e661a0a.jpg,0.3452,0.2157,0.8879
251015_020254_0000434171_CAM1_OK_bmp.rf.c0f8b8affedeabb6475910769e661a0a.jpg,0.3452,0.1726,0.8863
251015_020254_0000434171_CAM1_OK_bmp.rf.c0f8b8affedeabb6475910769e661a0a.jpg,0.3452,0.2157,0.8796
251015_020254_0000434171_CAM1_OK_bmp.rf.c0f8b8affedeabb6475910769e661a0a.jpg,0.2589,0.1294,0.8782
251015_020254_0000434171_CAM1_OK_bmp.rf.c0f8b8affedeabb6475910769e661a0a.jpg,0.3452,0.1726,0.8757
251015_020254_0000434171_CAM1_OK_bmp.rf.c0f8b8affedeabb6475910769e661a0a.jpg,0.3452,0.1294,0.8716
251015_020254_0000434171_CAM1_OK_bmp.rf.c0f8b8affedeabb6475910769e661a0a.jpg,0.302,0.1294,0.8704
251015_020254_0000434171_CAM1_OK_bmp.rf.c0f8b8affedeabb6475910769e661a0a.jpg,0.302,0.1294,0.8631
251015_020254_0000434171_CAM1_OK_bmp.rf.c0f8b8affedeabb6475910769e661a0a.jpg,0.2589,0.1294,0.8598
251015_020254_0000434171_CAM1_OK_bmp.rf.c0f8b8affedeabb6475910769e661a0a.jpg,0.2589,0.1294,0.8595
251015_020254_0000434171_CAM1_OK_bmp.rf.c0f8b8affedeabb6475910769e661a0a.jpg,0.2589,0.1294,0.854
251015_020254_0000434171_CAM1_OK_bmp.rf.c0f8b8affedeabb6475910769e661a0a.jpg,0.302,0.1294,0.847
251015_020254_0000434171_CAM1_OK_bmp.rf.c0f8b8affedeabb6475910769e661a0a.jpg,0.302,0.1294,0.8427
251015_020254_0000434171_CAM1_OK_bmp.rf.c0f8b8affedeabb6475910769e661a0a.jpg,0.3452,0.1726,0.8347
251015_020254_0000434171_CAM1_OK_bmp.rf.c0f8b8affedeabb6475910769e661a0a.jpg,0.3452,0.2157,0.7979
251015_020254_0000434171_CAM1_OK_bmp.rf.c0f8b8affedeabb6475910769e661a0a.jpg,0.302,0.1294,0.795
251015_020254_0000434171_CAM1_OK_bmp.rf.c0f8b8affedeabb6475910769e661a0a.jpg,0.2589,0.1294,0.7816
251015_020254_0000434171_CAM1_OK_bmp.rf.c0f8b8affedeabb6475910769e661a0a.jpg,0.2589,0.1294,0.7802
251015_020254_0000434171_CAM1_OK_bmp.rf.c0f8b8affedeabb6475910769e661a0a.jpg,0.302,0.1294,0.7567
251015_020254_0000434171_CAM1_OK_bmp.rf.c0f8b8affedeabb6475910769e661a0a.jpg,0.2589,0.1294,0.734
251015_020254_0000434171_CAM1_OK_bmp.rf.c0f8b8affedeabb6475910769e661a0a.jpg,0.3452,0.2157,0.7336
251015_020254_0000434171_CAM1_OK_bmp.rf.c0f8b8affedeabb6475910769e661a0a.jpg,0.302,0.1726,0.6839
251015_020254_0000434171_CAM1_OK_bmp.rf.c0f8b8affedeabb6475910769e661a0a.jpg,0.2589,0.1294,0.6082
251015_020254_0000434171_CAM1_OK_bmp.rf.c0f8b8affedeabb6475910769e661a0a.jpg,0.3452,0.1726,0.6026
251015_020254_0000434171_CAM1_OK_bmp.rf.c0f8b8affedeabb6475910769e661a0a.jpg,0.1294,0.1294,0.5818
251010_124909_0000080565_CAM1_NG_bmp.rf.2d4f3a24c0b3b217927b9fcb6971845c.jpg,0.3452,0.1726,0.9479
251010_124909_0000080565_CAM1_NG_bmp.rf.2d4f3a24c0b3b217927b9fcb6971845c.jpg,0.3883,0.1726,0.9393
251010_124909_0000080565_CAM1_NG_bmp.rf.2d4f3a24c0b3b217927b9fcb6971845c.jpg,0.3452,0.2157,0.9381
251010_124909_0000080565_CAM1_NG_bmp.rf.2d4f3a24c0b3b217927b9fcb6971845c.jpg,0.3452,0.1726,0.9374
251010_124909_0000080565_CAM1_NG_bmp.rf.2d4f3a24c0b3b217927b9fcb6971845c.jpg,0.302,0.2157,0.9245
251010_124909_0000080565_CAM1_NG_bmp.rf.2d4f3a24c0b3b217927b9fcb6971845c.jpg,0.3883,0.1726,0.9243
251010_124909_0000080565_CAM1_NG_bmp.rf.2d4f3a24c0b3b217927b9fcb6971845c.jpg,0.3452,0.1726,0.9183
251010_124909_0000080565_CAM1_NG_bmp.rf.2d4f3a24c0b3b217927b9fcb6971845c.jpg,0.302,0.1294,0.9145
251010_124909_0000080565_CAM1_NG_bmp.rf.2d4f3a24c0b3b217927b9fcb6971845c.jpg,0.3452,0.1726,0.906
251010_124909_0000080565_CAM1_NG_bmp.rf.2d4f3a24c0b3b217927b9fcb6971845c.jpg,0.3883,0.2157,0.9059
251010_124909_0000080565_CAM1_NG_bmp.rf.2d4f3a24c0b3b217927b9fcb6971845c.jpg,0.2589,0.1294,0.9011
251010_124909_0000080565_CAM1_NG_bmp.rf.2d4f3a24c0b3b217927b9fcb6971845c.jpg,0.302,0.1726,0.8975
251010_124909_0000080565_CAM1_NG_bmp.rf.2d4f3a24c0b3b217927b9fcb6971845c.jpg,0.3452,0.2157,0.891
251010_124909_0000080565_CAM1_NG_bmp.rf.2d4f3a24c0b3b217927b9fcb6971845c.jpg,0.3452,0.2157,0.8863
251010_124909_0000080565_CAM1_NG_bmp.rf.2d4f3a24c0b3b217927b9fcb6971845c.jpg,0.3452,0.1726,0.8819
251010_124909_0000080565_CAM1_NG_bmp.rf.2d4f3a24c0b3b217927b9fcb6971845c.jpg,0.302,0.1294,0.8761
251010_124909_0000080565_CAM1_NG_bmp.rf.2d4f3a24c0b3b217927b9fcb6971845c.jpg,0.302,0.1294,0.8699
251010_124909_0000080565_CAM1_NG_bmp.rf.2d4f3a24c0b3b217927b9fcb6971845c.jpg,0.3452,0.1726,0.868
251010_124909_0000080565_CAM1_NG_bmp.rf.2d4f3a24c0b3b217927b9fcb6971845c.jpg,0.2589,0.1294,0.8588
251010_124909_0000080565_CAM1_NG_bmp.rf.2d4f3a24c0b3b217927b9fcb6971845c.jpg,0.302,0.1294,0.8327
251010_124909_0000080565_CAM1_NG_bmp.rf.2d4f3a24c0b3b217927b9fcb6971845c.jpg,0.302,0.1294,0.829
251010_124909_0000080565_CAM1_NG_bmp.rf.2d4f3a24c0b3b217927b9fcb6971845c.jpg,0.302,0.1294,0.7869
251010_124909_0000080565_CAM1_NG_bmp.rf.2d4f3a24c0b3b217927b9fcb6971845c.jpg,0.302,0.1294,0.7862
251010_124909_0000080565_CAM1_NG_bmp.rf.2d4f3a24c0b3b217927b9fcb6971845c.jpg,0.2589,0.1294,0.7826
251010_124909_0000080565_CAM1_NG_bmp.rf.2d4f3a24c0b3b217927b9fcb6971845c.jpg,0.302,0.1294,0.7331
251010_124909_0000080565_CAM1_NG_bmp.rf.2d4f3a24c0b3b217927b9fcb6971845c.jpg,0.3883,0.2157,0.6912
251010_124909_0000080565_CAM1_NG_bmp.rf.2d4f3a24c0b3b217927b9fcb6971845c.jpg,0.1294,0.1294,0.6043
251010_124909_0000080565_CAM1_NG_bmp.rf.2d4f3a24c0b3b217927b9fcb6971845c.jpg,0.302,0.1294,0.5973
251015_020247_0000434145_CAM1_OK_bmp.rf.0a90fca71377d11859f9eeb45916666e.jpg,0.3452,0.2157,0.9221
251015_020247_0000434145_CAM1_OK_bmp.rf.0a90fca71377d11859f9eeb45916666e.jpg,0.3452,0.2157,0.9129
251015_020247_0000434145_CAM1_OK_bmp.rf.0a90fca71377d11859f9eeb45916666e.jpg,0.3452,0.2157,0.9127
251015_020247_0000434145_CAM1_OK_bmp.rf.0a90fca71377d11859f9eeb45916666e.jpg,0.3883,0.2157,0.9123
251015_020247_0000434145_CAM1_OK_bmp.rf.0a90fca71377d11859f9eeb45916666e.jpg,0.3883,0.1726,0.9112
251015_020247_0000434145_CAM1_OK_bmp.rf.0a90fca71377d11859f9eeb45916666e.jpg,0.3452,0.1726,0.9098
251015_020247_0000434145_CAM1_OK_bmp.rf.0a90fca71377d11859f9eeb45916666e.jpg,0.3452,0.1726,0.907
251015_020247_0000434145_CAM1_OK_bmp.rf.0a90fca71377d11859f9eeb45916666e.jpg,0.3452,0.1726,0.8898
251015_020247_0000434145_CAM1_OK_bmp.rf.0a90fca71377d11859f9eeb45916666e.jpg,0.2589,0.1294,0.8804
251015_020247_0000434145_CAM1_OK_bmp.rf.0a90fca71377d11859f9eeb45916666e.jpg,0.3452,0.2157,0.8802
251015_020247_0000434145_CAM1_OK_bmp.rf.0a90fca71377d11859f9eeb45916666e.jpg,0.3452,0.1294,0.8775
251015_020247_0000434145_CAM1_OK_bmp.rf.0a90fca71377d11859f9eeb45916666e.jpg,0.302,0.1294,0.8774
251015_020247_0000434145_CAM1_OK_bmp.rf.0a90fca71377d11859f9eeb45916666e.jpg,0.2589,0.1294,0.8695
251015_020247_0000434145_CAM1_OK_bmp.rf.0a90fca71377d11859f9eeb45916666e.jpg,0.302,0.1294,0.8663
251015_020247_0000434145_CAM1_OK_bmp.rf.0a90fca71377d11859f9eeb45916666e.jpg,0.3452,0.1726,0.8619
251015_020247_0000434145_CAM1_OK_bmp.rf.0a90fca71377d11859f9eeb45916666e.jpg,0.3452,0.2157,0.8508
251015_020247_0000434145_CAM1_OK_bmp.rf.0a90fca71377d11859f9eeb45916666e.jpg,0.302,0.1726,0.8438
251015_020247_0000434145_CAM1_OK_bmp.rf.0a90fca71377d11859f9eeb45916666e.jpg,0.2589,0.1294,0.836
251015_020247_0000434145_CAM1_OK_bmp.rf.0a90fca71377d11859f9eeb45916666e.jpg,0.3452,0.1726,0.8354
251015_020247_0000434145_CAM1_OK_bmp.rf.0a90fca71377d11859f9eeb45916666e.jpg,0.302,0.1294,0.8292
251015_020247_0000434145_CAM1_OK_bmp.rf.0a90fca71377d11859f9eeb45916666e.jpg,0.302,0.1294,0.8174
251015_020247_0000434145_CAM1_OK_bmp.rf.0a90fca71377d11859f9eeb45916666e.jpg,0.302,0.1294,0.7912
251015_020247_0000434145_CAM1_OK_bmp.rf.0a90fca71377d11859f9eeb45916666e.jpg,0.2589,0.1294,0.7904
251015_020247_0000434145_CAM1_OK_bmp.rf.0a90fca71377d11859f9eeb45916666e.jpg,0.302,0.1294,0.7789
251015_020247_0000434145_CAM1_OK_bmp.rf.0a90fca71377d11859f9eeb45916666e.jpg,0.2589,0.0863,0.7733
251015_020247_0000434145_CAM1_OK_bmp.rf.0a90fca71377d11859f9eeb45916666e.jpg,0.302,0.1294,0.7731
251015_020247_0000434145_CAM1_OK_bmp.rf.0a90fca71377d11859f9eeb45916666e.jpg,0.2589,0.1294,0.7505
251015_020247_0000434145_CAM1_OK_bmp.rf.0a90fca71377d11859f9eeb45916666e.jpg,0.302,0.1294,0.6654
251015_020247_0000434145_CAM1_OK_bmp.rf.0a90fca71377d11859f9eeb45916666e.jpg,0.2589,0.1294,0.6621
251015_020247_0000434145_CAM1_OK_bmp.rf.0a90fca71377d11859f9eeb45916666e.jpg,0.3452,0.1726,0.5372
251010_115415_0000080409_CAM1_NG_bmp.rf.f459a5be7d7de6a8fb08fc55cbbf2e42.jpg,0.3883,0.2157,0.8571
251010_115415_0000080409_CAM1_NG_bmp.rf.f459a5be7d7de6a8fb08fc55cbbf2e42.jpg,0.2589,0.1294,0.8414
251010_115415_0000080409_CAM1_NG_bmp.rf.f459a5be7d7de6a8fb08fc55cbbf2e42.jpg,0.3452,0.1726,0.8298
251010_115415_0000080409_CAM1_NG_bmp.rf.f459a5be7d7de6a8fb08fc55cbbf2e42.jpg,0.2589,0.1294,0.7905
251010_115415_0000080409_CAM1_NG_bmp.rf.f459a5be7d7de6a8fb08fc55cbbf2e42.jpg,0.3883,0.2157,0.7731
251010_115415_0000080409_CAM1_NG_bmp.rf.f459a5be7d7de6a8fb08fc55cbbf2e42.jpg,0.3883,0.2157,0.759
251010_115415_0000080409_CAM1_NG_bmp.rf.f459a5be7d7de6a8fb08fc55cbbf2e42.jpg,0.3452,0.2157,0.7413
251010_115415_0000080409_CAM1_NG_bmp.rf.f459a5be7d7de6a8fb08fc55cbbf2e42.jpg,0.302,0.1294,0.7371
251010_115415_0000080409_CAM1_NG_bmp.rf.f459a5be7d7de6a8fb08fc55cbbf2e42.jpg,0.3452,0.1726,0.7349
251010_115415_0000080409_CAM1_NG_bmp.rf.f459a5be7d7de6a8fb08fc55cbbf2e42.jpg,0.3452,0.1726,0.7348
251010_115415_0000080409_CAM1_NG_bmp.rf.f459a5be7d7de6a8fb08fc55cbbf2e42.jpg,0.3452,0.2157,0.7212
251010_115415_0000080409_CAM1_NG_bmp.rf.f459a5be7d7de6a8fb08fc55cbbf2e42.jpg,0.3452,0.2157,0.7179
251010_115415_0000080409_CAM1_NG_bmp.rf.f459a5be7d7de6a8fb08fc55cbbf2e42.jpg,0.3452,0.1726,0.7106
251010_115415_0000080409_CAM1_NG_bmp.rf.f459a5be7d7de6a8fb08fc55cbbf2e42.jpg,0.302,0.1294,0.6725
251010_115415_0000080409_CAM1_NG_bmp.rf.f459a5be7d7de6a8fb08fc55cbbf2e42.jpg,0.2589,0.1294,0.6431
251010_115415_0000080409_CAM1_NG_bmp.rf.f459a5be7d7de6a8fb08fc55cbbf2e42.jpg,0.3452,0.1726,0.609
251010_115415_0000080409_CAM1_NG_bmp.rf.f459a5be7d7de6a8fb08fc55cbbf2e42.jpg,0.2157,0.1726,0.5725
251010_115415_0000080409_CAM1_NG_bmp.rf.f459a5be7d7de6a8fb08fc55cbbf2e42.jpg,0.1726,0.1294,0.5673
251010_115415_0000080409_CAM1_NG_bmp.rf.f459a5be7d7de6a8fb08fc55cbbf2e42.jpg,0.2589,0.1294,0.5613
251010_115415_0000080409_CAM1_NG_bmp.rf.f459a5be7d7de6a8fb08fc55cbbf2e42.jpg,0.302,0.1294,0.5272
251010_125637_0000080771_CAM1_NG_bmp.rf.6e344534da61984b764cfc7996e7fc67.jpg,0.3452,0.1726,0.9522
251010_125637_0000080771_CAM1_NG_bmp.rf.6e344534da61984b764cfc7996e7fc67.jpg,0.3452,0.1726,0.9458
251010_125637_0000080771_CAM1_NG_bmp.rf.6e344534da61984b764cfc7996e7fc67.jpg,0.3452,0.1726,0.9453
251010_125637_0000080771_CAM1_NG_bmp.rf.6e344534da61984b764cfc7996e7fc67.jpg,0.3883,0.1726,0.9448
251010_125637_0000080771_CAM1_NG_bmp.rf.6e344534da61984b764cfc7996e7fc67.jpg,0.302,0.1294,0.9417
251010_125637_0000080771_CAM1_NG_bmp.rf.6e344534da61984b764cfc7996e7fc67.jpg,0.3452,0.2157,0.9386
251010_125637_0000080771_CAM1_NG_bmp.rf.6e344534da61984b764cfc7996e7fc67.jpg,0.3452,0.1726,0.9249
251010_125637_0000080771_CAM1_NG_bmp.rf.6e344534da61984b764cfc7996e7fc67.jpg,0.3452,0.1726,0.9231
251010_125637_0000080771_CAM1_NG_bmp.rf.6e344534da61984b764cfc7996e7fc67.jpg,0.3452,0.1726,0.9213
251010_125637_0000080771_CAM1_NG_bmp.rf.6e344534da61984b764cfc7996e7fc67.jpg,0.3452,0.1726,0.9181
251010_125637_0000080771_CAM1_NG_bmp.rf.6e344534da61984b764cfc7996e7fc67.jpg,0.2589,0.1294,0.9114
251010_125637_0000080771_CAM1_NG_bmp.rf.6e344534da61984b764cfc7996e7fc67.jpg,0.3452,0.2157,0.9048
251010_125637_0000080771_CAM1_NG_bmp.rf.6e344534da61984b764cfc7996e7fc67.jpg,0.2589,0.1294,0.9036
251010_125637_0000080771_CAM1_NG_bmp.rf.6e344534da61984b764cfc7996e7fc67.jpg,0.3452,0.1726,0.9018
251010_125637_0000080771_CAM1_NG_bmp.rf.6e344534da61984b764cfc7996e7fc67.jpg,0.3452,0.1726,0.8979
251010_125637_0000080771_CAM1_NG_bmp.rf.6e344534da61984b764cfc7996e7fc67.jpg,0.2589,0.1294,0.8963
251010_125637_0000080771_CAM1_NG_bmp.rf.6e344534da61984b764cfc7996e7fc67.jpg,0.302,0.1294,0.8945
251010_125637_0000080771_CAM1_NG_bmp.rf.6e344534da61984b764cfc7996e7fc67.jpg,0.3452,0.2157,0.8923
251010_125637_0000080771_CAM1_NG_bmp.rf.6e344534da61984b764cfc7996e7fc67.jpg,0.2589,0.1294,0.8907
251010_125637_0000080771_CAM1_NG_bmp.rf.6e344534da61984b764cfc7996e7fc67.jpg,0.2589,0.1294,0.8739
251010_125637_0000080771_CAM1_NG_bmp.rf.6e344534da61984b764cfc7996e7fc67.jpg,0.2589,0.1294,0.8688
251010_125637_0000080771_CAM1_NG_bmp.rf.6e344534da61984b764cfc7996e7fc67.jpg,0.2589,0.1294,0.8378
251010_125637_0000080771_CAM1_NG_bmp.rf.6e344534da61984b764cfc7996e7fc67.jpg,0.302,0.1294,0.8354
251010_125637_0000080771_CAM1_NG_bmp.rf.6e344534da61984b764cfc7996e7fc67.jpg,0.3452,0.1726,0.8072
251010_125637_0000080771_CAM1_NG_bmp.rf.6e344534da61984b764cfc7996e7fc67.jpg,0.2589,0.1294,0.7272
251010_125637_0000080771_CAM1_NG_bmp.rf.6e344534da61984b764cfc7996e7fc67.jpg,0.1726,0.1294,0.7075
251010_125548_0000080604_CAM1_NG_bmp.rf.026a473acb9b880c9bbd936a8d09eed7.jpg,0.3452,0.1726,0.9439
251010_125548_0000080604_CAM1_NG_bmp.rf.026a473acb9b880c9bbd936a8d09eed7.jpg,0.2589,0.1294,0.9273
251010_125548_0000080604_CAM1_NG_bmp.rf.026a473acb9b880c9bbd936a8d09eed7.jpg,0.3452,0.1726,0.9188
251010_125548_0000080604_CAM1_NG_bmp.rf.026a473acb9b880c9bbd936a8d09eed7.jpg,0.302,0.1294,0.918
251010_125548_0000080604_CAM1_NG_bmp.rf.026a473acb9b880c9bbd936a8d09eed7.jpg,0.3452,0.1726,0.9152
251010_125548_0000080604_CAM1_NG_bmp.rf.026a473acb9b880c9bbd936a8d09eed7.jpg,0.3883,0.1726,0.903
251010_125548_0000080604_CAM1_NG_bmp.rf.026a473acb9b880c9bbd936a8d09eed7.jpg,0.3452,0.2157,0.9003
251010_125548_0000080604_CAM1_NG_bmp.rf.026a473acb9b880c9bbd936a8d09eed7.jpg,0.3452,0.1726,0.8798
251010_125548_0000080604_CAM1_NG_bmp.rf.026a473acb9b880c9bbd936a8d09eed7.jpg,0.302,0.1726,0.8791
251010_125548_0000080604_CAM1_NG_bmp.rf.026a473acb9b880c9bbd936a8d09eed7.jpg,0.3452,0.2157,0.879
251010_125548_0000080604_CAM1_NG_bmp.rf.026a473acb9b880c9bbd936a8d09eed7.jpg,0.3883,0.2157,0.8657
251010_125548_0000080604_CAM1_NG_bmp.rf.026a473acb9b880c9bbd936a8d09eed7.jpg,0.3883,0.2157,0.8644
251010_125548_0000080604_CAM1_NG_bmp.rf.026a473acb9b880c9bbd936a8d09eed7.jpg,0.302,0.1726,0.8546
251010_125548_0000080604_CAM1_NG_bmp.rf.026a473acb9b880c9bbd936a8d09eed7.jpg,0.3452,0.1726,0.8465
251010_125548_0000080604_CAM1_NG_bmp.rf.026a473acb9b880c9bbd936a8d09eed7.jpg,0.2589,0.1294,0.8081
251010_125548_0000080604_CAM1_NG_bmp.rf.026a473acb9b880c9bbd936a8d09eed7.jpg,0.302,0.1726,0.7827
251010_125548_0000080604_CAM1_NG_bmp.rf.026a473acb9b880c9bbd936a8d09eed7.jpg,0.2589,0.1294,0.74
251010_125548_0000080604_CAM1_NG_bmp.rf.026a473acb9b880c9bbd936a8d09eed7.jpg,0.302,0.1294,0.7279
251010_125548_0000080604_CAM1_NG_bmp.rf.026a473acb9b880c9bbd936a8d09eed7.jpg,0.302,0.1726,0.7196
251010_125548_0000080604_CAM1_NG_bmp.rf.026a473acb9b880c9bbd936a8d09eed7.jpg,0.1726,0.1294,0.7005
251010_125548_0000080604_CAM1_NG_bmp.rf.026a473acb9b880c9bbd936a8d09eed7.jpg,0.302,0.1294,0.5732
251015_020545_0000434651_CAM1_OK_bmp.rf.7659419e0cd7de3e5fbb3f1df2ae4b02.jpg,0.3452,0.1726,0.9282
251015_020545_0000434651_CAM1_OK_bmp.rf.7659419e0cd7de3e5fbb3f1df2ae4b02.jpg,0.3452,0.1726,0.92
251015_020545_0000434651_CAM1_OK_bmp.rf.7659419e0cd7de3e5fbb3f1df2ae4b02.jpg,0.3452,0.1726,0.919
251015_020545_0000434651_CAM1_OK_bmp.rf.7659419e0cd7de3e5fbb3f1df2ae4b02.jpg,0.3452,0.1726,0.8978
251015_020545_0000434651_CAM1_OK_bmp.rf.7659419e0cd7de3e5fbb3f1df2ae4b02.jpg,0.3452,0.1726,0.8944
251015_020545_0000434651_CAM1_OK_bmp.rf.7659419e0cd7de3e5fbb3f1df2ae4b02.jpg,0.3452,0.1726,0.8914
251015_020545_0000434651_CAM1_OK_bmp.rf.7659419e0cd7de3e5fbb3f1df2ae4b02.jpg,0.3883,0.2157,0.8897
251015_020545_0000434651_CAM1_OK_bmp.rf.7659419e0cd7de3e5fbb3f1df2ae4b02.jpg,0.302,0.1294,0.8791
251015_020545_0000434651_CAM1_OK_bmp.rf.7659419e0cd7de3e5fbb3f1df2ae4b02.jpg,0.3452,0.2157,0.8764
251015_020545_0000434651_CAM1_OK_bmp.rf.7659419e0cd7de3e5fbb3f1df2ae4b02.jpg,0.3452,0.1726,0.8752
251015_020545_0000434651_CAM1_OK_bmp.rf.7659419e0cd7de3e5fbb3f1df2ae4b02.jpg,0.3452,0.1726,0.8734
251015_020545_0000434651_CAM1_OK_bmp.rf.7659419e0cd7de3e5fbb3f1df2ae4b02.jpg,0.302,0.1294,0.8709
251015_020545_0000434651_CAM1_OK_bmp.rf.7659419e0cd7de3e5fbb3f1df2ae4b02.jpg,0.3452,0.1726,0.8694
251015_020545_0000434651_CAM1_OK_bmp.rf.7659419e0cd7de3e5fbb3f1df2ae4b02.jpg,0.2589,0.1726,0.8682
251015_020545_0000434651_CAM1_OK_bmp.rf.7659419e0cd7de3e5fbb3f1df2ae4b02.jpg,0.3452,0.2157,0.866
251015_020545_0000434651_CAM1_OK_bmp.rf.7659419e0cd7de3e5fbb3f1df2ae4b02.jpg,0.2589,0.1726,0.8528
251015_020545_0000434651_CAM1_OK_bmp.rf.7659419e0cd7de3e5fbb3f1df2ae4b02.jpg,0.2589,0.1294,0.8312
251015_020545_0000434651_CAM1_OK_bmp.rf.7659419e0cd7de3e5fbb3f1df2ae4b02.jpg,0.302,0.1294,0.8276
251015_020545_0000434651_CAM1_OK_bmp.rf.7659419e0cd7de3e5fbb3f1df2ae4b02.jpg,0.302,0.1294,0.8268
251015_020545_0000434651_CAM1_OK_bmp.rf.7659419e0cd7de3e5fbb3f1df2ae4b02.jpg,0.302,0.1294,0.8185
251015_020545_0000434651_CAM1_OK_bmp.rf.7659419e0cd7de3e5fbb3f1df2ae4b02.jpg,0.2589,0.1726,0.8044
251015_020545_0000434651_CAM1_OK_bmp.rf.7659419e0cd7de3e5fbb3f1df2ae4b02.jpg,0.302,0.1294,0.7974
251015_020545_0000434651_CAM1_OK_bmp.rf.7659419e0cd7de3e5fbb3f1df2ae4b02.jpg,0.2589,0.1294,0.7963
251015_020545_0000434651_CAM1_OK_bmp.rf.7659419e0cd7de3e5fbb3f1df2ae4b02.jpg,0.2589,0.1294,0.7728
251015_020545_0000434651_CAM1_OK_bmp.rf.7659419e0cd7de3e5fbb3f1df2ae4b02.jpg,0.302,0.1294,0.7384
251015_020545_0000434651_CAM1_OK_bmp.rf.7659419e0cd7de3e5fbb3f1df2ae4b02.jpg,0.2589,0.1294,0.6773
251015_020545_0000434651_CAM1_OK_bmp.rf.7659419e0cd7de3e5fbb3f1df2ae4b02.jpg,0.3452,0.1726,0.6178
251015_020545_0000434651_CAM1_OK_bmp.rf.7659419e0cd7de3e5fbb3f1df2ae4b02.jpg,0.302,0.1726,0.578
251015_020545_0000434651_CAM1_OK_bmp.rf.7659419e0cd7de3e5fbb3f1df2ae4b02.jpg,0.2589,0.1294,0.5553
251015_020545_0000434651_CAM1_OK_bmp.rf.7659419e0cd7de3e5fbb3f1df2ae4b02.jpg,0.1294,0.1294,0.5277
251015_020545_0000434651_CAM1_OK_bmp.rf.7659419e0cd7de3e5fbb3f1df2ae4b02.jpg,0.3452,0.1726,0.5104
251010_070210_0000043536_CAM1_NG_bmp.rf.111ccf737a26e6c85ea06ced3528b71c.jpg,0.3452,0.1726,0.9314
251010_070210_0000043536_CAM1_NG_bmp.rf.111ccf737a26e6c85ea06ced3528b71c.jpg,0.3883,0.2157,0.9275
251010_070210_0000043536_CAM1_NG_bmp.rf.111ccf737a26e6c85ea06ced3528b71c.jpg,0.3883,0.2157,0.9234
251010_070210_0000043536_CAM1_NG_bmp.rf.111ccf737a26e6c85ea06ced3528b71c.jpg,0.3883,0.2157,0.9232
251010_070210_0000043536_CAM1_NG_bmp.rf.111ccf737a26e6c85ea06ced3528b71c.jpg,0.3883,0.1726,0.9227
251010_070210_0000043536_CAM1_NG_bmp.rf.111ccf737a26e6c85ea06ced3528b71c.jpg,0.3452,0.2157,0.918
251010_070210_0000043536_CAM1_NG_bmp.rf.111ccf737a26e6c85ea06ced3528b71c.jpg,0.302,0.1294,0.9079
251010_070210_0000043536_CAM1_NG_bmp.rf.111ccf737a26e6c85ea06ced3528b71c.jpg,0.3452,0.1726,0.9064
251010_070210_0000043536_CAM1_NG_bmp.rf.111ccf737a26e6c85ea06ced3528b71c.jpg,0.3452,0.2157,0.9064
251010_070210_0000043536_CAM1_NG_bmp.rf.111ccf737a26e6c85ea06ced3528b71c.jpg,0.3452,0.1726,0.9036
251010_070210_0000043536_CAM1_NG_bmp.rf.111ccf737a26e6c85ea06ced3528b71c.jpg,0.302,0.1726,0.9034
251010_070210_0000043536_CAM1_NG_bmp.rf.111ccf737a26e6c85ea06ced3528b71c.jpg,0.3452,0.1726,0.9028
251010_070210_0000043536_CAM1_NG_bmp.rf.111ccf737a26e6c85ea06ced3528b71c.jpg,0.3452,0.1726,0.8998
251010_070210_0000043536_CAM1_NG_bmp.rf.111ccf737a26e6c85ea06ced3528b71c.jpg,0.302,0.1294,0.8963
251010_070210_0000043536_CAM1_NG_bmp.rf.111ccf737a26e6c85ea06ced3528b71c.jpg,0.2589,0.1294,0.8883
251010_070210_0000043536_CAM1_NG_bmp.rf.111ccf737a26e6c85ea06ced3528b71c.jpg,0.302,0.1294,0.8842
251010_070210_0000043536_CAM1_NG_bmp.rf.111ccf737a26e6c85ea06ced3528b71c.jpg,0.302,0.1294,0.884
251010_070210_0000043536_CAM1_NG_bmp.rf.111ccf737a26e6c85ea06ced3528b71c.jpg,0.302,0.1294,0.8834
251010_070210_0000043536_CAM1_NG_bmp.rf.111ccf737a26e6c85ea06ced3528b71c.jpg,0.2589,0.1294,0.8787
251010_070210_0000043536_CAM1_NG_bmp.rf.111ccf737a26e6c85ea06ced3528b71c.jpg,0.302,0.1294,0.8762
251010_070210_0000043536_CAM1_NG_bmp.rf.111ccf737a26e6c85ea06ced3528b71c.jpg,0.3452,0.1726,0.8701
251010_070210_0000043536_CAM1_NG_bmp.rf.111ccf737a26e6c85ea06ced3528b71c.jpg,0.302,0.1726,0.8648
251010_070210_0000043536_CAM1_NG_bmp.rf.111ccf737a26e6c85ea06ced3528b71c.jpg,0.302,0.1294,0.8647
251010_070210_0000043536_CAM1_NG_bmp.rf.111ccf737a26e6c85ea06ced3528b71c.jpg,0.2589,0.1294,0.8614
251010_070210_0000043536_CAM1_NG_bmp.rf.111ccf737a26e6c85ea06ced3528b71c.jpg,0.302,0.1294,0.8612
251010_070210_0000043536_CAM1_NG_bmp.rf.111ccf737a26e6c85ea06ced3528b71c.jpg,0.302,0.1294,0.8511
251010_070210_0000043536_CAM1_NG_bmp.rf.111ccf737a26e6c85ea06ced3528b71c.jpg,0.302,0.1294,0.8253
251010_070210_0000043536_CAM1_NG_bmp.rf.111ccf737a26e6c85ea06ced3528b71c.jpg,0.302,0.1294,0.8006
251010_070210_0000043536_CAM1_NG_bmp.rf.111ccf737a26e6c85ea06ced3528b71c.jpg,0.302,0.1294,0.7343
251010_070210_0000043536_CAM1_NG_bmp.rf.111ccf737a26e6c85ea06ced3528b71c.jpg,0.302,0.1294,0.7074
251010_070210_0000043536_CAM1_NG_bmp.rf.111ccf737a26e6c85ea06ced3528b71c.jpg,0.1294,0.1294,0.6172
251010_070210_0000043536_CAM1_NG_bmp.rf.111ccf737a26e6c85ea06ced3528b71c.jpg,0.302,0.1294,0.6086
251010_070210_0000043536_CAM1_NG_bmp.rf.111ccf737a26e6c85ea06ced3528b71c.jpg,0.302,0.1294,0.5595
251010_114717_0000080378_CAM1_NG_bmp.rf.a39449bd4dc725c174860c7d4fcf8d6e.jpg,0.3452,0.2157,0.7151
251010_114717_0000080378_CAM1_NG_bmp.rf.a39449bd4dc725c174860c7d4fcf8d6e.jpg,0.3452,0.2157,0.6918
251010_114717_0000080378_CAM1_NG_bmp.rf.a39449bd4dc725c174860c7d4fcf8d6e.jpg,0.3883,0.1726,0.6637
251010_114717_0000080378_CAM1_NG_bmp.rf.a39449bd4dc725c174860c7d4fcf8d6e.jpg,0.3452,0.1726,0.6496
251010_114717_0000080378_CAM1_NG_bmp.rf.a39449bd4dc725c174860c7d4fcf8d6e.jpg,0.3452,0.1726,0.5118
251010_125654_0000080828_CAM1_NG_bmp.rf.74040ed1bd206f5264cbecf71fb43789.jpg,0.3452,0.1726,0.9498
251010_125654_0000080828_CAM1_NG_bmp.rf.74040ed1bd206f5264cbecf71fb43789.jpg,0.3883,0.1726,0.9491
251010_125654_0000080828_CAM1_NG_bmp.rf.74040ed1bd206f5264cbecf71fb43789.jpg,0.3452,0.1726,0.945
251010_125654_0000080828_CAM1_NG_bmp.rf.74040ed1bd206f5264cbecf71fb43789.jpg,0.3452,0.1726,0.9381
251010_125654_0000080828_CAM1_NG_bmp.rf.74040ed1bd206f5264cbecf71fb43789.jpg,0.3452,0.1726,0.9315
251010_125654_0000080828_CAM1_NG_bmp.rf.74040ed1bd206f5264cbecf71fb43789.jpg,0.3452,0.1726,0.929
251010_125654_0000080828_CAM1_NG_bmp.rf.74040ed1bd206f5264cbecf71fb43789.jpg,0.3452,0.1726,0.9279
251010_125654_0000080828_CAM1_NG_bmp.rf.74040ed1bd206f5264cbecf71fb43789.jpg,0.302,0.1294,0.9224
251010_125654_0000080828_CAM1_NG_bmp.rf.74040ed1bd206f5264cbecf71fb43789.jpg,0.2589,0.1294,0.9223
251010_125654_0000080828_CAM1_NG_bmp.rf.74040ed1bd206f5264cbecf71fb43789.jpg,0.3452,0.1726,0.9215
251010_125654_0000080828_CAM1_NG_bmp.rf.74040ed1bd206f5264cbecf71fb43789.jpg,0.3452,0.2157,0.9189
251010_125654_0000080828_CAM1_NG_bmp.rf.74040ed1bd206f5264cbecf71fb43789.jpg,0.3452,0.2157,0.9169
251010_125654_0000080828_CAM1_NG_bmp.rf.74040ed1bd206f5264cbecf71fb43789.jpg,0.2589,0.1294,0.9145
251010_125654_0000080828_CAM1_NG_bmp.rf.74040ed1bd206f5264cbecf71fb43789.jpg,0.3452,0.1726,0.9124
251010_125654_0000080828_CAM1_NG_bmp.rf.74040ed1bd206f5264cbecf71fb43789.jpg,0.3452,0.1726,0.9069
251010_125654_0000080828_CAM1_NG_bmp.rf.74040ed1bd206f5264cbecf71fb43789.jpg,0.3452,0.1726,0.9001
251010_125654_0000080828_CAM1_NG_bmp.rf.74040ed1bd206f5264cbecf71fb43789.jpg,0.302,0.1294,0.8996
251010_125654_0000080828_CAM1_NG_bmp.rf.74040ed1bd206f5264cbecf71fb43789.jpg,0.2589,0.1294,0.8992
251010_125654_0000080828_CAM1_NG_bmp.rf.74040ed1bd206f5264cbecf71fb43789.jpg,0.3452,0.2157,0.8967
251010_125654_0000080828_CAM1_NG_bmp.rf.74040ed1bd206f5264cbecf71fb43789.jpg,0.302,0.1294,0.8787
251010_125654_0000080828_CAM1_NG_bmp.rf.74040ed1bd206f5264cbecf71fb43789.jpg,0.302,0.1294,0.8663
251010_125654_0000080828_CAM1_NG_bmp.rf.74040ed1bd206f5264cbecf71fb43789.jpg,0.2589,0.1294,0.8561
251010_125654_0000080828_CAM1_NG_bmp.rf.74040ed1bd206f5264cbecf71fb43789.jpg,0.302,0.1294,0.8509
251010_125654_0000080828_CAM1_NG_bmp.rf.74040ed1bd206f5264cbecf71fb43789.jpg,0.302,0.1294,0.8395
251010_125654_0000080828_CAM1_NG_bmp.rf.74040ed1bd206f5264cbecf71fb43789.jpg,0.302,0.1294,0.8168
251010_125654_0000080828_CAM1_NG_bmp.rf.74040ed1bd206f5264cbecf71fb43789.jpg,0.302,0.1294,0.7918
251010_125654_0000080828_CAM1_NG_bmp.rf.74040ed1bd206f5264cbecf71fb43789.jpg,0.1294,0.1294,0.6086
251010_070214_0000043551_CAM1_NG_bmp.rf.0c76c661ad3f8a14014bb9bc46341c95.jpg,0.3883,0.2157,0.9396
251010_070214_0000043551_CAM1_NG_bmp.rf.0c76c661ad3f8a14014bb9bc46341c95.jpg,0.3883,0.1726,0.9366
251010_070214_0000043551_CAM1_NG_bmp.rf.0c76c661ad3f8a14014bb9bc46341c95.jpg,0.3452,0.1726,0.9335
251010_070214_0000043551_CAM1_NG_bmp.rf.0c76c661ad3f8a14014bb9bc46341c95.jpg,0.3883,0.1726,0.9285
251010_070214_0000043551_CAM1_NG_bmp.rf.0c76c661ad3f8a14014bb9bc46341c95.jpg,0.3452,0.1726,0.9251
251010_070214_0000043551_CAM1_NG_bmp.rf.0c76c661ad3f8a14014bb9bc46341c95.jpg,0.3883,0.1726,0.9204
251010_070214_0000043551_CAM1_NG_bmp.rf.0c76c661ad3f8a14014bb9bc46341c95.jpg,0.3883,0.2157,0.9145
251010_070214_0000043551_CAM1_NG_bmp.rf.0c76c661ad3f8a14014bb9bc46341c95.jpg,0.3452,0.2157,0.9053
251010_070214_0000043551_CAM1_NG_bmp.rf.0c76c661ad3f8a14014bb9bc46341c95.jpg,0.3452,0.2157,0.902
251010_070214_0000043551_CAM1_NG_bmp.rf.0c76c661ad3f8a14014bb9bc46341c95.jpg,0.302,0.1294,0.8983
251010_070214_0000043551_CAM1_NG_bmp.rf.0c76c661ad3f8a14014bb9bc46341c95.jpg,0.2589,0.1294,0.895
251010_070214_0000043551_CAM1_NG_bmp.rf.0c76c661ad3f8a14014bb9bc46341c95.jpg,0.302,0.1294,0.8905
251010_070214_0000043551_CAM1_NG_bmp.rf.0c76c661ad3f8a14014bb9bc46341c95.jpg,0.302,0.1294,0.8903
251010_070214_0000043551_CAM1_NG_bmp.rf.0c76c661ad3f8a14014bb9bc46341c95.jpg,0.302,0.1726,0.8846
251010_070214_0000043551_CAM1_NG_bmp.rf.0c76c661ad3f8a14014bb9bc46341c95.jpg,0.3452,0.2157,0.8816
251010_070214_0000043551_CAM1_NG_bmp.rf.0c76c661ad3f8a14014bb9bc46341c95.jpg,0.3452,0.1726,0.8809
251010_070214_0000043551_CAM1_NG_bmp.rf.0c76c661ad3f8a14014bb9bc46341c95.jpg,0.302,0.1294,0.8765
251010_070214_0000043551_CAM1_NG_bmp.rf.0c76c661ad3f8a14014bb9bc46341c95.jpg,0.3452,0.1726,0.873
251010_070214_0000043551_CAM1_NG_bmp.rf.0c76c661ad3f8a14014bb9bc46341c95.jpg,0.2589,0.1294,0.8722
251010_070214_0000043551_CAM1_NG_bmp.rf.0c76c661ad3f8a14014bb9bc46341c95.jpg,0.302,0.1294,0.8658
251010_070214_0000043551_CAM1_NG_bmp.rf.0c76c661ad3f8a14014bb9bc46341c95.jpg,0.302,0.1294,0.861
251010_070214_0000043551_CAM1_NG_bmp.rf.0c76c661ad3f8a14014bb9bc46341c95.jpg,0.302,0.1294,0.8466
251010_070214_0000043551_CAM1_NG_bmp.rf.0c76c661ad3f8a14014bb9bc46341c95.jpg,0.302,0.1294,0.8463
251010_070214_0000043551_CAM1_NG_bmp.rf.0c76c661ad3f8a14014bb9bc46341c95.jpg,0.302,0.1294,0.844
251010_070214_0000043551_CAM1_NG_bmp.rf.0c76c661ad3f8a14014bb9bc46341c95.jpg,0.302,0.1294,0.8368
251010_070214_0000043551_CAM1_NG_bmp.rf.0c76c661ad3f8a14014bb9bc46341c95.jpg,0.302,0.1294,0.8354
251010_070214_0000043551_CAM1_NG_bmp.rf.0c76c661ad3f8a14014bb9bc46341c95.jpg,0.302,0.1294,0.7927
251010_070214_0000043551_CAM1_NG_bmp.rf.0c76c661ad3f8a14014bb9bc46341c95.jpg,0.302,0.1294,0.7454
251010_070214_0000043551_CAM1_NG_bmp.rf.0c76c661ad3f8a14014bb9bc46341c95.jpg,0.302,0.1294,0.7413
251010_070214_0000043551_CAM1_NG_bmp.rf.0c76c661ad3f8a14014bb9bc46341c95.jpg,0.302,0.1294,0.7394
251010_070214_0000043551_CAM1_NG_bmp.rf.0c76c661ad3f8a14014bb9bc46341c95.jpg,0.302,0.1294,0.6698
251010_114854_0000080389_CAM1_NG_bmp.rf.fd4d65a36a51be766b67b27393610c10.jpg,0.3452,0.1726,0.9398
251010_114854_0000080389_CAM1_NG_bmp.rf.fd4d65a36a51be766b67b27393610c10.jpg,0.3883,0.1726,0.9216
251010_114854_0000080389_CAM1_NG_bmp.rf.fd4d65a36a51be766b67b27393610c10.jpg,0.3452,0.1726,0.9187
251010_114854_0000080389_CAM1_NG_bmp.rf.fd4d65a36a51be766b67b27393610c10.jpg,0.3452,0.2157,0.9184
251010_114854_0000080389_CAM1_NG_bmp.rf.fd4d65a36a51be766b67b27393610c10.jpg,0.3452,0.2157,0.9103
251010_114854_0000080389_CAM1_NG_bmp.rf.fd4d65a36a51be766b67b27393610c10.jpg,0.3452,0.2157,0.896
251010_114854_0000080389_CAM1_NG_bmp.rf.fd4d65a36a51be766b67b27393610c10.jpg,0.2589,0.0863,0.889
251010_114854_0000080389_CAM1_NG_bmp.rf.fd4d65a36a51be766b67b27393610c10.jpg,0.3452,0.1726,0.8853
251010_114854_0000080389_CAM1_NG_bmp.rf.fd4d65a36a51be766b67b27393610c10.jpg,0.3452,0.1726,0.8738
251010_114854_0000080389_CAM1_NG_bmp.rf.fd4d65a36a51be766b67b27393610c10.jpg,0.302,0.1726,0.8678
251010_114854_0000080389_CAM1_NG_bmp.rf.fd4d65a36a51be766b67b27393610c10.jpg,0.3452,0.2157,0.8665
251010_114854_0000080389_CAM1_NG_bmp.rf.fd4d65a36a51be766b67b27393610c10.jpg,0.3883,0.1726,0.8613
251010_114854_0000080389_CAM1_NG_bmp.rf.fd4d65a36a51be766b67b27393610c10.jpg,0.302,0.1294,0.8457
251010_114854_0000080389_CAM1_NG_bmp.rf.fd4d65a36a51be766b67b27393610c10.jpg,0.2589,0.1294,0.8351
251010_114854_0000080389_CAM1_NG_bmp.rf.fd4d65a36a51be766b67b27393610c10.jpg,0.2589,0.1294,0.8329
251010_114854_0000080389_CAM1_NG_bmp.rf.fd4d65a36a51be766b67b27393610c10.jpg,0.302,0.1294,0.8305
251010_114854_0000080389_CAM1_NG_bmp.rf.fd4d65a36a51be766b67b27393610c10.jpg,0.3883,0.2157,0.8262
251010_114854_0000080389_CAM1_NG_bmp.rf.fd4d65a36a51be766b67b27393610c10.jpg,0.302,0.1294,0.8208
251010_114854_0000080389_CAM1_NG_bmp.rf.fd4d65a36a51be766b67b27393610c10.jpg,0.302,0.1294,0.8113
251010_114854_0000080389_CAM1_NG_bmp.rf.fd4d65a36a51be766b67b27393610c10.jpg,0.302,0.1294,0.8026
251010_114854_0000080389_CAM1_NG_bmp.rf.fd4d65a36a51be766b67b27393610c10.jpg,0.302,0.1294,0.7963
251010_114854_0000080389_CAM1_NG_bmp.rf.fd4d65a36a51be766b67b27393610c10.jpg,0.302,0.1726,0.7962
251010_114854_0000080389_CAM1_NG_bmp.rf.fd4d65a36a51be766b67b27393610c10.jpg,0.2589,0.1294,0.7657
251010_114854_0000080389_CAM1_NG_bmp.rf.fd4d65a36a51be766b67b27393610c10.jpg,0.302,0.1294,0.6787
251010_114854_0000080389_CAM1_NG_bmp.rf.fd4d65a36a51be766b67b27393610c10.jpg,0.302,0.1294,0.6202
251010_114854_0000080389_CAM1_NG_bmp.rf.fd4d65a36a51be766b67b27393610c10.jpg,0.3452,0.2157,0.5768
251010_114854_0000080389_CAM1_NG_bmp.rf.fd4d65a36a51be766b67b27393610c10.jpg,0.1294,0.1294,0.5188
251015_020255_0000434172_CAM1_OK_bmp.rf.3e25c5419a1b2decf0df74ffcf1f45d1.jpg,0.302,0.1726,0.9298
251015_020255_0000434172_CAM1_OK_bmp.rf.3e25c5419a1b2decf0df74ffcf1f45d1.jpg,0.3452,0.2157,0.9152
251015_020255_0000434172_CAM1_OK_bmp.rf.3e25c5419a1b2decf0df74ffcf1f45d1.jpg,0.3452,0.1726,0.9096
251015_020255_0000434172_CAM1_OK_bmp.rf.3e25c5419a1b2decf0df74ffcf1f45d1.jpg,0.3883,0.2157,0.9087
251015_020255_0000434172_CAM1_OK_bmp.rf.3e25c5419a1b2decf0df74ffcf1f45d1.jpg,0.3452,0.2157,0.9008
251015_020255_0000434172_CAM1_OK_bmp.rf.3e25c5419a1b2decf0df74ffcf1f45d1.jpg,0.3452,0.1726,0.8952
251015_020255_0000434172_CAM1_OK_bmp.rf.3e25c5419a1b2decf0df74ffcf1f45d1.jpg,0.3452,0.2157,0.89
251015_020255_0000434172_CAM1_OK_bmp.rf.3e25c5419a1b2decf0df74ffcf1f45d1.jpg,0.3452,0.2157,0.8892
251015_020255_0000434172_CAM1_OK_bmp.rf.3e25c5419a1b2decf0df74ffcf1f45d1.jpg,0.3452,0.1726,0.8891
251015_020255_0000434172_CAM1_OK_bmp.rf.3e25c5419a1b2decf0df74ffcf1f45d1.jpg,0.302,0.1294,0.8822
251015_020255_0000434172_CAM1_OK_bmp.rf.3e25c5419a1b2decf0df74ffcf1f45d1.jpg,0.2589,0.1294,0.8802
251015_020255_0000434172_CAM1_OK_bmp.rf.3e25c5419a1b2decf0df74ffcf1f45d1.jpg,0.302,0.1294,0.8727
251015_020255_0000434172_CAM1_OK_bmp.rf.3e25c5419a1b2decf0df74ffcf1f45d1.jpg,0.3452,0.1726,0.8698
251015_020255_0000434172_CAM1_OK_bmp.rf.3e25c5419a1b2decf0df74ffcf1f45d1.jpg,0.302,0.1294,0.8614
251015_020255_0000434172_CAM1_OK_bmp.rf.3e25c5419a1b2decf0df74ffcf1f45d1.jpg,0.302,0.1294,0.8519
251015_020255_0000434172_CAM1_OK_bmp.rf.3e25c5419a1b2decf0df74ffcf1f45d1.jpg,0.2589,0.1294,0.8472
251015_020255_0000434172_CAM1_OK_bmp.rf.3e25c5419a1b2decf0df74ffcf1f45d1.jpg,0.302,0.1294,0.8455
251015_020255_0000434172_CAM1_OK_bmp.rf.3e25c5419a1b2decf0df74ffcf1f45d1.jpg,0.2589,0.1294,0.8445
251015_020255_0000434172_CAM1_OK_bmp.rf.3e25c5419a1b2decf0df74ffcf1f45d1.jpg,0.302,0.2157,0.8384
251015_020255_0000434172_CAM1_OK_bmp.rf.3e25c5419a1b2decf0df74ffcf1f45d1.jpg,0.2589,0.1294,0.8205
251015_020255_0000434172_CAM1_OK_bmp.rf.3e25c5419a1b2decf0df74ffcf1f45d1.jpg,0.302,0.1294,0.8179
251015_020255_0000434172_CAM1_OK_bmp.rf.3e25c5419a1b2decf0df74ffcf1f45d1.jpg,0.3452,0.1726,0.8157
251015_020255_0000434172_CAM1_OK_bmp.rf.3e25c5419a1b2decf0df74ffcf1f45d1.jpg,0.3883,0.2157,0.8114
251015_020255_0000434172_CAM1_OK_bmp.rf.3e25c5419a1b2decf0df74ffcf1f45d1.jpg,0.302,0.1294,0.7937
251015_020255_0000434172_CAM1_OK_bmp.rf.3e25c5419a1b2decf0df74ffcf1f45d1.jpg,0.2589,0.1294,0.7885
251015_020255_0000434172_CAM1_OK_bmp.rf.3e25c5419a1b2decf0df74ffcf1f45d1.jpg,0.302,0.1294,0.7697
251015_020255_0000434172_CAM1_OK_bmp.rf.3e25c5419a1b2decf0df74ffcf1f45d1.jpg,0.302,0.1294,0.7593
251015_020255_0000434172_CAM1_OK_bmp.rf.3e25c5419a1b2decf0df74ffcf1f45d1.jpg,0.2589,0.1294,0.7588
251015_020255_0000434172_CAM1_OK_bmp.rf.3e25c5419a1b2decf0df74ffcf1f45d1.jpg,0.2589,0.1294,0.7406
251015_020255_0000434172_CAM1_OK_bmp.rf.3e25c5419a1b2decf0df74ffcf1f45d1.jpg,0.3452,0.1726,0.74
251015_020255_0000434172_CAM1_OK_bmp.rf.3e25c5419a1b2decf0df74ffcf1f45d1.jpg,0.302,0.1726,0.613
251015_020255_0000434172_CAM1_OK_bmp.rf.3e25c5419a1b2decf0df74ffcf1f45d1.jpg,0.2589,0.1294,0.5545
251010_125651_0000080819_CAM1_NG_bmp.rf.0eba589d1b111a0e85e0e084270c6c6d.jpg,0.3452,0.1726,0.9516
251010_125651_0000080819_CAM1_NG_bmp.rf.0eba589d1b111a0e85e0e084270c6c6d.jpg,0.3452,0.1726,0.948
251010_125651_0000080819_CAM1_NG_bmp.rf.0eba589d1b111a0e85e0e084270c6c6d.jpg,0.3452,0.1726,0.9339
251010_125651_0000080819_CAM1_NG_bmp.rf.0eba589d1b111a0e85e0e084270c6c6d.jpg,0.3452,0.1726,0.9307
251010_125651_0000080819_CAM1_NG_bmp.rf.0eba589d1b111a0e85e0e084270c6c6d.jpg,0.3883,0.2157,0.9274
251010_125651_0000080819_CAM1_NG_bmp.rf.0eba589d1b111a0e85e0e084270c6c6d.jpg,0.3452,0.1726,0.9267
251010_125651_0000080819_CAM1_NG_bmp.rf.0eba589d1b111a0e85e0e084270c6c6d.jpg,0.3452,0.1726,0.9262
251010_125651_0000080819_CAM1_NG_bmp.rf.0eba589d1b111a0e85e0e084270c6c6d.jpg,0.2589,0.1294,0.9217
251010_125651_0000080819_CAM1_NG_bmp.rf.0eba589d1b111a0e85e0e084270c6c6d.jpg,0.302,0.2157,0.9186
251010_125651_0000080819_CAM1_NG_bmp.rf.0eba589d1b111a0e85e0e084270c6c6d.jpg,0.3452,0.1726,0.918
251010_125651_0000080819_CAM1_NG_bmp.rf.0eba589d1b111a0e85e0e084270c6c6d.jpg,0.3452,0.1726,0.9155
251010_125651_0000080819_CAM1_NG_bmp.rf.0eba589d1b111a0e85e0e084270c6c6d.jpg,0.302,0.1294,0.915
251010_125651_0000080819_CAM1_NG_bmp.rf.0eba589d1b111a0e85e0e084270c6c6d.jpg,0.302,0.1294,0.9107
251010_125651_0000080819_CAM1_NG_bmp.rf.0eba589d1b111a0e85e0e084270c6c6d.jpg,0.2589,0.1294,0.9071
251010_125651_0000080819_CAM1_NG_bmp.rf.0eba589d1b111a0e85e0e084270c6c6d.jpg,0.3452,0.2157,0.9064
251010_125651_0000080819_CAM1_NG_bmp.rf.0eba589d1b111a0e85e0e084270c6c6d.jpg,0.3452,0.1726,0.9037
251010_125651_0000080819_CAM1_NG_bmp.rf.0eba589d1b111a0e85e0e084270c6c6d.jpg,0.302,0.1294,0.9031
251010_125651_0000080819_CAM1_NG_bmp.rf.0eba589d1b111a0e85e0e084270c6c6d.jpg,0.2589,0.1294,0.8988
251010_125651_0000080819_CAM1_NG_bmp.rf.0eba589d1b111a0e85e0e084270c6c6d.jpg,0.3452,0.1726,0.8971
251010_125651_0000080819_CAM1_NG_bmp.rf.0eba589d1b111a0e85e0e084270c6c6d.jpg,0.3452,0.2157,0.8899
251010_125651_0000080819_CAM1_NG_bmp.rf.0eba589d1b111a0e85e0e084270c6c6d.jpg,0.2589,0.1294,0.8858
251010_125651_0000080819_CAM1_NG_bmp.rf.0eba589d1b111a0e85e0e084270c6c6d.jpg,0.2589,0.1294,0.8813
251010_125651_0000080819_CAM1_NG_bmp.rf.0eba589d1b111a0e85e0e084270c6c6d.jpg,0.302,0.1294,0.8702
251010_125651_0000080819_CAM1_NG_bmp.rf.0eba589d1b111a0e85e0e084270c6c6d.jpg,0.302,0.1294,0.8336
251010_125651_0000080819_CAM1_NG_bmp.rf.0eba589d1b111a0e85e0e084270c6c6d.jpg,0.2589,0.1294,0.7508
251010_125651_0000080819_CAM1_NG_bmp.rf.0eba589d1b111a0e85e0e084270c6c6d.jpg,0.302,0.1726,0.659
251010_125651_0000080819_CAM1_NG_bmp.rf.0eba589d1b111a0e85e0e084270c6c6d.jpg,0.1294,0.1294,0.649
251015_020248_0000434151_CAM1_OK_bmp.rf.e48eb40157819d8556d1584e39cf9b05.jpg,0.3452,0.2157,0.9231
251015_020248_0000434151_CAM1_OK_bmp.rf.e48eb40157819d8556d1584e39cf9b05.jpg,0.3452,0.1726,0.9145
251015_020248_0000434151_CAM1_OK_bmp.rf.e48eb40157819d8556d1584e39cf9b05.jpg,0.3452,0.2157,0.914
251015_020248_0000434151_CAM1_OK_bmp.rf.e48eb40157819d8556d1584e39cf9b05.jpg,0.3452,0.1726,0.9132
251015_020248_0000434151_CAM1_OK_bmp.rf.e48eb40157819d8556d1584e39cf9b05.jpg,0.3883,0.1726,0.91
251015_020248_0000434151_CAM1_OK_bmp.rf.e48eb40157819d8556d1584e39cf9b05.jpg,0.3452,0.1726,0.9046
251015_020248_0000434151_CAM1_OK_bmp.rf.e48eb40157819d8556d1584e39cf9b05.jpg,0.3452,0.2157,0.8951
251015_020248_0000434151_CAM1_OK_bmp.rf.e48eb40157819d8556d1584e39cf9b05.jpg,0.3452,0.1726,0.8772
251015_020248_0000434151_CAM1_OK_bmp.rf.e48eb40157819d8556d1584e39cf9b05.jpg,0.3452,0.1294,0.875
251015_020248_0000434151_CAM1_OK_bmp.rf.e48eb40157819d8556d1584e39cf9b05.jpg,0.2589,0.1294,0.8685
251015_020248_0000434151_CAM1_OK_bmp.rf.e48eb40157819d8556d1584e39cf9b05.jpg,0.3452,0.2157,0.8661
251015_020248_0000434151_CAM1_OK_bmp.rf.e48eb40157819d8556d1584e39cf9b05.jpg,0.302,0.1294,0.8656
251015_020248_0000434151_CAM1_OK_bmp.rf.e48eb40157819d8556d1584e39cf9b05.jpg,0.3452,0.1726,0.8647
251015_020248_0000434151_CAM1_OK_bmp.rf.e48eb40157819d8556d1584e39cf9b05.jpg,0.3452,0.2157,0.8646
251015_020248_0000434151_CAM1_OK_bmp.rf.e48eb40157819d8556d1584e39cf9b05.jpg,0.302,0.1294,0.8642
251015_020248_0000434151_CAM1_OK_bmp.rf.e48eb40157819d8556d1584e39cf9b05.jpg,0.2589,0.1294,0.8602
251015_020248_0000434151_CAM1_OK_bmp.rf.e48eb40157819d8556d1584e39cf9b05.jpg,0.302,0.2157,0.8575
251015_020248_0000434151_CAM1_OK_bmp.rf.e48eb40157819d8556d1584e39cf9b05.jpg,0.302,0.1294,0.8552
251015_020248_0000434151_CAM1_OK_bmp.rf.e48eb40157819d8556d1584e39cf9b05.jpg,0.302,0.1294,0.8542
251015_020248_0000434151_CAM1_OK_bmp.rf.e48eb40157819d8556d1584e39cf9b05.jpg,0.302,0.1294,0.849
251015_020248_0000434151_CAM1_OK_bmp.rf.e48eb40157819d8556d1584e39cf9b05.jpg,0.2589,0.1726,0.832
251015_020248_0000434151_CAM1_OK_bmp.rf.e48eb40157819d8556d1584e39cf9b05.jpg,0.2589,0.1294,0.7968
251015_020248_0000434151_CAM1_OK_bmp.rf.e48eb40157819d8556d1584e39cf9b05.jpg,0.2589,0.1294,0.7953
251015_020248_0000434151_CAM1_OK_bmp.rf.e48eb40157819d8556d1584e39cf9b05.jpg,0.302,0.1294,0.7884
251015_020248_0000434151_CAM1_OK_bmp.rf.e48eb40157819d8556d1584e39cf9b05.jpg,0.302,0.1294,0.7865
251015_020248_0000434151_CAM1_OK_bmp.rf.e48eb40157819d8556d1584e39cf9b05.jpg,0.2589,0.1294,0.782
251015_020248_0000434151_CAM1_OK_bmp.rf.e48eb40157819d8556d1584e39cf9b05.jpg,0.2589,0.1294,0.7419
251015_020248_0000434151_CAM1_OK_bmp.rf.e48eb40157819d8556d1584e39cf9b05.jpg,0.302,0.1294,0.7002
251015_020248_0000434151_CAM1_OK_bmp.rf.e48eb40157819d8556d1584e39cf9b05.jpg,0.2589,0.1294,0.6095
251015_020248_0000434151_CAM1_OK_bmp.rf.e48eb40157819d8556d1584e39cf9b05.jpg,0.3452,0.1726,0.5409
251015_020248_0000434151_CAM1_OK_bmp.rf.e48eb40157819d8556d1584e39cf9b05.jpg,0.1294,0.1294,0.5047
251010_125658_0000080844_CAM1_NG_bmp.rf.9d3163e59c50e897e7bf1dbd1bfd3b2a.jpg,0.3452,0.1726,0.9494
251010_125658_0000080844_CAM1_NG_bmp.rf.9d3163e59c50e897e7bf1dbd1bfd3b2a.jpg,0.3452,0.2157,0.9456
251010_125658_0000080844_CAM1_NG_bmp.rf.9d3163e59c50e897e7bf1dbd1bfd3b2a.jpg,0.3883,0.1726,0.9444
251010_125658_0000080844_CAM1_NG_bmp.rf.9d3163e59c50e897e7bf1dbd1bfd3b2a.jpg,0.3452,0.1726,0.9436
251010_125658_0000080844_CAM1_NG_bmp.rf.9d3163e59c50e897e7bf1dbd1bfd3b2a.jpg,0.3452,0.1726,0.9335
251010_125658_0000080844_CAM1_NG_bmp.rf.9d3163e59c50e897e7bf1dbd1bfd3b2a.jpg,0.3452,0.1726,0.9284
251010_125658_0000080844_CAM1_NG_bmp.rf.9d3163e59c50e897e7bf1dbd1bfd3b2a.jpg,0.3452,0.1726,0.9274
251010_125658_0000080844_CAM1_NG_bmp.rf.9d3163e59c50e897e7bf1dbd1bfd3b2a.jpg,0.3452,0.1726,0.9253
251010_125658_0000080844_CAM1_NG_bmp.rf.9d3163e59c50e897e7bf1dbd1bfd3b2a.jpg,0.3452,0.1726,0.9219
251010_125658_0000080844_CAM1_NG_bmp.rf.9d3163e59c50e897e7bf1dbd1bfd3b2a.jpg,0.2589,0.1726,0.9186
251010_125658_0000080844_CAM1_NG_bmp.rf.9d3163e59c50e897e7bf1dbd1bfd3b2a.jpg,0.302,0.1294,0.9186
251010_125658_0000080844_CAM1_NG_bmp.rf.9d3163e59c50e897e7bf1dbd1bfd3b2a.jpg,0.2589,0.1294,0.9185
251010_125658_0000080844_CAM1_NG_bmp.rf.9d3163e59c50e897e7bf1dbd1bfd3b2a.jpg,0.3452,0.2157,0.9151
251010_125658_0000080844_CAM1_NG_bmp.rf.9d3163e59c50e897e7bf1dbd1bfd3b2a.jpg,0.3452,0.1726,0.914
251010_125658_0000080844_CAM1_NG_bmp.rf.9d3163e59c50e897e7bf1dbd1bfd3b2a.jpg,0.3452,0.1726,0.9139
251010_125658_0000080844_CAM1_NG_bmp.rf.9d3163e59c50e897e7bf1dbd1bfd3b2a.jpg,0.302,0.1294,0.9106
251010_125658_0000080844_CAM1_NG_bmp.rf.9d3163e59c50e897e7bf1dbd1bfd3b2a.jpg,0.3452,0.2157,0.8914
251010_125658_0000080844_CAM1_NG_bmp.rf.9d3163e59c50e897e7bf1dbd1bfd3b2a.jpg,0.302,0.1294,0.8858
251010_125658_0000080844_CAM1_NG_bmp.rf.9d3163e59c50e897e7bf1dbd1bfd3b2a.jpg,0.2589,0.1294,0.8816
251010_125658_0000080844_CAM1_NG_bmp.rf.9d3163e59c50e897e7bf1dbd1bfd3b2a.jpg,0.2589,0.1294,0.8796
251010_125658_0000080844_CAM1_NG_bmp.rf.9d3163e59c50e897e7bf1dbd1bfd3b2a.jpg,0.2589,0.1294,0.8443
251010_125658_0000080844_CAM1_NG_bmp.rf.9d3163e59c50e897e7bf1dbd1bfd3b2a.jpg,0.302,0.1294,0.8352
251010_125658_0000080844_CAM1_NG_bmp.rf.9d3163e59c50e897e7bf1dbd1bfd3b2a.jpg,0.302,0.1294,0.8203
251010_125658_0000080844_CAM1_NG_bmp.rf.9d3163e59c50e897e7bf1dbd1bfd3b2a.jpg,0.3452,0.1726,0.8146
251010_125658_0000080844_CAM1_NG_bmp.rf.9d3163e59c50e897e7bf1dbd1bfd3b2a.jpg,0.2589,0.1294,0.7773
251010_125658_0000080844_CAM1_NG_bmp.rf.9d3163e59c50e897e7bf1dbd1bfd3b2a.jpg,0.1294,0.1294,0.6776
251010_125658_0000080844_CAM1_NG_bmp.rf.9d3163e59c50e897e7bf1dbd1bfd3b2a.jpg,0.302,0.1726,0.6476
251015_020248_0000434149_CAM1_OK_bmp.rf.a301ce2feaf495dad2304a200eaa3a36.jpg,0.3452,0.2157,0.9286
251015_020248_0000434149_CAM1_OK_bmp.rf.a301ce2feaf495dad2304a200eaa3a36.jpg,0.302,0.1726,0.9266
251015_020248_0000434149_CAM1_OK_bmp.rf.a301ce2feaf495dad2304a200eaa3a36.jpg,0.3452,0.1726,0.9167
251015_020248_0000434149_CAM1_OK_bmp.rf.a301ce2feaf495dad2304a200eaa3a36.jpg,0.3452,0.2157,0.9104
251015_020248_0000434149_CAM1_OK_bmp.rf.a301ce2feaf495dad2304a200eaa3a36.jpg,0.3452,0.1726,0.8959
251015_020248_0000434149_CAM1_OK_bmp.rf.a301ce2feaf495dad2304a200eaa3a36.jpg,0.3452,0.2157,0.89
251015_020248_0000434149_CAM1_OK_bmp.rf.a301ce2feaf495dad2304a200eaa3a36.jpg,0.2589,0.1294,0.8874
251015_020248_0000434149_CAM1_OK_bmp.rf.a301ce2feaf495dad2304a200eaa3a36.jpg,0.302,0.1294,0.8841
251015_020248_0000434149_CAM1_OK_bmp.rf.a301ce2feaf495dad2304a200eaa3a36.jpg,0.3452,0.1294,0.8828
251015_020248_0000434149_CAM1_OK_bmp.rf.a301ce2feaf495dad2304a200eaa3a36.jpg,0.3452,0.1726,0.8819
251015_020248_0000434149_CAM1_OK_bmp.rf.a301ce2feaf495dad2304a200eaa3a36.jpg,0.3452,0.1726,0.8798
251015_020248_0000434149_CAM1_OK_bmp.rf.a301ce2feaf495dad2304a200eaa3a36.jpg,0.3452,0.1726,0.8797
251015_020248_0000434149_CAM1_OK_bmp.rf.a301ce2feaf495dad2304a200eaa3a36.jpg,0.3452,0.2157,0.8733
251015_020248_0000434149_CAM1_OK_bmp.rf.a301ce2feaf495dad2304a200eaa3a36.jpg,0.2589,0.0863,0.8708
251015_020248_0000434149_CAM1_OK_bmp.rf.a301ce2feaf495dad2304a200eaa3a36.jpg,0.3452,0.1726,0.8669
251015_020248_0000434149_CAM1_OK_bmp.rf.a301ce2feaf495dad2304a200eaa3a36.jpg,0.302,0.1294,0.863
251015_020248_0000434149_CAM1_OK_bmp.rf.a301ce2feaf495dad2304a200eaa3a36.jpg,0.302,0.1294,0.8457
251015_020248_0000434149_CAM1_OK_bmp.rf.a301ce2feaf495dad2304a200eaa3a36.jpg,0.302,0.1294,0.8438
251015_020248_0000434149_CAM1_OK_bmp.rf.a301ce2feaf495dad2304a200eaa3a36.jpg,0.2589,0.1726,0.8271
251015_020248_0000434149_CAM1_OK_bmp.rf.a301ce2feaf495dad2304a200eaa3a36.jpg,0.302,0.1294,0.8107
251015_020248_0000434149_CAM1_OK_bmp.rf.a301ce2feaf495dad2304a200eaa3a36.jpg,0.3452,0.2157,0.8102
251015_020248_0000434149_CAM1_OK_bmp.rf.a301ce2feaf495dad2304a200eaa3a36.jpg,0.302,0.1294,0.7839
251015_020248_0000434149_CAM1_OK_bmp.rf.a301ce2feaf495dad2304a200eaa3a36.jpg,0.2589,0.1294,0.7765
251015_020248_0000434149_CAM1_OK_bmp.rf.a301ce2feaf495dad2304a200eaa3a36.jpg,0.2589,0.1294,0.7764
251015_020248_0000434149_CAM1_OK_bmp.rf.a301ce2feaf495dad2304a200eaa3a36.jpg,0.2589,0.1294,0.7748
251015_020248_0000434149_CAM1_OK_bmp.rf.a301ce2feaf495dad2304a200eaa3a36.jpg,0.3883,0.2157,0.7563
251015_020248_0000434149_CAM1_OK_bmp.rf.a301ce2feaf495dad2304a200eaa3a36.jpg,0.302,0.1294,0.7541
251015_020248_0000434149_CAM1_OK_bmp.rf.a301ce2feaf495dad2304a200eaa3a36.jpg,0.2589,0.1294,0.6946
251015_020248_0000434149_CAM1_OK_bmp.rf.a301ce2feaf495dad2304a200eaa3a36.jpg,0.302,0.1726,0.6821
251015_020248_0000434149_CAM1_OK_bmp.rf.a301ce2feaf495dad2304a200eaa3a36.jpg,0.3452,0.1726,0.6615
251015_020248_0000434149_CAM1_OK_bmp.rf.a301ce2feaf495dad2304a200eaa3a36.jpg,0.1726,0.1294,0.5435
251010_125620_0000080712_CAM1_NG_bmp.rf.349d26891908c99a2949c8844feb71c5.jpg,0.302,0.1294,0.9209
251010_125620_0000080712_CAM1_NG_bmp.rf.349d26891908c99a2949c8844feb71c5.jpg,0.3452,0.1726,0.9206
251010_125620_0000080712_CAM1_NG_bmp.rf.349d26891908c99a2949c8844feb71c5.jpg,0.3452,0.1726,0.9199
251010_125620_0000080712_CAM1_NG_bmp.rf.349d26891908c99a2949c8844feb71c5.jpg,0.3452,0.1726,0.9184
251010_125620_0000080712_CAM1_NG_bmp.rf.349d26891908c99a2949c8844feb71c5.jpg,0.3452,0.1726,0.9177
251010_125620_0000080712_CAM1_NG_bmp.rf.349d26891908c99a2949c8844feb71c5.jpg,0.3883,0.1726,0.9098
251010_125620_0000080712_CAM1_NG_bmp.rf.349d26891908c99a2949c8844feb71c5.jpg,0.3452,0.1726,0.9079
251010_125620_0000080712_CAM1_NG_bmp.rf.349d26891908c99a2949c8844feb71c5.jpg,0.302,0.1294,0.9033
251010_125620_0000080712_CAM1_NG_bmp.rf.349d26891908c99a2949c8844feb71c5.jpg,0.3883,0.2157,0.8855
251010_125620_0000080712_CAM1_NG_bmp.rf.349d26891908c99a2949c8844feb71c5.jpg,0.3452,0.1726,0.8754
251010_125620_0000080712_CAM1_NG_bmp.rf.349d26891908c99a2949c8844feb71c5.jpg,0.2589,0.1294,0.8589
251010_125620_0000080712_CAM1_NG_bmp.rf.349d26891908c99a2949c8844feb71c5.jpg,0.302,0.1294,0.8506
251010_125620_0000080712_CAM1_NG_bmp.rf.349d26891908c99a2949c8844feb71c5.jpg,0.3452,0.1726,0.8267
251010_125620_0000080712_CAM1_NG_bmp.rf.349d26891908c99a2949c8844feb71c5.jpg,0.302,0.1294,0.815
251010_125620_0000080712_CAM1_NG_bmp.rf.349d26891908c99a2949c8844feb71c5.jpg,0.2589,0.1294,0.7985
251010_125620_0000080712_CAM1_NG_bmp.rf.349d26891908c99a2949c8844feb71c5.jpg,0.3452,0.1726,0.7819
251010_125620_0000080712_CAM1_NG_bmp.rf.349d26891908c99a2949c8844feb71c5.jpg,0.2589,0.1294,0.7595
251010_125620_0000080712_CAM1_NG_bmp.rf.349d26891908c99a2949c8844feb71c5.jpg,0.302,0.1294,0.694
251010_125620_0000080712_CAM1_NG_bmp.rf.349d26891908c99a2949c8844feb71c5.jpg,0.2589,0.1294,0.6624
251010_125620_0000080712_CAM1_NG_bmp.rf.349d26891908c99a2949c8844feb71c5.jpg,0.3452,0.1726,0.6614
251015_020246_0000434143_CAM1_OK_bmp.rf.59e7d7728ba12be1142ec11eeea52c63.jpg,0.302,0.1726,0.9274
251015_020246_0000434143_CAM1_OK_bmp.rf.59e7d7728ba12be1142ec11eeea52c63.jpg,0.3883,0.1726,0.9149
251015_020246_0000434143_CAM1_OK_bmp.rf.59e7d7728ba12be1142ec11eeea52c63.jpg,0.3452,0.2157,0.9148
251015_020246_0000434143_CAM1_OK_bmp.rf.59e7d7728ba12be1142ec11eeea52c63.jpg,0.3883,0.1726,0.9121
251015_020246_0000434143_CAM1_OK_bmp.rf.59e7d7728ba12be1142ec11eeea52c63.jpg,0.3452,0.2157,0.9103
251015_020246_0000434143_CAM1_OK_bmp.rf.59e7d7728ba12be1142ec11eeea52c63.jpg,0.3452,0.1726,0.8929
251015_020246_0000434143_CAM1_OK_bmp.rf.59e7d7728ba12be1142ec11eeea52c63.jpg,0.3452,0.1726,0.8861
251015_020246_0000434143_CAM1_OK_bmp.rf.59e7d7728ba12be1142ec11eeea52c63.jpg,0.3452,0.1726,0.8788
251015_020246_0000434143_CAM1_OK_bmp.rf.59e7d7728ba12be1142ec11eeea52c63.jpg,0.3452,0.2157,0.8763
251015_020246_0000434143_CAM1_OK_bmp.rf.59e7d7728ba12be1142ec11eeea52c63.jpg,0.302,0.1294,0.8734
251015_020246_0000434143_CAM1_OK_bmp.rf.59e7d7728ba12be1142ec11eeea52c63.jpg,0.2589,0.1294,0.8732
251015_020246_0000434143_CAM1_OK_bmp.rf.59e7d7728ba12be1142ec11eeea52c63.jpg,0.3452,0.2157,0.8727
251015_020246_0000434143_CAM1_OK_bmp.rf.59e7d7728ba12be1142ec11eeea52c63.jpg,0.3452,0.1294,0.8697
251015_020246_0000434143_CAM1_OK_bmp.rf.59e7d7728ba12be1142ec11eeea52c63.jpg,0.2589,0.1294,0.8494
251015_020246_0000434143_CAM1_OK_bmp.rf.59e7d7728ba12be1142ec11eeea52c63.jpg,0.302,0.1294,0.8448
251015_020246_0000434143_CAM1_OK_bmp.rf.59e7d7728ba12be1142ec11eeea52c63.jpg,0.302,0.1294,0.8444
251015_020246_0000434143_CAM1_OK_bmp.rf.59e7d7728ba12be1142ec11eeea52c63.jpg,0.3452,0.1726,0.8363
251015_020246_0000434143_CAM1_OK_bmp.rf.59e7d7728ba12be1142ec11eeea52c63.jpg,0.302,0.2157,0.835
251015_020246_0000434143_CAM1_OK_bmp.rf.59e7d7728ba12be1142ec11eeea52c63.jpg,0.2589,0.1726,0.8246
251015_020246_0000434143_CAM1_OK_bmp.rf.59e7d7728ba12be1142ec11eeea52c63.jpg,0.302,0.1294,0.8207
251015_020246_0000434143_CAM1_OK_bmp.rf.59e7d7728ba12be1142ec11eeea52c63.jpg,0.302,0.1294,0.8201
251015_020246_0000434143_CAM1_OK_bmp.rf.59e7d7728ba12be1142ec11eeea52c63.jpg,0.302,0.1294,0.8096
251015_020246_0000434143_CAM1_OK_bmp.rf.59e7d7728ba12be1142ec11eeea52c63.jpg,0.302,0.1294,0.8032
251015_020246_0000434143_CAM1_OK_bmp.rf.59e7d7728ba12be1142ec11eeea52c63.jpg,0.2589,0.1294,0.7774
251015_020246_0000434143_CAM1_OK_bmp.rf.59e7d7728ba12be1142ec11eeea52c63.jpg,0.2589,0.1294,0.7744
251015_020246_0000434143_CAM1_OK_bmp.rf.59e7d7728ba12be1142ec11eeea52c63.jpg,0.302,0.1294,0.7604
251015_020246_0000434143_CAM1_OK_bmp.rf.59e7d7728ba12be1142ec11eeea52c63.jpg,0.302,0.1294,0.7601
251015_020246_0000434143_CAM1_OK_bmp.rf.59e7d7728ba12be1142ec11eeea52c63.jpg,0.2589,0.1294,0.745
251015_020246_0000434143_CAM1_OK_bmp.rf.59e7d7728ba12be1142ec11eeea52c63.jpg,0.3883,0.1726,0.7025
251015_020246_0000434143_CAM1_OK_bmp.rf.59e7d7728ba12be1142ec11eeea52c63.jpg,0.3452,0.1726,0.6221
251015_020246_0000434143_CAM1_OK_bmp.rf.59e7d7728ba12be1142ec11eeea52c63.jpg,0.302,0.1726,0.5507
251015_020246_0000434143_CAM1_OK_bmp.rf.59e7d7728ba12be1142ec11eeea52c63.jpg,0.2589,0.1294,0.5464
251015_020537_0000434626_CAM1_OK_bmp.rf.5ce906e79af39e60654c3c674c28f843.jpg,0.3452,0.1726,0.9357
251015_020537_0000434626_CAM1_OK_bmp.rf.5ce906e79af39e60654c3c674c28f843.jpg,0.3452,0.1726,0.9135
251015_020537_0000434626_CAM1_OK_bmp.rf.5ce906e79af39e60654c3c674c28f843.jpg,0.3883,0.2157,0.9086
251015_020537_0000434626_CAM1_OK_bmp.rf.5ce906e79af39e60654c3c674c28f843.jpg,0.3883,0.1726,0.9029
251015_020537_0000434626_CAM1_OK_bmp.rf.5ce906e79af39e60654c3c674c28f843.jpg,0.3452,0.2157,0.896
251015_020537_0000434626_CAM1_OK_bmp.rf.5ce906e79af39e60654c3c674c28f843.jpg,0.3452,0.1726,0.8915
251015_020537_0000434626_CAM1_OK_bmp.rf.5ce906e79af39e60654c3c674c28f843.jpg,0.2589,0.1294,0.888
251015_020537_0000434626_CAM1_OK_bmp.rf.5ce906e79af39e60654c3c674c28f843.jpg,0.3452,0.1726,0.8864
251015_020537_0000434626_CAM1_OK_bmp.rf.5ce906e79af39e60654c3c674c28f843.jpg,0.3452,0.1726,0.881
251015_020537_0000434626_CAM1_OK_bmp.rf.5ce906e79af39e60654c3c674c28f843.jpg,0.3452,0.2157,0.878
251015_020537_0000434626_CAM1_OK_bmp.rf.5ce906e79af39e60654c3c674c28f843.jpg,0.302,0.1294,0.8778
251015_020537_0000434626_CAM1_OK_bmp.rf.5ce906e79af39e60654c3c674c28f843.jpg,0.3452,0.1726,0.8733
251015_020537_0000434626_CAM1_OK_bmp.rf.5ce906e79af39e60654c3c674c28f843.jpg,0.302,0.1294,0.8694
251015_020537_0000434626_CAM1_OK_bmp.rf.5ce906e79af39e60654c3c674c28f843.jpg,0.302,0.2157,0.8583
251015_020537_0000434626_CAM1_OK_bmp.rf.5ce906e79af39e60654c3c674c28f843.jpg,0.2589,0.1294,0.8499
251015_020537_0000434626_CAM1_OK_bmp.rf.5ce906e79af39e60654c3c674c28f843.jpg,0.3452,0.1294,0.8481
251015_020537_0000434626_CAM1_OK_bmp.rf.5ce906e79af39e60654c3c674c28f843.jpg,0.302,0.1294,0.8392
251015_020537_0000434626_CAM1_OK_bmp.rf.5ce906e79af39e60654c3c674c28f843.jpg,0.302,0.1294,0.8346
251015_020537_0000434626_CAM1_OK_bmp.rf.5ce906e79af39e60654c3c674c28f843.jpg,0.302,0.1294,0.8264
251015_020537_0000434626_CAM1_OK_bmp.rf.5ce906e79af39e60654c3c674c28f843.jpg,0.302,0.1294,0.8218
251015_020537_0000434626_CAM1_OK_bmp.rf.5ce906e79af39e60654c3c674c28f843.jpg,0.2589,0.1726,0.8171
251015_020537_0000434626_CAM1_OK_bmp.rf.5ce906e79af39e60654c3c674c28f843.jpg,0.2589,0.1294,0.8099
251015_020537_0000434626_CAM1_OK_bmp.rf.5ce906e79af39e60654c3c674c28f843.jpg,0.302,0.1294,0.7607
251015_020537_0000434626_CAM1_OK_bmp.rf.5ce906e79af39e60654c3c674c28f843.jpg,0.2589,0.1294,0.7582
251015_020537_0000434626_CAM1_OK_bmp.rf.5ce906e79af39e60654c3c674c28f843.jpg,0.3452,0.1726,0.648
251015_020537_0000434626_CAM1_OK_bmp.rf.5ce906e79af39e60654c3c674c28f843.jpg,0.2589,0.1294,0.6453
251015_020537_0000434626_CAM1_OK_bmp.rf.5ce906e79af39e60654c3c674c28f843.jpg,0.2589,0.1294,0.6266
251015_020537_0000434626_CAM1_OK_bmp.rf.5ce906e79af39e60654c3c674c28f843.jpg,0.1726,0.1294,0.5445
251010_070206_0000043524_CAM1_NG_bmp.rf.24a867647353b6350540d9692bad8102.jpg,0.3452,0.1726,0.9307
251010_070206_0000043524_CAM1_NG_bmp.rf.24a867647353b6350540d9692bad8102.jpg,0.3883,0.2157,0.9303
251010_070206_0000043524_CAM1_NG_bmp.rf.24a867647353b6350540d9692bad8102.jpg,0.3883,0.1726,0.9262
251010_070206_0000043524_CAM1_NG_bmp.rf.24a867647353b6350540d9692bad8102.jpg,0.3883,0.1726,0.9215
251010_070206_0000043524_CAM1_NG_bmp.rf.24a867647353b6350540d9692bad8102.jpg,0.3883,0.2157,0.9127
251010_070206_0000043524_CAM1_NG_bmp.rf.24a867647353b6350540d9692bad8102.jpg,0.3452,0.1726,0.9114
251010_070206_0000043524_CAM1_NG_bmp.rf.24a867647353b6350540d9692bad8102.jpg,0.3452,0.2157,0.9113
251010_070206_0000043524_CAM1_NG_bmp.rf.24a867647353b6350540d9692bad8102.jpg,0.3452,0.2157,0.9096
251010_070206_0000043524_CAM1_NG_bmp.rf.24a867647353b6350540d9692bad8102.jpg,0.302,0.1294,0.9052
251010_070206_0000043524_CAM1_NG_bmp.rf.24a867647353b6350540d9692bad8102.jpg,0.3452,0.1726,0.9006
251010_070206_0000043524_CAM1_NG_bmp.rf.24a867647353b6350540d9692bad8102.jpg,0.302,0.1294,0.8997
251010_070206_0000043524_CAM1_NG_bmp.rf.24a867647353b6350540d9692bad8102.jpg,0.302,0.1294,0.8992
251010_070206_0000043524_CAM1_NG_bmp.rf.24a867647353b6350540d9692bad8102.jpg,0.3883,0.2157,0.8964
251010_070206_0000043524_CAM1_NG_bmp.rf.24a867647353b6350540d9692bad8102.jpg,0.302,0.1294,0.8963
251010_070206_0000043524_CAM1_NG_bmp.rf.24a867647353b6350540d9692bad8102.jpg,0.2589,0.1294,0.8902
251010_070206_0000043524_CAM1_NG_bmp.rf.24a867647353b6350540d9692bad8102.jpg,0.302,0.1726,0.89
251010_070206_0000043524_CAM1_NG_bmp.rf.24a867647353b6350540d9692bad8102.jpg,0.302,0.1294,0.8888
251010_070206_0000043524_CAM1_NG_bmp.rf.24a867647353b6350540d9692bad8102.jpg,0.3452,0.2157,0.8807
251010_070206_0000043524_CAM1_NG_bmp.rf.24a867647353b6350540d9692bad8102.jpg,0.2589,0.1294,0.8755
251010_070206_0000043524_CAM1_NG_bmp.rf.24a867647353b6350540d9692bad8102.jpg,0.302,0.1294,0.8695
251010_070206_0000043524_CAM1_NG_bmp.rf.24a867647353b6350540d9692bad8102.jpg,0.302,0.1294,0.8691
251010_070206_0000043524_CAM1_NG_bmp.rf.24a867647353b6350540d9692bad8102.jpg,0.302,0.1294,0.8651
251010_070206_0000043524_CAM1_NG_bmp.rf.24a867647353b6350540d9692bad8102.jpg,0.302,0.1294,0.8643
251010_070206_0000043524_CAM1_NG_bmp.rf.24a867647353b6350540d9692bad8102.jpg,0.3452,0.1726,0.8617
251010_070206_0000043524_CAM1_NG_bmp.rf.24a867647353b6350540d9692bad8102.jpg,0.302,0.1294,0.8558
251010_070206_0000043524_CAM1_NG_bmp.rf.24a867647353b6350540d9692bad8102.jpg,0.302,0.1726,0.8538
251010_070206_0000043524_CAM1_NG_bmp.rf.24a867647353b6350540d9692bad8102.jpg,0.302,0.1294,0.812
251010_070206_0000043524_CAM1_NG_bmp.rf.24a867647353b6350540d9692bad8102.jpg,0.302,0.1294,0.8038
251010_070206_0000043524_CAM1_NG_bmp.rf.24a867647353b6350540d9692bad8102.jpg,0.302,0.1294,0.8022
251010_070206_0000043524_CAM1_NG_bmp.rf.24a867647353b6350540d9692bad8102.jpg,0.302,0.1294,0.7185
251010_070206_0000043524_CAM1_NG_bmp.rf.24a867647353b6350540d9692bad8102.jpg,0.302,0.1294,0.6791
251010_070206_0000043524_CAM1_NG_bmp.rf.24a867647353b6350540d9692bad8102.jpg,0.1294,0.1726,0.5213
251010_070153_0000043480_CAM1_NG_bmp.rf.ea2c568c7e8213668db99beb1ceca0cb.jpg,0.3883,0.2157,0.9362
251010_070153_0000043480_CAM1_NG_bmp.rf.ea2c568c7e8213668db99beb1ceca0cb.jpg,0.3452,0.2157,0.9285
251010_070153_0000043480_CAM1_NG_bmp.rf.ea2c568c7e8213668db99beb1ceca0cb.jpg,0.3883,0.2157,0.9279
251010_070153_0000043480_CAM1_NG_bmp.rf.ea2c568c7e8213668db99beb1ceca0cb.jpg,0.3452,0.1726,0.9266
251010_070153_0000043480_CAM1_NG_bmp.rf.ea2c568c7e8213668db99beb1ceca0cb.jpg,0.3883,0.2157,0.924
251010_070153_0000043480_CAM1_NG_bmp.rf.ea2c568c7e8213668db99beb1ceca0cb.jpg,0.3883,0.1726,0.9226
251010_070153_0000043480_CAM1_NG_bmp.rf.ea2c568c7e8213668db99beb1ceca0cb.jpg,0.3452,0.2157,0.9214
251010_070153_0000043480_CAM1_NG_bmp.rf.ea2c568c7e8213668db99beb1ceca0cb.jpg,0.302,0.1294,0.919
251010_070153_0000043480_CAM1_NG_bmp.rf.ea2c568c7e8213668db99beb1ceca0cb.jpg,0.3452,0.1726,0.9031
251010_070153_0000043480_CAM1_NG_bmp.rf.ea2c568c7e8213668db99beb1ceca0cb.jpg,0.302,0.1294,0.897
251010_070153_0000043480_CAM1_NG_bmp.rf.ea2c568c7e8213668db99beb1ceca0cb.jpg,0.302,0.1294,0.8969
251010_070153_0000043480_CAM1_NG_bmp.rf.ea2c568c7e8213668db99beb1ceca0cb.jpg,0.3452,0.1726,0.8935
251010_070153_0000043480_CAM1_NG_bmp.rf.ea2c568c7e8213668db99beb1ceca0cb.jpg,0.302,0.1294,0.892
251010_070153_0000043480_CAM1_NG_bmp.rf.ea2c568c7e8213668db99beb1ceca0cb.jpg,0.302,0.1294,0.8867
251010_070153_0000043480_CAM1_NG_bmp.rf.ea2c568c7e8213668db99beb1ceca0cb.jpg,0.302,0.1294,0.8863
251010_070153_0000043480_CAM1_NG_bmp.rf.ea2c568c7e8213668db99beb1ceca0cb.jpg,0.302,0.1726,0.8839
251010_070153_0000043480_CAM1_NG_bmp.rf.ea2c568c7e8213668db99beb1ceca0cb.jpg,0.302,0.1294,0.8813
251010_070153_0000043480_CAM1_NG_bmp.rf.ea2c568c7e8213668db99beb1ceca0cb.jpg,0.302,0.1294,0.8783
251010_070153_0000043480_CAM1_NG_bmp.rf.ea2c568c7e8213668db99beb1ceca0cb.jpg,0.2589,0.1294,0.8772
251010_070153_0000043480_CAM1_NG_bmp.rf.ea2c568c7e8213668db99beb1ceca0cb.jpg,0.3452,0.1726,0.8764
251010_070153_0000043480_CAM1_NG_bmp.rf.ea2c568c7e8213668db99beb1ceca0cb.jpg,0.3452,0.2157,0.8726
251010_070153_0000043480_CAM1_NG_bmp.rf.ea2c568c7e8213668db99beb1ceca0cb.jpg,0.302,0.1294,0.8547
251010_070153_0000043480_CAM1_NG_bmp.rf.ea2c568c7e8213668db99beb1ceca0cb.jpg,0.302,0.1294,0.8541
251010_070153_0000043480_CAM1_NG_bmp.rf.ea2c568c7e8213668db99beb1ceca0cb.jpg,0.3452,0.1726,0.8469
251010_070153_0000043480_CAM1_NG_bmp.rf.ea2c568c7e8213668db99beb1ceca0cb.jpg,0.302,0.1294,0.8388
251010_070153_0000043480_CAM1_NG_bmp.rf.ea2c568c7e8213668db99beb1ceca0cb.jpg,0.302,0.1294,0.8372
251010_070153_0000043480_CAM1_NG_bmp.rf.ea2c568c7e8213668db99beb1ceca0cb.jpg,0.302,0.1294,0.8297
251010_070153_0000043480_CAM1_NG_bmp.rf.ea2c568c7e8213668db99beb1ceca0cb.jpg,0.302,0.1726,0.8074
251010_070153_0000043480_CAM1_NG_bmp.rf.ea2c568c7e8213668db99beb1ceca0cb.jpg,0.302,0.1294,0.7997
251010_070153_0000043480_CAM1_NG_bmp.rf.ea2c568c7e8213668db99beb1ceca0cb.jpg,0.302,0.1294,0.7865
251010_070153_0000043480_CAM1_NG_bmp.rf.ea2c568c7e8213668db99beb1ceca0cb.jpg,0.302,0.1294,0.741
251010_070153_0000043480_CAM1_NG_bmp.rf.ea2c568c7e8213668db99beb1ceca0cb.jpg,0.302,0.1294,0.6939
251010_070153_0000043480_CAM1_NG_bmp.rf.ea2c568c7e8213668db99beb1ceca0cb.jpg,0.302,0.1294,0.6774
251010_070153_0000043480_CAM1_NG_bmp.rf.ea2c568c7e8213668db99beb1ceca0cb.jpg,0.1294,0.1294,0.5914
251010_070153_0000043480_CAM1_NG_bmp.rf.ea2c568c7e8213668db99beb1ceca0cb.jpg,0.1726,0.1726,0.5373
251010_114830_0000080385_CAM1_NG_bmp.rf.71ce8fd4a48f586f9779000bbbb9cea2.jpg,0.3452,0.1726,0.9277
251010_114830_0000080385_CAM1_NG_bmp.rf.71ce8fd4a48f586f9779000bbbb9cea2.jpg,0.3883,0.1726,0.9206
251010_114830_0000080385_CAM1_NG_bmp.rf.71ce8fd4a48f586f9779000bbbb9cea2.jpg,0.3452,0.1726,0.9147
251010_114830_0000080385_CAM1_NG_bmp.rf.71ce8fd4a48f586f9779000bbbb9cea2.jpg,0.302,0.1294,0.9071
251010_114830_0000080385_CAM1_NG_bmp.rf.71ce8fd4a48f586f9779000bbbb9cea2.jpg,0.3452,0.2157,0.9041
251010_114830_0000080385_CAM1_NG_bmp.rf.71ce8fd4a48f586f9779000bbbb9cea2.jpg,0.2589,0.1294,0.8989
251010_114830_0000080385_CAM1_NG_bmp.rf.71ce8fd4a48f586f9779000bbbb9cea2.jpg,0.3883,0.2157,0.8921
251010_114830_0000080385_CAM1_NG_bmp.rf.71ce8fd4a48f586f9779000bbbb9cea2.jpg,0.3452,0.2157,0.888
251010_114830_0000080385_CAM1_NG_bmp.rf.71ce8fd4a48f586f9779000bbbb9cea2.jpg,0.3452,0.2157,0.8772
251010_114830_0000080385_CAM1_NG_bmp.rf.71ce8fd4a48f586f9779000bbbb9cea2.jpg,0.3452,0.1726,0.8677
251010_114830_0000080385_CAM1_NG_bmp.rf.71ce8fd4a48f586f9779000bbbb9cea2.jpg,0.302,0.1294,0.8651
251010_114830_0000080385_CAM1_NG_bmp.rf.71ce8fd4a48f586f9779000bbbb9cea2.jpg,0.3452,0.1726,0.8589
251010_114830_0000080385_CAM1_NG_bmp.rf.71ce8fd4a48f586f9779000bbbb9cea2.jpg,0.3452,0.1726,0.8562
251010_114830_0000080385_CAM1_NG_bmp.rf.71ce8fd4a48f586f9779000bbbb9cea2.jpg,0.302,0.1726,0.8266
251010_114830_0000080385_CAM1_NG_bmp.rf.71ce8fd4a48f586f9779000bbbb9cea2.jpg,0.3883,0.1726,0.8256
251010_114830_0000080385_CAM1_NG_bmp.rf.71ce8fd4a48f586f9779000bbbb9cea2.jpg,0.302,0.1294,0.8241
251010_114830_0000080385_CAM1_NG_bmp.rf.71ce8fd4a48f586f9779000bbbb9cea2.jpg,0.302,0.1294,0.8043
251010_114830_0000080385_CAM1_NG_bmp.rf.71ce8fd4a48f586f9779000bbbb9cea2.jpg,0.3452,0.1726,0.7766
251010_114830_0000080385_CAM1_NG_bmp.rf.71ce8fd4a48f586f9779000bbbb9cea2.jpg,0.2589,0.1294,0.7701
251010_114830_0000080385_CAM1_NG_bmp.rf.71ce8fd4a48f586f9779000bbbb9cea2.jpg,0.2589,0.0863,0.7507
251010_114830_0000080385_CAM1_NG_bmp.rf.71ce8fd4a48f586f9779000bbbb9cea2.jpg,0.2589,0.1294,0.7506
251010_114830_0000080385_CAM1_NG_bmp.rf.71ce8fd4a48f586f9779000bbbb9cea2.jpg,0.3883,0.2157,0.7494
251010_114830_0000080385_CAM1_NG_bmp.rf.71ce8fd4a48f586f9779000bbbb9cea2.jpg,0.3452,0.1726,0.7461
251010_114830_0000080385_CAM1_NG_bmp.rf.71ce8fd4a48f586f9779000bbbb9cea2.jpg,0.302,0.1294,0.6129
251010_114830_0000080385_CAM1_NG_bmp.rf.71ce8fd4a48f586f9779000bbbb9cea2.jpg,0.302,0.1294,0.6108
251010_114830_0000080385_CAM1_NG_bmp.rf.71ce8fd4a48f586f9779000bbbb9cea2.jpg,0.302,0.1294,0.5977
251010_114830_0000080385_CAM1_NG_bmp.rf.71ce8fd4a48f586f9779000bbbb9cea2.jpg,0.302,0.1294,0.5481
251010_114830_0000080385_CAM1_NG_bmp.rf.71ce8fd4a48f586f9779000bbbb9cea2.jpg,0.302,0.1294,0.547
251010_114830_0000080385_CAM1_NG_bmp.rf.71ce8fd4a48f586f9779000bbbb9cea2.jpg,0.2589,0.1294,0.5467
251010_114830_0000080385_CAM1_NG_bmp.rf.71ce8fd4a48f586f9779000bbbb9cea2.jpg,0.302,0.1294,0.5031
251010_125641_0000080786_CAM1_NG_bmp.rf.87df03ce286e74683c9f39b7a61c0e76.jpg,0.3452,0.2157,0.9471
251010_125641_0000080786_CAM1_NG_bmp.rf.87df03ce286e74683c9f39b7a61c0e76.jpg,0.3452,0.1726,0.9402
251010_125641_0000080786_CAM1_NG_bmp.rf.87df03ce286e74683c9f39b7a61c0e76.jpg,0.3452,0.1726,0.9348
251010_125641_0000080786_CAM1_NG_bmp.rf.87df03ce286e74683c9f39b7a61c0e76.jpg,0.3452,0.1726,0.9347
251010_125641_0000080786_CAM1_NG_bmp.rf.87df03ce286e74683c9f39b7a61c0e76.jpg,0.3452,0.2157,0.9343
251010_125641_0000080786_CAM1_NG_bmp.rf.87df03ce286e74683c9f39b7a61c0e76.jpg,0.3883,0.1726,0.9322
251010_125641_0000080786_CAM1_NG_bmp.rf.87df03ce286e74683c9f39b7a61c0e76.jpg,0.3452,0.1726,0.9277
251010_125641_0000080786_CAM1_NG_bmp.rf.87df03ce286e74683c9f39b7a61c0e76.jpg,0.302,0.1294,0.9243
251010_125641_0000080786_CAM1_NG_bmp.rf.87df03ce286e74683c9f39b7a61c0e76.jpg,0.3452,0.1726,0.9235
251010_125641_0000080786_CAM1_NG_bmp.rf.87df03ce286e74683c9f39b7a61c0e76.jpg,0.3452,0.1726,0.9197
251010_125641_0000080786_CAM1_NG_bmp.rf.87df03ce286e74683c9f39b7a61c0e76.jpg,0.3452,0.2157,0.9116
251010_125641_0000080786_CAM1_NG_bmp.rf.87df03ce286e74683c9f39b7a61c0e76.jpg,0.302,0.1726,0.9114
251010_125641_0000080786_CAM1_NG_bmp.rf.87df03ce286e74683c9f39b7a61c0e76.jpg,0.3452,0.1726,0.908
251010_125641_0000080786_CAM1_NG_bmp.rf.87df03ce286e74683c9f39b7a61c0e76.jpg,0.302,0.1294,0.907
251010_125641_0000080786_CAM1_NG_bmp.rf.87df03ce286e74683c9f39b7a61c0e76.jpg,0.302,0.1726,0.8994
251010_125641_0000080786_CAM1_NG_bmp.rf.87df03ce286e74683c9f39b7a61c0e76.jpg,0.302,0.1294,0.8987
251010_125641_0000080786_CAM1_NG_bmp.rf.87df03ce286e74683c9f39b7a61c0e76.jpg,0.3452,0.1726,0.8979
251010_125641_0000080786_CAM1_NG_bmp.rf.87df03ce286e74683c9f39b7a61c0e76.jpg,0.302,0.1294,0.8957
251010_125641_0000080786_CAM1_NG_bmp.rf.87df03ce286e74683c9f39b7a61c0e76.jpg,0.2589,0.1294,0.8941
251010_125641_0000080786_CAM1_NG_bmp.rf.87df03ce286e74683c9f39b7a61c0e76.jpg,0.302,0.1294,0.8842
251010_125641_0000080786_CAM1_NG_bmp.rf.87df03ce286e74683c9f39b7a61c0e76.jpg,0.2589,0.1294,0.882
251010_125641_0000080786_CAM1_NG_bmp.rf.87df03ce286e74683c9f39b7a61c0e76.jpg,0.2589,0.1294,0.8687
251010_125641_0000080786_CAM1_NG_bmp.rf.87df03ce286e74683c9f39b7a61c0e76.jpg,0.302,0.1726,0.8605
251010_125641_0000080786_CAM1_NG_bmp.rf.87df03ce286e74683c9f39b7a61c0e76.jpg,0.3452,0.1726,0.8528
251010_125641_0000080786_CAM1_NG_bmp.rf.87df03ce286e74683c9f39b7a61c0e76.jpg,0.2589,0.1294,0.8307
251010_125641_0000080786_CAM1_NG_bmp.rf.87df03ce286e74683c9f39b7a61c0e76.jpg,0.2589,0.1294,0.7303
251010_125641_0000080786_CAM1_NG_bmp.rf.87df03ce286e74683c9f39b7a61c0e76.jpg,0.2589,0.1294,0.6524
251010_125641_0000080786_CAM1_NG_bmp.rf.87df03ce286e74683c9f39b7a61c0e76.jpg,0.2589,0.1294,0.5747
251010_120817_0000080447_CAM1_NG_bmp.rf.87caadafd93c232fe593ca1c0cc84980.jpg,0.3452,0.1726,0.9476
251010_120817_0000080447_CAM1_NG_bmp.rf.87caadafd93c232fe593ca1c0cc84980.jpg,0.3452,0.2157,0.9455
251010_120817_0000080447_CAM1_NG_bmp.rf.87caadafd93c232fe593ca1c0cc84980.jpg,0.3452,0.1726,0.9375
251010_120817_0000080447_CAM1_NG_bmp.rf.87caadafd93c232fe593ca1c0cc84980.jpg,0.3452,0.1726,0.9343
251010_120817_0000080447_CAM1_NG_bmp.rf.87caadafd93c232fe593ca1c0cc84980.jpg,0.3883,0.2157,0.927
251010_120817_0000080447_CAM1_NG_bmp.rf.87caadafd93c232fe593ca1c0cc84980.jpg,0.3452,0.2157,0.9146
251010_120817_0000080447_CAM1_NG_bmp.rf.87caadafd93c232fe593ca1c0cc84980.jpg,0.3452,0.1726,0.8835
251010_120817_0000080447_CAM1_NG_bmp.rf.87caadafd93c232fe593ca1c0cc84980.jpg,0.2589,0.0863,0.8612
251010_120817_0000080447_CAM1_NG_bmp.rf.87caadafd93c232fe593ca1c0cc84980.jpg,0.2589,0.1294,0.8253
251010_120817_0000080447_CAM1_NG_bmp.rf.87caadafd93c232fe593ca1c0cc84980.jpg,0.302,0.1294,0.8164
251010_120817_0000080447_CAM1_NG_bmp.rf.87caadafd93c232fe593ca1c0cc84980.jpg,0.2589,0.1294,0.8009
251010_120817_0000080447_CAM1_NG_bmp.rf.87caadafd93c232fe593ca1c0cc84980.jpg,0.302,0.1294,0.7972
251010_120817_0000080447_CAM1_NG_bmp.rf.87caadafd93c232fe593ca1c0cc84980.jpg,0.2589,0.1294,0.7865
251010_120817_0000080447_CAM1_NG_bmp.rf.87caadafd93c232fe593ca1c0cc84980.jpg,0.1294,0.1726,0.6734
251010_120817_0000080447_CAM1_NG_bmp.rf.87caadafd93c232fe593ca1c0cc84980.jpg,0.2589,0.1294,0.6673
251010_120817_0000080447_CAM1_NG_bmp.rf.87caadafd93c232fe593ca1c0cc84980.jpg,0.2589,0.1294,0.6402
251010_120817_0000080447_CAM1_NG_bmp.rf.87caadafd93c232fe593ca1c0cc84980.jpg,0.302,0.1294,0.6285
251010_120817_0000080447_CAM1_NG_bmp.rf.87caadafd93c232fe593ca1c0cc84980.jpg,0.2589,0.1294,0.5749
251010_120817_0000080447_CAM1_NG_bmp.rf.87caadafd93c232fe593ca1c0cc84980.jpg,0.2589,0.1294,0.5075
251010_125701_0000080854_CAM1_NG_bmp.rf.6f3d5ad64ad213f983dc1de9599532b9.jpg,0.3452,0.1726,0.9551
251010_125701_0000080854_CAM1_NG_bmp.rf.6f3d5ad64ad213f983dc1de9599532b9.jpg,0.3452,0.1726,0.9548
251010_125701_0000080854_CAM1_NG_bmp.rf.6f3d5ad64ad213f983dc1de9599532b9.jpg,0.3452,0.1726,0.9453
251010_125701_0000080854_CAM1_NG_bmp.rf.6f3d5ad64ad213f983dc1de9599532b9.jpg,0.3452,0.2157,0.9356
251010_125701_0000080854_CAM1_NG_bmp.rf.6f3d5ad64ad213f983dc1de9599532b9.jpg,0.3452,0.1726,0.9324
251010_125701_0000080854_CAM1_NG_bmp.rf.6f3d5ad64ad213f983dc1de9599532b9.jpg,0.3452,0.1726,0.9317
251010_125701_0000080854_CAM1_NG_bmp.rf.6f3d5ad64ad213f983dc1de9599532b9.jpg,0.3452,0.1726,0.929
251010_125701_0000080854_CAM1_NG_bmp.rf.6f3d5ad64ad213f983dc1de9599532b9.jpg,0.302,0.1294,0.9253
251010_125701_0000080854_CAM1_NG_bmp.rf.6f3d5ad64ad213f983dc1de9599532b9.jpg,0.3452,0.1726,0.925
251010_125701_0000080854_CAM1_NG_bmp.rf.6f3d5ad64ad213f983dc1de9599532b9.jpg,0.3452,0.1726,0.9242
251010_125701_0000080854_CAM1_NG_bmp.rf.6f3d5ad64ad213f983dc1de9599532b9.jpg,0.3452,0.1726,0.9231
251010_125701_0000080854_CAM1_NG_bmp.rf.6f3d5ad64ad213f983dc1de9599532b9.jpg,0.2589,0.1294,0.9062
251010_125701_0000080854_CAM1_NG_bmp.rf.6f3d5ad64ad213f983dc1de9599532b9.jpg,0.3452,0.1726,0.9006
251010_125701_0000080854_CAM1_NG_bmp.rf.6f3d5ad64ad213f983dc1de9599532b9.jpg,0.302,0.1294,0.8995
251010_125701_0000080854_CAM1_NG_bmp.rf.6f3d5ad64ad213f983dc1de9599532b9.jpg,0.2589,0.0863,0.8966
251010_125701_0000080854_CAM1_NG_bmp.rf.6f3d5ad64ad213f983dc1de9599532b9.jpg,0.302,0.1294,0.89
251010_125701_0000080854_CAM1_NG_bmp.rf.6f3d5ad64ad213f983dc1de9599532b9.jpg,0.302,0.1294,0.8788
251010_125701_0000080854_CAM1_NG_bmp.rf.6f3d5ad64ad213f983dc1de9599532b9.jpg,0.3452,0.2157,0.8755
251010_125701_0000080854_CAM1_NG_bmp.rf.6f3d5ad64ad213f983dc1de9599532b9.jpg,0.3452,0.1726,0.8441
251010_125701_0000080854_CAM1_NG_bmp.rf.6f3d5ad64ad213f983dc1de9599532b9.jpg,0.2589,0.1294,0.8382
251010_125701_0000080854_CAM1_NG_bmp.rf.6f3d5ad64ad213f983dc1de9599532b9.jpg,0.302,0.1294,0.8251
251010_125701_0000080854_CAM1_NG_bmp.rf.6f3d5ad64ad213f983dc1de9599532b9.jpg,0.2589,0.1294,0.8137
251010_125701_0000080854_CAM1_NG_bmp.rf.6f3d5ad64ad213f983dc1de9599532b9.jpg,0.1726,0.1294,0.7205
251010_125701_0000080854_CAM1_NG_bmp.rf.6f3d5ad64ad213f983dc1de9599532b9.jpg,0.302,0.1726,0.7182
251010_125701_0000080854_CAM1_NG_bmp.rf.6f3d5ad64ad213f983dc1de9599532b9.jpg,0.2589,0.1294,0.6689
251010_125701_0000080854_CAM1_NG_bmp.rf.6f3d5ad64ad213f983dc1de9599532b9.jpg,0.3452,0.1726,0.5407
251010_124908_0000080563_CAM1_NG_bmp.rf.a08130b9e2374ebc7375f701fba0d198.jpg,0.3452,0.1726,0.9479
251010_124908_0000080563_CAM1_NG_bmp.rf.a08130b9e2374ebc7375f701fba0d198.jpg,0.3883,0.1726,0.9415
251010_124908_0000080563_CAM1_NG_bmp.rf.a08130b9e2374ebc7375f701fba0d198.jpg,0.3452,0.2157,0.9342
251010_124908_0000080563_CAM1_NG_bmp.rf.a08130b9e2374ebc7375f701fba0d198.jpg,0.3452,0.1726,0.9327
251010_124908_0000080563_CAM1_NG_bmp.rf.a08130b9e2374ebc7375f701fba0d198.jpg,0.3883,0.2157,0.93
251010_124908_0000080563_CAM1_NG_bmp.rf.a08130b9e2374ebc7375f701fba0d198.jpg,0.3452,0.1726,0.9225
251010_124908_0000080563_CAM1_NG_bmp.rf.a08130b9e2374ebc7375f701fba0d198.jpg,0.3452,0.1726,0.91
251010_124908_0000080563_CAM1_NG_bmp.rf.a08130b9e2374ebc7375f701fba0d198.jpg,0.3452,0.2157,0.9061
251010_124908_0000080563_CAM1_NG_bmp.rf.a08130b9e2374ebc7375f701fba0d198.jpg,0.3452,0.1726,0.9052
251010_124908_0000080563_CAM1_NG_bmp.rf.a08130b9e2374ebc7375f701fba0d198.jpg,0.3883,0.1726,0.9026
251010_124908_0000080563_CAM1_NG_bmp.rf.a08130b9e2374ebc7375f701fba0d198.jpg,0.302,0.1294,0.9015
251010_124908_0000080563_CAM1_NG_bmp.rf.a08130b9e2374ebc7375f701fba0d198.jpg,0.3452,0.1726,0.8968
251010_124908_0000080563_CAM1_NG_bmp.rf.a08130b9e2374ebc7375f701fba0d198.jpg,0.3452,0.2157,0.8832
251010_124908_0000080563_CAM1_NG_bmp.rf.a08130b9e2374ebc7375f701fba0d198.jpg,0.2589,0.1294,0.8806
251010_124908_0000080563_CAM1_NG_bmp.rf.a08130b9e2374ebc7375f701fba0d198.jpg,0.302,0.1726,0.8707
251010_124908_0000080563_CAM1_NG_bmp.rf.a08130b9e2374ebc7375f701fba0d198.jpg,0.302,0.1294,0.8696
251010_124908_0000080563_CAM1_NG_bmp.rf.a08130b9e2374ebc7375f701fba0d198.jpg,0.2589,0.1294,0.8617
251010_124908_0000080563_CAM1_NG_bmp.rf.a08130b9e2374ebc7375f701fba0d198.jpg,0.3452,0.1726,0.8522
251010_124908_0000080563_CAM1_NG_bmp.rf.a08130b9e2374ebc7375f701fba0d198.jpg,0.302,0.1726,0.8184
251010_124908_0000080563_CAM1_NG_bmp.rf.a08130b9e2374ebc7375f701fba0d198.jpg,0.2589,0.1294,0.8004
251010_124908_0000080563_CAM1_NG_bmp.rf.a08130b9e2374ebc7375f701fba0d198.jpg,0.302,0.1294,0.7939
251010_124908_0000080563_CAM1_NG_bmp.rf.a08130b9e2374ebc7375f701fba0d198.jpg,0.302,0.1726,0.7904
251010_124908_0000080563_CAM1_NG_bmp.rf.a08130b9e2374ebc7375f701fba0d198.jpg,0.302,0.1294,0.7677
251010_124908_0000080563_CAM1_NG_bmp.rf.a08130b9e2374ebc7375f701fba0d198.jpg,0.302,0.1294,0.7609
251010_124908_0000080563_CAM1_NG_bmp.rf.a08130b9e2374ebc7375f701fba0d198.jpg,0.2589,0.1294,0.6815
251010_124908_0000080563_CAM1_NG_bmp.rf.a08130b9e2374ebc7375f701fba0d198.jpg,0.3883,0.1726,0.6171
251010_124908_0000080563_CAM1_NG_bmp.rf.a08130b9e2374ebc7375f701fba0d198.jpg,0.1294,0.1294,0.5276
251015_020257_0000434179_CAM1_OK_bmp.rf.2b4d35f1990f2ba115f777c2716057f0.jpg,0.302,0.1726,0.9235
251015_020257_0000434179_CAM1_OK_bmp.rf.2b4d35f1990f2ba115f777c2716057f0.jpg,0.3452,0.1726,0.9169
251015_020257_0000434179_CAM1_OK_bmp.rf.2b4d35f1990f2ba115f777c2716057f0.jpg,0.3883,0.1726,0.9166
251015_020257_0000434179_CAM1_OK_bmp.rf.2b4d35f1990f2ba115f777c2716057f0.jpg,0.3452,0.1726,0.9135
251015_020257_0000434179_CAM1_OK_bmp.rf.2b4d35f1990f2ba115f777c2716057f0.jpg,0.3452,0.1726,0.9089
251015_020257_0000434179_CAM1_OK_bmp.rf.2b4d35f1990f2ba115f777c2716057f0.jpg,0.3452,0.1726,0.8987
251015_020257_0000434179_CAM1_OK_bmp.rf.2b4d35f1990f2ba115f777c2716057f0.jpg,0.3452,0.1726,0.8954
251015_020257_0000434179_CAM1_OK_bmp.rf.2b4d35f1990f2ba115f777c2716057f0.jpg,0.3452,0.2157,0.891
251015_020257_0000434179_CAM1_OK_bmp.rf.2b4d35f1990f2ba115f777c2716057f0.jpg,0.3883,0.2157,0.8907
251015_020257_0000434179_CAM1_OK_bmp.rf.2b4d35f1990f2ba115f777c2716057f0.jpg,0.3883,0.2157,0.8875
251015_020257_0000434179_CAM1_OK_bmp.rf.2b4d35f1990f2ba115f777c2716057f0.jpg,0.302,0.1726,0.8675
251015_020257_0000434179_CAM1_OK_bmp.rf.2b4d35f1990f2ba115f777c2716057f0.jpg,0.2589,0.1294,0.8601
251015_020257_0000434179_CAM1_OK_bmp.rf.2b4d35f1990f2ba115f777c2716057f0.jpg,0.302,0.1294,0.8597
251015_020257_0000434179_CAM1_OK_bmp.rf.2b4d35f1990f2ba115f777c2716057f0.jpg,0.302,0.1294,0.8579
251015_020257_0000434179_CAM1_OK_bmp.rf.2b4d35f1990f2ba115f777c2716057f0.jpg,0.2589,0.1726,0.8553
251015_020257_0000434179_CAM1_OK_bmp.rf.2b4d35f1990f2ba115f777c2716057f0.jpg,0.302,0.1726,0.8522
251015_020257_0000434179_CAM1_OK_bmp.rf.2b4d35f1990f2ba115f777c2716057f0.jpg,0.302,0.1294,0.8518
251015_020257_0000434179_CAM1_OK_bmp.rf.2b4d35f1990f2ba115f777c2716057f0.jpg,0.302,0.1294,0.8457
251015_020257_0000434179_CAM1_OK_bmp.rf.2b4d35f1990f2ba115f777c2716057f0.jpg,0.302,0.1726,0.8395
251015_020257_0000434179_CAM1_OK_bmp.rf.2b4d35f1990f2ba115f777c2716057f0.jpg,0.3452,0.1726,0.8252
251015_020257_0000434179_CAM1_OK_bmp.rf.2b4d35f1990f2ba115f777c2716057f0.jpg,0.2589,0.1294,0.824
251015_020257_0000434179_CAM1_OK_bmp.rf.2b4d35f1990f2ba115f777c2716057f0.jpg,0.302,0.1294,0.8118
251015_020257_0000434179_CAM1_OK_bmp.rf.2b4d35f1990f2ba115f777c2716057f0.jpg,0.302,0.1294,0.8078
251015_020257_0000434179_CAM1_OK_bmp.rf.2b4d35f1990f2ba115f777c2716057f0.jpg,0.2589,0.1294,0.8063
251015_020257_0000434179_CAM1_OK_bmp.rf.2b4d35f1990f2ba115f777c2716057f0.jpg,0.3883,0.2157,0.7898
251015_020257_0000434179_CAM1_OK_bmp.rf.2b4d35f1990f2ba115f777c2716057f0.jpg,0.2589,0.1294,0.7804
251015_020257_0000434179_CAM1_OK_bmp.rf.2b4d35f1990f2ba115f777c2716057f0.jpg,0.302,0.1294,0.7802
251015_020257_0000434179_CAM1_OK_bmp.rf.2b4d35f1990f2ba115f777c2716057f0.jpg,0.2589,0.1294,0.7714
251015_020257_0000434179_CAM1_OK_bmp.rf.2b4d35f1990f2ba115f777c2716057f0.jpg,0.2589,0.1294,0.7504
251015_020257_0000434179_CAM1_OK_bmp.rf.2b4d35f1990f2ba115f777c2716057f0.jpg,0.3452,0.1726,0.7086
251015_020257_0000434179_CAM1_OK_bmp.rf.2b4d35f1990f2ba115f777c2716057f0.jpg,0.302,0.1726,0.6353
251015_020257_0000434179_CAM1_OK_bmp.rf.2b4d35f1990f2ba115f777c2716057f0.jpg,0.2589,0.1294,0.6152
251015_020257_0000434179_CAM1_OK_bmp.rf.2b4d35f1990f2ba115f777c2716057f0.jpg,0.1294,0.1294,0.5538
251010_124912_0000080577_CAM1_NG_bmp.rf.aa67c6cacd99a4207982907a1c3f16af.jpg,0.3883,0.2157,0.9533
251010_124912_0000080577_CAM1_NG_bmp.rf.aa67c6cacd99a4207982907a1c3f16af.jpg,0.3452,0.2157,0.943
251010_124912_0000080577_CAM1_NG_bmp.rf.aa67c6cacd99a4207982907a1c3f16af.jpg,0.3452,0.1726,0.9296
251010_124912_0000080577_CAM1_NG_bmp.rf.aa67c6cacd99a4207982907a1c3f16af.jpg,0.3883,0.2157,0.9269
251010_124912_0000080577_CAM1_NG_bmp.rf.aa67c6cacd99a4207982907a1c3f16af.jpg,0.3452,0.2157,0.9262
251010_124912_0000080577_CAM1_NG_bmp.rf.aa67c6cacd99a4207982907a1c3f16af.jpg,0.3452,0.1726,0.9185
251010_124912_0000080577_CAM1_NG_bmp.rf.aa67c6cacd99a4207982907a1c3f16af.jpg,0.3883,0.2157,0.9176
251010_124912_0000080577_CAM1_NG_bmp.rf.aa67c6cacd99a4207982907a1c3f16af.jpg,0.3452,0.1726,0.9157
251010_124912_0000080577_CAM1_NG_bmp.rf.aa67c6cacd99a4207982907a1c3f16af.jpg,0.3452,0.1726,0.9024
251010_124912_0000080577_CAM1_NG_bmp.rf.aa67c6cacd99a4207982907a1c3f16af.jpg,0.302,0.1294,0.8931
251010_124912_0000080577_CAM1_NG_bmp.rf.aa67c6cacd99a4207982907a1c3f16af.jpg,0.3883,0.1726,0.8923
251010_124912_0000080577_CAM1_NG_bmp.rf.aa67c6cacd99a4207982907a1c3f16af.jpg,0.3452,0.1726,0.8894
251010_124912_0000080577_CAM1_NG_bmp.rf.aa67c6cacd99a4207982907a1c3f16af.jpg,0.3452,0.1726,0.882
251010_124912_0000080577_CAM1_NG_bmp.rf.aa67c6cacd99a4207982907a1c3f16af.jpg,0.3452,0.2157,0.8788
251010_124912_0000080577_CAM1_NG_bmp.rf.aa67c6cacd99a4207982907a1c3f16af.jpg,0.302,0.1294,0.8731
251010_124912_0000080577_CAM1_NG_bmp.rf.aa67c6cacd99a4207982907a1c3f16af.jpg,0.2589,0.1294,0.8681
251010_124912_0000080577_CAM1_NG_bmp.rf.aa67c6cacd99a4207982907a1c3f16af.jpg,0.2589,0.1294,0.8636
251010_124912_0000080577_CAM1_NG_bmp.rf.aa67c6cacd99a4207982907a1c3f16af.jpg,0.2589,0.1294,0.8524
251010_124912_0000080577_CAM1_NG_bmp.rf.aa67c6cacd99a4207982907a1c3f16af.jpg,0.302,0.1294,0.844
251010_124912_0000080577_CAM1_NG_bmp.rf.aa67c6cacd99a4207982907a1c3f16af.jpg,0.2589,0.1294,0.8362
251010_124912_0000080577_CAM1_NG_bmp.rf.aa67c6cacd99a4207982907a1c3f16af.jpg,0.302,0.1294,0.835
251010_124912_0000080577_CAM1_NG_bmp.rf.aa67c6cacd99a4207982907a1c3f16af.jpg,0.302,0.1294,0.8301
251010_124912_0000080577_CAM1_NG_bmp.rf.aa67c6cacd99a4207982907a1c3f16af.jpg,0.302,0.1294,0.8263
251010_124912_0000080577_CAM1_NG_bmp.rf.aa67c6cacd99a4207982907a1c3f16af.jpg,0.302,0.1726,0.8122
251010_124912_0000080577_CAM1_NG_bmp.rf.aa67c6cacd99a4207982907a1c3f16af.jpg,0.302,0.1294,0.8028
251010_124912_0000080577_CAM1_NG_bmp.rf.aa67c6cacd99a4207982907a1c3f16af.jpg,0.302,0.1294,0.7935
251010_124912_0000080577_CAM1_NG_bmp.rf.aa67c6cacd99a4207982907a1c3f16af.jpg,0.1294,0.1294,0.7046
251010_124912_0000080577_CAM1_NG_bmp.rf.aa67c6cacd99a4207982907a1c3f16af.jpg,0.3883,0.1726,0.6417
251015_020539_0000434633_CAM1_OK_bmp.rf.2242ea2b3486bd36c5d6196ee029037d.jpg,0.3452,0.2157,0.9326
251015_020539_0000434633_CAM1_OK_bmp.rf.2242ea2b3486bd36c5d6196ee029037d.jpg,0.302,0.1726,0.9173
251015_020539_0000434633_CAM1_OK_bmp.rf.2242ea2b3486bd36c5d6196ee029037d.jpg,0.3883,0.2157,0.9099
251015_020539_0000434633_CAM1_OK_bmp.rf.2242ea2b3486bd36c5d6196ee029037d.jpg,0.3452,0.1726,0.9038
251015_020539_0000434633_CAM1_OK_bmp.rf.2242ea2b3486bd36c5d6196ee029037d.jpg,0.3452,0.1726,0.8866
251015_020539_0000434633_CAM1_OK_bmp.rf.2242ea2b3486bd36c5d6196ee029037d.jpg,0.3883,0.1726,0.8843
251015_020539_0000434633_CAM1_OK_bmp.rf.2242ea2b3486bd36c5d6196ee029037d.jpg,0.3452,0.1726,0.8818
251015_020539_0000434633_CAM1_OK_bmp.rf.2242ea2b3486bd36c5d6196ee029037d.jpg,0.3452,0.1726,0.8815
251015_020539_0000434633_CAM1_OK_bmp.rf.2242ea2b3486bd36c5d6196ee029037d.jpg,0.3452,0.2157,0.8798
251015_020539_0000434633_CAM1_OK_bmp.rf.2242ea2b3486bd36c5d6196ee029037d.jpg,0.3452,0.1726,0.8675
251015_020539_0000434633_CAM1_OK_bmp.rf.2242ea2b3486bd36c5d6196ee029037d.jpg,0.302,0.1294,0.8597
251015_020539_0000434633_CAM1_OK_bmp.rf.2242ea2b3486bd36c5d6196ee029037d.jpg,0.2589,0.1294,0.8592
251015_020539_0000434633_CAM1_OK_bmp.rf.2242ea2b3486bd36c5d6196ee029037d.jpg,0.302,0.1294,0.8533
251015_020539_0000434633_CAM1_OK_bmp.rf.2242ea2b3486bd36c5d6196ee029037d.jpg,0.3452,0.2157,0.8529
251015_020539_0000434633_CAM1_OK_bmp.rf.2242ea2b3486bd36c5d6196ee029037d.jpg,0.302,0.1294,0.8505
251015_020539_0000434633_CAM1_OK_bmp.rf.2242ea2b3486bd36c5d6196ee029037d.jpg,0.3452,0.2157,0.8425
251015_020539_0000434633_CAM1_OK_bmp.rf.2242ea2b3486bd36c5d6196ee029037d.jpg,0.2589,0.1294,0.8378
251015_020539_0000434633_CAM1_OK_bmp.rf.2242ea2b3486bd36c5d6196ee029037d.jpg,0.2589,0.1294,0.8355
251015_020539_0000434633_CAM1_OK_bmp.rf.2242ea2b3486bd36c5d6196ee029037d.jpg,0.302,0.1294,0.8226
251015_020539_0000434633_CAM1_OK_bmp.rf.2242ea2b3486bd36c5d6196ee029037d.jpg,0.302,0.1294,0.8196
251015_020539_0000434633_CAM1_OK_bmp.rf.2242ea2b3486bd36c5d6196ee029037d.jpg,0.302,0.1294,0.8186
251015_020539_0000434633_CAM1_OK_bmp.rf.2242ea2b3486bd36c5d6196ee029037d.jpg,0.302,0.1294,0.8079
251015_020539_0000434633_CAM1_OK_bmp.rf.2242ea2b3486bd36c5d6196ee029037d.jpg,0.2589,0.1726,0.8043
251015_020539_0000434633_CAM1_OK_bmp.rf.2242ea2b3486bd36c5d6196ee029037d.jpg,0.302,0.1294,0.7554
251015_020539_0000434633_CAM1_OK_bmp.rf.2242ea2b3486bd36c5d6196ee029037d.jpg,0.2589,0.1294,0.7424
251015_020539_0000434633_CAM1_OK_bmp.rf.2242ea2b3486bd36c5d6196ee029037d.jpg,0.302,0.1294,0.7287
251015_020539_0000434633_CAM1_OK_bmp.rf.2242ea2b3486bd36c5d6196ee029037d.jpg,0.2589,0.1294,0.7021
251015_020539_0000434633_CAM1_OK_bmp.rf.2242ea2b3486bd36c5d6196ee029037d.jpg,0.3452,0.1726,0.618
251015_020539_0000434633_CAM1_OK_bmp.rf.2242ea2b3486bd36c5d6196ee029037d.jpg,0.2589,0.1294,0.558
251010_125642_0000080788_CAM1_NG_bmp.rf.59082687b92335e1e751b2aa8f357aae.jpg,0.3452,0.1726,0.9505
251010_125642_0000080788_CAM1_NG_bmp.rf.59082687b92335e1e751b2aa8f357aae.jpg,0.3452,0.1726,0.9478
251010_125642_0000080788_CAM1_NG_bmp.rf.59082687b92335e1e751b2aa8f357aae.jpg,0.3452,0.1726,0.9456
251010_125642_0000080788_CAM1_NG_bmp.rf.59082687b92335e1e751b2aa8f357aae.jpg,0.3452,0.1726,0.932
251010_125642_0000080788_CAM1_NG_bmp.rf.59082687b92335e1e751b2aa8f357aae.jpg,0.3452,0.1726,0.9307
251010_125642_0000080788_CAM1_NG_bmp.rf.59082687b92335e1e751b2aa8f357aae.jpg,0.3452,0.1726,0.9287
251010_125642_0000080788_CAM1_NG_bmp.rf.59082687b92335e1e751b2aa8f357aae.jpg,0.3883,0.2157,0.9271
251010_125642_0000080788_CAM1_NG_bmp.rf.59082687b92335e1e751b2aa8f357aae.jpg,0.3883,0.1726,0.9222
251010_125642_0000080788_CAM1_NG_bmp.rf.59082687b92335e1e751b2aa8f357aae.jpg,0.3452,0.1726,0.922
251010_125642_0000080788_CAM1_NG_bmp.rf.59082687b92335e1e751b2aa8f357aae.jpg,0.302,0.1294,0.9131
251010_125642_0000080788_CAM1_NG_bmp.rf.59082687b92335e1e751b2aa8f357aae.jpg,0.3452,0.2157,0.913
251010_125642_0000080788_CAM1_NG_bmp.rf.59082687b92335e1e751b2aa8f357aae.jpg,0.2589,0.1294,0.9113
251010_125642_0000080788_CAM1_NG_bmp.rf.59082687b92335e1e751b2aa8f357aae.jpg,0.302,0.1726,0.9095
251010_125642_0000080788_CAM1_NG_bmp.rf.59082687b92335e1e751b2aa8f357aae.jpg,0.3452,0.1726,0.9093
251010_125642_0000080788_CAM1_NG_bmp.rf.59082687b92335e1e751b2aa8f357aae.jpg,0.302,0.1294,0.9079
251010_125642_0000080788_CAM1_NG_bmp.rf.59082687b92335e1e751b2aa8f357aae.jpg,0.302,0.1294,0.903
251010_125642_0000080788_CAM1_NG_bmp.rf.59082687b92335e1e751b2aa8f357aae.jpg,0.302,0.1726,0.898
251010_125642_0000080788_CAM1_NG_bmp.rf.59082687b92335e1e751b2aa8f357aae.jpg,0.3452,0.2157,0.8923
251010_125642_0000080788_CAM1_NG_bmp.rf.59082687b92335e1e751b2aa8f357aae.jpg,0.2589,0.1294,0.8891
251010_125642_0000080788_CAM1_NG_bmp.rf.59082687b92335e1e751b2aa8f357aae.jpg,0.2589,0.1294,0.887
251010_125642_0000080788_CAM1_NG_bmp.rf.59082687b92335e1e751b2aa8f357aae.jpg,0.302,0.1294,0.8813
251010_125642_0000080788_CAM1_NG_bmp.rf.59082687b92335e1e751b2aa8f357aae.jpg,0.302,0.1294,0.8737
251010_125642_0000080788_CAM1_NG_bmp.rf.59082687b92335e1e751b2aa8f357aae.jpg,0.2589,0.1294,0.8599
251010_125642_0000080788_CAM1_NG_bmp.rf.59082687b92335e1e751b2aa8f357aae.jpg,0.302,0.1294,0.8467
251010_125642_0000080788_CAM1_NG_bmp.rf.59082687b92335e1e751b2aa8f357aae.jpg,0.2589,0.1294,0.8408
251010_125642_0000080788_CAM1_NG_bmp.rf.59082687b92335e1e751b2aa8f357aae.jpg,0.2589,0.1294,0.6549
251010_125642_0000080788_CAM1_NG_bmp.rf.59082687b92335e1e751b2aa8f357aae.jpg,0.302,0.1726,0.5523
251010_125642_0000080788_CAM1_NG_bmp.rf.59082687b92335e1e751b2aa8f357aae.jpg,0.302,0.1726,0.5086
251010_070205_0000043521_CAM1_NG_bmp.rf.60db62d0366163c2c8ed185aea1991ec.jpg,0.3452,0.2157,0.9414
251010_070205_0000043521_CAM1_NG_bmp.rf.60db62d0366163c2c8ed185aea1991ec.jpg,0.3452,0.2157,0.9382
251010_070205_0000043521_CAM1_NG_bmp.rf.60db62d0366163c2c8ed185aea1991ec.jpg,0.3452,0.1726,0.9381
251010_070205_0000043521_CAM1_NG_bmp.rf.60db62d0366163c2c8ed185aea1991ec.jpg,0.3883,0.2157,0.9244
251010_070205_0000043521_CAM1_NG_bmp.rf.60db62d0366163c2c8ed185aea1991ec.jpg,0.3452,0.2157,0.924
251010_070205_0000043521_CAM1_NG_bmp.rf.60db62d0366163c2c8ed185aea1991ec.jpg,0.3883,0.1726,0.9207
251010_070205_0000043521_CAM1_NG_bmp.rf.60db62d0366163c2c8ed185aea1991ec.jpg,0.3883,0.2157,0.9159
251010_070205_0000043521_CAM1_NG_bmp.rf.60db62d0366163c2c8ed185aea1991ec.jpg,0.3452,0.1726,0.9102
251010_070205_0000043521_CAM1_NG_bmp.rf.60db62d0366163c2c8ed185aea1991ec.jpg,0.302,0.1294,0.9089
251010_070205_0000043521_CAM1_NG_bmp.rf.60db62d0366163c2c8ed185aea1991ec.jpg,0.302,0.1294,0.9078
251010_070205_0000043521_CAM1_NG_bmp.rf.60db62d0366163c2c8ed185aea1991ec.jpg,0.3452,0.1726,0.9067
251010_070205_0000043521_CAM1_NG_bmp.rf.60db62d0366163c2c8ed185aea1991ec.jpg,0.302,0.1726,0.8888
251010_070205_0000043521_CAM1_NG_bmp.rf.60db62d0366163c2c8ed185aea1991ec.jpg,0.2589,0.1294,0.8847
251010_070205_0000043521_CAM1_NG_bmp.rf.60db62d0366163c2c8ed185aea1991ec.jpg,0.302,0.1294,0.8802
251010_070205_0000043521_CAM1_NG_bmp.rf.60db62d0366163c2c8ed185aea1991ec.jpg,0.302,0.1294,0.8793
251010_070205_0000043521_CAM1_NG_bmp.rf.60db62d0366163c2c8ed185aea1991ec.jpg,0.302,0.1294,0.8788
251010_070205_0000043521_CAM1_NG_bmp.rf.60db62d0366163c2c8ed185aea1991ec.jpg,0.3452,0.2157,0.8777
251010_070205_0000043521_CAM1_NG_bmp.rf.60db62d0366163c2c8ed185aea1991ec.jpg,0.3883,0.2157,0.8777
251010_070205_0000043521_CAM1_NG_bmp.rf.60db62d0366163c2c8ed185aea1991ec.jpg,0.2589,0.1294,0.8766
251010_070205_0000043521_CAM1_NG_bmp.rf.60db62d0366163c2c8ed185aea1991ec.jpg,0.302,0.1294,0.873
251010_070205_0000043521_CAM1_NG_bmp.rf.60db62d0366163c2c8ed185aea1991ec.jpg,0.302,0.1726,0.873
251010_070205_0000043521_CAM1_NG_bmp.rf.60db62d0366163c2c8ed185aea1991ec.jpg,0.302,0.1294,0.8667
251010_070205_0000043521_CAM1_NG_bmp.rf.60db62d0366163c2c8ed185aea1991ec.jpg,0.2589,0.1294,0.8665
251010_070205_0000043521_CAM1_NG_bmp.rf.60db62d0366163c2c8ed185aea1991ec.jpg,0.3452,0.1726,0.8634
251010_070205_0000043521_CAM1_NG_bmp.rf.60db62d0366163c2c8ed185aea1991ec.jpg,0.302,0.1294,0.8477
251010_070205_0000043521_CAM1_NG_bmp.rf.60db62d0366163c2c8ed185aea1991ec.jpg,0.302,0.1726,0.8421
251010_070205_0000043521_CAM1_NG_bmp.rf.60db62d0366163c2c8ed185aea1991ec.jpg,0.302,0.1726,0.8343
251010_070205_0000043521_CAM1_NG_bmp.rf.60db62d0366163c2c8ed185aea1991ec.jpg,0.302,0.1294,0.8061
251010_070205_0000043521_CAM1_NG_bmp.rf.60db62d0366163c2c8ed185aea1991ec.jpg,0.302,0.1294,0.7379
251010_070205_0000043521_CAM1_NG_bmp.rf.60db62d0366163c2c8ed185aea1991ec.jpg,0.302,0.1294,0.7317
251010_070205_0000043521_CAM1_NG_bmp.rf.60db62d0366163c2c8ed185aea1991ec.jpg,0.302,0.1294,0.7281
251010_070205_0000043521_CAM1_NG_bmp.rf.60db62d0366163c2c8ed185aea1991ec.jpg,0.1294,0.1294,0.6907
251010_070205_0000043521_CAM1_NG_bmp.rf.60db62d0366163c2c8ed185aea1991ec.jpg,0.302,0.1294,0.6796
251010_070205_0000043521_CAM1_NG_bmp.rf.60db62d0366163c2c8ed185aea1991ec.jpg,0.302,0.1294,0.556
251010_125652_0000080823_CAM1_NG_bmp.rf.e955fc4ce0cf92a9209d881f26d7ba08.jpg,0.3452,0.1726,0.9513
251010_125652_0000080823_CAM1_NG_bmp.rf.e955fc4ce0cf92a9209d881f26d7ba08.jpg,0.3452,0.1726,0.9495
251010_125652_0000080823_CAM1_NG_bmp.rf.e955fc4ce0cf92a9209d881f26d7ba08.jpg,0.3452,0.1726,0.9477
251010_125652_0000080823_CAM1_NG_bmp.rf.e955fc4ce0cf92a9209d881f26d7ba08.jpg,0.3452,0.1726,0.9322
251010_125652_0000080823_CAM1_NG_bmp.rf.e955fc4ce0cf92a9209d881f26d7ba08.jpg,0.3452,0.1726,0.9318
251010_125652_0000080823_CAM1_NG_bmp.rf.e955fc4ce0cf92a9209d881f26d7ba08.jpg,0.3452,0.1726,0.9279
251010_125652_0000080823_CAM1_NG_bmp.rf.e955fc4ce0cf92a9209d881f26d7ba08.jpg,0.302,0.1294,0.9268
251010_125652_0000080823_CAM1_NG_bmp.rf.e955fc4ce0cf92a9209d881f26d7ba08.jpg,0.3452,0.1726,0.9255
251010_125652_0000080823_CAM1_NG_bmp.rf.e955fc4ce0cf92a9209d881f26d7ba08.jpg,0.3452,0.1726,0.9223
251010_125652_0000080823_CAM1_NG_bmp.rf.e955fc4ce0cf92a9209d881f26d7ba08.jpg,0.302,0.2157,0.9217
251010_125652_0000080823_CAM1_NG_bmp.rf.e955fc4ce0cf92a9209d881f26d7ba08.jpg,0.3452,0.1726,0.9179
251010_125652_0000080823_CAM1_NG_bmp.rf.e955fc4ce0cf92a9209d881f26d7ba08.jpg,0.3883,0.1726,0.913
251010_125652_0000080823_CAM1_NG_bmp.rf.e955fc4ce0cf92a9209d881f26d7ba08.jpg,0.3452,0.1726,0.9111
251010_125652_0000080823_CAM1_NG_bmp.rf.e955fc4ce0cf92a9209d881f26d7ba08.jpg,0.302,0.1726,0.9048
251010_125652_0000080823_CAM1_NG_bmp.rf.e955fc4ce0cf92a9209d881f26d7ba08.jpg,0.302,0.1294,0.9022
251010_125652_0000080823_CAM1_NG_bmp.rf.e955fc4ce0cf92a9209d881f26d7ba08.jpg,0.302,0.1294,0.8991
251010_125652_0000080823_CAM1_NG_bmp.rf.e955fc4ce0cf92a9209d881f26d7ba08.jpg,0.302,0.1294,0.8888
251010_125652_0000080823_CAM1_NG_bmp.rf.e955fc4ce0cf92a9209d881f26d7ba08.jpg,0.2589,0.1294,0.8815
251010_125652_0000080823_CAM1_NG_bmp.rf.e955fc4ce0cf92a9209d881f26d7ba08.jpg,0.3452,0.2157,0.8775
251010_125652_0000080823_CAM1_NG_bmp.rf.e955fc4ce0cf92a9209d881f26d7ba08.jpg,0.2589,0.1294,0.8772
251010_125652_0000080823_CAM1_NG_bmp.rf.e955fc4ce0cf92a9209d881f26d7ba08.jpg,0.302,0.1294,0.8725
251010_125652_0000080823_CAM1_NG_bmp.rf.e955fc4ce0cf92a9209d881f26d7ba08.jpg,0.302,0.1294,0.8629
251010_125652_0000080823_CAM1_NG_bmp.rf.e955fc4ce0cf92a9209d881f26d7ba08.jpg,0.2589,0.1294,0.8629
251010_125652_0000080823_CAM1_NG_bmp.rf.e955fc4ce0cf92a9209d881f26d7ba08.jpg,0.302,0.1294,0.8385
251010_125652_0000080823_CAM1_NG_bmp.rf.e955fc4ce0cf92a9209d881f26d7ba08.jpg,0.2589,0.1726,0.8373
251010_125652_0000080823_CAM1_NG_bmp.rf.e955fc4ce0cf92a9209d881f26d7ba08.jpg,0.2589,0.1294,0.7686
251010_125652_0000080823_CAM1_NG_bmp.rf.e955fc4ce0cf92a9209d881f26d7ba08.jpg,0.1294,0.1294,0.6288
251015_020253_0000434166_CAM1_OK_bmp.rf.17a42f8b72140aadc824b1f726b8d208.jpg,0.3452,0.1726,0.9311
251015_020253_0000434166_CAM1_OK_bmp.rf.17a42f8b72140aadc824b1f726b8d208.jpg,0.3883,0.1726,0.9201
251015_020253_0000434166_CAM1_OK_bmp.rf.17a42f8b72140aadc824b1f726b8d208.jpg,0.3452,0.2157,0.914
251015_020253_0000434166_CAM1_OK_bmp.rf.17a42f8b72140aadc824b1f726b8d208.jpg,0.3452,0.1726,0.9061
251015_020253_0000434166_CAM1_OK_bmp.rf.17a42f8b72140aadc824b1f726b8d208.jpg,0.3452,0.2157,0.9039
251015_020253_0000434166_CAM1_OK_bmp.rf.17a42f8b72140aadc824b1f726b8d208.jpg,0.3883,0.2157,0.8997
251015_020253_0000434166_CAM1_OK_bmp.rf.17a42f8b72140aadc824b1f726b8d208.jpg,0.3452,0.1726,0.8953
251015_020253_0000434166_CAM1_OK_bmp.rf.17a42f8b72140aadc824b1f726b8d208.jpg,0.3452,0.2157,0.8816
251015_020253_0000434166_CAM1_OK_bmp.rf.17a42f8b72140aadc824b1f726b8d208.jpg,0.2589,0.1294,0.8812
251015_020253_0000434166_CAM1_OK_bmp.rf.17a42f8b72140aadc824b1f726b8d208.jpg,0.3452,0.2157,0.8756
251015_020253_0000434166_CAM1_OK_bmp.rf.17a42f8b72140aadc824b1f726b8d208.jpg,0.302,0.1294,0.8698
251015_020253_0000434166_CAM1_OK_bmp.rf.17a42f8b72140aadc824b1f726b8d208.jpg,0.3452,0.1726,0.8665
251015_020253_0000434166_CAM1_OK_bmp.rf.17a42f8b72140aadc824b1f726b8d208.jpg,0.3452,0.2157,0.8631
251015_020253_0000434166_CAM1_OK_bmp.rf.17a42f8b72140aadc824b1f726b8d208.jpg,0.2589,0.1294,0.8618
251015_020253_0000434166_CAM1_OK_bmp.rf.17a42f8b72140aadc824b1f726b8d208.jpg,0.2589,0.1726,0.8586
251015_020253_0000434166_CAM1_OK_bmp.rf.17a42f8b72140aadc824b1f726b8d208.jpg,0.302,0.1294,0.85
251015_020253_0000434166_CAM1_OK_bmp.rf.17a42f8b72140aadc824b1f726b8d208.jpg,0.302,0.1294,0.8497
251015_020253_0000434166_CAM1_OK_bmp.rf.17a42f8b72140aadc824b1f726b8d208.jpg,0.302,0.1294,0.8368
251015_020253_0000434166_CAM1_OK_bmp.rf.17a42f8b72140aadc824b1f726b8d208.jpg,0.302,0.1294,0.8341
251015_020253_0000434166_CAM1_OK_bmp.rf.17a42f8b72140aadc824b1f726b8d208.jpg,0.302,0.1726,0.8306
251015_020253_0000434166_CAM1_OK_bmp.rf.17a42f8b72140aadc824b1f726b8d208.jpg,0.302,0.1294,0.8233
251015_020253_0000434166_CAM1_OK_bmp.rf.17a42f8b72140aadc824b1f726b8d208.jpg,0.2589,0.1294,0.7919
251015_020253_0000434166_CAM1_OK_bmp.rf.17a42f8b72140aadc824b1f726b8d208.jpg,0.302,0.1294,0.7864
251015_020253_0000434166_CAM1_OK_bmp.rf.17a42f8b72140aadc824b1f726b8d208.jpg,0.2589,0.1294,0.7839
251015_020253_0000434166_CAM1_OK_bmp.rf.17a42f8b72140aadc824b1f726b8d208.jpg,0.2589,0.1294,0.7733
251015_020253_0000434166_CAM1_OK_bmp.rf.17a42f8b72140aadc824b1f726b8d208.jpg,0.2589,0.1294,0.7381
251015_020253_0000434166_CAM1_OK_bmp.rf.17a42f8b72140aadc824b1f726b8d208.jpg,0.302,0.1294,0.7199
251015_020253_0000434166_CAM1_OK_bmp.rf.17a42f8b72140aadc824b1f726b8d208.jpg,0.302,0.1294,0.719
251015_020253_0000434166_CAM1_OK_bmp.rf.17a42f8b72140aadc824b1f726b8d208.jpg,0.3452,0.1726,0.7062
251015_020253_0000434166_CAM1_OK_bmp.rf.17a42f8b72140aadc824b1f726b8d208.jpg,0.3452,0.1726,0.62
251015_020253_0000434166_CAM1_OK_bmp.rf.17a42f8b72140aadc824b1f726b8d208.jpg,0.2589,0.1294,0.576
251015_020253_0000434166_CAM1_OK_bmp.rf.17a42f8b72140aadc824b1f726b8d208.jpg,0.1726,0.1294,0.5097
251010_125629_0000080743_CAM1_NG_bmp.rf.34e2afe177cc2dfa752eeffcf112ab23.jpg,0.302,0.2157,0.9493
251010_125629_0000080743_CAM1_NG_bmp.rf.34e2afe177cc2dfa752eeffcf112ab23.jpg,0.3452,0.1726,0.9383
251010_125629_0000080743_CAM1_NG_bmp.rf.34e2afe177cc2dfa752eeffcf112ab23.jpg,0.3452,0.1726,0.9376
251010_125629_0000080743_CAM1_NG_bmp.rf.34e2afe177cc2dfa752eeffcf112ab23.jpg,0.3452,0.1726,0.9211
251010_125629_0000080743_CAM1_NG_bmp.rf.34e2afe177cc2dfa752eeffcf112ab23.jpg,0.302,0.1294,0.9208
251010_125629_0000080743_CAM1_NG_bmp.rf.34e2afe177cc2dfa752eeffcf112ab23.jpg,0.302,0.1294,0.9168
251010_125629_0000080743_CAM1_NG_bmp.rf.34e2afe177cc2dfa752eeffcf112ab23.jpg,0.3452,0.2157,0.9167
251010_125629_0000080743_CAM1_NG_bmp.rf.34e2afe177cc2dfa752eeffcf112ab23.jpg,0.302,0.1726,0.9125
251010_125629_0000080743_CAM1_NG_bmp.rf.34e2afe177cc2dfa752eeffcf112ab23.jpg,0.3452,0.1726,0.9068
251010_125629_0000080743_CAM1_NG_bmp.rf.34e2afe177cc2dfa752eeffcf112ab23.jpg,0.3452,0.1726,0.9055
251010_125629_0000080743_CAM1_NG_bmp.rf.34e2afe177cc2dfa752eeffcf112ab23.jpg,0.302,0.1726,0.8979
251010_125629_0000080743_CAM1_NG_bmp.rf.34e2afe177cc2dfa752eeffcf112ab23.jpg,0.3883,0.1726,0.8974
251010_125629_0000080743_CAM1_NG_bmp.rf.34e2afe177cc2dfa752eeffcf112ab23.jpg,0.3452,0.1726,0.8947
251010_125629_0000080743_CAM1_NG_bmp.rf.34e2afe177cc2dfa752eeffcf112ab23.jpg,0.3452,0.1726,0.8938
251010_125629_0000080743_CAM1_NG_bmp.rf.34e2afe177cc2dfa752eeffcf112ab23.jpg,0.302,0.1294,0.8807
251010_125629_0000080743_CAM1_NG_bmp.rf.34e2afe177cc2dfa752eeffcf112ab23.jpg,0.3452,0.1726,0.8478
251010_125629_0000080743_CAM1_NG_bmp.rf.34e2afe177cc2dfa752eeffcf112ab23.jpg,0.2589,0.1294,0.8427
251010_125629_0000080743_CAM1_NG_bmp.rf.34e2afe177cc2dfa752eeffcf112ab23.jpg,0.3452,0.2157,0.8279
251010_125629_0000080743_CAM1_NG_bmp.rf.34e2afe177cc2dfa752eeffcf112ab23.jpg,0.2589,0.1294,0.8227
251010_125629_0000080743_CAM1_NG_bmp.rf.34e2afe177cc2dfa752eeffcf112ab23.jpg,0.1726,0.1294,0.7234
251010_125629_0000080743_CAM1_NG_bmp.rf.34e2afe177cc2dfa752eeffcf112ab23.jpg,0.302,0.1294,0.7142
251010_125629_0000080743_CAM1_NG_bmp.rf.34e2afe177cc2dfa752eeffcf112ab23.jpg,0.302,0.1294,0.6338
251010_125629_0000080743_CAM1_NG_bmp.rf.34e2afe177cc2dfa752eeffcf112ab23.jpg,0.302,0.1294,0.5927
251010_125629_0000080743_CAM1_NG_bmp.rf.34e2afe177cc2dfa752eeffcf112ab23.jpg,0.3452,0.1726,0.5674
251015_020543_0000434646_CAM1_OK_bmp.rf.a8140d2692d584aa5750478bd1d1eefa.jpg,0.3452,0.1726,0.9283
251015_020543_0000434646_CAM1_OK_bmp.rf.a8140d2692d584aa5750478bd1d1eefa.jpg,0.3883,0.1726,0.9146
251015_020543_0000434646_CAM1_OK_bmp.rf.a8140d2692d584aa5750478bd1d1eefa.jpg,0.3452,0.1726,0.9116
251015_020543_0000434646_CAM1_OK_bmp.rf.a8140d2692d584aa5750478bd1d1eefa.jpg,0.3452,0.2157,0.9058
251015_020543_0000434646_CAM1_OK_bmp.rf.a8140d2692d584aa5750478bd1d1eefa.jpg,0.3452,0.2157,0.9002
251015_020543_0000434646_CAM1_OK_bmp.rf.a8140d2692d584aa5750478bd1d1eefa.jpg,0.3883,0.2157,0.8964
251015_020543_0000434646_CAM1_OK_bmp.rf.a8140d2692d584aa5750478bd1d1eefa.jpg,0.3452,0.1726,0.89
251015_020543_0000434646_CAM1_OK_bmp.rf.a8140d2692d584aa5750478bd1d1eefa.jpg,0.3452,0.1726,0.8778
251015_020543_0000434646_CAM1_OK_bmp.rf.a8140d2692d584aa5750478bd1d1eefa.jpg,0.3452,0.2157,0.8775
251015_020543_0000434646_CAM1_OK_bmp.rf.a8140d2692d584aa5750478bd1d1eefa.jpg,0.302,0.1726,0.8713
251015_020543_0000434646_CAM1_OK_bmp.rf.a8140d2692d584aa5750478bd1d1eefa.jpg,0.302,0.1294,0.8683
251015_020543_0000434646_CAM1_OK_bmp.rf.a8140d2692d584aa5750478bd1d1eefa.jpg,0.3452,0.1726,0.8636
251015_020543_0000434646_CAM1_OK_bmp.rf.a8140d2692d584aa5750478bd1d1eefa.jpg,0.302,0.1726,0.8503
251015_020543_0000434646_CAM1_OK_bmp.rf.a8140d2692d584aa5750478bd1d1eefa.jpg,0.2589,0.1294,0.85
251015_020543_0000434646_CAM1_OK_bmp.rf.a8140d2692d584aa5750478bd1d1eefa.jpg,0.2589,0.1294,0.8427
251015_020543_0000434646_CAM1_OK_bmp.rf.a8140d2692d584aa5750478bd1d1eefa.jpg,0.302,0.1294,0.8395
251015_020543_0000434646_CAM1_OK_bmp.rf.a8140d2692d584aa5750478bd1d1eefa.jpg,0.302,0.1294,0.836
251015_020543_0000434646_CAM1_OK_bmp.rf.a8140d2692d584aa5750478bd1d1eefa.jpg,0.302,0.1294,0.8311
251015_020543_0000434646_CAM1_OK_bmp.rf.a8140d2692d584aa5750478bd1d1eefa.jpg,0.2589,0.1294,0.8298
251015_020543_0000434646_CAM1_OK_bmp.rf.a8140d2692d584aa5750478bd1d1eefa.jpg,0.3452,0.1726,0.8286
251015_020543_0000434646_CAM1_OK_bmp.rf.a8140d2692d584aa5750478bd1d1eefa.jpg,0.2589,0.1294,0.7869
251015_020543_0000434646_CAM1_OK_bmp.rf.a8140d2692d584aa5750478bd1d1eefa.jpg,0.3452,0.1726,0.7859
251015_020543_0000434646_CAM1_OK_bmp.rf.a8140d2692d584aa5750478bd1d1eefa.jpg,0.2589,0.1294,0.7823
251015_020543_0000434646_CAM1_OK_bmp.rf.a8140d2692d584aa5750478bd1d1eefa.jpg,0.302,0.1294,0.7798
251015_020543_0000434646_CAM1_OK_bmp.rf.a8140d2692d584aa5750478bd1d1eefa.jpg,0.302,0.1294,0.7785
251015_020543_0000434646_CAM1_OK_bmp.rf.a8140d2692d584aa5750478bd1d1eefa.jpg,0.302,0.1294,0.7746
251015_020543_0000434646_CAM1_OK_bmp.rf.a8140d2692d584aa5750478bd1d1eefa.jpg,0.2589,0.1294,0.7577
251015_020543_0000434646_CAM1_OK_bmp.rf.a8140d2692d584aa5750478bd1d1eefa.jpg,0.2589,0.1294,0.7465
251015_020543_0000434646_CAM1_OK_bmp.rf.a8140d2692d584aa5750478bd1d1eefa.jpg,0.3452,0.1726,0.6814
251015_020543_0000434646_CAM1_OK_bmp.rf.a8140d2692d584aa5750478bd1d1eefa.jpg,0.3452,0.1726,0.6257
251015_020543_0000434646_CAM1_OK_bmp.rf.a8140d2692d584aa5750478bd1d1eefa.jpg,0.2589,0.1294,0.6084
251015_020543_0000434646_CAM1_OK_bmp.rf.a8140d2692d584aa5750478bd1d1eefa.jpg,0.302,0.1726,0.5878
251010_125634_0000080760_CAM1_NG_bmp.rf.ec37a5259f9592511a88f644f58bc8d7.jpg,0.3452,0.2157,0.938
251010_125634_0000080760_CAM1_NG_bmp.rf.ec37a5259f9592511a88f644f58bc8d7.jpg,0.3452,0.1726,0.9362
251010_125634_0000080760_CAM1_NG_bmp.rf.ec37a5259f9592511a88f644f58bc8d7.jpg,0.3452,0.2157,0.932
251010_125634_0000080760_CAM1_NG_bmp.rf.ec37a5259f9592511a88f644f58bc8d7.jpg,0.3452,0.1726,0.9276
251010_125634_0000080760_CAM1_NG_bmp.rf.ec37a5259f9592511a88f644f58bc8d7.jpg,0.3452,0.1726,0.9173
251010_125634_0000080760_CAM1_NG_bmp.rf.ec37a5259f9592511a88f644f58bc8d7.jpg,0.302,0.1294,0.909
251010_125634_0000080760_CAM1_NG_bmp.rf.ec37a5259f9592511a88f644f58bc8d7.jpg,0.302,0.1294,0.9048
251010_125634_0000080760_CAM1_NG_bmp.rf.ec37a5259f9592511a88f644f58bc8d7.jpg,0.3452,0.1726,0.8874
251010_125634_0000080760_CAM1_NG_bmp.rf.ec37a5259f9592511a88f644f58bc8d7.jpg,0.3452,0.1726,0.8799
251010_125634_0000080760_CAM1_NG_bmp.rf.ec37a5259f9592511a88f644f58bc8d7.jpg,0.3452,0.1726,0.8673
251010_125634_0000080760_CAM1_NG_bmp.rf.ec37a5259f9592511a88f644f58bc8d7.jpg,0.2589,0.1294,0.8522
251010_125634_0000080760_CAM1_NG_bmp.rf.ec37a5259f9592511a88f644f58bc8d7.jpg,0.302,0.1294,0.839
251010_125634_0000080760_CAM1_NG_bmp.rf.ec37a5259f9592511a88f644f58bc8d7.jpg,0.302,0.1294,0.8236
251010_125634_0000080760_CAM1_NG_bmp.rf.ec37a5259f9592511a88f644f58bc8d7.jpg,0.3452,0.1726,0.8151
251010_125634_0000080760_CAM1_NG_bmp.rf.ec37a5259f9592511a88f644f58bc8d7.jpg,0.3452,0.1726,0.7903
251010_125634_0000080760_CAM1_NG_bmp.rf.ec37a5259f9592511a88f644f58bc8d7.jpg,0.2589,0.1294,0.7558
251010_125634_0000080760_CAM1_NG_bmp.rf.ec37a5259f9592511a88f644f58bc8d7.jpg,0.2589,0.1294,0.7032
251010_125634_0000080760_CAM1_NG_bmp.rf.ec37a5259f9592511a88f644f58bc8d7.jpg,0.302,0.1294,0.5524
251010_125634_0000080760_CAM1_NG_bmp.rf.ec37a5259f9592511a88f644f58bc8d7.jpg,0.3452,0.1726,0.552
251010_132056_0000083831_CAM1_NG_bmp.rf.b5dd80b96fef7474196ea9436bd5a447.jpg,0.3452,0.1726,0.9521
251010_132056_0000083831_CAM1_NG_bmp.rf.b5dd80b96fef7474196ea9436bd5a447.jpg,0.3452,0.1726,0.934
251010_132056_0000083831_CAM1_NG_bmp.rf.b5dd80b96fef7474196ea9436bd5a447.jpg,0.3883,0.1726,0.9254
251010_132056_0000083831_CAM1_NG_bmp.rf.b5dd80b96fef7474196ea9436bd5a447.jpg,0.3452,0.1726,0.9196
251010_132056_0000083831_CAM1_NG_bmp.rf.b5dd80b96fef7474196ea9436bd5a447.jpg,0.3452,0.1726,0.9089
251010_132056_0000083831_CAM1_NG_bmp.rf.b5dd80b96fef7474196ea9436bd5a447.jpg,0.3883,0.2157,0.9069
251010_132056_0000083831_CAM1_NG_bmp.rf.b5dd80b96fef7474196ea9436bd5a447.jpg,0.3452,0.1726,0.905
251010_132056_0000083831_CAM1_NG_bmp.rf.b5dd80b96fef7474196ea9436bd5a447.jpg,0.3883,0.1726,0.9035
251010_132056_0000083831_CAM1_NG_bmp.rf.b5dd80b96fef7474196ea9436bd5a447.jpg,0.302,0.1726,0.8956
251010_132056_0000083831_CAM1_NG_bmp.rf.b5dd80b96fef7474196ea9436bd5a447.jpg,0.3452,0.1726,0.8909
251010_132056_0000083831_CAM1_NG_bmp.rf.b5dd80b96fef7474196ea9436bd5a447.jpg,0.2589,0.1294,0.8841
251010_132056_0000083831_CAM1_NG_bmp.rf.b5dd80b96fef7474196ea9436bd5a447.jpg,0.3883,0.2157,0.8824
251010_132056_0000083831_CAM1_NG_bmp.rf.b5dd80b96fef7474196ea9436bd5a447.jpg,0.302,0.1294,0.7767
251010_132056_0000083831_CAM1_NG_bmp.rf.b5dd80b96fef7474196ea9436bd5a447.jpg,0.2589,0.1294,0.7692
251010_132056_0000083831_CAM1_NG_bmp.rf.b5dd80b96fef7474196ea9436bd5a447.jpg,0.2589,0.1294,0.7665
251010_132056_0000083831_CAM1_NG_bmp.rf.b5dd80b96fef7474196ea9436bd5a447.jpg,0.2589,0.1294,0.732
251010_132056_0000083831_CAM1_NG_bmp.rf.b5dd80b96fef7474196ea9436bd5a447.jpg,0.2589,0.1294,0.6955
251010_132056_0000083831_CAM1_NG_bmp.rf.b5dd80b96fef7474196ea9436bd5a447.jpg,0.1294,0.1294,0.6636
251010_132056_0000083831_CAM1_NG_bmp.rf.b5dd80b96fef7474196ea9436bd5a447.jpg,0.2589,0.1294,0.6431
251015_020245_0000434141_CAM1_OK_bmp.rf.67887bb6ecc369fd8f84cfccc32d3fae.jpg,0.302,0.1726,0.9317
251015_020245_0000434141_CAM1_OK_bmp.rf.67887bb6ecc369fd8f84cfccc32d3fae.jpg,0.3452,0.2157,0.9175
251015_020245_0000434141_CAM1_OK_bmp.rf.67887bb6ecc369fd8f84cfccc32d3fae.jpg,0.3452,0.1726,0.9141
251015_020245_0000434141_CAM1_OK_bmp.rf.67887bb6ecc369fd8f84cfccc32d3fae.jpg,0.3883,0.2157,0.905
251015_020245_0000434141_CAM1_OK_bmp.rf.67887bb6ecc369fd8f84cfccc32d3fae.jpg,0.3452,0.1726,0.9038
251015_020245_0000434141_CAM1_OK_bmp.rf.67887bb6ecc369fd8f84cfccc32d3fae.jpg,0.3452,0.2157,0.8945
251015_020245_0000434141_CAM1_OK_bmp.rf.67887bb6ecc369fd8f84cfccc32d3fae.jpg,0.3452,0.2157,0.8902
251015_020245_0000434141_CAM1_OK_bmp.rf.67887bb6ecc369fd8f84cfccc32d3fae.jpg,0.3452,0.2157,0.8867
251015_020245_0000434141_CAM1_OK_bmp.rf.67887bb6ecc369fd8f84cfccc32d3fae.jpg,0.2589,0.1294,0.8805
251015_020245_0000434141_CAM1_OK_bmp.rf.67887bb6ecc369fd8f84cfccc32d3fae.jpg,0.3452,0.1726,0.8802
251015_020245_0000434141_CAM1_OK_bmp.rf.67887bb6ecc369fd8f84cfccc32d3fae.jpg,0.3452,0.1294,0.8752
251015_020245_0000434141_CAM1_OK_bmp.rf.67887bb6ecc369fd8f84cfccc32d3fae.jpg,0.302,0.1294,0.8709
251015_020245_0000434141_CAM1_OK_bmp.rf.67887bb6ecc369fd8f84cfccc32d3fae.jpg,0.3452,0.1726,0.8639
251015_020245_0000434141_CAM1_OK_bmp.rf.67887bb6ecc369fd8f84cfccc32d3fae.jpg,0.302,0.1294,0.8549
251015_020245_0000434141_CAM1_OK_bmp.rf.67887bb6ecc369fd8f84cfccc32d3fae.jpg,0.302,0.1294,0.8515
251015_020245_0000434141_CAM1_OK_bmp.rf.67887bb6ecc369fd8f84cfccc32d3fae.jpg,0.2589,0.1294,0.8509
251015_020245_0000434141_CAM1_OK_bmp.rf.67887bb6ecc369fd8f84cfccc32d3fae.jpg,0.2589,0.1294,0.8471
251015_020245_0000434141_CAM1_OK_bmp.rf.67887bb6ecc369fd8f84cfccc32d3fae.jpg,0.3452,0.1726,0.8403
251015_020245_0000434141_CAM1_OK_bmp.rf.67887bb6ecc369fd8f84cfccc32d3fae.jpg,0.302,0.1294,0.8335
251015_020245_0000434141_CAM1_OK_bmp.rf.67887bb6ecc369fd8f84cfccc32d3fae.jpg,0.302,0.1294,0.8287
251015_020245_0000434141_CAM1_OK_bmp.rf.67887bb6ecc369fd8f84cfccc32d3fae.jpg,0.3452,0.1726,0.8244
251015_020245_0000434141_CAM1_OK_bmp.rf.67887bb6ecc369fd8f84cfccc32d3fae.jpg,0.3883,0.2157,0.8078
251015_020245_0000434141_CAM1_OK_bmp.rf.67887bb6ecc369fd8f84cfccc32d3fae.jpg,0.302,0.1294,0.7946
251015_020245_0000434141_CAM1_OK_bmp.rf.67887bb6ecc369fd8f84cfccc32d3fae.jpg,0.2589,0.1294,0.793
251015_020245_0000434141_CAM1_OK_bmp.rf.67887bb6ecc369fd8f84cfccc32d3fae.jpg,0.302,0.1294,0.7744
251015_020245_0000434141_CAM1_OK_bmp.rf.67887bb6ecc369fd8f84cfccc32d3fae.jpg,0.2589,0.1294,0.7695
251015_020245_0000434141_CAM1_OK_bmp.rf.67887bb6ecc369fd8f84cfccc32d3fae.jpg,0.302,0.1294,0.7621
251015_020245_0000434141_CAM1_OK_bmp.rf.67887bb6ecc369fd8f84cfccc32d3fae.jpg,0.2589,0.1294,0.7591
251015_020245_0000434141_CAM1_OK_bmp.rf.67887bb6ecc369fd8f84cfccc32d3fae.jpg,0.3452,0.1726,0.7591
251015_020245_0000434141_CAM1_OK_bmp.rf.67887bb6ecc369fd8f84cfccc32d3fae.jpg,0.2589,0.1294,0.742
251015_020245_0000434141_CAM1_OK_bmp.rf.67887bb6ecc369fd8f84cfccc32d3fae.jpg,0.302,0.1294,0.6776
251015_020245_0000434141_CAM1_OK_bmp.rf.67887bb6ecc369fd8f84cfccc32d3fae.jpg,0.2589,0.1294,0.5788
251015_020243_0000434134_CAM1_OK_bmp.rf.660eae85c0fd9326e1203e10d1ca2c11.jpg,0.302,0.1726,0.9298
251015_020243_0000434134_CAM1_OK_bmp.rf.660eae85c0fd9326e1203e10d1ca2c11.jpg,0.3452,0.1726,0.9157
251015_020243_0000434134_CAM1_OK_bmp.rf.660eae85c0fd9326e1203e10d1ca2c11.jpg,0.3452,0.1726,0.9097
251015_020243_0000434134_CAM1_OK_bmp.rf.660eae85c0fd9326e1203e10d1ca2c11.jpg,0.3452,0.1726,0.9045
251015_020243_0000434134_CAM1_OK_bmp.rf.660eae85c0fd9326e1203e10d1ca2c11.jpg,0.3883,0.2157,0.9038
251015_020243_0000434134_CAM1_OK_bmp.rf.660eae85c0fd9326e1203e10d1ca2c11.jpg,0.3883,0.2157,0.9
251015_020243_0000434134_CAM1_OK_bmp.rf.660eae85c0fd9326e1203e10d1ca2c11.jpg,0.3452,0.2157,0.8981
251015_020243_0000434134_CAM1_OK_bmp.rf.660eae85c0fd9326e1203e10d1ca2c11.jpg,0.3452,0.1726,0.8955
251015_020243_0000434134_CAM1_OK_bmp.rf.660eae85c0fd9326e1203e10d1ca2c11.jpg,0.3452,0.2157,0.8928
251015_020243_0000434134_CAM1_OK_bmp.rf.660eae85c0fd9326e1203e10d1ca2c11.jpg,0.3452,0.1726,0.8884
251015_020243_0000434134_CAM1_OK_bmp.rf.660eae85c0fd9326e1203e10d1ca2c11.jpg,0.2589,0.1294,0.8855
251015_020243_0000434134_CAM1_OK_bmp.rf.660eae85c0fd9326e1203e10d1ca2c11.jpg,0.2589,0.1294,0.8816
251015_020243_0000434134_CAM1_OK_bmp.rf.660eae85c0fd9326e1203e10d1ca2c11.jpg,0.3452,0.1294,0.8779
251015_020243_0000434134_CAM1_OK_bmp.rf.660eae85c0fd9326e1203e10d1ca2c11.jpg,0.302,0.1294,0.8711
251015_020243_0000434134_CAM1_OK_bmp.rf.660eae85c0fd9326e1203e10d1ca2c11.jpg,0.3883,0.1726,0.862
251015_020243_0000434134_CAM1_OK_bmp.rf.660eae85c0fd9326e1203e10d1ca2c11.jpg,0.2589,0.1294,0.8585
251015_020243_0000434134_CAM1_OK_bmp.rf.660eae85c0fd9326e1203e10d1ca2c11.jpg,0.3452,0.2157,0.855
251015_020243_0000434134_CAM1_OK_bmp.rf.660eae85c0fd9326e1203e10d1ca2c11.jpg,0.302,0.1294,0.8506
251015_020243_0000434134_CAM1_OK_bmp.rf.660eae85c0fd9326e1203e10d1ca2c11.jpg,0.302,0.1294,0.8496
251015_020243_0000434134_CAM1_OK_bmp.rf.660eae85c0fd9326e1203e10d1ca2c11.jpg,0.302,0.1294,0.8492
251015_020243_0000434134_CAM1_OK_bmp.rf.660eae85c0fd9326e1203e10d1ca2c11.jpg,0.302,0.1294,0.8319
251015_020243_0000434134_CAM1_OK_bmp.rf.660eae85c0fd9326e1203e10d1ca2c11.jpg,0.302,0.1726,0.8201
251015_020243_0000434134_CAM1_OK_bmp.rf.660eae85c0fd9326e1203e10d1ca2c11.jpg,0.2589,0.1294,0.818
251015_020243_0000434134_CAM1_OK_bmp.rf.660eae85c0fd9326e1203e10d1ca2c11.jpg,0.3452,0.1726,0.8135
251015_020243_0000434134_CAM1_OK_bmp.rf.660eae85c0fd9326e1203e10d1ca2c11.jpg,0.302,0.1294,0.8037
251015_020243_0000434134_CAM1_OK_bmp.rf.660eae85c0fd9326e1203e10d1ca2c11.jpg,0.302,0.1294,0.7881
251015_020243_0000434134_CAM1_OK_bmp.rf.660eae85c0fd9326e1203e10d1ca2c11.jpg,0.302,0.1294,0.7874
251015_020243_0000434134_CAM1_OK_bmp.rf.660eae85c0fd9326e1203e10d1ca2c11.jpg,0.2589,0.1294,0.7705
251015_020243_0000434134_CAM1_OK_bmp.rf.660eae85c0fd9326e1203e10d1ca2c11.jpg,0.302,0.1294,0.7551
251015_020243_0000434134_CAM1_OK_bmp.rf.660eae85c0fd9326e1203e10d1ca2c11.jpg,0.2589,0.1294,0.7498
251015_020243_0000434134_CAM1_OK_bmp.rf.660eae85c0fd9326e1203e10d1ca2c11.jpg,0.2589,0.1294,0.7396
251015_020243_0000434134_CAM1_OK_bmp.rf.660eae85c0fd9326e1203e10d1ca2c11.jpg,0.2589,0.1294,0.5871
251015_020243_0000434134_CAM1_OK_bmp.rf.660eae85c0fd9326e1203e10d1ca2c11.jpg,0.1294,0.1294,0.543
251010_115723_0000080426_CAM1_NG_bmp.rf.00c98896954365f84a575b698273cf00.jpg,0.3452,0.1726,0.9148
251010_115723_0000080426_CAM1_NG_bmp.rf.00c98896954365f84a575b698273cf00.jpg,0.302,0.1294,0.914
251010_115723_0000080426_CAM1_NG_bmp.rf.00c98896954365f84a575b698273cf00.jpg,0.3452,0.2157,0.908
251010_115723_0000080426_CAM1_NG_bmp.rf.00c98896954365f84a575b698273cf00.jpg,0.302,0.1726,0.905
251010_115723_0000080426_CAM1_NG_bmp.rf.00c98896954365f84a575b698273cf00.jpg,0.3452,0.1726,0.8893
251010_115723_0000080426_CAM1_NG_bmp.rf.00c98896954365f84a575b698273cf00.jpg,0.3452,0.1726,0.8836
251010_115723_0000080426_CAM1_NG_bmp.rf.00c98896954365f84a575b698273cf00.jpg,0.3452,0.1726,0.8806
251010_115723_0000080426_CAM1_NG_bmp.rf.00c98896954365f84a575b698273cf00.jpg,0.302,0.1294,0.8528
251010_115723_0000080426_CAM1_NG_bmp.rf.00c98896954365f84a575b698273cf00.jpg,0.3452,0.1726,0.8439
251010_115723_0000080426_CAM1_NG_bmp.rf.00c98896954365f84a575b698273cf00.jpg,0.2589,0.1294,0.8348
251010_115723_0000080426_CAM1_NG_bmp.rf.00c98896954365f84a575b698273cf00.jpg,0.3452,0.1726,0.8255
251010_115723_0000080426_CAM1_NG_bmp.rf.00c98896954365f84a575b698273cf00.jpg,0.3452,0.2157,0.8148
251010_115723_0000080426_CAM1_NG_bmp.rf.00c98896954365f84a575b698273cf00.jpg,0.302,0.1294,0.8012
251010_115723_0000080426_CAM1_NG_bmp.rf.00c98896954365f84a575b698273cf00.jpg,0.3452,0.1726,0.7932
251010_115723_0000080426_CAM1_NG_bmp.rf.00c98896954365f84a575b698273cf00.jpg,0.302,0.1294,0.789
251010_115723_0000080426_CAM1_NG_bmp.rf.00c98896954365f84a575b698273cf00.jpg,0.3452,0.1726,0.7871
251010_115723_0000080426_CAM1_NG_bmp.rf.00c98896954365f84a575b698273cf00.jpg,0.2589,0.1294,0.7843
251010_115723_0000080426_CAM1_NG_bmp.rf.00c98896954365f84a575b698273cf00.jpg,0.3883,0.1726,0.7597
251010_115723_0000080426_CAM1_NG_bmp.rf.00c98896954365f84a575b698273cf00.jpg,0.1294,0.1726,0.634
251010_115723_0000080426_CAM1_NG_bmp.rf.00c98896954365f84a575b698273cf00.jpg,0.3452,0.1726,0.5929
251010_125617_0000080704_CAM1_NG_bmp.rf.59e6162e56540d33bf106873aa69f248.jpg,0.3452,0.2157,0.9505
251010_125617_0000080704_CAM1_NG_bmp.rf.59e6162e56540d33bf106873aa69f248.jpg,0.3452,0.1726,0.9457
251010_125617_0000080704_CAM1_NG_bmp.rf.59e6162e56540d33bf106873aa69f248.jpg,0.3452,0.1726,0.9449
251010_125617_0000080704_CAM1_NG_bmp.rf.59e6162e56540d33bf106873aa69f248.jpg,0.3452,0.1726,0.9367
251010_125617_0000080704_CAM1_NG_bmp.rf.59e6162e56540d33bf106873aa69f248.jpg,0.302,0.1726,0.9239
251010_125617_0000080704_CAM1_NG_bmp.rf.59e6162e56540d33bf106873aa69f248.jpg,0.3452,0.1726,0.9238
251010_125617_0000080704_CAM1_NG_bmp.rf.59e6162e56540d33bf106873aa69f248.jpg,0.302,0.1294,0.9158
251010_125617_0000080704_CAM1_NG_bmp.rf.59e6162e56540d33bf106873aa69f248.jpg,0.3452,0.1726,0.9154
251010_125617_0000080704_CAM1_NG_bmp.rf.59e6162e56540d33bf106873aa69f248.jpg,0.3452,0.2157,0.9115
251010_125617_0000080704_CAM1_NG_bmp.rf.59e6162e56540d33bf106873aa69f248.jpg,0.3452,0.1726,0.9086
251010_125617_0000080704_CAM1_NG_bmp.rf.59e6162e56540d33bf106873aa69f248.jpg,0.302,0.2157,0.9077
251010_125617_0000080704_CAM1_NG_bmp.rf.59e6162e56540d33bf106873aa69f248.jpg,0.2589,0.1294,0.9068
251010_125617_0000080704_CAM1_NG_bmp.rf.59e6162e56540d33bf106873aa69f248.jpg,0.3452,0.1726,0.8935
251010_125617_0000080704_CAM1_NG_bmp.rf.59e6162e56540d33bf106873aa69f248.jpg,0.3452,0.1726,0.8908
251010_125617_0000080704_CAM1_NG_bmp.rf.59e6162e56540d33bf106873aa69f248.jpg,0.302,0.1294,0.8876
251010_125617_0000080704_CAM1_NG_bmp.rf.59e6162e56540d33bf106873aa69f248.jpg,0.3452,0.1726,0.8869
251010_125617_0000080704_CAM1_NG_bmp.rf.59e6162e56540d33bf106873aa69f248.jpg,0.302,0.1294,0.875
251010_125617_0000080704_CAM1_NG_bmp.rf.59e6162e56540d33bf106873aa69f248.jpg,0.302,0.1294,0.8732
251010_125617_0000080704_CAM1_NG_bmp.rf.59e6162e56540d33bf106873aa69f248.jpg,0.302,0.1294,0.8714
251010_125617_0000080704_CAM1_NG_bmp.rf.59e6162e56540d33bf106873aa69f248.jpg,0.2589,0.1294,0.8452
251010_125617_0000080704_CAM1_NG_bmp.rf.59e6162e56540d33bf106873aa69f248.jpg,0.302,0.1294,0.8171
251010_125617_0000080704_CAM1_NG_bmp.rf.59e6162e56540d33bf106873aa69f248.jpg,0.2589,0.1294,0.7962
251010_125617_0000080704_CAM1_NG_bmp.rf.59e6162e56540d33bf106873aa69f248.jpg,0.2589,0.1294,0.7856
251010_125617_0000080704_CAM1_NG_bmp.rf.59e6162e56540d33bf106873aa69f248.jpg,0.302,0.1294,0.785
251010_125617_0000080704_CAM1_NG_bmp.rf.59e6162e56540d33bf106873aa69f248.jpg,0.2589,0.1294,0.7419
251010_125617_0000080704_CAM1_NG_bmp.rf.59e6162e56540d33bf106873aa69f248.jpg,0.3452,0.2157,0.5787
251015_020536_0000434621_CAM1_OK_bmp.rf.749a6f64d3e4b0bad9689ea3d0ee6bea.jpg,0.3452,0.2157,0.915
251015_020536_0000434621_CAM1_OK_bmp.rf.749a6f64d3e4b0bad9689ea3d0ee6bea.jpg,0.302,0.1726,0.9124
251015_020536_0000434621_CAM1_OK_bmp.rf.749a6f64d3e4b0bad9689ea3d0ee6bea.jpg,0.3883,0.1726,0.9058
251015_020536_0000434621_CAM1_OK_bmp.rf.749a6f64d3e4b0bad9689ea3d0ee6bea.jpg,0.3452,0.2157,0.9044
251015_020536_0000434621_CAM1_OK_bmp.rf.749a6f64d3e4b0bad9689ea3d0ee6bea.jpg,0.3452,0.1726,0.8997
251015_020536_0000434621_CAM1_OK_bmp.rf.749a6f64d3e4b0bad9689ea3d0ee6bea.jpg,0.3452,0.1726,0.8962
251015_020536_0000434621_CAM1_OK_bmp.rf.749a6f64d3e4b0bad9689ea3d0ee6bea.jpg,0.3452,0.1726,0.8908
251015_020536_0000434621_CAM1_OK_bmp.rf.749a6f64d3e4b0bad9689ea3d0ee6bea.jpg,0.3452,0.1726,0.8853
251015_020536_0000434621_CAM1_OK_bmp.rf.749a6f64d3e4b0bad9689ea3d0ee6bea.jpg,0.3452,0.2157,0.8749
251015_020536_0000434621_CAM1_OK_bmp.rf.749a6f64d3e4b0bad9689ea3d0ee6bea.jpg,0.3452,0.2157,0.8738
251015_020536_0000434621_CAM1_OK_bmp.rf.749a6f64d3e4b0bad9689ea3d0ee6bea.jpg,0.2589,0.1726,0.872
251015_020536_0000434621_CAM1_OK_bmp.rf.749a6f64d3e4b0bad9689ea3d0ee6bea.jpg,0.302,0.1726,0.8699
251015_020536_0000434621_CAM1_OK_bmp.rf.749a6f64d3e4b0bad9689ea3d0ee6bea.jpg,0.302,0.1726,0.8691
251015_020536_0000434621_CAM1_OK_bmp.rf.749a6f64d3e4b0bad9689ea3d0ee6bea.jpg,0.302,0.1294,0.8665
251015_020536_0000434621_CAM1_OK_bmp.rf.749a6f64d3e4b0bad9689ea3d0ee6bea.jpg,0.302,0.1294,0.8565
251015_020536_0000434621_CAM1_OK_bmp.rf.749a6f64d3e4b0bad9689ea3d0ee6bea.jpg,0.3452,0.1726,0.853
251015_020536_0000434621_CAM1_OK_bmp.rf.749a6f64d3e4b0bad9689ea3d0ee6bea.jpg,0.2589,0.1294,0.8526
251015_020536_0000434621_CAM1_OK_bmp.rf.749a6f64d3e4b0bad9689ea3d0ee6bea.jpg,0.2589,0.1726,0.8445
251015_020536_0000434621_CAM1_OK_bmp.rf.749a6f64d3e4b0bad9689ea3d0ee6bea.jpg,0.302,0.1294,0.8363
251015_020536_0000434621_CAM1_OK_bmp.rf.749a6f64d3e4b0bad9689ea3d0ee6bea.jpg,0.302,0.1726,0.8343
251015_020536_0000434621_CAM1_OK_bmp.rf.749a6f64d3e4b0bad9689ea3d0ee6bea.jpg,0.302,0.1726,0.8207
251015_020536_0000434621_CAM1_OK_bmp.rf.749a6f64d3e4b0bad9689ea3d0ee6bea.jpg,0.2589,0.1294,0.8115
251015_020536_0000434621_CAM1_OK_bmp.rf.749a6f64d3e4b0bad9689ea3d0ee6bea.jpg,0.2589,0.1294,0.7974
251015_020536_0000434621_CAM1_OK_bmp.rf.749a6f64d3e4b0bad9689ea3d0ee6bea.jpg,0.302,0.1294,0.7824
251015_020536_0000434621_CAM1_OK_bmp.rf.749a6f64d3e4b0bad9689ea3d0ee6bea.jpg,0.302,0.1294,0.773
251015_020536_0000434621_CAM1_OK_bmp.rf.749a6f64d3e4b0bad9689ea3d0ee6bea.jpg,0.302,0.1294,0.7288
251015_020536_0000434621_CAM1_OK_bmp.rf.749a6f64d3e4b0bad9689ea3d0ee6bea.jpg,0.2589,0.1294,0.7279
251015_020536_0000434621_CAM1_OK_bmp.rf.749a6f64d3e4b0bad9689ea3d0ee6bea.jpg,0.2589,0.1294,0.6913
251015_020536_0000434621_CAM1_OK_bmp.rf.749a6f64d3e4b0bad9689ea3d0ee6bea.jpg,0.2589,0.1294,0.6027
251015_020536_0000434621_CAM1_OK_bmp.rf.749a6f64d3e4b0bad9689ea3d0ee6bea.jpg,0.3452,0.1726,0.5997
251015_020536_0000434621_CAM1_OK_bmp.rf.749a6f64d3e4b0bad9689ea3d0ee6bea.jpg,0.1726,0.1294,0.5771
251015_020536_0000434621_CAM1_OK_bmp.rf.749a6f64d3e4b0bad9689ea3d0ee6bea.jpg,0.302,0.1726,0.5619
251010_132057_0000083834_CAM1_NG_bmp.rf.fcb7899000453756ae24ca8010bed9ef.jpg,0.3452,0.1726,0.9524
251010_132057_0000083834_CAM1_NG_bmp.rf.fcb7899000453756ae24ca8010bed9ef.jpg,0.3452,0.2157,0.9383
251010_132057_0000083834_CAM1_NG_bmp.rf.fcb7899000453756ae24ca8010bed9ef.jpg,0.302,0.2157,0.9372
251010_132057_0000083834_CAM1_NG_bmp.rf.fcb7899000453756ae24ca8010bed9ef.jpg,0.3883,0.1726,0.9292
251010_132057_0000083834_CAM1_NG_bmp.rf.fcb7899000453756ae24ca8010bed9ef.jpg,0.3883,0.2157,0.9226
251010_132057_0000083834_CAM1_NG_bmp.rf.fcb7899000453756ae24ca8010bed9ef.jpg,0.3883,0.2157,0.9195
251010_132057_0000083834_CAM1_NG_bmp.rf.fcb7899000453756ae24ca8010bed9ef.jpg,0.3452,0.1726,0.9174
251010_132057_0000083834_CAM1_NG_bmp.rf.fcb7899000453756ae24ca8010bed9ef.jpg,0.3452,0.1726,0.9145
251010_132057_0000083834_CAM1_NG_bmp.rf.fcb7899000453756ae24ca8010bed9ef.jpg,0.3452,0.1726,0.9079
251010_132057_0000083834_CAM1_NG_bmp.rf.fcb7899000453756ae24ca8010bed9ef.jpg,0.2589,0.1294,0.8687
251010_132057_0000083834_CAM1_NG_bmp.rf.fcb7899000453756ae24ca8010bed9ef.jpg,0.3452,0.1726,0.8676
251010_132057_0000083834_CAM1_NG_bmp.rf.fcb7899000453756ae24ca8010bed9ef.jpg,0.3452,0.1726,0.814
251010_132057_0000083834_CAM1_NG_bmp.rf.fcb7899000453756ae24ca8010bed9ef.jpg,0.302,0.1294,0.7597
251010_132057_0000083834_CAM1_NG_bmp.rf.fcb7899000453756ae24ca8010bed9ef.jpg,0.2589,0.1294,0.7492
251010_132057_0000083834_CAM1_NG_bmp.rf.fcb7899000453756ae24ca8010bed9ef.jpg,0.1294,0.1294,0.7376
251010_132057_0000083834_CAM1_NG_bmp.rf.fcb7899000453756ae24ca8010bed9ef.jpg,0.2589,0.1294,0.7299
251010_132057_0000083834_CAM1_NG_bmp.rf.fcb7899000453756ae24ca8010bed9ef.jpg,0.302,0.1294,0.7155
251010_132057_0000083834_CAM1_NG_bmp.rf.fcb7899000453756ae24ca8010bed9ef.jpg,0.3452,0.1726,0.695
251010_132057_0000083834_CAM1_NG_bmp.rf.fcb7899000453756ae24ca8010bed9ef.jpg,0.2589,0.1294,0.6735
251010_132057_0000083834_CAM1_NG_bmp.rf.fcb7899000453756ae24ca8010bed9ef.jpg,0.2589,0.1294,0.6131
251010_115718_0000080425_CAM1_NG_bmp.rf.ca14b3b667f701b35bd1b1e88e497f0e.jpg,0.302,0.1294,0.9181
251010_115718_0000080425_CAM1_NG_bmp.rf.ca14b3b667f701b35bd1b1e88e497f0e.jpg,0.3452,0.2157,0.9167
251010_115718_0000080425_CAM1_NG_bmp.rf.ca14b3b667f701b35bd1b1e88e497f0e.jpg,0.3452,0.1726,0.911
251010_115718_0000080425_CAM1_NG_bmp.rf.ca14b3b667f701b35bd1b1e88e497f0e.jpg,0.3452,0.1726,0.9015
251010_115718_0000080425_CAM1_NG_bmp.rf.ca14b3b667f701b35bd1b1e88e497f0e.jpg,0.302,0.1294,0.9009
251010_115718_0000080425_CAM1_NG_bmp.rf.ca14b3b667f701b35bd1b1e88e497f0e.jpg,0.302,0.1294,0.9004
251010_115718_0000080425_CAM1_NG_bmp.rf.ca14b3b667f701b35bd1b1e88e497f0e.jpg,0.3452,0.1726,0.8924
251010_115718_0000080425_CAM1_NG_bmp.rf.ca14b3b667f701b35bd1b1e88e497f0e.jpg,0.3452,0.1726,0.868
251010_115718_0000080425_CAM1_NG_bmp.rf.ca14b3b667f701b35bd1b1e88e497f0e.jpg,0.3883,0.1726,0.8579
251010_115718_0000080425_CAM1_NG_bmp.rf.ca14b3b667f701b35bd1b1e88e497f0e.jpg,0.3452,0.1726,0.8353
251010_115718_0000080425_CAM1_NG_bmp.rf.ca14b3b667f701b35bd1b1e88e497f0e.jpg,0.3452,0.1726,0.8245
251010_115718_0000080425_CAM1_NG_bmp.rf.ca14b3b667f701b35bd1b1e88e497f0e.jpg,0.3452,0.1726,0.8196
251010_115718_0000080425_CAM1_NG_bmp.rf.ca14b3b667f701b35bd1b1e88e497f0e.jpg,0.2589,0.1294,0.8182
251010_115718_0000080425_CAM1_NG_bmp.rf.ca14b3b667f701b35bd1b1e88e497f0e.jpg,0.302,0.1294,0.8019
251010_115718_0000080425_CAM1_NG_bmp.rf.ca14b3b667f701b35bd1b1e88e497f0e.jpg,0.3452,0.2157,0.7965
251010_115718_0000080425_CAM1_NG_bmp.rf.ca14b3b667f701b35bd1b1e88e497f0e.jpg,0.3452,0.1726,0.7948
251010_115718_0000080425_CAM1_NG_bmp.rf.ca14b3b667f701b35bd1b1e88e497f0e.jpg,0.302,0.1294,0.7846
251010_115718_0000080425_CAM1_NG_bmp.rf.ca14b3b667f701b35bd1b1e88e497f0e.jpg,0.302,0.1294,0.7844
251010_115718_0000080425_CAM1_NG_bmp.rf.ca14b3b667f701b35bd1b1e88e497f0e.jpg,0.3452,0.1726,0.7372
251010_115718_0000080425_CAM1_NG_bmp.rf.ca14b3b667f701b35bd1b1e88e497f0e.jpg,0.1294,0.1294,0.6475
251015_020548_0000434660_CAM1_OK_bmp.rf.a5f067fb5091a7cbb7cfca33062bc819.jpg,0.3452,0.2157,0.9322
251015_020548_0000434660_CAM1_OK_bmp.rf.a5f067fb5091a7cbb7cfca33062bc819.jpg,0.3452,0.1726,0.92
251015_020548_0000434660_CAM1_OK_bmp.rf.a5f067fb5091a7cbb7cfca33062bc819.jpg,0.3452,0.1726,0.9109
251015_020548_0000434660_CAM1_OK_bmp.rf.a5f067fb5091a7cbb7cfca33062bc819.jpg,0.3452,0.2157,0.909
251015_020548_0000434660_CAM1_OK_bmp.rf.a5f067fb5091a7cbb7cfca33062bc819.jpg,0.3452,0.2157,0.9067
251015_020548_0000434660_CAM1_OK_bmp.rf.a5f067fb5091a7cbb7cfca33062bc819.jpg,0.3452,0.2157,0.8939
251015_020548_0000434660_CAM1_OK_bmp.rf.a5f067fb5091a7cbb7cfca33062bc819.jpg,0.3452,0.1726,0.8906
251015_020548_0000434660_CAM1_OK_bmp.rf.a5f067fb5091a7cbb7cfca33062bc819.jpg,0.302,0.1294,0.8856
251015_020548_0000434660_CAM1_OK_bmp.rf.a5f067fb5091a7cbb7cfca33062bc819.jpg,0.3452,0.1726,0.8853
251015_020548_0000434660_CAM1_OK_bmp.rf.a5f067fb5091a7cbb7cfca33062bc819.jpg,0.2589,0.1726,0.8769
251015_020548_0000434660_CAM1_OK_bmp.rf.a5f067fb5091a7cbb7cfca33062bc819.jpg,0.3452,0.2157,0.8674
251015_020548_0000434660_CAM1_OK_bmp.rf.a5f067fb5091a7cbb7cfca33062bc819.jpg,0.3452,0.1726,0.867
251015_020548_0000434660_CAM1_OK_bmp.rf.a5f067fb5091a7cbb7cfca33062bc819.jpg,0.2589,0.1294,0.8646
251015_020548_0000434660_CAM1_OK_bmp.rf.a5f067fb5091a7cbb7cfca33062bc819.jpg,0.3452,0.2157,0.8518
251015_020548_0000434660_CAM1_OK_bmp.rf.a5f067fb5091a7cbb7cfca33062bc819.jpg,0.2589,0.1726,0.851
251015_020548_0000434660_CAM1_OK_bmp.rf.a5f067fb5091a7cbb7cfca33062bc819.jpg,0.302,0.1294,0.8506
251015_020548_0000434660_CAM1_OK_bmp.rf.a5f067fb5091a7cbb7cfca33062bc819.jpg,0.302,0.1294,0.8442
251015_020548_0000434660_CAM1_OK_bmp.rf.a5f067fb5091a7cbb7cfca33062bc819.jpg,0.302,0.1726,0.8301
251015_020548_0000434660_CAM1_OK_bmp.rf.a5f067fb5091a7cbb7cfca33062bc819.jpg,0.2589,0.1294,0.8184
251015_020548_0000434660_CAM1_OK_bmp.rf.a5f067fb5091a7cbb7cfca33062bc819.jpg,0.302,0.1294,0.8117
251015_020548_0000434660_CAM1_OK_bmp.rf.a5f067fb5091a7cbb7cfca33062bc819.jpg,0.2589,0.1294,0.8099
251015_020548_0000434660_CAM1_OK_bmp.rf.a5f067fb5091a7cbb7cfca33062bc819.jpg,0.302,0.1294,0.8057
251015_020548_0000434660_CAM1_OK_bmp.rf.a5f067fb5091a7cbb7cfca33062bc819.jpg,0.3452,0.2157,0.7919
251015_020548_0000434660_CAM1_OK_bmp.rf.a5f067fb5091a7cbb7cfca33062bc819.jpg,0.2589,0.1294,0.7503
251015_020548_0000434660_CAM1_OK_bmp.rf.a5f067fb5091a7cbb7cfca33062bc819.jpg,0.302,0.1294,0.7321
251015_020548_0000434660_CAM1_OK_bmp.rf.a5f067fb5091a7cbb7cfca33062bc819.jpg,0.2589,0.1294,0.7277
251015_020548_0000434660_CAM1_OK_bmp.rf.a5f067fb5091a7cbb7cfca33062bc819.jpg,0.2589,0.1294,0.6998
251015_020548_0000434660_CAM1_OK_bmp.rf.a5f067fb5091a7cbb7cfca33062bc819.jpg,0.302,0.1726,0.5919
251015_020548_0000434660_CAM1_OK_bmp.rf.a5f067fb5091a7cbb7cfca33062bc819.jpg,0.2589,0.1294,0.5504
251015_020548_0000434660_CAM1_OK_bmp.rf.a5f067fb5091a7cbb7cfca33062bc819.jpg,0.1726,0.1294,0.5379
251010_070217_0000043560_CAM1_NG_bmp.rf.a8fb59d85048ff879390a149e82ab7d7.jpg,0.3452,0.1726,0.9422
251010_070217_0000043560_CAM1_NG_bmp.rf.a8fb59d85048ff879390a149e82ab7d7.jpg,0.3452,0.1726,0.936
251010_070217_0000043560_CAM1_NG_bmp.rf.a8fb59d85048ff879390a149e82ab7d7.jpg,0.3883,0.1726,0.9325
251010_070217_0000043560_CAM1_NG_bmp.rf.a8fb59d85048ff879390a149e82ab7d7.jpg,0.3452,0.2157,0.9252
251010_070217_0000043560_CAM1_NG_bmp.rf.a8fb59d85048ff879390a149e82ab7d7.jpg,0.3452,0.1726,0.921
251010_070217_0000043560_CAM1_NG_bmp.rf.a8fb59d85048ff879390a149e82ab7d7.jpg,0.302,0.1294,0.9195
251010_070217_0000043560_CAM1_NG_bmp.rf.a8fb59d85048ff879390a149e82ab7d7.jpg,0.3452,0.2157,0.9181
251010_070217_0000043560_CAM1_NG_bmp.rf.a8fb59d85048ff879390a149e82ab7d7.jpg,0.3883,0.2157,0.9166
251010_070217_0000043560_CAM1_NG_bmp.rf.a8fb59d85048ff879390a149e82ab7d7.jpg,0.3452,0.2157,0.9144
251010_070217_0000043560_CAM1_NG_bmp.rf.a8fb59d85048ff879390a149e82ab7d7.jpg,0.302,0.1294,0.9092
251010_070217_0000043560_CAM1_NG_bmp.rf.a8fb59d85048ff879390a149e82ab7d7.jpg,0.3452,0.1726,0.9065
251010_070217_0000043560_CAM1_NG_bmp.rf.a8fb59d85048ff879390a149e82ab7d7.jpg,0.3452,0.2157,0.9039
251010_070217_0000043560_CAM1_NG_bmp.rf.a8fb59d85048ff879390a149e82ab7d7.jpg,0.302,0.1294,0.8929
251010_070217_0000043560_CAM1_NG_bmp.rf.a8fb59d85048ff879390a149e82ab7d7.jpg,0.3883,0.2157,0.8915
251010_070217_0000043560_CAM1_NG_bmp.rf.a8fb59d85048ff879390a149e82ab7d7.jpg,0.2589,0.1294,0.8868
251010_070217_0000043560_CAM1_NG_bmp.rf.a8fb59d85048ff879390a149e82ab7d7.jpg,0.302,0.1726,0.8856
251010_070217_0000043560_CAM1_NG_bmp.rf.a8fb59d85048ff879390a149e82ab7d7.jpg,0.2589,0.1294,0.8799
251010_070217_0000043560_CAM1_NG_bmp.rf.a8fb59d85048ff879390a149e82ab7d7.jpg,0.3452,0.1726,0.8787
251010_070217_0000043560_CAM1_NG_bmp.rf.a8fb59d85048ff879390a149e82ab7d7.jpg,0.302,0.1294,0.8774
251010_070217_0000043560_CAM1_NG_bmp.rf.a8fb59d85048ff879390a149e82ab7d7.jpg,0.3452,0.1726,0.872
251010_070217_0000043560_CAM1_NG_bmp.rf.a8fb59d85048ff879390a149e82ab7d7.jpg,0.302,0.1294,0.8683
251010_070217_0000043560_CAM1_NG_bmp.rf.a8fb59d85048ff879390a149e82ab7d7.jpg,0.302,0.1294,0.8674
251010_070217_0000043560_CAM1_NG_bmp.rf.a8fb59d85048ff879390a149e82ab7d7.jpg,0.302,0.1294,0.8653
251010_070217_0000043560_CAM1_NG_bmp.rf.a8fb59d85048ff879390a149e82ab7d7.jpg,0.2589,0.1294,0.8485
251010_070217_0000043560_CAM1_NG_bmp.rf.a8fb59d85048ff879390a149e82ab7d7.jpg,0.3452,0.1294,0.8479
251010_070217_0000043560_CAM1_NG_bmp.rf.a8fb59d85048ff879390a149e82ab7d7.jpg,0.302,0.1294,0.8006
251010_070217_0000043560_CAM1_NG_bmp.rf.a8fb59d85048ff879390a149e82ab7d7.jpg,0.302,0.1294,0.7659
251010_070217_0000043560_CAM1_NG_bmp.rf.a8fb59d85048ff879390a149e82ab7d7.jpg,0.302,0.1294,0.7232
251010_070217_0000043560_CAM1_NG_bmp.rf.a8fb59d85048ff879390a149e82ab7d7.jpg,0.302,0.1294,0.7193
251010_070217_0000043560_CAM1_NG_bmp.rf.a8fb59d85048ff879390a149e82ab7d7.jpg,0.302,0.1294,0.71
251010_070217_0000043560_CAM1_NG_bmp.rf.a8fb59d85048ff879390a149e82ab7d7.jpg,0.302,0.1294,0.6199
251010_070217_0000043560_CAM1_NG_bmp.rf.a8fb59d85048ff879390a149e82ab7d7.jpg,0.1726,0.1294,0.6075
251010_070217_0000043560_CAM1_NG_bmp.rf.a8fb59d85048ff879390a149e82ab7d7.jpg,0.302,0.1294,0.6012
251010_115328_0000080406_CAM1_NG_bmp.rf.4cdc57c37976e6c193ef22d0b725e7e6.jpg,0.2589,0.1294,0.8587
251010_115328_0000080406_CAM1_NG_bmp.rf.4cdc57c37976e6c193ef22d0b725e7e6.jpg,0.3452,0.1726,0.8424
251010_115328_0000080406_CAM1_NG_bmp.rf.4cdc57c37976e6c193ef22d0b725e7e6.jpg,0.2589,0.1294,0.8088
251010_115328_0000080406_CAM1_NG_bmp.rf.4cdc57c37976e6c193ef22d0b725e7e6.jpg,0.3452,0.1726,0.8029
251010_115328_0000080406_CAM1_NG_bmp.rf.4cdc57c37976e6c193ef22d0b725e7e6.jpg,0.3452,0.1726,0.7739
251010_115328_0000080406_CAM1_NG_bmp.rf.4cdc57c37976e6c193ef22d0b725e7e6.jpg,0.3452,0.1726,0.7614
251010_115328_0000080406_CAM1_NG_bmp.rf.4cdc57c37976e6c193ef22d0b725e7e6.jpg,0.3452,0.1726,0.7488
251010_115328_0000080406_CAM1_NG_bmp.rf.4cdc57c37976e6c193ef22d0b725e7e6.jpg,0.3452,0.2157,0.7448
251010_115328_0000080406_CAM1_NG_bmp.rf.4cdc57c37976e6c193ef22d0b725e7e6.jpg,0.2589,0.1294,0.7383
251010_115328_0000080406_CAM1_NG_bmp.rf.4cdc57c37976e6c193ef22d0b725e7e6.jpg,0.3452,0.1726,0.7102
251010_115328_0000080406_CAM1_NG_bmp.rf.4cdc57c37976e6c193ef22d0b725e7e6.jpg,0.3883,0.2157,0.7024
251010_115328_0000080406_CAM1_NG_bmp.rf.4cdc57c37976e6c193ef22d0b725e7e6.jpg,0.3452,0.2157,0.7017
251010_115328_0000080406_CAM1_NG_bmp.rf.4cdc57c37976e6c193ef22d0b725e7e6.jpg,0.3452,0.2157,0.7016
251010_115328_0000080406_CAM1_NG_bmp.rf.4cdc57c37976e6c193ef22d0b725e7e6.jpg,0.3452,0.1726,0.6987
251010_115328_0000080406_CAM1_NG_bmp.rf.4cdc57c37976e6c193ef22d0b725e7e6.jpg,0.302,0.1294,0.6517
251010_115328_0000080406_CAM1_NG_bmp.rf.4cdc57c37976e6c193ef22d0b725e7e6.jpg,0.2589,0.1294,0.6423
251010_115328_0000080406_CAM1_NG_bmp.rf.4cdc57c37976e6c193ef22d0b725e7e6.jpg,0.3452,0.2157,0.6264
251010_115328_0000080406_CAM1_NG_bmp.rf.4cdc57c37976e6c193ef22d0b725e7e6.jpg,0.1726,0.1294,0.6136
251010_115328_0000080406_CAM1_NG_bmp.rf.4cdc57c37976e6c193ef22d0b725e7e6.jpg,0.302,0.1294,0.5531
251010_114748_0000080383_CAM1_NG_bmp.rf.22a64d22bd0d71b746bdd20d009c50e1.jpg,0.3452,0.1726,0.9288
251010_114748_0000080383_CAM1_NG_bmp.rf.22a64d22bd0d71b746bdd20d009c50e1.jpg,0.3883,0.1726,0.9286
251010_114748_0000080383_CAM1_NG_bmp.rf.22a64d22bd0d71b746bdd20d009c50e1.jpg,0.3883,0.1726,0.9264
251010_114748_0000080383_CAM1_NG_bmp.rf.22a64d22bd0d71b746bdd20d009c50e1.jpg,0.3452,0.2157,0.9225
251010_114748_0000080383_CAM1_NG_bmp.rf.22a64d22bd0d71b746bdd20d009c50e1.jpg,0.302,0.1726,0.909
251010_114748_0000080383_CAM1_NG_bmp.rf.22a64d22bd0d71b746bdd20d009c50e1.jpg,0.302,0.1294,0.8941
251010_114748_0000080383_CAM1_NG_bmp.rf.22a64d22bd0d71b746bdd20d009c50e1.jpg,0.3452,0.1726,0.8879
251010_114748_0000080383_CAM1_NG_bmp.rf.22a64d22bd0d71b746bdd20d009c50e1.jpg,0.302,0.1294,0.881
251010_114748_0000080383_CAM1_NG_bmp.rf.22a64d22bd0d71b746bdd20d009c50e1.jpg,0.2589,0.1294,0.8788
251010_114748_0000080383_CAM1_NG_bmp.rf.22a64d22bd0d71b746bdd20d009c50e1.jpg,0.302,0.1294,0.8785
251010_114748_0000080383_CAM1_NG_bmp.rf.22a64d22bd0d71b746bdd20d009c50e1.jpg,0.2589,0.1294,0.8783
251010_114748_0000080383_CAM1_NG_bmp.rf.22a64d22bd0d71b746bdd20d009c50e1.jpg,0.2589,0.1294,0.875
251010_114748_0000080383_CAM1_NG_bmp.rf.22a64d22bd0d71b746bdd20d009c50e1.jpg,0.302,0.1294,0.8718
251010_114748_0000080383_CAM1_NG_bmp.rf.22a64d22bd0d71b746bdd20d009c50e1.jpg,0.302,0.1294,0.8676
251010_114748_0000080383_CAM1_NG_bmp.rf.22a64d22bd0d71b746bdd20d009c50e1.jpg,0.302,0.1294,0.8607
251010_114748_0000080383_CAM1_NG_bmp.rf.22a64d22bd0d71b746bdd20d009c50e1.jpg,0.302,0.1294,0.8537
251010_114748_0000080383_CAM1_NG_bmp.rf.22a64d22bd0d71b746bdd20d009c50e1.jpg,0.3452,0.2157,0.8507
251010_114748_0000080383_CAM1_NG_bmp.rf.22a64d22bd0d71b746bdd20d009c50e1.jpg,0.3452,0.1726,0.7696
251010_114748_0000080383_CAM1_NG_bmp.rf.22a64d22bd0d71b746bdd20d009c50e1.jpg,0.2589,0.1294,0.7665
251010_114748_0000080383_CAM1_NG_bmp.rf.22a64d22bd0d71b746bdd20d009c50e1.jpg,0.3452,0.1726,0.7388
251010_114748_0000080383_CAM1_NG_bmp.rf.22a64d22bd0d71b746bdd20d009c50e1.jpg,0.302,0.1294,0.7136
251010_114748_0000080383_CAM1_NG_bmp.rf.22a64d22bd0d71b746bdd20d009c50e1.jpg,0.3452,0.1726,0.6931
251010_114748_0000080383_CAM1_NG_bmp.rf.22a64d22bd0d71b746bdd20d009c50e1.jpg,0.3452,0.1726,0.6845
251010_114748_0000080383_CAM1_NG_bmp.rf.22a64d22bd0d71b746bdd20d009c50e1.jpg,0.3883,0.1726,0.6567
251010_114748_0000080383_CAM1_NG_bmp.rf.22a64d22bd0d71b746bdd20d009c50e1.jpg,0.3452,0.1726,0.6332
251010_114748_0000080383_CAM1_NG_bmp.rf.22a64d22bd0d71b746bdd20d009c50e1.jpg,0.302,0.1294,0.6301
251010_114748_0000080383_CAM1_NG_bmp.rf.22a64d22bd0d71b746bdd20d009c50e1.jpg,0.302,0.1294,0.6241
251010_114748_0000080383_CAM1_NG_bmp.rf.22a64d22bd0d71b746bdd20d009c50e1.jpg,0.2589,0.1294,0.5887
251010_114748_0000080383_CAM1_NG_bmp.rf.22a64d22bd0d71b746bdd20d009c50e1.jpg,0.3452,0.2157,0.5436
251010_124901_0000080537_CAM1_NG_bmp.rf.ecc73662adf0d802348987fae0322771.jpg,0.3452,0.2157,0.9392
251010_124901_0000080537_CAM1_NG_bmp.rf.ecc73662adf0d802348987fae0322771.jpg,0.302,0.1294,0.937
251010_124901_0000080537_CAM1_NG_bmp.rf.ecc73662adf0d802348987fae0322771.jpg,0.3452,0.1726,0.9291
251010_124901_0000080537_CAM1_NG_bmp.rf.ecc73662adf0d802348987fae0322771.jpg,0.302,0.1726,0.9207
251010_124901_0000080537_CAM1_NG_bmp.rf.ecc73662adf0d802348987fae0322771.jpg,0.3883,0.2157,0.9186
251010_124901_0000080537_CAM1_NG_bmp.rf.ecc73662adf0d802348987fae0322771.jpg,0.2589,0.1294,0.9123
251010_124901_0000080537_CAM1_NG_bmp.rf.ecc73662adf0d802348987fae0322771.jpg,0.3452,0.1726,0.9118
251010_124901_0000080537_CAM1_NG_bmp.rf.ecc73662adf0d802348987fae0322771.jpg,0.3452,0.1726,0.9116
251010_124901_0000080537_CAM1_NG_bmp.rf.ecc73662adf0d802348987fae0322771.jpg,0.302,0.1294,0.9081
251010_124901_0000080537_CAM1_NG_bmp.rf.ecc73662adf0d802348987fae0322771.jpg,0.3883,0.2157,0.9071
251010_124901_0000080537_CAM1_NG_bmp.rf.ecc73662adf0d802348987fae0322771.jpg,0.3452,0.2157,0.9069
251010_124901_0000080537_CAM1_NG_bmp.rf.ecc73662adf0d802348987fae0322771.jpg,0.3452,0.1726,0.9053
251010_124901_0000080537_CAM1_NG_bmp.rf.ecc73662adf0d802348987fae0322771.jpg,0.3452,0.1726,0.9023
251010_124901_0000080537_CAM1_NG_bmp.rf.ecc73662adf0d802348987fae0322771.jpg,0.302,0.0863,0.9007
251010_124901_0000080537_CAM1_NG_bmp.rf.ecc73662adf0d802348987fae0322771.jpg,0.2589,0.1294,0.899
251010_124901_0000080537_CAM1_NG_bmp.rf.ecc73662adf0d802348987fae0322771.jpg,0.302,0.1726,0.8968
251010_124901_0000080537_CAM1_NG_bmp.rf.ecc73662adf0d802348987fae0322771.jpg,0.3452,0.1726,0.889
251010_124901_0000080537_CAM1_NG_bmp.rf.ecc73662adf0d802348987fae0322771.jpg,0.3452,0.1726,0.8883
251010_124901_0000080537_CAM1_NG_bmp.rf.ecc73662adf0d802348987fae0322771.jpg,0.2589,0.1726,0.8868
251010_124901_0000080537_CAM1_NG_bmp.rf.ecc73662adf0d802348987fae0322771.jpg,0.2589,0.1294,0.8748
251010_124901_0000080537_CAM1_NG_bmp.rf.ecc73662adf0d802348987fae0322771.jpg,0.3883,0.1726,0.8716
251010_124901_0000080537_CAM1_NG_bmp.rf.ecc73662adf0d802348987fae0322771.jpg,0.302,0.1294,0.8606
251010_124901_0000080537_CAM1_NG_bmp.rf.ecc73662adf0d802348987fae0322771.jpg,0.2589,0.1294,0.8541
251010_124901_0000080537_CAM1_NG_bmp.rf.ecc73662adf0d802348987fae0322771.jpg,0.302,0.1294,0.8456
251010_124901_0000080537_CAM1_NG_bmp.rf.ecc73662adf0d802348987fae0322771.jpg,0.2589,0.1294,0.8333
251010_124901_0000080537_CAM1_NG_bmp.rf.ecc73662adf0d802348987fae0322771.jpg,0.302,0.1294,0.8176
251010_124901_0000080537_CAM1_NG_bmp.rf.ecc73662adf0d802348987fae0322771.jpg,0.302,0.1294,0.7291
251010_070207_0000043526_CAM1_NG_bmp.rf.cb457c1f61ec06ef80061d9f0740dd0f.jpg,0.3883,0.2157,0.9328
251010_070207_0000043526_CAM1_NG_bmp.rf.cb457c1f61ec06ef80061d9f0740dd0f.jpg,0.3452,0.1726,0.9302
251010_070207_0000043526_CAM1_NG_bmp.rf.cb457c1f61ec06ef80061d9f0740dd0f.jpg,0.3883,0.1726,0.9287
251010_070207_0000043526_CAM1_NG_bmp.rf.cb457c1f61ec06ef80061d9f0740dd0f.jpg,0.302,0.1294,0.9262
251010_070207_0000043526_CAM1_NG_bmp.rf.cb457c1f61ec06ef80061d9f0740dd0f.jpg,0.3883,0.2157,0.9213
251010_070207_0000043526_CAM1_NG_bmp.rf.cb457c1f61ec06ef80061d9f0740dd0f.jpg,0.3452,0.2157,0.9194
251010_070207_0000043526_CAM1_NG_bmp.rf.cb457c1f61ec06ef80061d9f0740dd0f.jpg,0.3452,0.1726,0.9154
251010_070207_0000043526_CAM1_NG_bmp.rf.cb457c1f61ec06ef80061d9f0740dd0f.jpg,0.3452,0.1726,0.9078
251010_070207_0000043526_CAM1_NG_bmp.rf.cb457c1f61ec06ef80061d9f0740dd0f.jpg,0.3452,0.1726,0.9032
251010_070207_0000043526_CAM1_NG_bmp.rf.cb457c1f61ec06ef80061d9f0740dd0f.jpg,0.302,0.1726,0.8942
251010_070207_0000043526_CAM1_NG_bmp.rf.cb457c1f61ec06ef80061d9f0740dd0f.jpg,0.2589,0.1294,0.8941
251010_070207_0000043526_CAM1_NG_bmp.rf.cb457c1f61ec06ef80061d9f0740dd0f.jpg,0.3452,0.2157,0.8897
251010_070207_0000043526_CAM1_NG_bmp.rf.cb457c1f61ec06ef80061d9f0740dd0f.jpg,0.302,0.1294,0.8871
251010_070207_0000043526_CAM1_NG_bmp.rf.cb457c1f61ec06ef80061d9f0740dd0f.jpg,0.302,0.1294,0.8869
251010_070207_0000043526_CAM1_NG_bmp.rf.cb457c1f61ec06ef80061d9f0740dd0f.jpg,0.302,0.1294,0.8863
251010_070207_0000043526_CAM1_NG_bmp.rf.cb457c1f61ec06ef80061d9f0740dd0f.jpg,0.2589,0.1294,0.8845
251010_070207_0000043526_CAM1_NG_bmp.rf.cb457c1f61ec06ef80061d9f0740dd0f.jpg,0.3452,0.2157,0.8784
251010_070207_0000043526_CAM1_NG_bmp.rf.cb457c1f61ec06ef80061d9f0740dd0f.jpg,0.3452,0.1294,0.8752
251010_070207_0000043526_CAM1_NG_bmp.rf.cb457c1f61ec06ef80061d9f0740dd0f.jpg,0.302,0.1294,0.8675
251010_070207_0000043526_CAM1_NG_bmp.rf.cb457c1f61ec06ef80061d9f0740dd0f.jpg,0.302,0.1294,0.8634
251010_070207_0000043526_CAM1_NG_bmp.rf.cb457c1f61ec06ef80061d9f0740dd0f.jpg,0.3452,0.1726,0.8568
251010_070207_0000043526_CAM1_NG_bmp.rf.cb457c1f61ec06ef80061d9f0740dd0f.jpg,0.302,0.1294,0.8522
251010_070207_0000043526_CAM1_NG_bmp.rf.cb457c1f61ec06ef80061d9f0740dd0f.jpg,0.302,0.1294,0.8393
251010_070207_0000043526_CAM1_NG_bmp.rf.cb457c1f61ec06ef80061d9f0740dd0f.jpg,0.302,0.1294,0.811
251010_070207_0000043526_CAM1_NG_bmp.rf.cb457c1f61ec06ef80061d9f0740dd0f.jpg,0.302,0.1294,0.8008
251010_070207_0000043526_CAM1_NG_bmp.rf.cb457c1f61ec06ef80061d9f0740dd0f.jpg,0.302,0.1294,0.7691
251010_070207_0000043526_CAM1_NG_bmp.rf.cb457c1f61ec06ef80061d9f0740dd0f.jpg,0.302,0.1294,0.7364
251010_070207_0000043526_CAM1_NG_bmp.rf.cb457c1f61ec06ef80061d9f0740dd0f.jpg,0.302,0.1294,0.6847
251010_070207_0000043526_CAM1_NG_bmp.rf.cb457c1f61ec06ef80061d9f0740dd0f.jpg,0.302,0.1294,0.6788
251010_070207_0000043526_CAM1_NG_bmp.rf.cb457c1f61ec06ef80061d9f0740dd0f.jpg,0.1294,0.1294,0.5815
251010_125618_0000080706_CAM1_NG_bmp.rf.33ab114648f42541decadc437cf9ec8a.jpg,0.3452,0.1726,0.9627
251010_125618_0000080706_CAM1_NG_bmp.rf.33ab114648f42541decadc437cf9ec8a.jpg,0.3452,0.2157,0.9423
251010_125618_0000080706_CAM1_NG_bmp.rf.33ab114648f42541decadc437cf9ec8a.jpg,0.3452,0.1726,0.9412
251010_125618_0000080706_CAM1_NG_bmp.rf.33ab114648f42541decadc437cf9ec8a.jpg,0.3452,0.1726,0.9287
251010_125618_0000080706_CAM1_NG_bmp.rf.33ab114648f42541decadc437cf9ec8a.jpg,0.3452,0.1726,0.9209
251010_125618_0000080706_CAM1_NG_bmp.rf.33ab114648f42541decadc437cf9ec8a.jpg,0.3452,0.1726,0.9186
251010_125618_0000080706_CAM1_NG_bmp.rf.33ab114648f42541decadc437cf9ec8a.jpg,0.3452,0.2157,0.9178
251010_125618_0000080706_CAM1_NG_bmp.rf.33ab114648f42541decadc437cf9ec8a.jpg,0.3452,0.1726,0.9173
251010_125618_0000080706_CAM1_NG_bmp.rf.33ab114648f42541decadc437cf9ec8a.jpg,0.3452,0.2157,0.9163
251010_125618_0000080706_CAM1_NG_bmp.rf.33ab114648f42541decadc437cf9ec8a.jpg,0.302,0.2157,0.9038
251010_125618_0000080706_CAM1_NG_bmp.rf.33ab114648f42541decadc437cf9ec8a.jpg,0.3452,0.1726,0.8995
251010_125618_0000080706_CAM1_NG_bmp.rf.33ab114648f42541decadc437cf9ec8a.jpg,0.3452,0.1726,0.8966
251010_125618_0000080706_CAM1_NG_bmp.rf.33ab114648f42541decadc437cf9ec8a.jpg,0.302,0.1294,0.8945
251010_125618_0000080706_CAM1_NG_bmp.rf.33ab114648f42541decadc437cf9ec8a.jpg,0.3452,0.1726,0.8945
251010_125618_0000080706_CAM1_NG_bmp.rf.33ab114648f42541decadc437cf9ec8a.jpg,0.302,0.1294,0.8927
251010_125618_0000080706_CAM1_NG_bmp.rf.33ab114648f42541decadc437cf9ec8a.jpg,0.302,0.1294,0.882
251010_125618_0000080706_CAM1_NG_bmp.rf.33ab114648f42541decadc437cf9ec8a.jpg,0.302,0.1294,0.8729
251010_125618_0000080706_CAM1_NG_bmp.rf.33ab114648f42541decadc437cf9ec8a.jpg,0.2589,0.1294,0.8682
251010_125618_0000080706_CAM1_NG_bmp.rf.33ab114648f42541decadc437cf9ec8a.jpg,0.302,0.1294,0.8648
251010_125618_0000080706_CAM1_NG_bmp.rf.33ab114648f42541decadc437cf9ec8a.jpg,0.2589,0.1294,0.846
251010_125618_0000080706_CAM1_NG_bmp.rf.33ab114648f42541decadc437cf9ec8a.jpg,0.302,0.1726,0.8307
251010_125618_0000080706_CAM1_NG_bmp.rf.33ab114648f42541decadc437cf9ec8a.jpg,0.302,0.1294,0.791
251010_125618_0000080706_CAM1_NG_bmp.rf.33ab114648f42541decadc437cf9ec8a.jpg,0.302,0.1294,0.7867
251010_125618_0000080706_CAM1_NG_bmp.rf.33ab114648f42541decadc437cf9ec8a.jpg,0.2589,0.1294,0.771
251010_125618_0000080706_CAM1_NG_bmp.rf.33ab114648f42541decadc437cf9ec8a.jpg,0.3452,0.1726,0.6879
251010_201438_0000147596_CAM1_NG_bmp.rf.0944a1145e77a990431e9707af8a0584.jpg,0.3452,0.1726,0.9412
251010_201438_0000147596_CAM1_NG_bmp.rf.0944a1145e77a990431e9707af8a0584.jpg,0.3883,0.2157,0.9171
251010_201438_0000147596_CAM1_NG_bmp.rf.0944a1145e77a990431e9707af8a0584.jpg,0.3452,0.1726,0.9082
251010_201438_0000147596_CAM1_NG_bmp.rf.0944a1145e77a990431e9707af8a0584.jpg,0.302,0.1294,0.8992
251010_201438_0000147596_CAM1_NG_bmp.rf.0944a1145e77a990431e9707af8a0584.jpg,0.3452,0.2157,0.8976
251010_201438_0000147596_CAM1_NG_bmp.rf.0944a1145e77a990431e9707af8a0584.jpg,0.3452,0.2157,0.8899
251010_201438_0000147596_CAM1_NG_bmp.rf.0944a1145e77a990431e9707af8a0584.jpg,0.3452,0.2157,0.8872
251010_201438_0000147596_CAM1_NG_bmp.rf.0944a1145e77a990431e9707af8a0584.jpg,0.3452,0.2157,0.8854
251010_201438_0000147596_CAM1_NG_bmp.rf.0944a1145e77a990431e9707af8a0584.jpg,0.302,0.1294,0.8813
251010_201438_0000147596_CAM1_NG_bmp.rf.0944a1145e77a990431e9707af8a0584.jpg,0.3452,0.2157,0.8787
251010_201438_0000147596_CAM1_NG_bmp.rf.0944a1145e77a990431e9707af8a0584.jpg,0.3883,0.2157,0.8749
251010_201438_0000147596_CAM1_NG_bmp.rf.0944a1145e77a990431e9707af8a0584.jpg,0.302,0.1294,0.8731
251010_201438_0000147596_CAM1_NG_bmp.rf.0944a1145e77a990431e9707af8a0584.jpg,0.302,0.1294,0.8586
251010_201438_0000147596_CAM1_NG_bmp.rf.0944a1145e77a990431e9707af8a0584.jpg,0.3883,0.1726,0.8571
251010_201438_0000147596_CAM1_NG_bmp.rf.0944a1145e77a990431e9707af8a0584.jpg,0.2589,0.1294,0.856
251010_201438_0000147596_CAM1_NG_bmp.rf.0944a1145e77a990431e9707af8a0584.jpg,0.302,0.1294,0.8434
251010_201438_0000147596_CAM1_NG_bmp.rf.0944a1145e77a990431e9707af8a0584.jpg,0.302,0.0863,0.8341
251010_201438_0000147596_CAM1_NG_bmp.rf.0944a1145e77a990431e9707af8a0584.jpg,0.302,0.1726,0.8309
251010_201438_0000147596_CAM1_NG_bmp.rf.0944a1145e77a990431e9707af8a0584.jpg,0.302,0.1294,0.822
251010_201438_0000147596_CAM1_NG_bmp.rf.0944a1145e77a990431e9707af8a0584.jpg,0.302,0.1294,0.8126
251010_201438_0000147596_CAM1_NG_bmp.rf.0944a1145e77a990431e9707af8a0584.jpg,0.2589,0.1294,0.8092
251010_201438_0000147596_CAM1_NG_bmp.rf.0944a1145e77a990431e9707af8a0584.jpg,0.302,0.1294,0.8028
251010_201438_0000147596_CAM1_NG_bmp.rf.0944a1145e77a990431e9707af8a0584.jpg,0.2589,0.1294,0.8018
251010_201438_0000147596_CAM1_NG_bmp.rf.0944a1145e77a990431e9707af8a0584.jpg,0.302,0.1294,0.7956
251010_201438_0000147596_CAM1_NG_bmp.rf.0944a1145e77a990431e9707af8a0584.jpg,0.302,0.1294,0.7755
251010_201438_0000147596_CAM1_NG_bmp.rf.0944a1145e77a990431e9707af8a0584.jpg,0.302,0.1294,0.7703
251010_201438_0000147596_CAM1_NG_bmp.rf.0944a1145e77a990431e9707af8a0584.jpg,0.3452,0.1294,0.7039
251010_201438_0000147596_CAM1_NG_bmp.rf.0944a1145e77a990431e9707af8a0584.jpg,0.302,0.1294,0.7036
251010_201438_0000147596_CAM1_NG_bmp.rf.0944a1145e77a990431e9707af8a0584.jpg,0.2589,0.2157,0.6908
251010_201438_0000147596_CAM1_NG_bmp.rf.0944a1145e77a990431e9707af8a0584.jpg,0.3452,0.2157,0.6716
251010_201438_0000147596_CAM1_NG_bmp.rf.0944a1145e77a990431e9707af8a0584.jpg,0.3883,0.1726,0.6621
251010_201438_0000147596_CAM1_NG_bmp.rf.0944a1145e77a990431e9707af8a0584.jpg,0.2589,0.1294,0.6175
251010_201438_0000147596_CAM1_NG_bmp.rf.0944a1145e77a990431e9707af8a0584.jpg,0.2589,0.1726,0.5926
251010_201438_0000147596_CAM1_NG_bmp.rf.0944a1145e77a990431e9707af8a0584.jpg,0.1294,0.1294,0.5531
251010_201438_0000147596_CAM1_NG_bmp.rf.0944a1145e77a990431e9707af8a0584.jpg,0.2589,0.1294,0.5379
251015_020256_0000434177_CAM1_OK_bmp.rf.725f9dade4d918f2f28d9c1ed25ddb99.jpg,0.3452,0.2157,0.9293
251015_020256_0000434177_CAM1_OK_bmp.rf.725f9dade4d918f2f28d9c1ed25ddb99.jpg,0.3452,0.2157,0.926
251015_020256_0000434177_CAM1_OK_bmp.rf.725f9dade4d918f2f28d9c1ed25ddb99.jpg,0.3883,0.1726,0.9213
251015_020256_0000434177_CAM1_OK_bmp.rf.725f9dade4d918f2f28d9c1ed25ddb99.jpg,0.3452,0.1726,0.9
251015_020256_0000434177_CAM1_OK_bmp.rf.725f9dade4d918f2f28d9c1ed25ddb99.jpg,0.3883,0.1726,0.8958
251015_020256_0000434177_CAM1_OK_bmp.rf.725f9dade4d918f2f28d9c1ed25ddb99.jpg,0.3452,0.1726,0.8882
251015_020256_0000434177_CAM1_OK_bmp.rf.725f9dade4d918f2f28d9c1ed25ddb99.jpg,0.3883,0.2157,0.8868
251015_020256_0000434177_CAM1_OK_bmp.rf.725f9dade4d918f2f28d9c1ed25ddb99.jpg,0.3452,0.2157,0.8757
251015_020256_0000434177_CAM1_OK_bmp.rf.725f9dade4d918f2f28d9c1ed25ddb99.jpg,0.3452,0.1726,0.8756
251015_020256_0000434177_CAM1_OK_bmp.rf.725f9dade4d918f2f28d9c1ed25ddb99.jpg,0.302,0.1726,0.8739
251015_020256_0000434177_CAM1_OK_bmp.rf.725f9dade4d918f2f28d9c1ed25ddb99.jpg,0.302,0.1726,0.8737
251015_020256_0000434177_CAM1_OK_bmp.rf.725f9dade4d918f2f28d9c1ed25ddb99.jpg,0.3452,0.1726,0.8665
251015_020256_0000434177_CAM1_OK_bmp.rf.725f9dade4d918f2f28d9c1ed25ddb99.jpg,0.302,0.1294,0.8604
251015_020256_0000434177_CAM1_OK_bmp.rf.725f9dade4d918f2f28d9c1ed25ddb99.jpg,0.2589,0.1294,0.8556
251015_020256_0000434177_CAM1_OK_bmp.rf.725f9dade4d918f2f28d9c1ed25ddb99.jpg,0.2589,0.1726,0.8521
251015_020256_0000434177_CAM1_OK_bmp.rf.725f9dade4d918f2f28d9c1ed25ddb99.jpg,0.3452,0.2157,0.8419
251015_020256_0000434177_CAM1_OK_bmp.rf.725f9dade4d918f2f28d9c1ed25ddb99.jpg,0.302,0.1726,0.84
251015_020256_0000434177_CAM1_OK_bmp.rf.725f9dade4d918f2f28d9c1ed25ddb99.jpg,0.302,0.1294,0.8324
251015_020256_0000434177_CAM1_OK_bmp.rf.725f9dade4d918f2f28d9c1ed25ddb99.jpg,0.3452,0.2157,0.8269
251015_020256_0000434177_CAM1_OK_bmp.rf.725f9dade4d918f2f28d9c1ed25ddb99.jpg,0.302,0.1294,0.8248
251015_020256_0000434177_CAM1_OK_bmp.rf.725f9dade4d918f2f28d9c1ed25ddb99.jpg,0.2589,0.1726,0.8234
251015_020256_0000434177_CAM1_OK_bmp.rf.725f9dade4d918f2f28d9c1ed25ddb99.jpg,0.302,0.1294,0.7992
251015_020256_0000434177_CAM1_OK_bmp.rf.725f9dade4d918f2f28d9c1ed25ddb99.jpg,0.302,0.1294,0.795
251015_020256_0000434177_CAM1_OK_bmp.rf.725f9dade4d918f2f28d9c1ed25ddb99.jpg,0.302,0.1294,0.777
251015_020256_0000434177_CAM1_OK_bmp.rf.725f9dade4d918f2f28d9c1ed25ddb99.jpg,0.2589,0.1294,0.7204
251015_020256_0000434177_CAM1_OK_bmp.rf.725f9dade4d918f2f28d9c1ed25ddb99.jpg,0.2589,0.1294,0.7046
251015_020256_0000434177_CAM1_OK_bmp.rf.725f9dade4d918f2f28d9c1ed25ddb99.jpg,0.2589,0.1294,0.7039
251015_020256_0000434177_CAM1_OK_bmp.rf.725f9dade4d918f2f28d9c1ed25ddb99.jpg,0.3452,0.1726,0.6344
251015_020256_0000434177_CAM1_OK_bmp.rf.725f9dade4d918f2f28d9c1ed25ddb99.jpg,0.302,0.1726,0.6086
251015_020256_0000434177_CAM1_OK_bmp.rf.725f9dade4d918f2f28d9c1ed25ddb99.jpg,0.2589,0.1294,0.5434
251010_125647_0000080805_CAM1_NG_bmp.rf.df88305133b92c0814ebfe0593e26a6d.jpg,0.3452,0.1726,0.9571
251010_125647_0000080805_CAM1_NG_bmp.rf.df88305133b92c0814ebfe0593e26a6d.jpg,0.2589,0.1294,0.9471
251010_125647_0000080805_CAM1_NG_bmp.rf.df88305133b92c0814ebfe0593e26a6d.jpg,0.3452,0.2157,0.9433
251010_125647_0000080805_CAM1_NG_bmp.rf.df88305133b92c0814ebfe0593e26a6d.jpg,0.3452,0.1726,0.9401
251010_125647_0000080805_CAM1_NG_bmp.rf.df88305133b92c0814ebfe0593e26a6d.jpg,0.3452,0.2157,0.9383
251010_125647_0000080805_CAM1_NG_bmp.rf.df88305133b92c0814ebfe0593e26a6d.jpg,0.3452,0.1726,0.9331
251010_125647_0000080805_CAM1_NG_bmp.rf.df88305133b92c0814ebfe0593e26a6d.jpg,0.3452,0.1726,0.9321
251010_125647_0000080805_CAM1_NG_bmp.rf.df88305133b92c0814ebfe0593e26a6d.jpg,0.302,0.1726,0.927
251010_125647_0000080805_CAM1_NG_bmp.rf.df88305133b92c0814ebfe0593e26a6d.jpg,0.3452,0.1726,0.9264
251010_125647_0000080805_CAM1_NG_bmp.rf.df88305133b92c0814ebfe0593e26a6d.jpg,0.3452,0.1726,0.9252
251010_125647_0000080805_CAM1_NG_bmp.rf.df88305133b92c0814ebfe0593e26a6d.jpg,0.2589,0.1294,0.9221
251010_125647_0000080805_CAM1_NG_bmp.rf.df88305133b92c0814ebfe0593e26a6d.jpg,0.302,0.1294,0.9097
251010_125647_0000080805_CAM1_NG_bmp.rf.df88305133b92c0814ebfe0593e26a6d.jpg,0.3452,0.2157,0.9048
251010_125647_0000080805_CAM1_NG_bmp.rf.df88305133b92c0814ebfe0593e26a6d.jpg,0.3452,0.1726,0.9037
251010_125647_0000080805_CAM1_NG_bmp.rf.df88305133b92c0814ebfe0593e26a6d.jpg,0.302,0.1294,0.9033
251010_125647_0000080805_CAM1_NG_bmp.rf.df88305133b92c0814ebfe0593e26a6d.jpg,0.3452,0.2157,0.899
251010_125647_0000080805_CAM1_NG_bmp.rf.df88305133b92c0814ebfe0593e26a6d.jpg,0.302,0.1294,0.8963
251010_125647_0000080805_CAM1_NG_bmp.rf.df88305133b92c0814ebfe0593e26a6d.jpg,0.2589,0.1294,0.8939
251010_125647_0000080805_CAM1_NG_bmp.rf.df88305133b92c0814ebfe0593e26a6d.jpg,0.2589,0.1294,0.8915
251010_125647_0000080805_CAM1_NG_bmp.rf.df88305133b92c0814ebfe0593e26a6d.jpg,0.2589,0.1294,0.8775
251010_125647_0000080805_CAM1_NG_bmp.rf.df88305133b92c0814ebfe0593e26a6d.jpg,0.3452,0.1726,0.8736
251010_125647_0000080805_CAM1_NG_bmp.rf.df88305133b92c0814ebfe0593e26a6d.jpg,0.3452,0.1726,0.8623
251010_125647_0000080805_CAM1_NG_bmp.rf.df88305133b92c0814ebfe0593e26a6d.jpg,0.302,0.1294,0.8509
251010_125647_0000080805_CAM1_NG_bmp.rf.df88305133b92c0814ebfe0593e26a6d.jpg,0.302,0.1294,0.8381
251010_125647_0000080805_CAM1_NG_bmp.rf.df88305133b92c0814ebfe0593e26a6d.jpg,0.302,0.1294,0.7868
251010_125647_0000080805_CAM1_NG_bmp.rf.df88305133b92c0814ebfe0593e26a6d.jpg,0.1294,0.1294,0.7179
251010_125647_0000080805_CAM1_NG_bmp.rf.df88305133b92c0814ebfe0593e26a6d.jpg,0.302,0.1726,0.7062
251015_020240_0000434124_CAM1_OK_bmp.rf.5101ec85606b9f3f9f56046126b0c0d4.jpg,0.3452,0.1726,0.935
251015_020240_0000434124_CAM1_OK_bmp.rf.5101ec85606b9f3f9f56046126b0c0d4.jpg,0.3452,0.1726,0.93
251015_020240_0000434124_CAM1_OK_bmp.rf.5101ec85606b9f3f9f56046126b0c0d4.jpg,0.3883,0.1726,0.9143
251015_020240_0000434124_CAM1_OK_bmp.rf.5101ec85606b9f3f9f56046126b0c0d4.jpg,0.3452,0.1726,0.9129
251015_020240_0000434124_CAM1_OK_bmp.rf.5101ec85606b9f3f9f56046126b0c0d4.jpg,0.3452,0.2157,0.8963
251015_020240_0000434124_CAM1_OK_bmp.rf.5101ec85606b9f3f9f56046126b0c0d4.jpg,0.3452,0.1726,0.8954
251015_020240_0000434124_CAM1_OK_bmp.rf.5101ec85606b9f3f9f56046126b0c0d4.jpg,0.3452,0.1726,0.8827
251015_020240_0000434124_CAM1_OK_bmp.rf.5101ec85606b9f3f9f56046126b0c0d4.jpg,0.3452,0.2157,0.8824
251015_020240_0000434124_CAM1_OK_bmp.rf.5101ec85606b9f3f9f56046126b0c0d4.jpg,0.302,0.1294,0.8754
251015_020240_0000434124_CAM1_OK_bmp.rf.5101ec85606b9f3f9f56046126b0c0d4.jpg,0.3452,0.2157,0.8743
251015_020240_0000434124_CAM1_OK_bmp.rf.5101ec85606b9f3f9f56046126b0c0d4.jpg,0.3883,0.1726,0.8715
251015_020240_0000434124_CAM1_OK_bmp.rf.5101ec85606b9f3f9f56046126b0c0d4.jpg,0.302,0.1294,0.8668
251015_020240_0000434124_CAM1_OK_bmp.rf.5101ec85606b9f3f9f56046126b0c0d4.jpg,0.2589,0.1294,0.865
251015_020240_0000434124_CAM1_OK_bmp.rf.5101ec85606b9f3f9f56046126b0c0d4.jpg,0.3452,0.1726,0.8632
251015_020240_0000434124_CAM1_OK_bmp.rf.5101ec85606b9f3f9f56046126b0c0d4.jpg,0.3452,0.1726,0.8523
251015_020240_0000434124_CAM1_OK_bmp.rf.5101ec85606b9f3f9f56046126b0c0d4.jpg,0.302,0.1294,0.8453
251015_020240_0000434124_CAM1_OK_bmp.rf.5101ec85606b9f3f9f56046126b0c0d4.jpg,0.3452,0.1726,0.8308
251015_020240_0000434124_CAM1_OK_bmp.rf.5101ec85606b9f3f9f56046126b0c0d4.jpg,0.2589,0.1294,0.8259
251015_020240_0000434124_CAM1_OK_bmp.rf.5101ec85606b9f3f9f56046126b0c0d4.jpg,0.2589,0.1294,0.8224
251015_020240_0000434124_CAM1_OK_bmp.rf.5101ec85606b9f3f9f56046126b0c0d4.jpg,0.302,0.1294,0.8216
251015_020240_0000434124_CAM1_OK_bmp.rf.5101ec85606b9f3f9f56046126b0c0d4.jpg,0.302,0.1294,0.808
251015_020240_0000434124_CAM1_OK_bmp.rf.5101ec85606b9f3f9f56046126b0c0d4.jpg,0.302,0.1294,0.8001
251015_020240_0000434124_CAM1_OK_bmp.rf.5101ec85606b9f3f9f56046126b0c0d4.jpg,0.3452,0.2157,0.7945
251015_020240_0000434124_CAM1_OK_bmp.rf.5101ec85606b9f3f9f56046126b0c0d4.jpg,0.302,0.1294,0.7793
251015_020240_0000434124_CAM1_OK_bmp.rf.5101ec85606b9f3f9f56046126b0c0d4.jpg,0.302,0.1726,0.7642
251015_020240_0000434124_CAM1_OK_bmp.rf.5101ec85606b9f3f9f56046126b0c0d4.jpg,0.3452,0.1726,0.7621
251015_020240_0000434124_CAM1_OK_bmp.rf.5101ec85606b9f3f9f56046126b0c0d4.jpg,0.2589,0.1294,0.7577
251015_020240_0000434124_CAM1_OK_bmp.rf.5101ec85606b9f3f9f56046126b0c0d4.jpg,0.2589,0.1294,0.7404
251015_020240_0000434124_CAM1_OK_bmp.rf.5101ec85606b9f3f9f56046126b0c0d4.jpg,0.302,0.1294,0.7131
251015_020240_0000434124_CAM1_OK_bmp.rf.5101ec85606b9f3f9f56046126b0c0d4.jpg,0.2589,0.1294,0.6602
251015_020240_0000434124_CAM1_OK_bmp.rf.5101ec85606b9f3f9f56046126b0c0d4.jpg,0.302,0.1726,0.5414
251015_020240_0000434124_CAM1_OK_bmp.rf.5101ec85606b9f3f9f56046126b0c0d4.jpg,0.1726,0.1294,0.5008
251010_125645_0000080797_CAM1_NG_bmp.rf.1fc7feb4c9b63ec6de31632511436327.jpg,0.302,0.1726,0.9516
251010_125645_0000080797_CAM1_NG_bmp.rf.1fc7feb4c9b63ec6de31632511436327.jpg,0.3452,0.1726,0.9508
251010_125645_0000080797_CAM1_NG_bmp.rf.1fc7feb4c9b63ec6de31632511436327.jpg,0.3452,0.2157,0.9495
251010_125645_0000080797_CAM1_NG_bmp.rf.1fc7feb4c9b63ec6de31632511436327.jpg,0.3452,0.1726,0.946
251010_125645_0000080797_CAM1_NG_bmp.rf.1fc7feb4c9b63ec6de31632511436327.jpg,0.3883,0.1726,0.9396
251010_125645_0000080797_CAM1_NG_bmp.rf.1fc7feb4c9b63ec6de31632511436327.jpg,0.3452,0.1726,0.9379
251010_125645_0000080797_CAM1_NG_bmp.rf.1fc7feb4c9b63ec6de31632511436327.jpg,0.3452,0.1726,0.9366
251010_125645_0000080797_CAM1_NG_bmp.rf.1fc7feb4c9b63ec6de31632511436327.jpg,0.302,0.1294,0.9327
251010_125645_0000080797_CAM1_NG_bmp.rf.1fc7feb4c9b63ec6de31632511436327.jpg,0.3452,0.1726,0.9301
251010_125645_0000080797_CAM1_NG_bmp.rf.1fc7feb4c9b63ec6de31632511436327.jpg,0.3452,0.1726,0.929
251010_125645_0000080797_CAM1_NG_bmp.rf.1fc7feb4c9b63ec6de31632511436327.jpg,0.3452,0.2157,0.9281
251010_125645_0000080797_CAM1_NG_bmp.rf.1fc7feb4c9b63ec6de31632511436327.jpg,0.2589,0.1726,0.917
251010_125645_0000080797_CAM1_NG_bmp.rf.1fc7feb4c9b63ec6de31632511436327.jpg,0.3452,0.1726,0.8952
251010_125645_0000080797_CAM1_NG_bmp.rf.1fc7feb4c9b63ec6de31632511436327.jpg,0.3452,0.1726,0.8889
251010_125645_0000080797_CAM1_NG_bmp.rf.1fc7feb4c9b63ec6de31632511436327.jpg,0.2589,0.1294,0.887
251010_125645_0000080797_CAM1_NG_bmp.rf.1fc7feb4c9b63ec6de31632511436327.jpg,0.3452,0.2157,0.8849
251010_125645_0000080797_CAM1_NG_bmp.rf.1fc7feb4c9b63ec6de31632511436327.jpg,0.302,0.1294,0.8731
251010_125645_0000080797_CAM1_NG_bmp.rf.1fc7feb4c9b63ec6de31632511436327.jpg,0.302,0.1294,0.8616
251010_125645_0000080797_CAM1_NG_bmp.rf.1fc7feb4c9b63ec6de31632511436327.jpg,0.2589,0.1294,0.8414
251010_125645_0000080797_CAM1_NG_bmp.rf.1fc7feb4c9b63ec6de31632511436327.jpg,0.2589,0.1294,0.833
251010_125645_0000080797_CAM1_NG_bmp.rf.1fc7feb4c9b63ec6de31632511436327.jpg,0.302,0.1294,0.8212
251010_125645_0000080797_CAM1_NG_bmp.rf.1fc7feb4c9b63ec6de31632511436327.jpg,0.302,0.1294,0.8055
251010_125645_0000080797_CAM1_NG_bmp.rf.1fc7feb4c9b63ec6de31632511436327.jpg,0.1294,0.1294,0.7082
251010_125645_0000080797_CAM1_NG_bmp.rf.1fc7feb4c9b63ec6de31632511436327.jpg,0.3452,0.1726,0.7063
251010_125645_0000080797_CAM1_NG_bmp.rf.1fc7feb4c9b63ec6de31632511436327.jpg,0.302,0.1294,0.6904
251010_125645_0000080797_CAM1_NG_bmp.rf.1fc7feb4c9b63ec6de31632511436327.jpg,0.302,0.1726,0.6884
251015_020546_0000434653_CAM1_OK_bmp.rf.1b16a581b140aeb6c80da86b7cf66793.jpg,0.3452,0.2157,0.9251
251015_020546_0000434653_CAM1_OK_bmp.rf.1b16a581b140aeb6c80da86b7cf66793.jpg,0.3452,0.1726,0.9111
251015_020546_0000434653_CAM1_OK_bmp.rf.1b16a581b140aeb6c80da86b7cf66793.jpg,0.3883,0.2157,0.9071
251015_020546_0000434653_CAM1_OK_bmp.rf.1b16a581b140aeb6c80da86b7cf66793.jpg,0.3452,0.1726,0.9053
251015_020546_0000434653_CAM1_OK_bmp.rf.1b16a581b140aeb6c80da86b7cf66793.jpg,0.3452,0.2157,0.9036
251015_020546_0000434653_CAM1_OK_bmp.rf.1b16a581b140aeb6c80da86b7cf66793.jpg,0.3883,0.1726,0.9026
251015_020546_0000434653_CAM1_OK_bmp.rf.1b16a581b140aeb6c80da86b7cf66793.jpg,0.3452,0.1726,0.8979
251015_020546_0000434653_CAM1_OK_bmp.rf.1b16a581b140aeb6c80da86b7cf66793.jpg,0.3452,0.1726,0.8939
251015_020546_0000434653_CAM1_OK_bmp.rf.1b16a581b140aeb6c80da86b7cf66793.jpg,0.302,0.1726,0.8756
251015_020546_0000434653_CAM1_OK_bmp.rf.1b16a581b140aeb6c80da86b7cf66793.jpg,0.3452,0.2157,0.8702
251015_020546_0000434653_CAM1_OK_bmp.rf.1b16a581b140aeb6c80da86b7cf66793.jpg,0.3452,0.1726,0.8692
251015_020546_0000434653_CAM1_OK_bmp.rf.1b16a581b140aeb6c80da86b7cf66793.jpg,0.2589,0.1726,0.8656
251015_020546_0000434653_CAM1_OK_bmp.rf.1b16a581b140aeb6c80da86b7cf66793.jpg,0.302,0.1726,0.8567
251015_020546_0000434653_CAM1_OK_bmp.rf.1b16a581b140aeb6c80da86b7cf66793.jpg,0.2589,0.1294,0.8563
251015_020546_0000434653_CAM1_OK_bmp.rf.1b16a581b140aeb6c80da86b7cf66793.jpg,0.302,0.1294,0.851
251015_020546_0000434653_CAM1_OK_bmp.rf.1b16a581b140aeb6c80da86b7cf66793.jpg,0.302,0.2157,0.8478
251015_020546_0000434653_CAM1_OK_bmp.rf.1b16a581b140aeb6c80da86b7cf66793.jpg,0.302,0.1294,0.8467
251015_020546_0000434653_CAM1_OK_bmp.rf.1b16a581b140aeb6c80da86b7cf66793.jpg,0.2589,0.1294,0.8424
251015_020546_0000434653_CAM1_OK_bmp.rf.1b16a581b140aeb6c80da86b7cf66793.jpg,0.302,0.1726,0.8291
251015_020546_0000434653_CAM1_OK_bmp.rf.1b16a581b140aeb6c80da86b7cf66793.jpg,0.302,0.1294,0.8147
251015_020546_0000434653_CAM1_OK_bmp.rf.1b16a581b140aeb6c80da86b7cf66793.jpg,0.2589,0.1294,0.812
251015_020546_0000434653_CAM1_OK_bmp.rf.1b16a581b140aeb6c80da86b7cf66793.jpg,0.302,0.1294,0.8069
251015_020546_0000434653_CAM1_OK_bmp.rf.1b16a581b140aeb6c80da86b7cf66793.jpg,0.302,0.1294,0.7499
251015_020546_0000434653_CAM1_OK_bmp.rf.1b16a581b140aeb6c80da86b7cf66793.jpg,0.2589,0.1294,0.7474
251015_020546_0000434653_CAM1_OK_bmp.rf.1b16a581b140aeb6c80da86b7cf66793.jpg,0.2589,0.1294,0.7113
251015_020546_0000434653_CAM1_OK_bmp.rf.1b16a581b140aeb6c80da86b7cf66793.jpg,0.2589,0.1294,0.7014
251015_020546_0000434653_CAM1_OK_bmp.rf.1b16a581b140aeb6c80da86b7cf66793.jpg,0.3452,0.1726,0.626
251015_020546_0000434653_CAM1_OK_bmp.rf.1b16a581b140aeb6c80da86b7cf66793.jpg,0.2589,0.1294,0.5564
251015_020546_0000434653_CAM1_OK_bmp.rf.1b16a581b140aeb6c80da86b7cf66793.jpg,0.1294,0.1294,0.5504
251015_020546_0000434653_CAM1_OK_bmp.rf.1b16a581b140aeb6c80da86b7cf66793.jpg,0.302,0.1726,0.5423
251010_124912_0000080576_CAM1_NG_bmp.rf.ce04250ff422d543f99dba1ceae8a178.jpg,0.3883,0.1726,0.9446
251010_124912_0000080576_CAM1_NG_bmp.rf.ce04250ff422d543f99dba1ceae8a178.jpg,0.3883,0.1726,0.9361
251010_124912_0000080576_CAM1_NG_bmp.rf.ce04250ff422d543f99dba1ceae8a178.jpg,0.3452,0.1726,0.9359
251010_124912_0000080576_CAM1_NG_bmp.rf.ce04250ff422d543f99dba1ceae8a178.jpg,0.3452,0.2157,0.9339
251010_124912_0000080576_CAM1_NG_bmp.rf.ce04250ff422d543f99dba1ceae8a178.jpg,0.3452,0.2157,0.9326
251010_124912_0000080576_CAM1_NG_bmp.rf.ce04250ff422d543f99dba1ceae8a178.jpg,0.3883,0.1726,0.9313
251010_124912_0000080576_CAM1_NG_bmp.rf.ce04250ff422d543f99dba1ceae8a178.jpg,0.3452,0.1726,0.91
251010_124912_0000080576_CAM1_NG_bmp.rf.ce04250ff422d543f99dba1ceae8a178.jpg,0.3452,0.2157,0.9057
251010_124912_0000080576_CAM1_NG_bmp.rf.ce04250ff422d543f99dba1ceae8a178.jpg,0.3452,0.1726,0.9056
251010_124912_0000080576_CAM1_NG_bmp.rf.ce04250ff422d543f99dba1ceae8a178.jpg,0.3883,0.2157,0.8968
251010_124912_0000080576_CAM1_NG_bmp.rf.ce04250ff422d543f99dba1ceae8a178.jpg,0.3883,0.2157,0.8861
251010_124912_0000080576_CAM1_NG_bmp.rf.ce04250ff422d543f99dba1ceae8a178.jpg,0.3452,0.2157,0.8801
251010_124912_0000080576_CAM1_NG_bmp.rf.ce04250ff422d543f99dba1ceae8a178.jpg,0.302,0.1294,0.8711
251010_124912_0000080576_CAM1_NG_bmp.rf.ce04250ff422d543f99dba1ceae8a178.jpg,0.2589,0.1294,0.8679
251010_124912_0000080576_CAM1_NG_bmp.rf.ce04250ff422d543f99dba1ceae8a178.jpg,0.302,0.1294,0.8601
251010_124912_0000080576_CAM1_NG_bmp.rf.ce04250ff422d543f99dba1ceae8a178.jpg,0.302,0.1294,0.8585
251010_124912_0000080576_CAM1_NG_bmp.rf.ce04250ff422d543f99dba1ceae8a178.jpg,0.2589,0.1294,0.8544
251010_124912_0000080576_CAM1_NG_bmp.rf.ce04250ff422d543f99dba1ceae8a178.jpg,0.302,0.1726,0.8536
251010_124912_0000080576_CAM1_NG_bmp.rf.ce04250ff422d543f99dba1ceae8a178.jpg,0.302,0.1294,0.8496
251010_124912_0000080576_CAM1_NG_bmp.rf.ce04250ff422d543f99dba1ceae8a178.jpg,0.3452,0.1726,0.8459
251010_124912_0000080576_CAM1_NG_bmp.rf.ce04250ff422d543f99dba1ceae8a178.jpg,0.2589,0.1294,0.8368
251010_124912_0000080576_CAM1_NG_bmp.rf.ce04250ff422d543f99dba1ceae8a178.jpg,0.302,0.1294,0.8352
251010_124912_0000080576_CAM1_NG_bmp.rf.ce04250ff422d543f99dba1ceae8a178.jpg,0.3883,0.1726,0.8256
251010_124912_0000080576_CAM1_NG_bmp.rf.ce04250ff422d543f99dba1ceae8a178.jpg,0.302,0.1294,0.8181
251010_124912_0000080576_CAM1_NG_bmp.rf.ce04250ff422d543f99dba1ceae8a178.jpg,0.302,0.1294,0.7964
251010_124912_0000080576_CAM1_NG_bmp.rf.ce04250ff422d543f99dba1ceae8a178.jpg,0.302,0.1294,0.792
251010_124912_0000080576_CAM1_NG_bmp.rf.ce04250ff422d543f99dba1ceae8a178.jpg,0.302,0.1294,0.7795
251010_124912_0000080576_CAM1_NG_bmp.rf.ce04250ff422d543f99dba1ceae8a178.jpg,0.1294,0.1294,0.5668
251010_070229_0000043601_CAM1_NG_bmp.rf.b0153e39b7678e070e435c10a9c8fe68.jpg,0.3883,0.2157,0.9304
251010_070229_0000043601_CAM1_NG_bmp.rf.b0153e39b7678e070e435c10a9c8fe68.jpg,0.3452,0.1726,0.9303
251010_070229_0000043601_CAM1_NG_bmp.rf.b0153e39b7678e070e435c10a9c8fe68.jpg,0.3883,0.2157,0.9254
251010_070229_0000043601_CAM1_NG_bmp.rf.b0153e39b7678e070e435c10a9c8fe68.jpg,0.3883,0.1726,0.919
251010_070229_0000043601_CAM1_NG_bmp.rf.b0153e39b7678e070e435c10a9c8fe68.jpg,0.3883,0.1726,0.919
251010_070229_0000043601_CAM1_NG_bmp.rf.b0153e39b7678e070e435c10a9c8fe68.jpg,0.3452,0.2157,0.9166
251010_070229_0000043601_CAM1_NG_bmp.rf.b0153e39b7678e070e435c10a9c8fe68.jpg,0.302,0.1294,0.9141
251010_070229_0000043601_CAM1_NG_bmp.rf.b0153e39b7678e070e435c10a9c8fe68.jpg,0.3883,0.1726,0.9105
251010_070229_0000043601_CAM1_NG_bmp.rf.b0153e39b7678e070e435c10a9c8fe68.jpg,0.302,0.1294,0.9015
251010_070229_0000043601_CAM1_NG_bmp.rf.b0153e39b7678e070e435c10a9c8fe68.jpg,0.302,0.1294,0.8965
251010_070229_0000043601_CAM1_NG_bmp.rf.b0153e39b7678e070e435c10a9c8fe68.jpg,0.3452,0.1726,0.8957
251010_070229_0000043601_CAM1_NG_bmp.rf.b0153e39b7678e070e435c10a9c8fe68.jpg,0.302,0.1294,0.8935
251010_070229_0000043601_CAM1_NG_bmp.rf.b0153e39b7678e070e435c10a9c8fe68.jpg,0.3452,0.1726,0.8898
251010_070229_0000043601_CAM1_NG_bmp.rf.b0153e39b7678e070e435c10a9c8fe68.jpg,0.2589,0.1294,0.8779
251010_070229_0000043601_CAM1_NG_bmp.rf.b0153e39b7678e070e435c10a9c8fe68.jpg,0.2589,0.1294,0.8746
251010_070229_0000043601_CAM1_NG_bmp.rf.b0153e39b7678e070e435c10a9c8fe68.jpg,0.3883,0.2157,0.8715
251010_070229_0000043601_CAM1_NG_bmp.rf.b0153e39b7678e070e435c10a9c8fe68.jpg,0.302,0.1726,0.8684
251010_070229_0000043601_CAM1_NG_bmp.rf.b0153e39b7678e070e435c10a9c8fe68.jpg,0.302,0.1294,0.8669
251010_070229_0000043601_CAM1_NG_bmp.rf.b0153e39b7678e070e435c10a9c8fe68.jpg,0.3452,0.1726,0.8642
251010_070229_0000043601_CAM1_NG_bmp.rf.b0153e39b7678e070e435c10a9c8fe68.jpg,0.302,0.1294,0.8618
251010_070229_0000043601_CAM1_NG_bmp.rf.b0153e39b7678e070e435c10a9c8fe68.jpg,0.302,0.1726,0.8589
251010_070229_0000043601_CAM1_NG_bmp.rf.b0153e39b7678e070e435c10a9c8fe68.jpg,0.302,0.1294,0.8581
251010_070229_0000043601_CAM1_NG_bmp.rf.b0153e39b7678e070e435c10a9c8fe68.jpg,0.302,0.1726,0.8404
251010_070229_0000043601_CAM1_NG_bmp.rf.b0153e39b7678e070e435c10a9c8fe68.jpg,0.3452,0.1726,0.8365
251010_070229_0000043601_CAM1_NG_bmp.rf.b0153e39b7678e070e435c10a9c8fe68.jpg,0.302,0.1294,0.826
251010_070229_0000043601_CAM1_NG_bmp.rf.b0153e39b7678e070e435c10a9c8fe68.jpg,0.302,0.1294,0.8159
251010_070229_0000043601_CAM1_NG_bmp.rf.b0153e39b7678e070e435c10a9c8fe68.jpg,0.302,0.1294,0.7862
251010_070229_0000043601_CAM1_NG_bmp.rf.b0153e39b7678e070e435c10a9c8fe68.jpg,0.302,0.1294,0.758
251010_070229_0000043601_CAM1_NG_bmp.rf.b0153e39b7678e070e435c10a9c8fe68.jpg,0.302,0.1294,0.7235
251010_070229_0000043601_CAM1_NG_bmp.rf.b0153e39b7678e070e435c10a9c8fe68.jpg,0.302,0.1294,0.659
251010_070229_0000043601_CAM1_NG_bmp.rf.b0153e39b7678e070e435c10a9c8fe68.jpg,0.1726,0.1294,0.6573
251010_070229_0000043601_CAM1_NG_bmp.rf.b0153e39b7678e070e435c10a9c8fe68.jpg,0.302,0.1294,0.5271
251010_125653_0000080827_CAM1_NG_bmp.rf.a1dd2299f401d7cf5b44b60a077dc071.jpg,0.3452,0.1726,0.9416
251010_125653_0000080827_CAM1_NG_bmp.rf.a1dd2299f401d7cf5b44b60a077dc071.jpg,0.3452,0.1726,0.9412
251010_125653_0000080827_CAM1_NG_bmp.rf.a1dd2299f401d7cf5b44b60a077dc071.jpg,0.3883,0.1726,0.9338
251010_125653_0000080827_CAM1_NG_bmp.rf.a1dd2299f401d7cf5b44b60a077dc071.jpg,0.3452,0.1726,0.931
251010_125653_0000080827_CAM1_NG_bmp.rf.a1dd2299f401d7cf5b44b60a077dc071.jpg,0.3452,0.1726,0.9294
251010_125653_0000080827_CAM1_NG_bmp.rf.a1dd2299f401d7cf5b44b60a077dc071.jpg,0.3452,0.2157,0.9292
251010_125653_0000080827_CAM1_NG_bmp.rf.a1dd2299f401d7cf5b44b60a077dc071.jpg,0.302,0.1294,0.9233
251010_125653_0000080827_CAM1_NG_bmp.rf.a1dd2299f401d7cf5b44b60a077dc071.jpg,0.3452,0.1726,0.9218
251010_125653_0000080827_CAM1_NG_bmp.rf.a1dd2299f401d7cf5b44b60a077dc071.jpg,0.3452,0.1726,0.9207
251010_125653_0000080827_CAM1_NG_bmp.rf.a1dd2299f401d7cf5b44b60a077dc071.jpg,0.302,0.1726,0.9192
251010_125653_0000080827_CAM1_NG_bmp.rf.a1dd2299f401d7cf5b44b60a077dc071.jpg,0.2589,0.1294,0.9176
251010_125653_0000080827_CAM1_NG_bmp.rf.a1dd2299f401d7cf5b44b60a077dc071.jpg,0.3452,0.1726,0.9042
251010_125653_0000080827_CAM1_NG_bmp.rf.a1dd2299f401d7cf5b44b60a077dc071.jpg,0.2589,0.0863,0.9014
251010_125653_0000080827_CAM1_NG_bmp.rf.a1dd2299f401d7cf5b44b60a077dc071.jpg,0.302,0.1294,0.9
251010_125653_0000080827_CAM1_NG_bmp.rf.a1dd2299f401d7cf5b44b60a077dc071.jpg,0.3452,0.1726,0.8948
251010_125653_0000080827_CAM1_NG_bmp.rf.a1dd2299f401d7cf5b44b60a077dc071.jpg,0.302,0.2157,0.8942
251010_125653_0000080827_CAM1_NG_bmp.rf.a1dd2299f401d7cf5b44b60a077dc071.jpg,0.3452,0.1726,0.8935
251010_125653_0000080827_CAM1_NG_bmp.rf.a1dd2299f401d7cf5b44b60a077dc071.jpg,0.2589,0.1294,0.8872
251010_125653_0000080827_CAM1_NG_bmp.rf.a1dd2299f401d7cf5b44b60a077dc071.jpg,0.2589,0.1294,0.8763
251010_125653_0000080827_CAM1_NG_bmp.rf.a1dd2299f401d7cf5b44b60a077dc071.jpg,0.302,0.1294,0.8754
251010_125653_0000080827_CAM1_NG_bmp.rf.a1dd2299f401d7cf5b44b60a077dc071.jpg,0.2589,0.1294,0.8188
251010_125653_0000080827_CAM1_NG_bmp.rf.a1dd2299f401d7cf5b44b60a077dc071.jpg,0.302,0.1294,0.8029
251010_125653_0000080827_CAM1_NG_bmp.rf.a1dd2299f401d7cf5b44b60a077dc071.jpg,0.3452,0.1726,0.801
251010_125653_0000080827_CAM1_NG_bmp.rf.a1dd2299f401d7cf5b44b60a077dc071.jpg,0.2589,0.1294,0.7965
251010_125653_0000080827_CAM1_NG_bmp.rf.a1dd2299f401d7cf5b44b60a077dc071.jpg,0.302,0.1294,0.79
251010_125653_0000080827_CAM1_NG_bmp.rf.a1dd2299f401d7cf5b44b60a077dc071.jpg,0.302,0.1294,0.7676
251010_125653_0000080827_CAM1_NG_bmp.rf.a1dd2299f401d7cf5b44b60a077dc071.jpg,0.302,0.1294,0.6484
251010_125653_0000080827_CAM1_NG_bmp.rf.a1dd2299f401d7cf5b44b60a077dc071.jpg,0.1294,0.1294,0.5217
251010_125547_0000080602_CAM1_NG_bmp.rf.5787c28fb01145e6850a7ba417823582.jpg,0.302,0.1726,0.9407
251010_125547_0000080602_CAM1_NG_bmp.rf.5787c28fb01145e6850a7ba417823582.jpg,0.3452,0.2157,0.9402
251010_125547_0000080602_CAM1_NG_bmp.rf.5787c28fb01145e6850a7ba417823582.jpg,0.3452,0.2157,0.9397
251010_125547_0000080602_CAM1_NG_bmp.rf.5787c28fb01145e6850a7ba417823582.jpg,0.3452,0.1726,0.9304
251010_125547_0000080602_CAM1_NG_bmp.rf.5787c28fb01145e6850a7ba417823582.jpg,0.3452,0.2157,0.9275
251010_125547_0000080602_CAM1_NG_bmp.rf.5787c28fb01145e6850a7ba417823582.jpg,0.302,0.1726,0.9219
251010_125547_0000080602_CAM1_NG_bmp.rf.5787c28fb01145e6850a7ba417823582.jpg,0.3452,0.2157,0.9114
251010_125547_0000080602_CAM1_NG_bmp.rf.5787c28fb01145e6850a7ba417823582.jpg,0.3452,0.1726,0.9084
251010_125547_0000080602_CAM1_NG_bmp.rf.5787c28fb01145e6850a7ba417823582.jpg,0.3452,0.1726,0.9035
251010_125547_0000080602_CAM1_NG_bmp.rf.5787c28fb01145e6850a7ba417823582.jpg,0.2589,0.1294,0.9028
251010_125547_0000080602_CAM1_NG_bmp.rf.5787c28fb01145e6850a7ba417823582.jpg,0.3883,0.1726,0.9017
251010_125547_0000080602_CAM1_NG_bmp.rf.5787c28fb01145e6850a7ba417823582.jpg,0.3452,0.1726,0.9013
251010_125547_0000080602_CAM1_NG_bmp.rf.5787c28fb01145e6850a7ba417823582.jpg,0.3452,0.1726,0.8995
251010_125547_0000080602_CAM1_NG_bmp.rf.5787c28fb01145e6850a7ba417823582.jpg,0.2589,0.1294,0.8808
251010_125547_0000080602_CAM1_NG_bmp.rf.5787c28fb01145e6850a7ba417823582.jpg,0.302,0.1294,0.8753
251010_125547_0000080602_CAM1_NG_bmp.rf.5787c28fb01145e6850a7ba417823582.jpg,0.3452,0.1726,0.8708
251010_125547_0000080602_CAM1_NG_bmp.rf.5787c28fb01145e6850a7ba417823582.jpg,0.2589,0.1726,0.8667
251010_125547_0000080602_CAM1_NG_bmp.rf.5787c28fb01145e6850a7ba417823582.jpg,0.3452,0.2157,0.8052
251010_125547_0000080602_CAM1_NG_bmp.rf.5787c28fb01145e6850a7ba417823582.jpg,0.302,0.1294,0.8022
251010_125547_0000080602_CAM1_NG_bmp.rf.5787c28fb01145e6850a7ba417823582.jpg,0.2589,0.1294,0.7845
251010_125547_0000080602_CAM1_NG_bmp.rf.5787c28fb01145e6850a7ba417823582.jpg,0.302,0.1294,0.7631
251010_125547_0000080602_CAM1_NG_bmp.rf.5787c28fb01145e6850a7ba417823582.jpg,0.1726,0.1294,0.7136
251010_125547_0000080602_CAM1_NG_bmp.rf.5787c28fb01145e6850a7ba417823582.jpg,0.302,0.1726,0.7135
251010_125547_0000080602_CAM1_NG_bmp.rf.5787c28fb01145e6850a7ba417823582.jpg,0.302,0.1294,0.5185
251010_125633_0000080756_CAM1_NG_bmp.rf.cda60d19cf3d9716571ef320bf2fa838.jpg,0.3452,0.1726,0.9327
251010_125633_0000080756_CAM1_NG_bmp.rf.cda60d19cf3d9716571ef320bf2fa838.jpg,0.3452,0.1726,0.9269
251010_125633_0000080756_CAM1_NG_bmp.rf.cda60d19cf3d9716571ef320bf2fa838.jpg,0.3452,0.1726,0.9245
251010_125633_0000080756_CAM1_NG_bmp.rf.cda60d19cf3d9716571ef320bf2fa838.jpg,0.3452,0.2157,0.9239
251010_125633_0000080756_CAM1_NG_bmp.rf.cda60d19cf3d9716571ef320bf2fa838.jpg,0.3452,0.1726,0.9219
251010_125633_0000080756_CAM1_NG_bmp.rf.cda60d19cf3d9716571ef320bf2fa838.jpg,0.302,0.1294,0.9031
251010_125633_0000080756_CAM1_NG_bmp.rf.cda60d19cf3d9716571ef320bf2fa838.jpg,0.302,0.1294,0.902
251010_125633_0000080756_CAM1_NG_bmp.rf.cda60d19cf3d9716571ef320bf2fa838.jpg,0.3883,0.1726,0.8778
251010_125633_0000080756_CAM1_NG_bmp.rf.cda60d19cf3d9716571ef320bf2fa838.jpg,0.3452,0.1726,0.8607
251010_125633_0000080756_CAM1_NG_bmp.rf.cda60d19cf3d9716571ef320bf2fa838.jpg,0.3452,0.1726,0.8441
251010_125633_0000080756_CAM1_NG_bmp.rf.cda60d19cf3d9716571ef320bf2fa838.jpg,0.302,0.1294,0.8301
251010_125633_0000080756_CAM1_NG_bmp.rf.cda60d19cf3d9716571ef320bf2fa838.jpg,0.302,0.1294,0.8263
251010_125633_0000080756_CAM1_NG_bmp.rf.cda60d19cf3d9716571ef320bf2fa838.jpg,0.2589,0.1294,0.7875
251010_125633_0000080756_CAM1_NG_bmp.rf.cda60d19cf3d9716571ef320bf2fa838.jpg,0.302,0.1726,0.787
251010_125633_0000080756_CAM1_NG_bmp.rf.cda60d19cf3d9716571ef320bf2fa838.jpg,0.3452,0.1726,0.6841
251010_125633_0000080756_CAM1_NG_bmp.rf.cda60d19cf3d9716571ef320bf2fa838.jpg,0.2589,0.1294,0.6102
251010_070228_0000043599_CAM1_NG_bmp.rf.9fcb7d78ee47268826d2a6c93fe7549a.jpg,0.3883,0.2157,0.9374
251010_070228_0000043599_CAM1_NG_bmp.rf.9fcb7d78ee47268826d2a6c93fe7549a.jpg,0.3883,0.2157,0.9319
251010_070228_0000043599_CAM1_NG_bmp.rf.9fcb7d78ee47268826d2a6c93fe7549a.jpg,0.3883,0.1726,0.9269
251010_070228_0000043599_CAM1_NG_bmp.rf.9fcb7d78ee47268826d2a6c93fe7549a.jpg,0.3452,0.2157,0.9241
251010_070228_0000043599_CAM1_NG_bmp.rf.9fcb7d78ee47268826d2a6c93fe7549a.jpg,0.3452,0.1726,0.9213
251010_070228_0000043599_CAM1_NG_bmp.rf.9fcb7d78ee47268826d2a6c93fe7549a.jpg,0.3452,0.2157,0.9201
251010_070228_0000043599_CAM1_NG_bmp.rf.9fcb7d78ee47268826d2a6c93fe7549a.jpg,0.3883,0.2157,0.916
251010_070228_0000043599_CAM1_NG_bmp.rf.9fcb7d78ee47268826d2a6c93fe7549a.jpg,0.302,0.1294,0.9133
251010_070228_0000043599_CAM1_NG_bmp.rf.9fcb7d78ee47268826d2a6c93fe7549a.jpg,0.3452,0.1726,0.9083
251010_070228_0000043599_CAM1_NG_bmp.rf.9fcb7d78ee47268826d2a6c93fe7549a.jpg,0.302,0.1726,0.9064
251010_070228_0000043599_CAM1_NG_bmp.rf.9fcb7d78ee47268826d2a6c93fe7549a.jpg,0.3452,0.1726,0.9037
251010_070228_0000043599_CAM1_NG_bmp.rf.9fcb7d78ee47268826d2a6c93fe7549a.jpg,0.302,0.1294,0.8924
251010_070228_0000043599_CAM1_NG_bmp.rf.9fcb7d78ee47268826d2a6c93fe7549a.jpg,0.302,0.1294,0.8875
251010_070228_0000043599_CAM1_NG_bmp.rf.9fcb7d78ee47268826d2a6c93fe7549a.jpg,0.302,0.1294,0.8869
251010_070228_0000043599_CAM1_NG_bmp.rf.9fcb7d78ee47268826d2a6c93fe7549a.jpg,0.3452,0.2157,0.8843
251010_070228_0000043599_CAM1_NG_bmp.rf.9fcb7d78ee47268826d2a6c93fe7549a.jpg,0.302,0.1294,0.8825
251010_070228_0000043599_CAM1_NG_bmp.rf.9fcb7d78ee47268826d2a6c93fe7549a.jpg,0.3452,0.2157,0.8705
251010_070228_0000043599_CAM1_NG_bmp.rf.9fcb7d78ee47268826d2a6c93fe7549a.jpg,0.302,0.1294,0.8664
251010_070228_0000043599_CAM1_NG_bmp.rf.9fcb7d78ee47268826d2a6c93fe7549a.jpg,0.302,0.1294,0.8589
251010_070228_0000043599_CAM1_NG_bmp.rf.9fcb7d78ee47268826d2a6c93fe7549a.jpg,0.3452,0.1726,0.8563
251010_070228_0000043599_CAM1_NG_bmp.rf.9fcb7d78ee47268826d2a6c93fe7549a.jpg,0.2589,0.1294,0.8544
251010_070228_0000043599_CAM1_NG_bmp.rf.9fcb7d78ee47268826d2a6c93fe7549a.jpg,0.302,0.1294,0.85
251010_070228_0000043599_CAM1_NG_bmp.rf.9fcb7d78ee47268826d2a6c93fe7549a.jpg,0.302,0.1294,0.8488
251010_070228_0000043599_CAM1_NG_bmp.rf.9fcb7d78ee47268826d2a6c93fe7549a.jpg,0.302,0.1294,0.8461
251010_070228_0000043599_CAM1_NG_bmp.rf.9fcb7d78ee47268826d2a6c93fe7549a.jpg,0.302,0.1294,0.8443
251010_070228_0000043599_CAM1_NG_bmp.rf.9fcb7d78ee47268826d2a6c93fe7549a.jpg,0.302,0.1294,0.8303
251010_070228_0000043599_CAM1_NG_bmp.rf.9fcb7d78ee47268826d2a6c93fe7549a.jpg,0.302,0.1294,0.8284
251010_070228_0000043599_CAM1_NG_bmp.rf.9fcb7d78ee47268826d2a6c93fe7549a.jpg,0.302,0.1294,0.816
251010_070228_0000043599_CAM1_NG_bmp.rf.9fcb7d78ee47268826d2a6c93fe7549a.jpg,0.302,0.1294,0.8018
251010_070228_0000043599_CAM1_NG_bmp.rf.9fcb7d78ee47268826d2a6c93fe7549a.jpg,0.302,0.1294,0.7357
251010_070228_0000043599_CAM1_NG_bmp.rf.9fcb7d78ee47268826d2a6c93fe7549a.jpg,0.302,0.1294,0.7012
251015_020250_0000434155_CAM1_OK_bmp.rf.3258dc6911225d4a73ffa30806f8135c.jpg,0.302,0.2157,0.9242
251015_020250_0000434155_CAM1_OK_bmp.rf.3258dc6911225d4a73ffa30806f8135c.jpg,0.3452,0.1726,0.9177
251015_020250_0000434155_CAM1_OK_bmp.rf.3258dc6911225d4a73ffa30806f8135c.jpg,0.3452,0.1726,0.915
251015_020250_0000434155_CAM1_OK_bmp.rf.3258dc6911225d4a73ffa30806f8135c.jpg,0.3452,0.1726,0.9094
251015_020250_0000434155_CAM1_OK_bmp.rf.3258dc6911225d4a73ffa30806f8135c.jpg,0.3452,0.2157,0.9016
251015_020250_0000434155_CAM1_OK_bmp.rf.3258dc6911225d4a73ffa30806f8135c.jpg,0.3883,0.2157,0.8997
251015_020250_0000434155_CAM1_OK_bmp.rf.3258dc6911225d4a73ffa30806f8135c.jpg,0.2589,0.1294,0.8972
251015_020250_0000434155_CAM1_OK_bmp.rf.3258dc6911225d4a73ffa30806f8135c.jpg,0.302,0.1294,0.8945
251015_020250_0000434155_CAM1_OK_bmp.rf.3258dc6911225d4a73ffa30806f8135c.jpg,0.3452,0.2157,0.8846
251015_020250_0000434155_CAM1_OK_bmp.rf.3258dc6911225d4a73ffa30806f8135c.jpg,0.3452,0.2157,0.8842
251015_020250_0000434155_CAM1_OK_bmp.rf.3258dc6911225d4a73ffa30806f8135c.jpg,0.302,0.1294,0.883
251015_020250_0000434155_CAM1_OK_bmp.rf.3258dc6911225d4a73ffa30806f8135c.jpg,0.3452,0.1726,0.881
251015_020250_0000434155_CAM1_OK_bmp.rf.3258dc6911225d4a73ffa30806f8135c.jpg,0.302,0.1294,0.8617
251015_020250_0000434155_CAM1_OK_bmp.rf.3258dc6911225d4a73ffa30806f8135c.jpg,0.2589,0.1294,0.8612
251015_020250_0000434155_CAM1_OK_bmp.rf.3258dc6911225d4a73ffa30806f8135c.jpg,0.3452,0.1726,0.8556
251015_020250_0000434155_CAM1_OK_bmp.rf.3258dc6911225d4a73ffa30806f8135c.jpg,0.302,0.1294,0.8541
251015_020250_0000434155_CAM1_OK_bmp.rf.3258dc6911225d4a73ffa30806f8135c.jpg,0.302,0.1294,0.8527
251015_020250_0000434155_CAM1_OK_bmp.rf.3258dc6911225d4a73ffa30806f8135c.jpg,0.3452,0.2157,0.845
251015_020250_0000434155_CAM1_OK_bmp.rf.3258dc6911225d4a73ffa30806f8135c.jpg,0.2589,0.1294,0.8421
251015_020250_0000434155_CAM1_OK_bmp.rf.3258dc6911225d4a73ffa30806f8135c.jpg,0.302,0.1294,0.833
251015_020250_0000434155_CAM1_OK_bmp.rf.3258dc6911225d4a73ffa30806f8135c.jpg,0.302,0.1726,0.7886
251015_020250_0000434155_CAM1_OK_bmp.rf.3258dc6911225d4a73ffa30806f8135c.jpg,0.302,0.1294,0.7866
251015_020250_0000434155_CAM1_OK_bmp.rf.3258dc6911225d4a73ffa30806f8135c.jpg,0.2589,0.1294,0.7853
251015_020250_0000434155_CAM1_OK_bmp.rf.3258dc6911225d4a73ffa30806f8135c.jpg,0.302,0.1294,0.7757
251015_020250_0000434155_CAM1_OK_bmp.rf.3258dc6911225d4a73ffa30806f8135c.jpg,0.2589,0.1294,0.7613
251015_020250_0000434155_CAM1_OK_bmp.rf.3258dc6911225d4a73ffa30806f8135c.jpg,0.2589,0.0863,0.761
251015_020250_0000434155_CAM1_OK_bmp.rf.3258dc6911225d4a73ffa30806f8135c.jpg,0.302,0.1294,0.7567
251015_020250_0000434155_CAM1_OK_bmp.rf.3258dc6911225d4a73ffa30806f8135c.jpg,0.302,0.1294,0.7156
251015_020250_0000434155_CAM1_OK_bmp.rf.3258dc6911225d4a73ffa30806f8135c.jpg,0.2589,0.1294,0.6444
251010_125542_0000080596_CAM1_NG_bmp.rf.729056aba3a3fe56018a6e9dace87c08.jpg,0.3452,0.2157,0.9483
251010_125542_0000080596_CAM1_NG_bmp.rf.729056aba3a3fe56018a6e9dace87c08.jpg,0.3883,0.2157,0.9382
251010_125542_0000080596_CAM1_NG_bmp.rf.729056aba3a3fe56018a6e9dace87c08.jpg,0.3452,0.1726,0.9326
251010_125542_0000080596_CAM1_NG_bmp.rf.729056aba3a3fe56018a6e9dace87c08.jpg,0.2589,0.1294,0.908
251010_125542_0000080596_CAM1_NG_bmp.rf.729056aba3a3fe56018a6e9dace87c08.jpg,0.3883,0.1726,0.9043
251010_125542_0000080596_CAM1_NG_bmp.rf.729056aba3a3fe56018a6e9dace87c08.jpg,0.3452,0.2157,0.8966
251010_125542_0000080596_CAM1_NG_bmp.rf.729056aba3a3fe56018a6e9dace87c08.jpg,0.3452,0.1726,0.8796
251010_125542_0000080596_CAM1_NG_bmp.rf.729056aba3a3fe56018a6e9dace87c08.jpg,0.3452,0.1726,0.8778
251010_125542_0000080596_CAM1_NG_bmp.rf.729056aba3a3fe56018a6e9dace87c08.jpg,0.302,0.1294,0.8773
251010_125542_0000080596_CAM1_NG_bmp.rf.729056aba3a3fe56018a6e9dace87c08.jpg,0.3452,0.2157,0.87
251010_125542_0000080596_CAM1_NG_bmp.rf.729056aba3a3fe56018a6e9dace87c08.jpg,0.3883,0.1726,0.8683
251010_125542_0000080596_CAM1_NG_bmp.rf.729056aba3a3fe56018a6e9dace87c08.jpg,0.3452,0.1726,0.8634
251010_125542_0000080596_CAM1_NG_bmp.rf.729056aba3a3fe56018a6e9dace87c08.jpg,0.3452,0.1726,0.8605
251010_125542_0000080596_CAM1_NG_bmp.rf.729056aba3a3fe56018a6e9dace87c08.jpg,0.302,0.1294,0.8592
251010_125542_0000080596_CAM1_NG_bmp.rf.729056aba3a3fe56018a6e9dace87c08.jpg,0.3452,0.1726,0.8561
251010_125542_0000080596_CAM1_NG_bmp.rf.729056aba3a3fe56018a6e9dace87c08.jpg,0.2589,0.1294,0.8413
251010_125542_0000080596_CAM1_NG_bmp.rf.729056aba3a3fe56018a6e9dace87c08.jpg,0.2589,0.1294,0.8218
251010_125542_0000080596_CAM1_NG_bmp.rf.729056aba3a3fe56018a6e9dace87c08.jpg,0.3452,0.2157,0.8204
251010_125542_0000080596_CAM1_NG_bmp.rf.729056aba3a3fe56018a6e9dace87c08.jpg,0.302,0.1294,0.782
251010_125542_0000080596_CAM1_NG_bmp.rf.729056aba3a3fe56018a6e9dace87c08.jpg,0.302,0.1294,0.7796
251010_125542_0000080596_CAM1_NG_bmp.rf.729056aba3a3fe56018a6e9dace87c08.jpg,0.2589,0.1294,0.7647
251010_125542_0000080596_CAM1_NG_bmp.rf.729056aba3a3fe56018a6e9dace87c08.jpg,0.1726,0.1294,0.6788
251010_125542_0000080596_CAM1_NG_bmp.rf.729056aba3a3fe56018a6e9dace87c08.jpg,0.3452,0.1726,0.6274
251010_125542_0000080596_CAM1_NG_bmp.rf.729056aba3a3fe56018a6e9dace87c08.jpg,0.302,0.1294,0.5128
251010_124855_0000080517_CAM1_NG_bmp.rf.58fe90fa2f312fddb298eace4f74d4b5.jpg,0.3452,0.2157,0.9415
251010_124855_0000080517_CAM1_NG_bmp.rf.58fe90fa2f312fddb298eace4f74d4b5.jpg,0.3452,0.2157,0.9337
251010_124855_0000080517_CAM1_NG_bmp.rf.58fe90fa2f312fddb298eace4f74d4b5.jpg,0.3452,0.1726,0.9321
251010_124855_0000080517_CAM1_NG_bmp.rf.58fe90fa2f312fddb298eace4f74d4b5.jpg,0.3883,0.1726,0.9314
251010_124855_0000080517_CAM1_NG_bmp.rf.58fe90fa2f312fddb298eace4f74d4b5.jpg,0.3883,0.2157,0.9256
251010_124855_0000080517_CAM1_NG_bmp.rf.58fe90fa2f312fddb298eace4f74d4b5.jpg,0.302,0.1726,0.9247
251010_124855_0000080517_CAM1_NG_bmp.rf.58fe90fa2f312fddb298eace4f74d4b5.jpg,0.302,0.1294,0.922
251010_124855_0000080517_CAM1_NG_bmp.rf.58fe90fa2f312fddb298eace4f74d4b5.jpg,0.3452,0.1726,0.9204
251010_124855_0000080517_CAM1_NG_bmp.rf.58fe90fa2f312fddb298eace4f74d4b5.jpg,0.3452,0.1726,0.9128
251010_124855_0000080517_CAM1_NG_bmp.rf.58fe90fa2f312fddb298eace4f74d4b5.jpg,0.3452,0.2157,0.9115
251010_124855_0000080517_CAM1_NG_bmp.rf.58fe90fa2f312fddb298eace4f74d4b5.jpg,0.3452,0.1726,0.9019
251010_124855_0000080517_CAM1_NG_bmp.rf.58fe90fa2f312fddb298eace4f74d4b5.jpg,0.3452,0.1726,0.9006
251010_124855_0000080517_CAM1_NG_bmp.rf.58fe90fa2f312fddb298eace4f74d4b5.jpg,0.302,0.1294,0.8776
251010_124855_0000080517_CAM1_NG_bmp.rf.58fe90fa2f312fddb298eace4f74d4b5.jpg,0.302,0.1294,0.8745
251010_124855_0000080517_CAM1_NG_bmp.rf.58fe90fa2f312fddb298eace4f74d4b5.jpg,0.302,0.1294,0.8689
251010_124855_0000080517_CAM1_NG_bmp.rf.58fe90fa2f312fddb298eace4f74d4b5.jpg,0.302,0.1294,0.8688
251010_124855_0000080517_CAM1_NG_bmp.rf.58fe90fa2f312fddb298eace4f74d4b5.jpg,0.3452,0.1726,0.8629
251010_124855_0000080517_CAM1_NG_bmp.rf.58fe90fa2f312fddb298eace4f74d4b5.jpg,0.2589,0.1294,0.8521
251010_124855_0000080517_CAM1_NG_bmp.rf.58fe90fa2f312fddb298eace4f74d4b5.jpg,0.302,0.1294,0.8516
251010_124855_0000080517_CAM1_NG_bmp.rf.58fe90fa2f312fddb298eace4f74d4b5.jpg,0.3883,0.1726,0.851
251010_124855_0000080517_CAM1_NG_bmp.rf.58fe90fa2f312fddb298eace4f74d4b5.jpg,0.302,0.1726,0.8323
251010_124855_0000080517_CAM1_NG_bmp.rf.58fe90fa2f312fddb298eace4f74d4b5.jpg,0.302,0.1294,0.8071
251010_124855_0000080517_CAM1_NG_bmp.rf.58fe90fa2f312fddb298eace4f74d4b5.jpg,0.2589,0.1294,0.806
251010_124855_0000080517_CAM1_NG_bmp.rf.58fe90fa2f312fddb298eace4f74d4b5.jpg,0.2589,0.1294,0.7515
251010_124855_0000080517_CAM1_NG_bmp.rf.58fe90fa2f312fddb298eace4f74d4b5.jpg,0.3452,0.2157,0.7487
251010_124855_0000080517_CAM1_NG_bmp.rf.58fe90fa2f312fddb298eace4f74d4b5.jpg,0.2589,0.1726,0.745
251010_125544_0000080597_CAM1_NG_bmp.rf.7549e29552c7a6e632fef4fbb6583975.jpg,0.3452,0.2157,0.9497
251010_125544_0000080597_CAM1_NG_bmp.rf.7549e29552c7a6e632fef4fbb6583975.jpg,0.3452,0.2157,0.9428
251010_125544_0000080597_CAM1_NG_bmp.rf.7549e29552c7a6e632fef4fbb6583975.jpg,0.3452,0.1726,0.9305
251010_125544_0000080597_CAM1_NG_bmp.rf.7549e29552c7a6e632fef4fbb6583975.jpg,0.2589,0.1294,0.9157
251010_125544_0000080597_CAM1_NG_bmp.rf.7549e29552c7a6e632fef4fbb6583975.jpg,0.3452,0.2157,0.907
251010_125544_0000080597_CAM1_NG_bmp.rf.7549e29552c7a6e632fef4fbb6583975.jpg,0.3883,0.1726,0.8999
251010_125544_0000080597_CAM1_NG_bmp.rf.7549e29552c7a6e632fef4fbb6583975.jpg,0.3452,0.1726,0.8891
251010_125544_0000080597_CAM1_NG_bmp.rf.7549e29552c7a6e632fef4fbb6583975.jpg,0.302,0.1726,0.8831
251010_125544_0000080597_CAM1_NG_bmp.rf.7549e29552c7a6e632fef4fbb6583975.jpg,0.3452,0.1726,0.8806
251010_125544_0000080597_CAM1_NG_bmp.rf.7549e29552c7a6e632fef4fbb6583975.jpg,0.3452,0.1726,0.8767
251010_125544_0000080597_CAM1_NG_bmp.rf.7549e29552c7a6e632fef4fbb6583975.jpg,0.302,0.1294,0.8723
251010_125544_0000080597_CAM1_NG_bmp.rf.7549e29552c7a6e632fef4fbb6583975.jpg,0.3883,0.1726,0.8657
251010_125544_0000080597_CAM1_NG_bmp.rf.7549e29552c7a6e632fef4fbb6583975.jpg,0.3452,0.1726,0.8607
251010_125544_0000080597_CAM1_NG_bmp.rf.7549e29552c7a6e632fef4fbb6583975.jpg,0.3452,0.2157,0.855
251010_125544_0000080597_CAM1_NG_bmp.rf.7549e29552c7a6e632fef4fbb6583975.jpg,0.2589,0.1726,0.8523
251010_125544_0000080597_CAM1_NG_bmp.rf.7549e29552c7a6e632fef4fbb6583975.jpg,0.3452,0.1726,0.849
251010_125544_0000080597_CAM1_NG_bmp.rf.7549e29552c7a6e632fef4fbb6583975.jpg,0.3452,0.2157,0.8287
251010_125544_0000080597_CAM1_NG_bmp.rf.7549e29552c7a6e632fef4fbb6583975.jpg,0.302,0.1294,0.8269
251010_125544_0000080597_CAM1_NG_bmp.rf.7549e29552c7a6e632fef4fbb6583975.jpg,0.302,0.1294,0.8248
251010_125544_0000080597_CAM1_NG_bmp.rf.7549e29552c7a6e632fef4fbb6583975.jpg,0.2589,0.1294,0.796
251010_125544_0000080597_CAM1_NG_bmp.rf.7549e29552c7a6e632fef4fbb6583975.jpg,0.2589,0.1294,0.6859
251010_125544_0000080597_CAM1_NG_bmp.rf.7549e29552c7a6e632fef4fbb6583975.jpg,0.1294,0.1294,0.6804
251010_125544_0000080597_CAM1_NG_bmp.rf.7549e29552c7a6e632fef4fbb6583975.jpg,0.2589,0.1294,0.6346
251010_125544_0000080597_CAM1_NG_bmp.rf.7549e29552c7a6e632fef4fbb6583975.jpg,0.3452,0.1726,0.6072
251010_070212_0000043544_CAM1_NG_bmp.rf.d419c9e7667694978be07806bd195da2.jpg,0.3452,0.1726,0.9408
251010_070212_0000043544_CAM1_NG_bmp.rf.d419c9e7667694978be07806bd195da2.jpg,0.3883,0.2157,0.9324
251010_070212_0000043544_CAM1_NG_bmp.rf.d419c9e7667694978be07806bd195da2.jpg,0.3452,0.2157,0.9279
251010_070212_0000043544_CAM1_NG_bmp.rf.d419c9e7667694978be07806bd195da2.jpg,0.3883,0.2157,0.9245
251010_070212_0000043544_CAM1_NG_bmp.rf.d419c9e7667694978be07806bd195da2.jpg,0.3883,0.1726,0.9239
251010_070212_0000043544_CAM1_NG_bmp.rf.d419c9e7667694978be07806bd195da2.jpg,0.3883,0.1726,0.9212
251010_070212_0000043544_CAM1_NG_bmp.rf.d419c9e7667694978be07806bd195da2.jpg,0.3452,0.2157,0.9147
251010_070212_0000043544_CAM1_NG_bmp.rf.d419c9e7667694978be07806bd195da2.jpg,0.302,0.1294,0.9116
251010_070212_0000043544_CAM1_NG_bmp.rf.d419c9e7667694978be07806bd195da2.jpg,0.302,0.1294,0.9108
251010_070212_0000043544_CAM1_NG_bmp.rf.d419c9e7667694978be07806bd195da2.jpg,0.3452,0.1726,0.9032
251010_070212_0000043544_CAM1_NG_bmp.rf.d419c9e7667694978be07806bd195da2.jpg,0.302,0.1726,0.8978
251010_070212_0000043544_CAM1_NG_bmp.rf.d419c9e7667694978be07806bd195da2.jpg,0.2589,0.1294,0.8968
251010_070212_0000043544_CAM1_NG_bmp.rf.d419c9e7667694978be07806bd195da2.jpg,0.302,0.1294,0.8911
251010_070212_0000043544_CAM1_NG_bmp.rf.d419c9e7667694978be07806bd195da2.jpg,0.302,0.1294,0.8903
251010_070212_0000043544_CAM1_NG_bmp.rf.d419c9e7667694978be07806bd195da2.jpg,0.3452,0.1726,0.8845
251010_070212_0000043544_CAM1_NG_bmp.rf.d419c9e7667694978be07806bd195da2.jpg,0.2589,0.1294,0.8796
251010_070212_0000043544_CAM1_NG_bmp.rf.d419c9e7667694978be07806bd195da2.jpg,0.3452,0.1726,0.8705
251010_070212_0000043544_CAM1_NG_bmp.rf.d419c9e7667694978be07806bd195da2.jpg,0.302,0.1294,0.8647
251010_070212_0000043544_CAM1_NG_bmp.rf.d419c9e7667694978be07806bd195da2.jpg,0.3883,0.2157,0.856
251010_070212_0000043544_CAM1_NG_bmp.rf.d419c9e7667694978be07806bd195da2.jpg,0.302,0.1726,0.8556
251010_070212_0000043544_CAM1_NG_bmp.rf.d419c9e7667694978be07806bd195da2.jpg,0.3452,0.1726,0.855
251010_070212_0000043544_CAM1_NG_bmp.rf.d419c9e7667694978be07806bd195da2.jpg,0.302,0.0863,0.8513
251010_070212_0000043544_CAM1_NG_bmp.rf.d419c9e7667694978be07806bd195da2.jpg,0.302,0.1294,0.8399
251010_070212_0000043544_CAM1_NG_bmp.rf.d419c9e7667694978be07806bd195da2.jpg,0.302,0.1294,0.8242
251010_070212_0000043544_CAM1_NG_bmp.rf.d419c9e7667694978be07806bd195da2.jpg,0.302,0.1294,0.824
251010_070212_0000043544_CAM1_NG_bmp.rf.d419c9e7667694978be07806bd195da2.jpg,0.302,0.1294,0.7543
251010_070212_0000043544_CAM1_NG_bmp.rf.d419c9e7667694978be07806bd195da2.jpg,0.302,0.1294,0.7517
251010_070212_0000043544_CAM1_NG_bmp.rf.d419c9e7667694978be07806bd195da2.jpg,0.2589,0.1294,0.7437
251010_070212_0000043544_CAM1_NG_bmp.rf.d419c9e7667694978be07806bd195da2.jpg,0.302,0.1294,0.6935
251010_070212_0000043544_CAM1_NG_bmp.rf.d419c9e7667694978be07806bd195da2.jpg,0.302,0.1294,0.629
251010_070212_0000043544_CAM1_NG_bmp.rf.d419c9e7667694978be07806bd195da2.jpg,0.302,0.1294,0.6093
251010_070212_0000043544_CAM1_NG_bmp.rf.d419c9e7667694978be07806bd195da2.jpg,0.1294,0.1294,0.6089
251015_020245_0000434140_CAM1_OK_bmp.rf.ff71dc8db3e59177b616d4d355e94c9d.jpg,0.302,0.1726,0.9257
251015_020245_0000434140_CAM1_OK_bmp.rf.ff71dc8db3e59177b616d4d355e94c9d.jpg,0.3452,0.2157,0.9219
251015_020245_0000434140_CAM1_OK_bmp.rf.ff71dc8db3e59177b616d4d355e94c9d.jpg,0.3452,0.1726,0.9193
251015_020245_0000434140_CAM1_OK_bmp.rf.ff71dc8db3e59177b616d4d355e94c9d.jpg,0.3452,0.1726,0.8997
251015_020245_0000434140_CAM1_OK_bmp.rf.ff71dc8db3e59177b616d4d355e94c9d.jpg,0.3452,0.2157,0.8979
251015_020245_0000434140_CAM1_OK_bmp.rf.ff71dc8db3e59177b616d4d355e94c9d.jpg,0.3452,0.2157,0.8971
251015_020245_0000434140_CAM1_OK_bmp.rf.ff71dc8db3e59177b616d4d355e94c9d.jpg,0.3452,0.2157,0.8927
251015_020245_0000434140_CAM1_OK_bmp.rf.ff71dc8db3e59177b616d4d355e94c9d.jpg,0.3452,0.1726,0.8898
251015_020245_0000434140_CAM1_OK_bmp.rf.ff71dc8db3e59177b616d4d355e94c9d.jpg,0.302,0.1294,0.884
251015_020245_0000434140_CAM1_OK_bmp.rf.ff71dc8db3e59177b616d4d355e94c9d.jpg,0.302,0.1294,0.8744
251015_020245_0000434140_CAM1_OK_bmp.rf.ff71dc8db3e59177b616d4d355e94c9d.jpg,0.2589,0.1294,0.873
251015_020245_0000434140_CAM1_OK_bmp.rf.ff71dc8db3e59177b616d4d355e94c9d.jpg,0.3452,0.2157,0.8723
251015_020245_0000434140_CAM1_OK_bmp.rf.ff71dc8db3e59177b616d4d355e94c9d.jpg,0.302,0.1294,0.8612
251015_020245_0000434140_CAM1_OK_bmp.rf.ff71dc8db3e59177b616d4d355e94c9d.jpg,0.3452,0.1726,0.8609
251015_020245_0000434140_CAM1_OK_bmp.rf.ff71dc8db3e59177b616d4d355e94c9d.jpg,0.302,0.1294,0.8554
251015_020245_0000434140_CAM1_OK_bmp.rf.ff71dc8db3e59177b616d4d355e94c9d.jpg,0.2589,0.1726,0.8504
251015_020245_0000434140_CAM1_OK_bmp.rf.ff71dc8db3e59177b616d4d355e94c9d.jpg,0.3452,0.2157,0.844
251015_020245_0000434140_CAM1_OK_bmp.rf.ff71dc8db3e59177b616d4d355e94c9d.jpg,0.302,0.1294,0.8433
251015_020245_0000434140_CAM1_OK_bmp.rf.ff71dc8db3e59177b616d4d355e94c9d.jpg,0.3452,0.2157,0.8432
251015_020245_0000434140_CAM1_OK_bmp.rf.ff71dc8db3e59177b616d4d355e94c9d.jpg,0.2589,0.1294,0.8408
251015_020245_0000434140_CAM1_OK_bmp.rf.ff71dc8db3e59177b616d4d355e94c9d.jpg,0.302,0.1294,0.8373
251015_020245_0000434140_CAM1_OK_bmp.rf.ff71dc8db3e59177b616d4d355e94c9d.jpg,0.302,0.2157,0.8285
251015_020245_0000434140_CAM1_OK_bmp.rf.ff71dc8db3e59177b616d4d355e94c9d.jpg,0.3452,0.2157,0.8064
251015_020245_0000434140_CAM1_OK_bmp.rf.ff71dc8db3e59177b616d4d355e94c9d.jpg,0.2589,0.1294,0.7901
251015_020245_0000434140_CAM1_OK_bmp.rf.ff71dc8db3e59177b616d4d355e94c9d.jpg,0.302,0.1294,0.7766
251015_020245_0000434140_CAM1_OK_bmp.rf.ff71dc8db3e59177b616d4d355e94c9d.jpg,0.302,0.1294,0.7733
251015_020245_0000434140_CAM1_OK_bmp.rf.ff71dc8db3e59177b616d4d355e94c9d.jpg,0.302,0.1294,0.773
251015_020245_0000434140_CAM1_OK_bmp.rf.ff71dc8db3e59177b616d4d355e94c9d.jpg,0.2589,0.1294,0.7718
251015_020245_0000434140_CAM1_OK_bmp.rf.ff71dc8db3e59177b616d4d355e94c9d.jpg,0.302,0.1294,0.7395
251015_020245_0000434140_CAM1_OK_bmp.rf.ff71dc8db3e59177b616d4d355e94c9d.jpg,0.2589,0.1726,0.7301
251015_020245_0000434140_CAM1_OK_bmp.rf.ff71dc8db3e59177b616d4d355e94c9d.jpg,0.2589,0.1294,0.6953
251015_020245_0000434140_CAM1_OK_bmp.rf.ff71dc8db3e59177b616d4d355e94c9d.jpg,0.1726,0.1294,0.5266
251010_070205_0000043520_CAM1_NG_bmp.rf.cddce043de505899a4390dc2cdbe692d.jpg,0.3883,0.1726,0.9415
251010_070205_0000043520_CAM1_NG_bmp.rf.cddce043de505899a4390dc2cdbe692d.jpg,0.3452,0.1726,0.9336
251010_070205_0000043520_CAM1_NG_bmp.rf.cddce043de505899a4390dc2cdbe692d.jpg,0.3452,0.2157,0.9281
251010_070205_0000043520_CAM1_NG_bmp.rf.cddce043de505899a4390dc2cdbe692d.jpg,0.3883,0.2157,0.918
251010_070205_0000043520_CAM1_NG_bmp.rf.cddce043de505899a4390dc2cdbe692d.jpg,0.3452,0.1726,0.9156
251010_070205_0000043520_CAM1_NG_bmp.rf.cddce043de505899a4390dc2cdbe692d.jpg,0.3883,0.2157,0.9094
251010_070205_0000043520_CAM1_NG_bmp.rf.cddce043de505899a4390dc2cdbe692d.jpg,0.302,0.1294,0.9092
251010_070205_0000043520_CAM1_NG_bmp.rf.cddce043de505899a4390dc2cdbe692d.jpg,0.3883,0.1726,0.908
251010_070205_0000043520_CAM1_NG_bmp.rf.cddce043de505899a4390dc2cdbe692d.jpg,0.3452,0.2157,0.9039
251010_070205_0000043520_CAM1_NG_bmp.rf.cddce043de505899a4390dc2cdbe692d.jpg,0.3452,0.1726,0.9023
251010_070205_0000043520_CAM1_NG_bmp.rf.cddce043de505899a4390dc2cdbe692d.jpg,0.3452,0.1726,0.9013
251010_070205_0000043520_CAM1_NG_bmp.rf.cddce043de505899a4390dc2cdbe692d.jpg,0.2589,0.1294,0.8965
251010_070205_0000043520_CAM1_NG_bmp.rf.cddce043de505899a4390dc2cdbe692d.jpg,0.302,0.1726,0.8958
251010_070205_0000043520_CAM1_NG_bmp.rf.cddce043de505899a4390dc2cdbe692d.jpg,0.302,0.1294,0.8885
251010_070205_0000043520_CAM1_NG_bmp.rf.cddce043de505899a4390dc2cdbe692d.jpg,0.302,0.1294,0.8864
251010_070205_0000043520_CAM1_NG_bmp.rf.cddce043de505899a4390dc2cdbe692d.jpg,0.302,0.1294,0.8859
251010_070205_0000043520_CAM1_NG_bmp.rf.cddce043de505899a4390dc2cdbe692d.jpg,0.3452,0.2157,0.8824
251010_070205_0000043520_CAM1_NG_bmp.rf.cddce043de505899a4390dc2cdbe692d.jpg,0.302,0.1294,0.8817
251010_070205_0000043520_CAM1_NG_bmp.rf.cddce043de505899a4390dc2cdbe692d.jpg,0.302,0.1726,0.8762
251010_070205_0000043520_CAM1_NG_bmp.rf.cddce043de505899a4390dc2cdbe692d.jpg,0.2589,0.1294,0.8754
251010_070205_0000043520_CAM1_NG_bmp.rf.cddce043de505899a4390dc2cdbe692d.jpg,0.302,0.1294,0.8567
251010_070205_0000043520_CAM1_NG_bmp.rf.cddce043de505899a4390dc2cdbe692d.jpg,0.3452,0.2157,0.8512
251010_070205_0000043520_CAM1_NG_bmp.rf.cddce043de505899a4390dc2cdbe692d.jpg,0.302,0.1294,0.8435
251010_070205_0000043520_CAM1_NG_bmp.rf.cddce043de505899a4390dc2cdbe692d.jpg,0.302,0.1726,0.8393
251010_070205_0000043520_CAM1_NG_bmp.rf.cddce043de505899a4390dc2cdbe692d.jpg,0.302,0.1294,0.8105
251010_070205_0000043520_CAM1_NG_bmp.rf.cddce043de505899a4390dc2cdbe692d.jpg,0.302,0.1294,0.8043
251010_070205_0000043520_CAM1_NG_bmp.rf.cddce043de505899a4390dc2cdbe692d.jpg,0.302,0.1294,0.7808
251010_070205_0000043520_CAM1_NG_bmp.rf.cddce043de505899a4390dc2cdbe692d.jpg,0.302,0.1294,0.7779
251010_070205_0000043520_CAM1_NG_bmp.rf.cddce043de505899a4390dc2cdbe692d.jpg,0.302,0.1294,0.7643
251010_070205_0000043520_CAM1_NG_bmp.rf.cddce043de505899a4390dc2cdbe692d.jpg,0.302,0.1294,0.7542
251010_070205_0000043520_CAM1_NG_bmp.rf.cddce043de505899a4390dc2cdbe692d.jpg,0.302,0.1294,0.7213
251010_070205_0000043520_CAM1_NG_bmp.rf.cddce043de505899a4390dc2cdbe692d.jpg,0.1294,0.1294,0.5729
251015_020254_0000434169_CAM1_OK_bmp.rf.7705bb3ccb6e9c87d72c474c790463db.jpg,0.3452,0.1726,0.9215
251015_020254_0000434169_CAM1_OK_bmp.rf.7705bb3ccb6e9c87d72c474c790463db.jpg,0.302,0.1726,0.9196
251015_020254_0000434169_CAM1_OK_bmp.rf.7705bb3ccb6e9c87d72c474c790463db.jpg,0.3452,0.2157,0.91
251015_020254_0000434169_CAM1_OK_bmp.rf.7705bb3ccb6e9c87d72c474c790463db.jpg,0.3452,0.1726,0.9071
251015_020254_0000434169_CAM1_OK_bmp.rf.7705bb3ccb6e9c87d72c474c790463db.jpg,0.3452,0.1726,0.9038
251015_020254_0000434169_CAM1_OK_bmp.rf.7705bb3ccb6e9c87d72c474c790463db.jpg,0.3883,0.2157,0.9037
251015_020254_0000434169_CAM1_OK_bmp.rf.7705bb3ccb6e9c87d72c474c790463db.jpg,0.3452,0.2157,0.9003
251015_020254_0000434169_CAM1_OK_bmp.rf.7705bb3ccb6e9c87d72c474c790463db.jpg,0.3452,0.2157,0.8925
251015_020254_0000434169_CAM1_OK_bmp.rf.7705bb3ccb6e9c87d72c474c790463db.jpg,0.302,0.1294,0.8815
251015_020254_0000434169_CAM1_OK_bmp.rf.7705bb3ccb6e9c87d72c474c790463db.jpg,0.2589,0.1294,0.8803
251015_020254_0000434169_CAM1_OK_bmp.rf.7705bb3ccb6e9c87d72c474c790463db.jpg,0.2589,0.0863,0.8778
251015_020254_0000434169_CAM1_OK_bmp.rf.7705bb3ccb6e9c87d72c474c790463db.jpg,0.3452,0.2157,0.8735
251015_020254_0000434169_CAM1_OK_bmp.rf.7705bb3ccb6e9c87d72c474c790463db.jpg,0.302,0.1294,0.8699
251015_020254_0000434169_CAM1_OK_bmp.rf.7705bb3ccb6e9c87d72c474c790463db.jpg,0.3452,0.1726,0.8653
251015_020254_0000434169_CAM1_OK_bmp.rf.7705bb3ccb6e9c87d72c474c790463db.jpg,0.302,0.1294,0.8647
251015_020254_0000434169_CAM1_OK_bmp.rf.7705bb3ccb6e9c87d72c474c790463db.jpg,0.302,0.1726,0.8575
251015_020254_0000434169_CAM1_OK_bmp.rf.7705bb3ccb6e9c87d72c474c790463db.jpg,0.3452,0.2157,0.8508
251015_020254_0000434169_CAM1_OK_bmp.rf.7705bb3ccb6e9c87d72c474c790463db.jpg,0.302,0.1294,0.8427
251015_020254_0000434169_CAM1_OK_bmp.rf.7705bb3ccb6e9c87d72c474c790463db.jpg,0.3883,0.2157,0.8402
251015_020254_0000434169_CAM1_OK_bmp.rf.7705bb3ccb6e9c87d72c474c790463db.jpg,0.2589,0.1726,0.8386
251015_020254_0000434169_CAM1_OK_bmp.rf.7705bb3ccb6e9c87d72c474c790463db.jpg,0.302,0.1294,0.8356
251015_020254_0000434169_CAM1_OK_bmp.rf.7705bb3ccb6e9c87d72c474c790463db.jpg,0.3452,0.2157,0.8166
251015_020254_0000434169_CAM1_OK_bmp.rf.7705bb3ccb6e9c87d72c474c790463db.jpg,0.302,0.1294,0.811
251015_020254_0000434169_CAM1_OK_bmp.rf.7705bb3ccb6e9c87d72c474c790463db.jpg,0.302,0.1294,0.8003
251015_020254_0000434169_CAM1_OK_bmp.rf.7705bb3ccb6e9c87d72c474c790463db.jpg,0.302,0.1294,0.7958
251015_020254_0000434169_CAM1_OK_bmp.rf.7705bb3ccb6e9c87d72c474c790463db.jpg,0.2589,0.1294,0.7863
251015_020254_0000434169_CAM1_OK_bmp.rf.7705bb3ccb6e9c87d72c474c790463db.jpg,0.302,0.1294,0.7844
251015_020254_0000434169_CAM1_OK_bmp.rf.7705bb3ccb6e9c87d72c474c790463db.jpg,0.302,0.1294,0.7688
251015_020254_0000434169_CAM1_OK_bmp.rf.7705bb3ccb6e9c87d72c474c790463db.jpg,0.2589,0.1294,0.741
251015_020254_0000434169_CAM1_OK_bmp.rf.7705bb3ccb6e9c87d72c474c790463db.jpg,0.302,0.1294,0.7309
251015_020254_0000434169_CAM1_OK_bmp.rf.7705bb3ccb6e9c87d72c474c790463db.jpg,0.2589,0.1294,0.7169
251010_125622_0000080721_CAM1_NG_bmp.rf.c9d8748ceca00c93f186d1622d05ad3a.jpg,0.3452,0.2157,0.96
251010_125622_0000080721_CAM1_NG_bmp.rf.c9d8748ceca00c93f186d1622d05ad3a.jpg,0.3452,0.1726,0.9432
251010_125622_0000080721_CAM1_NG_bmp.rf.c9d8748ceca00c93f186d1622d05ad3a.jpg,0.3452,0.1726,0.9427
251010_125622_0000080721_CAM1_NG_bmp.rf.c9d8748ceca00c93f186d1622d05ad3a.jpg,0.3883,0.2157,0.9421
251010_125622_0000080721_CAM1_NG_bmp.rf.c9d8748ceca00c93f186d1622d05ad3a.jpg,0.3452,0.1726,0.9375
251010_125622_0000080721_CAM1_NG_bmp.rf.c9d8748ceca00c93f186d1622d05ad3a.jpg,0.3452,0.2157,0.933
251010_125622_0000080721_CAM1_NG_bmp.rf.c9d8748ceca00c93f186d1622d05ad3a.jpg,0.3452,0.1726,0.9315
251010_125622_0000080721_CAM1_NG_bmp.rf.c9d8748ceca00c93f186d1622d05ad3a.jpg,0.3452,0.1726,0.9291
251010_125622_0000080721_CAM1_NG_bmp.rf.c9d8748ceca00c93f186d1622d05ad3a.jpg,0.3452,0.2157,0.9259
251010_125622_0000080721_CAM1_NG_bmp.rf.c9d8748ceca00c93f186d1622d05ad3a.jpg,0.3452,0.1726,0.9227
251010_125622_0000080721_CAM1_NG_bmp.rf.c9d8748ceca00c93f186d1622d05ad3a.jpg,0.302,0.1294,0.9227
251010_125622_0000080721_CAM1_NG_bmp.rf.c9d8748ceca00c93f186d1622d05ad3a.jpg,0.3452,0.1726,0.9172
251010_125622_0000080721_CAM1_NG_bmp.rf.c9d8748ceca00c93f186d1622d05ad3a.jpg,0.3452,0.2157,0.912
251010_125622_0000080721_CAM1_NG_bmp.rf.c9d8748ceca00c93f186d1622d05ad3a.jpg,0.2589,0.1294,0.909
251010_125622_0000080721_CAM1_NG_bmp.rf.c9d8748ceca00c93f186d1622d05ad3a.jpg,0.2589,0.1294,0.8998
251010_125622_0000080721_CAM1_NG_bmp.rf.c9d8748ceca00c93f186d1622d05ad3a.jpg,0.3452,0.1726,0.8994
251010_125622_0000080721_CAM1_NG_bmp.rf.c9d8748ceca00c93f186d1622d05ad3a.jpg,0.302,0.1726,0.8959
251010_125622_0000080721_CAM1_NG_bmp.rf.c9d8748ceca00c93f186d1622d05ad3a.jpg,0.3452,0.2157,0.8955
251010_125622_0000080721_CAM1_NG_bmp.rf.c9d8748ceca00c93f186d1622d05ad3a.jpg,0.302,0.1726,0.8909
251010_125622_0000080721_CAM1_NG_bmp.rf.c9d8748ceca00c93f186d1622d05ad3a.jpg,0.2589,0.1294,0.8794
251010_125622_0000080721_CAM1_NG_bmp.rf.c9d8748ceca00c93f186d1622d05ad3a.jpg,0.2589,0.1294,0.8705
251010_125622_0000080721_CAM1_NG_bmp.rf.c9d8748ceca00c93f186d1622d05ad3a.jpg,0.302,0.1294,0.8649
251010_125622_0000080721_CAM1_NG_bmp.rf.c9d8748ceca00c93f186d1622d05ad3a.jpg,0.302,0.1294,0.8605
251010_125622_0000080721_CAM1_NG_bmp.rf.c9d8748ceca00c93f186d1622d05ad3a.jpg,0.2589,0.1294,0.854
251010_125622_0000080721_CAM1_NG_bmp.rf.c9d8748ceca00c93f186d1622d05ad3a.jpg,0.2589,0.1294,0.8023
251010_125622_0000080721_CAM1_NG_bmp.rf.c9d8748ceca00c93f186d1622d05ad3a.jpg,0.1726,0.1294,0.7314
251010_125622_0000080721_CAM1_NG_bmp.rf.c9d8748ceca00c93f186d1622d05ad3a.jpg,0.302,0.1294,0.5379
251010_070211_0000043541_CAM1_NG_bmp.rf.315f284f0494f5ef3fb9e4062a50deae.jpg,0.3452,0.1726,0.9364
251010_070211_0000043541_CAM1_NG_bmp.rf.315f284f0494f5ef3fb9e4062a50deae.jpg,0.3452,0.2157,0.9346
251010_070211_0000043541_CAM1_NG_bmp.rf.315f284f0494f5ef3fb9e4062a50deae.jpg,0.3883,0.1726,0.9325
251010_070211_0000043541_CAM1_NG_bmp.rf.315f284f0494f5ef3fb9e4062a50deae.jpg,0.3883,0.1726,0.9313
251010_070211_0000043541_CAM1_NG_bmp.rf.315f284f0494f5ef3fb9e4062a50deae.jpg,0.3452,0.1726,0.9281
251010_070211_0000043541_CAM1_NG_bmp.rf.315f284f0494f5ef3fb9e4062a50deae.jpg,0.3883,0.1726,0.9267
251010_070211_0000043541_CAM1_NG_bmp.rf.315f284f0494f5ef3fb9e4062a50deae.jpg,0.3883,0.2157,0.921
251010_070211_0000043541_CAM1_NG_bmp.rf.315f284f0494f5ef3fb9e4062a50deae.jpg,0.302,0.1294,0.909
251010_070211_0000043541_CAM1_NG_bmp.rf.315f284f0494f5ef3fb9e4062a50deae.jpg,0.302,0.1294,0.9063
251010_070211_0000043541_CAM1_NG_bmp.rf.315f284f0494f5ef3fb9e4062a50deae.jpg,0.3452,0.2157,0.9011
251010_070211_0000043541_CAM1_NG_bmp.rf.315f284f0494f5ef3fb9e4062a50deae.jpg,0.3883,0.2157,0.8992
251010_070211_0000043541_CAM1_NG_bmp.rf.315f284f0494f5ef3fb9e4062a50deae.jpg,0.302,0.1294,0.898
251010_070211_0000043541_CAM1_NG_bmp.rf.315f284f0494f5ef3fb9e4062a50deae.jpg,0.302,0.1294,0.8967
251010_070211_0000043541_CAM1_NG_bmp.rf.315f284f0494f5ef3fb9e4062a50deae.jpg,0.3452,0.2157,0.8945
251010_070211_0000043541_CAM1_NG_bmp.rf.315f284f0494f5ef3fb9e4062a50deae.jpg,0.302,0.1726,0.8944
251010_070211_0000043541_CAM1_NG_bmp.rf.315f284f0494f5ef3fb9e4062a50deae.jpg,0.2589,0.1294,0.8904
251010_070211_0000043541_CAM1_NG_bmp.rf.315f284f0494f5ef3fb9e4062a50deae.jpg,0.302,0.1726,0.8885
251010_070211_0000043541_CAM1_NG_bmp.rf.315f284f0494f5ef3fb9e4062a50deae.jpg,0.302,0.1294,0.8866
251010_070211_0000043541_CAM1_NG_bmp.rf.315f284f0494f5ef3fb9e4062a50deae.jpg,0.2589,0.1294,0.882
251010_070211_0000043541_CAM1_NG_bmp.rf.315f284f0494f5ef3fb9e4062a50deae.jpg,0.3452,0.1726,0.8811
251010_070211_0000043541_CAM1_NG_bmp.rf.315f284f0494f5ef3fb9e4062a50deae.jpg,0.302,0.1294,0.8705
251010_070211_0000043541_CAM1_NG_bmp.rf.315f284f0494f5ef3fb9e4062a50deae.jpg,0.302,0.1294,0.8686
251010_070211_0000043541_CAM1_NG_bmp.rf.315f284f0494f5ef3fb9e4062a50deae.jpg,0.3452,0.1726,0.8635
251010_070211_0000043541_CAM1_NG_bmp.rf.315f284f0494f5ef3fb9e4062a50deae.jpg,0.302,0.1294,0.8625
251010_070211_0000043541_CAM1_NG_bmp.rf.315f284f0494f5ef3fb9e4062a50deae.jpg,0.302,0.1726,0.8505
251010_070211_0000043541_CAM1_NG_bmp.rf.315f284f0494f5ef3fb9e4062a50deae.jpg,0.2589,0.1294,0.8462
251010_070211_0000043541_CAM1_NG_bmp.rf.315f284f0494f5ef3fb9e4062a50deae.jpg,0.302,0.1294,0.83
251010_070211_0000043541_CAM1_NG_bmp.rf.315f284f0494f5ef3fb9e4062a50deae.jpg,0.302,0.1294,0.7854
251010_070211_0000043541_CAM1_NG_bmp.rf.315f284f0494f5ef3fb9e4062a50deae.jpg,0.302,0.1294,0.7559
251010_070211_0000043541_CAM1_NG_bmp.rf.315f284f0494f5ef3fb9e4062a50deae.jpg,0.302,0.1294,0.6691
251010_070211_0000043541_CAM1_NG_bmp.rf.315f284f0494f5ef3fb9e4062a50deae.jpg,0.1726,0.1294,0.6389
251010_070211_0000043541_CAM1_NG_bmp.rf.315f284f0494f5ef3fb9e4062a50deae.jpg,0.302,0.1294,0.6281
251010_070211_0000043541_CAM1_NG_bmp.rf.315f284f0494f5ef3fb9e4062a50deae.jpg,0.302,0.1294,0.5121
251010_192639_0000138901_CAM1_NG_bmp.rf.c1612cf0830c860cff6c7d83f63776c0.jpg,0.3452,0.2157,0.9177
251010_192639_0000138901_CAM1_NG_bmp.rf.c1612cf0830c860cff6c7d83f63776c0.jpg,0.302,0.1726,0.9009
251010_192639_0000138901_CAM1_NG_bmp.rf.c1612cf0830c860cff6c7d83f63776c0.jpg,0.302,0.1726,0.8821
251010_192639_0000138901_CAM1_NG_bmp.rf.c1612cf0830c860cff6c7d83f63776c0.jpg,0.3452,0.1726,0.8729
251010_192639_0000138901_CAM1_NG_bmp.rf.c1612cf0830c860cff6c7d83f63776c0.jpg,0.3452,0.1726,0.8631
251010_192639_0000138901_CAM1_NG_bmp.rf.c1612cf0830c860cff6c7d83f63776c0.jpg,0.3452,0.2157,0.8576
251010_192639_0000138901_CAM1_NG_bmp.rf.c1612cf0830c860cff6c7d83f63776c0.jpg,0.302,0.1294,0.85
251010_192639_0000138901_CAM1_NG_bmp.rf.c1612cf0830c860cff6c7d83f63776c0.jpg,0.3452,0.2157,0.8455
251010_192639_0000138901_CAM1_NG_bmp.rf.c1612cf0830c860cff6c7d83f63776c0.jpg,0.3452,0.1726,0.8356
251010_192639_0000138901_CAM1_NG_bmp.rf.c1612cf0830c860cff6c7d83f63776c0.jpg,0.302,0.1726,0.815
251010_192639_0000138901_CAM1_NG_bmp.rf.c1612cf0830c860cff6c7d83f63776c0.jpg,0.302,0.1726,0.8019
251010_192639_0000138901_CAM1_NG_bmp.rf.c1612cf0830c860cff6c7d83f63776c0.jpg,0.302,0.1294,0.7988
251010_192639_0000138901_CAM1_NG_bmp.rf.c1612cf0830c860cff6c7d83f63776c0.jpg,0.2589,0.1294,0.756
251010_192639_0000138901_CAM1_NG_bmp.rf.c1612cf0830c860cff6c7d83f63776c0.jpg,0.302,0.1294,0.7472
251010_192639_0000138901_CAM1_NG_bmp.rf.c1612cf0830c860cff6c7d83f63776c0.jpg,0.302,0.1294,0.7366
251010_192639_0000138901_CAM1_NG_bmp.rf.c1612cf0830c860cff6c7d83f63776c0.jpg,0.302,0.1294,0.7141
251010_192639_0000138901_CAM1_NG_bmp.rf.c1612cf0830c860cff6c7d83f63776c0.jpg,0.3452,0.2157,0.6964
251010_192639_0000138901_CAM1_NG_bmp.rf.c1612cf0830c860cff6c7d83f63776c0.jpg,0.302,0.1726,0.6916
251010_192639_0000138901_CAM1_NG_bmp.rf.c1612cf0830c860cff6c7d83f63776c0.jpg,0.3452,0.2157,0.6848
251010_192639_0000138901_CAM1_NG_bmp.rf.c1612cf0830c860cff6c7d83f63776c0.jpg,0.3452,0.1726,0.6756
251010_192639_0000138901_CAM1_NG_bmp.rf.c1612cf0830c860cff6c7d83f63776c0.jpg,0.302,0.1294,0.6745
251010_192639_0000138901_CAM1_NG_bmp.rf.c1612cf0830c860cff6c7d83f63776c0.jpg,0.3452,0.1294,0.6653
251010_192639_0000138901_CAM1_NG_bmp.rf.c1612cf0830c860cff6c7d83f63776c0.jpg,0.1294,0.1294,0.6437
251010_192639_0000138901_CAM1_NG_bmp.rf.c1612cf0830c860cff6c7d83f63776c0.jpg,0.302,0.1294,0.6344
251010_192639_0000138901_CAM1_NG_bmp.rf.c1612cf0830c860cff6c7d83f63776c0.jpg,0.302,0.1294,0.6327
251010_192639_0000138901_CAM1_NG_bmp.rf.c1612cf0830c860cff6c7d83f63776c0.jpg,0.3452,0.1726,0.6318
251010_192639_0000138901_CAM1_NG_bmp.rf.c1612cf0830c860cff6c7d83f63776c0.jpg,0.302,0.1294,0.5619
251010_192639_0000138901_CAM1_NG_bmp.rf.c1612cf0830c860cff6c7d83f63776c0.jpg,0.3452,0.1726,0.556
251010_125632_0000080753_CAM1_NG_bmp.rf.96ee84b16e49728695b224fcbaf1d6f7.jpg,0.3452,0.1726,0.937
251010_125632_0000080753_CAM1_NG_bmp.rf.96ee84b16e49728695b224fcbaf1d6f7.jpg,0.3883,0.1726,0.9331
251010_125632_0000080753_CAM1_NG_bmp.rf.96ee84b16e49728695b224fcbaf1d6f7.jpg,0.3452,0.1726,0.9301
251010_125632_0000080753_CAM1_NG_bmp.rf.96ee84b16e49728695b224fcbaf1d6f7.jpg,0.3452,0.1726,0.9222
251010_125632_0000080753_CAM1_NG_bmp.rf.96ee84b16e49728695b224fcbaf1d6f7.jpg,0.302,0.1294,0.92
251010_125632_0000080753_CAM1_NG_bmp.rf.96ee84b16e49728695b224fcbaf1d6f7.jpg,0.3452,0.1726,0.9188
251010_125632_0000080753_CAM1_NG_bmp.rf.96ee84b16e49728695b224fcbaf1d6f7.jpg,0.3452,0.1726,0.9184
251010_125632_0000080753_CAM1_NG_bmp.rf.96ee84b16e49728695b224fcbaf1d6f7.jpg,0.3452,0.1726,0.9182
251010_125632_0000080753_CAM1_NG_bmp.rf.96ee84b16e49728695b224fcbaf1d6f7.jpg,0.3452,0.1726,0.8995
251010_125632_0000080753_CAM1_NG_bmp.rf.96ee84b16e49728695b224fcbaf1d6f7.jpg,0.3452,0.1726,0.8967
251010_125632_0000080753_CAM1_NG_bmp.rf.96ee84b16e49728695b224fcbaf1d6f7.jpg,0.3452,0.2157,0.8955
251010_125632_0000080753_CAM1_NG_bmp.rf.96ee84b16e49728695b224fcbaf1d6f7.jpg,0.302,0.1294,0.8799
251010_125632_0000080753_CAM1_NG_bmp.rf.96ee84b16e49728695b224fcbaf1d6f7.jpg,0.302,0.1294,0.8786
251010_125632_0000080753_CAM1_NG_bmp.rf.96ee84b16e49728695b224fcbaf1d6f7.jpg,0.3452,0.1726,0.8747
251010_125632_0000080753_CAM1_NG_bmp.rf.96ee84b16e49728695b224fcbaf1d6f7.jpg,0.2589,0.1294,0.8659
251010_125632_0000080753_CAM1_NG_bmp.rf.96ee84b16e49728695b224fcbaf1d6f7.jpg,0.3452,0.1726,0.8633
251010_125632_0000080753_CAM1_NG_bmp.rf.96ee84b16e49728695b224fcbaf1d6f7.jpg,0.2589,0.1294,0.8536
251010_125632_0000080753_CAM1_NG_bmp.rf.96ee84b16e49728695b224fcbaf1d6f7.jpg,0.302,0.1294,0.8372
251010_125632_0000080753_CAM1_NG_bmp.rf.96ee84b16e49728695b224fcbaf1d6f7.jpg,0.2589,0.1294,0.8355
251010_125632_0000080753_CAM1_NG_bmp.rf.96ee84b16e49728695b224fcbaf1d6f7.jpg,0.2589,0.1294,0.8177
251010_125632_0000080753_CAM1_NG_bmp.rf.96ee84b16e49728695b224fcbaf1d6f7.jpg,0.2589,0.1726,0.8148
251010_125632_0000080753_CAM1_NG_bmp.rf.96ee84b16e49728695b224fcbaf1d6f7.jpg,0.3452,0.1726,0.7883
251010_125632_0000080753_CAM1_NG_bmp.rf.96ee84b16e49728695b224fcbaf1d6f7.jpg,0.3452,0.1726,0.7836
251010_125632_0000080753_CAM1_NG_bmp.rf.96ee84b16e49728695b224fcbaf1d6f7.jpg,0.302,0.1726,0.7152
251010_125632_0000080753_CAM1_NG_bmp.rf.96ee84b16e49728695b224fcbaf1d6f7.jpg,0.1294,0.1294,0.6965
251010_125632_0000080753_CAM1_NG_bmp.rf.96ee84b16e49728695b224fcbaf1d6f7.jpg,0.2589,0.1294,0.589
251015_020545_0000434650_CAM1_OK_bmp.rf.d63b878e994b52fa5178d8b613aa6350.jpg,0.3452,0.1726,0.9346
251015_020545_0000434650_CAM1_OK_bmp.rf.d63b878e994b52fa5178d8b613aa6350.jpg,0.3883,0.1726,0.925
251015_020545_0000434650_CAM1_OK_bmp.rf.d63b878e994b52fa5178d8b613aa6350.jpg,0.3452,0.2157,0.9123
251015_020545_0000434650_CAM1_OK_bmp.rf.d63b878e994b52fa5178d8b613aa6350.jpg,0.3452,0.1726,0.9084
251015_020545_0000434650_CAM1_OK_bmp.rf.d63b878e994b52fa5178d8b613aa6350.jpg,0.3452,0.2157,0.9063
251015_020545_0000434650_CAM1_OK_bmp.rf.d63b878e994b52fa5178d8b613aa6350.jpg,0.3883,0.1726,0.8999
251015_020545_0000434650_CAM1_OK_bmp.rf.d63b878e994b52fa5178d8b613aa6350.jpg,0.3452,0.1726,0.8892
251015_020545_0000434650_CAM1_OK_bmp.rf.d63b878e994b52fa5178d8b613aa6350.jpg,0.302,0.1294,0.8787
251015_020545_0000434650_CAM1_OK_bmp.rf.d63b878e994b52fa5178d8b613aa6350.jpg,0.3452,0.1726,0.8573
251015_020545_0000434650_CAM1_OK_bmp.rf.d63b878e994b52fa5178d8b613aa6350.jpg,0.2589,0.1294,0.8565
251015_020545_0000434650_CAM1_OK_bmp.rf.d63b878e994b52fa5178d8b613aa6350.jpg,0.3452,0.2157,0.8564
251015_020545_0000434650_CAM1_OK_bmp.rf.d63b878e994b52fa5178d8b613aa6350.jpg,0.3452,0.1726,0.8564
251015_020545_0000434650_CAM1_OK_bmp.rf.d63b878e994b52fa5178d8b613aa6350.jpg,0.3452,0.1726,0.8549
251015_020545_0000434650_CAM1_OK_bmp.rf.d63b878e994b52fa5178d8b613aa6350.jpg,0.2589,0.1726,0.8545
251015_020545_0000434650_CAM1_OK_bmp.rf.d63b878e994b52fa5178d8b613aa6350.jpg,0.302,0.1726,0.8436
251015_020545_0000434650_CAM1_OK_bmp.rf.d63b878e994b52fa5178d8b613aa6350.jpg,0.302,0.1294,0.8405
251015_020545_0000434650_CAM1_OK_bmp.rf.d63b878e994b52fa5178d8b613aa6350.jpg,0.302,0.1294,0.8284
251015_020545_0000434650_CAM1_OK_bmp.rf.d63b878e994b52fa5178d8b613aa6350.jpg,0.302,0.0863,0.8256
251015_020545_0000434650_CAM1_OK_bmp.rf.d63b878e994b52fa5178d8b613aa6350.jpg,0.302,0.1294,0.8169
251015_020545_0000434650_CAM1_OK_bmp.rf.d63b878e994b52fa5178d8b613aa6350.jpg,0.3883,0.1726,0.8096
251015_020545_0000434650_CAM1_OK_bmp.rf.d63b878e994b52fa5178d8b613aa6350.jpg,0.2589,0.1294,0.7999
251015_020545_0000434650_CAM1_OK_bmp.rf.d63b878e994b52fa5178d8b613aa6350.jpg,0.302,0.1726,0.7715
251015_020545_0000434650_CAM1_OK_bmp.rf.d63b878e994b52fa5178d8b613aa6350.jpg,0.2589,0.1294,0.7555
251015_020545_0000434650_CAM1_OK_bmp.rf.d63b878e994b52fa5178d8b613aa6350.jpg,0.302,0.1294,0.7283
251015_020545_0000434650_CAM1_OK_bmp.rf.d63b878e994b52fa5178d8b613aa6350.jpg,0.2589,0.1294,0.7095
251015_020545_0000434650_CAM1_OK_bmp.rf.d63b878e994b52fa5178d8b613aa6350.jpg,0.302,0.1726,0.6321
251015_020545_0000434650_CAM1_OK_bmp.rf.d63b878e994b52fa5178d8b613aa6350.jpg,0.2589,0.1294,0.6297
251015_020545_0000434650_CAM1_OK_bmp.rf.d63b878e994b52fa5178d8b613aa6350.jpg,0.3452,0.1726,0.6106
251015_020545_0000434650_CAM1_OK_bmp.rf.d63b878e994b52fa5178d8b613aa6350.jpg,0.1726,0.1294,0.5079
251015_020251_0000434159_CAM1_OK_bmp.rf.60adaea8e3435312c9535d8a6d103343.jpg,0.3452,0.1726,0.9406
251015_020251_0000434159_CAM1_OK_bmp.rf.60adaea8e3435312c9535d8a6d103343.jpg,0.3452,0.2157,0.9252
251015_020251_0000434159_CAM1_OK_bmp.rf.60adaea8e3435312c9535d8a6d103343.jpg,0.3452,0.1726,0.9145
251015_020251_0000434159_CAM1_OK_bmp.rf.60adaea8e3435312c9535d8a6d103343.jpg,0.3452,0.1726,0.9061
251015_020251_0000434159_CAM1_OK_bmp.rf.60adaea8e3435312c9535d8a6d103343.jpg,0.3883,0.2157,0.9017
251015_020251_0000434159_CAM1_OK_bmp.rf.60adaea8e3435312c9535d8a6d103343.jpg,0.3883,0.1726,0.8931
251015_020251_0000434159_CAM1_OK_bmp.rf.60adaea8e3435312c9535d8a6d103343.jpg,0.3452,0.1726,0.8841
251015_020251_0000434159_CAM1_OK_bmp.rf.60adaea8e3435312c9535d8a6d103343.jpg,0.2589,0.1726,0.8787
251015_020251_0000434159_CAM1_OK_bmp.rf.60adaea8e3435312c9535d8a6d103343.jpg,0.3452,0.1726,0.8748
251015_020251_0000434159_CAM1_OK_bmp.rf.60adaea8e3435312c9535d8a6d103343.jpg,0.302,0.1294,0.873
251015_020251_0000434159_CAM1_OK_bmp.rf.60adaea8e3435312c9535d8a6d103343.jpg,0.3452,0.2157,0.8722
251015_020251_0000434159_CAM1_OK_bmp.rf.60adaea8e3435312c9535d8a6d103343.jpg,0.3452,0.1726,0.8711
251015_020251_0000434159_CAM1_OK_bmp.rf.60adaea8e3435312c9535d8a6d103343.jpg,0.3452,0.1726,0.8649
251015_020251_0000434159_CAM1_OK_bmp.rf.60adaea8e3435312c9535d8a6d103343.jpg,0.302,0.1726,0.8621
251015_020251_0000434159_CAM1_OK_bmp.rf.60adaea8e3435312c9535d8a6d103343.jpg,0.302,0.1294,0.851
251015_020251_0000434159_CAM1_OK_bmp.rf.60adaea8e3435312c9535d8a6d103343.jpg,0.3452,0.2157,0.849
251015_020251_0000434159_CAM1_OK_bmp.rf.60adaea8e3435312c9535d8a6d103343.jpg,0.302,0.1294,0.8349
251015_020251_0000434159_CAM1_OK_bmp.rf.60adaea8e3435312c9535d8a6d103343.jpg,0.302,0.1294,0.8345
251015_020251_0000434159_CAM1_OK_bmp.rf.60adaea8e3435312c9535d8a6d103343.jpg,0.302,0.1294,0.8237
251015_020251_0000434159_CAM1_OK_bmp.rf.60adaea8e3435312c9535d8a6d103343.jpg,0.2589,0.1294,0.8172
251015_020251_0000434159_CAM1_OK_bmp.rf.60adaea8e3435312c9535d8a6d103343.jpg,0.2589,0.1294,0.8116
251015_020251_0000434159_CAM1_OK_bmp.rf.60adaea8e3435312c9535d8a6d103343.jpg,0.3452,0.2157,0.807
251015_020251_0000434159_CAM1_OK_bmp.rf.60adaea8e3435312c9535d8a6d103343.jpg,0.2589,0.1726,0.7747
251015_020251_0000434159_CAM1_OK_bmp.rf.60adaea8e3435312c9535d8a6d103343.jpg,0.2589,0.1294,0.7623
251015_020251_0000434159_CAM1_OK_bmp.rf.60adaea8e3435312c9535d8a6d103343.jpg,0.302,0.1726,0.7522
251015_020251_0000434159_CAM1_OK_bmp.rf.60adaea8e3435312c9535d8a6d103343.jpg,0.2589,0.1294,0.7073
251015_020251_0000434159_CAM1_OK_bmp.rf.60adaea8e3435312c9535d8a6d103343.jpg,0.302,0.1726,0.6047
251015_020251_0000434159_CAM1_OK_bmp.rf.60adaea8e3435312c9535d8a6d103343.jpg,0.3883,0.1726,0.5853
251015_020251_0000434159_CAM1_OK_bmp.rf.60adaea8e3435312c9535d8a6d103343.jpg,0.2589,0.1294,0.5678
251015_020251_0000434159_CAM1_OK_bmp.rf.60adaea8e3435312c9535d8a6d103343.jpg,0.1726,0.1294,0.5139
251015_020537_0000434625_CAM1_OK_bmp.rf.75c1022a6cdb421e26c231030e768b7d.jpg,0.3452,0.2157,0.9193
251015_020537_0000434625_CAM1_OK_bmp.rf.75c1022a6cdb421e26c231030e768b7d.jpg,0.302,0.2157,0.9166
251015_020537_0000434625_CAM1_OK_bmp.rf.75c1022a6cdb421e26c231030e768b7d.jpg,0.3452,0.1726,0.9141
251015_020537_0000434625_CAM1_OK_bmp.rf.75c1022a6cdb421e26c231030e768b7d.jpg,0.3883,0.1726,0.9079
251015_020537_0000434625_CAM1_OK_bmp.rf.75c1022a6cdb421e26c231030e768b7d.jpg,0.3452,0.2157,0.907
251015_020537_0000434625_CAM1_OK_bmp.rf.75c1022a6cdb421e26c231030e768b7d.jpg,0.2589,0.1294,0.8931
251015_020537_0000434625_CAM1_OK_bmp.rf.75c1022a6cdb421e26c231030e768b7d.jpg,0.3452,0.1726,0.8929
251015_020537_0000434625_CAM1_OK_bmp.rf.75c1022a6cdb421e26c231030e768b7d.jpg,0.3452,0.1726,0.891
251015_020537_0000434625_CAM1_OK_bmp.rf.75c1022a6cdb421e26c231030e768b7d.jpg,0.302,0.1294,0.8888
251015_020537_0000434625_CAM1_OK_bmp.rf.75c1022a6cdb421e26c231030e768b7d.jpg,0.3452,0.1726,0.8861
251015_020537_0000434625_CAM1_OK_bmp.rf.75c1022a6cdb421e26c231030e768b7d.jpg,0.3452,0.2157,0.8793
251015_020537_0000434625_CAM1_OK_bmp.rf.75c1022a6cdb421e26c231030e768b7d.jpg,0.302,0.1294,0.8698
251015_020537_0000434625_CAM1_OK_bmp.rf.75c1022a6cdb421e26c231030e768b7d.jpg,0.302,0.1294,0.8678
251015_020537_0000434625_CAM1_OK_bmp.rf.75c1022a6cdb421e26c231030e768b7d.jpg,0.3452,0.1726,0.8607
251015_020537_0000434625_CAM1_OK_bmp.rf.75c1022a6cdb421e26c231030e768b7d.jpg,0.302,0.1726,0.856
251015_020537_0000434625_CAM1_OK_bmp.rf.75c1022a6cdb421e26c231030e768b7d.jpg,0.2589,0.1294,0.8406
251015_020537_0000434625_CAM1_OK_bmp.rf.75c1022a6cdb421e26c231030e768b7d.jpg,0.2589,0.1726,0.8392
251015_020537_0000434625_CAM1_OK_bmp.rf.75c1022a6cdb421e26c231030e768b7d.jpg,0.302,0.1294,0.8379
251015_020537_0000434625_CAM1_OK_bmp.rf.75c1022a6cdb421e26c231030e768b7d.jpg,0.302,0.1294,0.8369
251015_020537_0000434625_CAM1_OK_bmp.rf.75c1022a6cdb421e26c231030e768b7d.jpg,0.3452,0.2157,0.8257
251015_020537_0000434625_CAM1_OK_bmp.rf.75c1022a6cdb421e26c231030e768b7d.jpg,0.302,0.1294,0.8174
251015_020537_0000434625_CAM1_OK_bmp.rf.75c1022a6cdb421e26c231030e768b7d.jpg,0.302,0.1294,0.805
251015_020537_0000434625_CAM1_OK_bmp.rf.75c1022a6cdb421e26c231030e768b7d.jpg,0.2589,0.1294,0.7905
251015_020537_0000434625_CAM1_OK_bmp.rf.75c1022a6cdb421e26c231030e768b7d.jpg,0.2589,0.1294,0.7565
251015_020537_0000434625_CAM1_OK_bmp.rf.75c1022a6cdb421e26c231030e768b7d.jpg,0.2589,0.1294,0.7195
251015_020537_0000434625_CAM1_OK_bmp.rf.75c1022a6cdb421e26c231030e768b7d.jpg,0.302,0.1294,0.7119
251015_020537_0000434625_CAM1_OK_bmp.rf.75c1022a6cdb421e26c231030e768b7d.jpg,0.2589,0.1294,0.6872
251015_020537_0000434625_CAM1_OK_bmp.rf.75c1022a6cdb421e26c231030e768b7d.jpg,0.2589,0.1294,0.6358
251015_020537_0000434625_CAM1_OK_bmp.rf.75c1022a6cdb421e26c231030e768b7d.jpg,0.302,0.1726,0.58
251015_020537_0000434625_CAM1_OK_bmp.rf.75c1022a6cdb421e26c231030e768b7d.jpg,0.1294,0.1294,0.5582
251015_020537_0000434625_CAM1_OK_bmp.rf.75c1022a6cdb421e26c231030e768b7d.jpg,0.3452,0.1726,0.5096
251015_020258_0000434184_CAM1_OK_bmp.rf.a3ba5da4a1892b11da33201893c93a2c.jpg,0.3452,0.1726,0.9325
251015_020258_0000434184_CAM1_OK_bmp.rf.a3ba5da4a1892b11da33201893c93a2c.jpg,0.302,0.1726,0.9167
251015_020258_0000434184_CAM1_OK_bmp.rf.a3ba5da4a1892b11da33201893c93a2c.jpg,0.3452,0.2157,0.9075
251015_020258_0000434184_CAM1_OK_bmp.rf.a3ba5da4a1892b11da33201893c93a2c.jpg,0.3452,0.1726,0.8995
251015_020258_0000434184_CAM1_OK_bmp.rf.a3ba5da4a1892b11da33201893c93a2c.jpg,0.3452,0.1726,0.899
251015_020258_0000434184_CAM1_OK_bmp.rf.a3ba5da4a1892b11da33201893c93a2c.jpg,0.3883,0.1726,0.8979
251015_020258_0000434184_CAM1_OK_bmp.rf.a3ba5da4a1892b11da33201893c93a2c.jpg,0.3452,0.2157,0.8869
251015_020258_0000434184_CAM1_OK_bmp.rf.a3ba5da4a1892b11da33201893c93a2c.jpg,0.3452,0.1726,0.8831
251015_020258_0000434184_CAM1_OK_bmp.rf.a3ba5da4a1892b11da33201893c93a2c.jpg,0.302,0.1294,0.8764
251015_020258_0000434184_CAM1_OK_bmp.rf.a3ba5da4a1892b11da33201893c93a2c.jpg,0.3452,0.2157,0.8733
251015_020258_0000434184_CAM1_OK_bmp.rf.a3ba5da4a1892b11da33201893c93a2c.jpg,0.3452,0.2157,0.8688
251015_020258_0000434184_CAM1_OK_bmp.rf.a3ba5da4a1892b11da33201893c93a2c.jpg,0.2589,0.1726,0.8599
251015_020258_0000434184_CAM1_OK_bmp.rf.a3ba5da4a1892b11da33201893c93a2c.jpg,0.2589,0.1294,0.8584
251015_020258_0000434184_CAM1_OK_bmp.rf.a3ba5da4a1892b11da33201893c93a2c.jpg,0.302,0.1726,0.8573
251015_020258_0000434184_CAM1_OK_bmp.rf.a3ba5da4a1892b11da33201893c93a2c.jpg,0.3452,0.1726,0.8563
251015_020258_0000434184_CAM1_OK_bmp.rf.a3ba5da4a1892b11da33201893c93a2c.jpg,0.302,0.1294,0.8541
251015_020258_0000434184_CAM1_OK_bmp.rf.a3ba5da4a1892b11da33201893c93a2c.jpg,0.3883,0.2157,0.8429
251015_020258_0000434184_CAM1_OK_bmp.rf.a3ba5da4a1892b11da33201893c93a2c.jpg,0.302,0.1726,0.8407
251015_020258_0000434184_CAM1_OK_bmp.rf.a3ba5da4a1892b11da33201893c93a2c.jpg,0.302,0.1294,0.8361
251015_020258_0000434184_CAM1_OK_bmp.rf.a3ba5da4a1892b11da33201893c93a2c.jpg,0.302,0.1294,0.823
251015_020258_0000434184_CAM1_OK_bmp.rf.a3ba5da4a1892b11da33201893c93a2c.jpg,0.302,0.1294,0.7878
251015_020258_0000434184_CAM1_OK_bmp.rf.a3ba5da4a1892b11da33201893c93a2c.jpg,0.2589,0.1294,0.7826
251015_020258_0000434184_CAM1_OK_bmp.rf.a3ba5da4a1892b11da33201893c93a2c.jpg,0.2589,0.1294,0.7813
251015_020258_0000434184_CAM1_OK_bmp.rf.a3ba5da4a1892b11da33201893c93a2c.jpg,0.302,0.1294,0.775
251015_020258_0000434184_CAM1_OK_bmp.rf.a3ba5da4a1892b11da33201893c93a2c.jpg,0.2589,0.1294,0.7625
251015_020258_0000434184_CAM1_OK_bmp.rf.a3ba5da4a1892b11da33201893c93a2c.jpg,0.2589,0.1294,0.7246
251015_020258_0000434184_CAM1_OK_bmp.rf.a3ba5da4a1892b11da33201893c93a2c.jpg,0.3883,0.1726,0.7016
251015_020258_0000434184_CAM1_OK_bmp.rf.a3ba5da4a1892b11da33201893c93a2c.jpg,0.2589,0.1294,0.6566
251015_020258_0000434184_CAM1_OK_bmp.rf.a3ba5da4a1892b11da33201893c93a2c.jpg,0.3452,0.1726,0.5452
251015_020258_0000434184_CAM1_OK_bmp.rf.a3ba5da4a1892b11da33201893c93a2c.jpg,0.302,0.1726,0.5377
251010_163453_0000111341_CAM1_NG_bmp.rf.12b378d14fb80350640e1a15a85052a2.jpg,0.1294,0.1294,0.7081
251010_201415_0000147527_CAM1_NG_bmp.rf.40e0540b1cdccbe3ba78c2f76d8f35aa.jpg,0.3452,0.1726,0.9307
251010_201415_0000147527_CAM1_NG_bmp.rf.40e0540b1cdccbe3ba78c2f76d8f35aa.jpg,0.3452,0.2157,0.9041
251010_201415_0000147527_CAM1_NG_bmp.rf.40e0540b1cdccbe3ba78c2f76d8f35aa.jpg,0.3883,0.1726,0.902
251010_201415_0000147527_CAM1_NG_bmp.rf.40e0540b1cdccbe3ba78c2f76d8f35aa.jpg,0.3452,0.1726,0.9001
251010_201415_0000147527_CAM1_NG_bmp.rf.40e0540b1cdccbe3ba78c2f76d8f35aa.jpg,0.3452,0.2157,0.8975
251010_201415_0000147527_CAM1_NG_bmp.rf.40e0540b1cdccbe3ba78c2f76d8f35aa.jpg,0.302,0.1294,0.8973
251010_201415_0000147527_CAM1_NG_bmp.rf.40e0540b1cdccbe3ba78c2f76d8f35aa.jpg,0.3883,0.2157,0.8914
251010_201415_0000147527_CAM1_NG_bmp.rf.40e0540b1cdccbe3ba78c2f76d8f35aa.jpg,0.3452,0.2157,0.89
251010_201415_0000147527_CAM1_NG_bmp.rf.40e0540b1cdccbe3ba78c2f76d8f35aa.jpg,0.302,0.1294,0.8863
251010_201415_0000147527_CAM1_NG_bmp.rf.40e0540b1cdccbe3ba78c2f76d8f35aa.jpg,0.3883,0.2157,0.8834
251010_201415_0000147527_CAM1_NG_bmp.rf.40e0540b1cdccbe3ba78c2f76d8f35aa.jpg,0.302,0.1294,0.8728
251010_201415_0000147527_CAM1_NG_bmp.rf.40e0540b1cdccbe3ba78c2f76d8f35aa.jpg,0.3452,0.1726,0.8715
251010_201415_0000147527_CAM1_NG_bmp.rf.40e0540b1cdccbe3ba78c2f76d8f35aa.jpg,0.3452,0.2157,0.8629
251010_201415_0000147527_CAM1_NG_bmp.rf.40e0540b1cdccbe3ba78c2f76d8f35aa.jpg,0.302,0.1294,0.8413
251010_201415_0000147527_CAM1_NG_bmp.rf.40e0540b1cdccbe3ba78c2f76d8f35aa.jpg,0.302,0.1294,0.8402
251010_201415_0000147527_CAM1_NG_bmp.rf.40e0540b1cdccbe3ba78c2f76d8f35aa.jpg,0.2589,0.1294,0.8272
251010_201415_0000147527_CAM1_NG_bmp.rf.40e0540b1cdccbe3ba78c2f76d8f35aa.jpg,0.302,0.1294,0.8216
251010_201415_0000147527_CAM1_NG_bmp.rf.40e0540b1cdccbe3ba78c2f76d8f35aa.jpg,0.302,0.1294,0.8197
251010_201415_0000147527_CAM1_NG_bmp.rf.40e0540b1cdccbe3ba78c2f76d8f35aa.jpg,0.2589,0.1294,0.8144
251010_201415_0000147527_CAM1_NG_bmp.rf.40e0540b1cdccbe3ba78c2f76d8f35aa.jpg,0.302,0.0863,0.8134
251010_201415_0000147527_CAM1_NG_bmp.rf.40e0540b1cdccbe3ba78c2f76d8f35aa.jpg,0.302,0.1726,0.8124
251010_201415_0000147527_CAM1_NG_bmp.rf.40e0540b1cdccbe3ba78c2f76d8f35aa.jpg,0.2589,0.1294,0.8055
251010_201415_0000147527_CAM1_NG_bmp.rf.40e0540b1cdccbe3ba78c2f76d8f35aa.jpg,0.3452,0.1726,0.8055
251010_201415_0000147527_CAM1_NG_bmp.rf.40e0540b1cdccbe3ba78c2f76d8f35aa.jpg,0.3883,0.2157,0.8002
251010_201415_0000147527_CAM1_NG_bmp.rf.40e0540b1cdccbe3ba78c2f76d8f35aa.jpg,0.302,0.1726,0.77
251010_201415_0000147527_CAM1_NG_bmp.rf.40e0540b1cdccbe3ba78c2f76d8f35aa.jpg,0.302,0.1294,0.7234
251010_201415_0000147527_CAM1_NG_bmp.rf.40e0540b1cdccbe3ba78c2f76d8f35aa.jpg,0.302,0.1294,0.6815
251010_201415_0000147527_CAM1_NG_bmp.rf.40e0540b1cdccbe3ba78c2f76d8f35aa.jpg,0.2589,0.1726,0.6474
251010_201415_0000147527_CAM1_NG_bmp.rf.40e0540b1cdccbe3ba78c2f76d8f35aa.jpg,0.302,0.1294,0.6439
251010_201415_0000147527_CAM1_NG_bmp.rf.40e0540b1cdccbe3ba78c2f76d8f35aa.jpg,0.2589,0.1294,0.6312
251010_201415_0000147527_CAM1_NG_bmp.rf.40e0540b1cdccbe3ba78c2f76d8f35aa.jpg,0.2589,0.1294,0.5708
251010_201415_0000147527_CAM1_NG_bmp.rf.40e0540b1cdccbe3ba78c2f76d8f35aa.jpg,0.1294,0.1294,0.5562
251015_020258_0000434183_CAM1_OK_bmp.rf.536961fbccf9367cefd720a1fbc3595a.jpg,0.3452,0.2157,0.9201
251015_020258_0000434183_CAM1_OK_bmp.rf.536961fbccf9367cefd720a1fbc3595a.jpg,0.3452,0.2157,0.9165
251015_020258_0000434183_CAM1_OK_bmp.rf.536961fbccf9367cefd720a1fbc3595a.jpg,0.3883,0.1726,0.9131
251015_020258_0000434183_CAM1_OK_bmp.rf.536961fbccf9367cefd720a1fbc3595a.jpg,0.3452,0.1726,0.913
251015_020258_0000434183_CAM1_OK_bmp.rf.536961fbccf9367cefd720a1fbc3595a.jpg,0.3452,0.1726,0.9
251015_020258_0000434183_CAM1_OK_bmp.rf.536961fbccf9367cefd720a1fbc3595a.jpg,0.3452,0.1726,0.8991
251015_020258_0000434183_CAM1_OK_bmp.rf.536961fbccf9367cefd720a1fbc3595a.jpg,0.3883,0.2157,0.8941
251015_020258_0000434183_CAM1_OK_bmp.rf.536961fbccf9367cefd720a1fbc3595a.jpg,0.3452,0.2157,0.8826
251015_020258_0000434183_CAM1_OK_bmp.rf.536961fbccf9367cefd720a1fbc3595a.jpg,0.3452,0.1726,0.8801
251015_020258_0000434183_CAM1_OK_bmp.rf.536961fbccf9367cefd720a1fbc3595a.jpg,0.302,0.1294,0.8789
251015_020258_0000434183_CAM1_OK_bmp.rf.536961fbccf9367cefd720a1fbc3595a.jpg,0.302,0.1294,0.8729
251015_020258_0000434183_CAM1_OK_bmp.rf.536961fbccf9367cefd720a1fbc3595a.jpg,0.3452,0.1726,0.8728
251015_020258_0000434183_CAM1_OK_bmp.rf.536961fbccf9367cefd720a1fbc3595a.jpg,0.2589,0.1294,0.8708
251015_020258_0000434183_CAM1_OK_bmp.rf.536961fbccf9367cefd720a1fbc3595a.jpg,0.3452,0.2157,0.8594
251015_020258_0000434183_CAM1_OK_bmp.rf.536961fbccf9367cefd720a1fbc3595a.jpg,0.2589,0.1726,0.8548
251015_020258_0000434183_CAM1_OK_bmp.rf.536961fbccf9367cefd720a1fbc3595a.jpg,0.302,0.1294,0.8546
251015_020258_0000434183_CAM1_OK_bmp.rf.536961fbccf9367cefd720a1fbc3595a.jpg,0.2589,0.1294,0.8529
251015_020258_0000434183_CAM1_OK_bmp.rf.536961fbccf9367cefd720a1fbc3595a.jpg,0.3452,0.1726,0.8456
251015_020258_0000434183_CAM1_OK_bmp.rf.536961fbccf9367cefd720a1fbc3595a.jpg,0.302,0.1294,0.8399
251015_020258_0000434183_CAM1_OK_bmp.rf.536961fbccf9367cefd720a1fbc3595a.jpg,0.302,0.1726,0.8263
251015_020258_0000434183_CAM1_OK_bmp.rf.536961fbccf9367cefd720a1fbc3595a.jpg,0.302,0.1294,0.8116
251015_020258_0000434183_CAM1_OK_bmp.rf.536961fbccf9367cefd720a1fbc3595a.jpg,0.302,0.1294,0.79
251015_020258_0000434183_CAM1_OK_bmp.rf.536961fbccf9367cefd720a1fbc3595a.jpg,0.2589,0.1294,0.7877
251015_020258_0000434183_CAM1_OK_bmp.rf.536961fbccf9367cefd720a1fbc3595a.jpg,0.2589,0.1294,0.7846
251015_020258_0000434183_CAM1_OK_bmp.rf.536961fbccf9367cefd720a1fbc3595a.jpg,0.302,0.1294,0.7752
251015_020258_0000434183_CAM1_OK_bmp.rf.536961fbccf9367cefd720a1fbc3595a.jpg,0.2589,0.1294,0.7148
251015_020258_0000434183_CAM1_OK_bmp.rf.536961fbccf9367cefd720a1fbc3595a.jpg,0.2589,0.1294,0.6931
251015_020258_0000434183_CAM1_OK_bmp.rf.536961fbccf9367cefd720a1fbc3595a.jpg,0.302,0.1726,0.669
251015_020258_0000434183_CAM1_OK_bmp.rf.536961fbccf9367cefd720a1fbc3595a.jpg,0.3883,0.1726,0.5553
251015_020258_0000434183_CAM1_OK_bmp.rf.536961fbccf9367cefd720a1fbc3595a.jpg,0.1294,0.1294,0.5421
251015_020258_0000434183_CAM1_OK_bmp.rf.536961fbccf9367cefd720a1fbc3595a.jpg,0.2589,0.1294,0.5241
251010_070225_0000043587_CAM1_NG_bmp.rf.79993113fcc267a0fec6ca2ffaeaf6e7.jpg,0.3452,0.1726,0.9387
251010_070225_0000043587_CAM1_NG_bmp.rf.79993113fcc267a0fec6ca2ffaeaf6e7.jpg,0.3452,0.1726,0.932
251010_070225_0000043587_CAM1_NG_bmp.rf.79993113fcc267a0fec6ca2ffaeaf6e7.jpg,0.3883,0.2157,0.9317
251010_070225_0000043587_CAM1_NG_bmp.rf.79993113fcc267a0fec6ca2ffaeaf6e7.jpg,0.3883,0.2157,0.9254
251010_070225_0000043587_CAM1_NG_bmp.rf.79993113fcc267a0fec6ca2ffaeaf6e7.jpg,0.3452,0.1726,0.9249
251010_070225_0000043587_CAM1_NG_bmp.rf.79993113fcc267a0fec6ca2ffaeaf6e7.jpg,0.3452,0.2157,0.9086
251010_070225_0000043587_CAM1_NG_bmp.rf.79993113fcc267a0fec6ca2ffaeaf6e7.jpg,0.3452,0.1726,0.9046
251010_070225_0000043587_CAM1_NG_bmp.rf.79993113fcc267a0fec6ca2ffaeaf6e7.jpg,0.3452,0.1726,0.9042
251010_070225_0000043587_CAM1_NG_bmp.rf.79993113fcc267a0fec6ca2ffaeaf6e7.jpg,0.302,0.1294,0.9024
251010_070225_0000043587_CAM1_NG_bmp.rf.79993113fcc267a0fec6ca2ffaeaf6e7.jpg,0.3452,0.1726,0.902
251010_070225_0000043587_CAM1_NG_bmp.rf.79993113fcc267a0fec6ca2ffaeaf6e7.jpg,0.3452,0.1726,0.9018
251010_070225_0000043587_CAM1_NG_bmp.rf.79993113fcc267a0fec6ca2ffaeaf6e7.jpg,0.302,0.1294,0.9001
251010_070225_0000043587_CAM1_NG_bmp.rf.79993113fcc267a0fec6ca2ffaeaf6e7.jpg,0.302,0.1294,0.8957
251010_070225_0000043587_CAM1_NG_bmp.rf.79993113fcc267a0fec6ca2ffaeaf6e7.jpg,0.3452,0.2157,0.8945
251010_070225_0000043587_CAM1_NG_bmp.rf.79993113fcc267a0fec6ca2ffaeaf6e7.jpg,0.2589,0.1294,0.8873
251010_070225_0000043587_CAM1_NG_bmp.rf.79993113fcc267a0fec6ca2ffaeaf6e7.jpg,0.302,0.1294,0.8846
251010_070225_0000043587_CAM1_NG_bmp.rf.79993113fcc267a0fec6ca2ffaeaf6e7.jpg,0.2589,0.1294,0.8834
251010_070225_0000043587_CAM1_NG_bmp.rf.79993113fcc267a0fec6ca2ffaeaf6e7.jpg,0.2589,0.1294,0.8801
251010_070225_0000043587_CAM1_NG_bmp.rf.79993113fcc267a0fec6ca2ffaeaf6e7.jpg,0.302,0.1294,0.8743
251010_070225_0000043587_CAM1_NG_bmp.rf.79993113fcc267a0fec6ca2ffaeaf6e7.jpg,0.3452,0.2157,0.8698
251010_070225_0000043587_CAM1_NG_bmp.rf.79993113fcc267a0fec6ca2ffaeaf6e7.jpg,0.302,0.1294,0.8694
251010_070225_0000043587_CAM1_NG_bmp.rf.79993113fcc267a0fec6ca2ffaeaf6e7.jpg,0.302,0.1294,0.8674
251010_070225_0000043587_CAM1_NG_bmp.rf.79993113fcc267a0fec6ca2ffaeaf6e7.jpg,0.302,0.1294,0.8641
251010_070225_0000043587_CAM1_NG_bmp.rf.79993113fcc267a0fec6ca2ffaeaf6e7.jpg,0.302,0.1294,0.8592
251010_070225_0000043587_CAM1_NG_bmp.rf.79993113fcc267a0fec6ca2ffaeaf6e7.jpg,0.302,0.1294,0.8469
251010_070225_0000043587_CAM1_NG_bmp.rf.79993113fcc267a0fec6ca2ffaeaf6e7.jpg,0.302,0.0863,0.8462
251010_070225_0000043587_CAM1_NG_bmp.rf.79993113fcc267a0fec6ca2ffaeaf6e7.jpg,0.302,0.1294,0.8237
251010_070225_0000043587_CAM1_NG_bmp.rf.79993113fcc267a0fec6ca2ffaeaf6e7.jpg,0.302,0.1294,0.7668
251010_070225_0000043587_CAM1_NG_bmp.rf.79993113fcc267a0fec6ca2ffaeaf6e7.jpg,0.302,0.1294,0.7531
251010_070225_0000043587_CAM1_NG_bmp.rf.79993113fcc267a0fec6ca2ffaeaf6e7.jpg,0.302,0.1294,0.749
251010_070225_0000043587_CAM1_NG_bmp.rf.79993113fcc267a0fec6ca2ffaeaf6e7.jpg,0.302,0.1294,0.7027
251010_070225_0000043587_CAM1_NG_bmp.rf.79993113fcc267a0fec6ca2ffaeaf6e7.jpg,0.1294,0.1726,0.5668
251010_070216_0000043556_CAM1_NG_bmp.rf.e08819c7251f5c756b3e03434975b8db.jpg,0.3452,0.1726,0.9443
251010_070216_0000043556_CAM1_NG_bmp.rf.e08819c7251f5c756b3e03434975b8db.jpg,0.3883,0.2157,0.9285
251010_070216_0000043556_CAM1_NG_bmp.rf.e08819c7251f5c756b3e03434975b8db.jpg,0.3452,0.2157,0.9276
251010_070216_0000043556_CAM1_NG_bmp.rf.e08819c7251f5c756b3e03434975b8db.jpg,0.3452,0.2157,0.9254
251010_070216_0000043556_CAM1_NG_bmp.rf.e08819c7251f5c756b3e03434975b8db.jpg,0.3452,0.2157,0.9218
251010_070216_0000043556_CAM1_NG_bmp.rf.e08819c7251f5c756b3e03434975b8db.jpg,0.3452,0.1726,0.921
251010_070216_0000043556_CAM1_NG_bmp.rf.e08819c7251f5c756b3e03434975b8db.jpg,0.3452,0.2157,0.9176
251010_070216_0000043556_CAM1_NG_bmp.rf.e08819c7251f5c756b3e03434975b8db.jpg,0.2589,0.1294,0.9031
251010_070216_0000043556_CAM1_NG_bmp.rf.e08819c7251f5c756b3e03434975b8db.jpg,0.302,0.1294,0.9004
251010_070216_0000043556_CAM1_NG_bmp.rf.e08819c7251f5c756b3e03434975b8db.jpg,0.3452,0.1726,0.8994
251010_070216_0000043556_CAM1_NG_bmp.rf.e08819c7251f5c756b3e03434975b8db.jpg,0.302,0.1294,0.8967
251010_070216_0000043556_CAM1_NG_bmp.rf.e08819c7251f5c756b3e03434975b8db.jpg,0.3452,0.1726,0.8966
251010_070216_0000043556_CAM1_NG_bmp.rf.e08819c7251f5c756b3e03434975b8db.jpg,0.302,0.1294,0.894
251010_070216_0000043556_CAM1_NG_bmp.rf.e08819c7251f5c756b3e03434975b8db.jpg,0.302,0.1294,0.8894
251010_070216_0000043556_CAM1_NG_bmp.rf.e08819c7251f5c756b3e03434975b8db.jpg,0.2589,0.1294,0.8881
251010_070216_0000043556_CAM1_NG_bmp.rf.e08819c7251f5c756b3e03434975b8db.jpg,0.3452,0.1726,0.8856
251010_070216_0000043556_CAM1_NG_bmp.rf.e08819c7251f5c756b3e03434975b8db.jpg,0.3452,0.2157,0.8848
251010_070216_0000043556_CAM1_NG_bmp.rf.e08819c7251f5c756b3e03434975b8db.jpg,0.302,0.1294,0.8819
251010_070216_0000043556_CAM1_NG_bmp.rf.e08819c7251f5c756b3e03434975b8db.jpg,0.3883,0.2157,0.8773
251010_070216_0000043556_CAM1_NG_bmp.rf.e08819c7251f5c756b3e03434975b8db.jpg,0.302,0.1294,0.8748
251010_070216_0000043556_CAM1_NG_bmp.rf.e08819c7251f5c756b3e03434975b8db.jpg,0.302,0.1726,0.8731
251010_070216_0000043556_CAM1_NG_bmp.rf.e08819c7251f5c756b3e03434975b8db.jpg,0.2589,0.1294,0.8705
251010_070216_0000043556_CAM1_NG_bmp.rf.e08819c7251f5c756b3e03434975b8db.jpg,0.3452,0.1726,0.8666
251010_070216_0000043556_CAM1_NG_bmp.rf.e08819c7251f5c756b3e03434975b8db.jpg,0.302,0.1294,0.8478
251010_070216_0000043556_CAM1_NG_bmp.rf.e08819c7251f5c756b3e03434975b8db.jpg,0.302,0.1294,0.8465
251010_070216_0000043556_CAM1_NG_bmp.rf.e08819c7251f5c756b3e03434975b8db.jpg,0.302,0.1726,0.8407
251010_070216_0000043556_CAM1_NG_bmp.rf.e08819c7251f5c756b3e03434975b8db.jpg,0.302,0.1294,0.8213
251010_070216_0000043556_CAM1_NG_bmp.rf.e08819c7251f5c756b3e03434975b8db.jpg,0.302,0.1294,0.8081
251010_070216_0000043556_CAM1_NG_bmp.rf.e08819c7251f5c756b3e03434975b8db.jpg,0.302,0.1294,0.7059
251010_070216_0000043556_CAM1_NG_bmp.rf.e08819c7251f5c756b3e03434975b8db.jpg,0.302,0.1294,0.6946
251010_070216_0000043556_CAM1_NG_bmp.rf.e08819c7251f5c756b3e03434975b8db.jpg,0.302,0.1294,0.6888
251010_070216_0000043556_CAM1_NG_bmp.rf.e08819c7251f5c756b3e03434975b8db.jpg,0.302,0.1294,0.6609
251010_070216_0000043556_CAM1_NG_bmp.rf.e08819c7251f5c756b3e03434975b8db.jpg,0.302,0.1294,0.6385
251010_070216_0000043556_CAM1_NG_bmp.rf.e08819c7251f5c756b3e03434975b8db.jpg,0.1294,0.1294,0.6171
251010_070230_0000043605_CAM1_NG_bmp.rf.59eea7337ebdf242154a4d6188dd7bc9.jpg,0.3452,0.1726,0.9403
251010_070230_0000043605_CAM1_NG_bmp.rf.59eea7337ebdf242154a4d6188dd7bc9.jpg,0.3883,0.2157,0.9339
251010_070230_0000043605_CAM1_NG_bmp.rf.59eea7337ebdf242154a4d6188dd7bc9.jpg,0.3883,0.2157,0.9319
251010_070230_0000043605_CAM1_NG_bmp.rf.59eea7337ebdf242154a4d6188dd7bc9.jpg,0.3452,0.1726,0.922
251010_070230_0000043605_CAM1_NG_bmp.rf.59eea7337ebdf242154a4d6188dd7bc9.jpg,0.3883,0.1726,0.9195
251010_070230_0000043605_CAM1_NG_bmp.rf.59eea7337ebdf242154a4d6188dd7bc9.jpg,0.3452,0.2157,0.9187
251010_070230_0000043605_CAM1_NG_bmp.rf.59eea7337ebdf242154a4d6188dd7bc9.jpg,0.3883,0.1726,0.911
251010_070230_0000043605_CAM1_NG_bmp.rf.59eea7337ebdf242154a4d6188dd7bc9.jpg,0.3452,0.1726,0.9035
251010_070230_0000043605_CAM1_NG_bmp.rf.59eea7337ebdf242154a4d6188dd7bc9.jpg,0.302,0.1726,0.9001
251010_070230_0000043605_CAM1_NG_bmp.rf.59eea7337ebdf242154a4d6188dd7bc9.jpg,0.302,0.1294,0.8996
251010_070230_0000043605_CAM1_NG_bmp.rf.59eea7337ebdf242154a4d6188dd7bc9.jpg,0.302,0.1294,0.8987
251010_070230_0000043605_CAM1_NG_bmp.rf.59eea7337ebdf242154a4d6188dd7bc9.jpg,0.302,0.1294,0.8948
251010_070230_0000043605_CAM1_NG_bmp.rf.59eea7337ebdf242154a4d6188dd7bc9.jpg,0.3452,0.1726,0.8943
251010_070230_0000043605_CAM1_NG_bmp.rf.59eea7337ebdf242154a4d6188dd7bc9.jpg,0.3452,0.1726,0.8807
251010_070230_0000043605_CAM1_NG_bmp.rf.59eea7337ebdf242154a4d6188dd7bc9.jpg,0.302,0.1294,0.8784
251010_070230_0000043605_CAM1_NG_bmp.rf.59eea7337ebdf242154a4d6188dd7bc9.jpg,0.2589,0.1294,0.877
251010_070230_0000043605_CAM1_NG_bmp.rf.59eea7337ebdf242154a4d6188dd7bc9.jpg,0.302,0.1294,0.8766
251010_070230_0000043605_CAM1_NG_bmp.rf.59eea7337ebdf242154a4d6188dd7bc9.jpg,0.302,0.1726,0.873
251010_070230_0000043605_CAM1_NG_bmp.rf.59eea7337ebdf242154a4d6188dd7bc9.jpg,0.3883,0.1726,0.8709
251010_070230_0000043605_CAM1_NG_bmp.rf.59eea7337ebdf242154a4d6188dd7bc9.jpg,0.3452,0.2157,0.8708
251010_070230_0000043605_CAM1_NG_bmp.rf.59eea7337ebdf242154a4d6188dd7bc9.jpg,0.302,0.1294,0.8625
251010_070230_0000043605_CAM1_NG_bmp.rf.59eea7337ebdf242154a4d6188dd7bc9.jpg,0.302,0.1294,0.8514
251010_070230_0000043605_CAM1_NG_bmp.rf.59eea7337ebdf242154a4d6188dd7bc9.jpg,0.302,0.1294,0.8423
251010_070230_0000043605_CAM1_NG_bmp.rf.59eea7337ebdf242154a4d6188dd7bc9.jpg,0.302,0.1726,0.8413
251010_070230_0000043605_CAM1_NG_bmp.rf.59eea7337ebdf242154a4d6188dd7bc9.jpg,0.302,0.1726,0.8348
251010_070230_0000043605_CAM1_NG_bmp.rf.59eea7337ebdf242154a4d6188dd7bc9.jpg,0.302,0.1726,0.8183
251010_070230_0000043605_CAM1_NG_bmp.rf.59eea7337ebdf242154a4d6188dd7bc9.jpg,0.2589,0.1294,0.7941
251010_070230_0000043605_CAM1_NG_bmp.rf.59eea7337ebdf242154a4d6188dd7bc9.jpg,0.3452,0.1294,0.7754
251010_070230_0000043605_CAM1_NG_bmp.rf.59eea7337ebdf242154a4d6188dd7bc9.jpg,0.302,0.1294,0.7606
251010_070230_0000043605_CAM1_NG_bmp.rf.59eea7337ebdf242154a4d6188dd7bc9.jpg,0.2589,0.1294,0.7481
251010_070230_0000043605_CAM1_NG_bmp.rf.59eea7337ebdf242154a4d6188dd7bc9.jpg,0.1726,0.1726,0.619
251010_070230_0000043605_CAM1_NG_bmp.rf.59eea7337ebdf242154a4d6188dd7bc9.jpg,0.302,0.1294,0.5517
251010_125631_0000080750_CAM1_NG_bmp.rf.834af9fee4d6f1857c0c4d40d788cb3e.jpg,0.3452,0.2157,0.9415
251010_125631_0000080750_CAM1_NG_bmp.rf.834af9fee4d6f1857c0c4d40d788cb3e.jpg,0.302,0.1726,0.9288
251010_125631_0000080750_CAM1_NG_bmp.rf.834af9fee4d6f1857c0c4d40d788cb3e.jpg,0.3452,0.1726,0.9238
251010_125631_0000080750_CAM1_NG_bmp.rf.834af9fee4d6f1857c0c4d40d788cb3e.jpg,0.3452,0.1726,0.9227
251010_125631_0000080750_CAM1_NG_bmp.rf.834af9fee4d6f1857c0c4d40d788cb3e.jpg,0.302,0.1294,0.9215
251010_125631_0000080750_CAM1_NG_bmp.rf.834af9fee4d6f1857c0c4d40d788cb3e.jpg,0.3452,0.1726,0.9175
251010_125631_0000080750_CAM1_NG_bmp.rf.834af9fee4d6f1857c0c4d40d788cb3e.jpg,0.3452,0.1726,0.9074
251010_125631_0000080750_CAM1_NG_bmp.rf.834af9fee4d6f1857c0c4d40d788cb3e.jpg,0.302,0.1294,0.9024
251010_125631_0000080750_CAM1_NG_bmp.rf.834af9fee4d6f1857c0c4d40d788cb3e.jpg,0.3883,0.2157,0.8872
251010_125631_0000080750_CAM1_NG_bmp.rf.834af9fee4d6f1857c0c4d40d788cb3e.jpg,0.302,0.1294,0.8746
251010_125631_0000080750_CAM1_NG_bmp.rf.834af9fee4d6f1857c0c4d40d788cb3e.jpg,0.2589,0.1294,0.8565
251010_125631_0000080750_CAM1_NG_bmp.rf.834af9fee4d6f1857c0c4d40d788cb3e.jpg,0.3452,0.1726,0.8543
251010_125631_0000080750_CAM1_NG_bmp.rf.834af9fee4d6f1857c0c4d40d788cb3e.jpg,0.3452,0.1726,0.8458
251010_125631_0000080750_CAM1_NG_bmp.rf.834af9fee4d6f1857c0c4d40d788cb3e.jpg,0.3452,0.1726,0.8443
251010_125631_0000080750_CAM1_NG_bmp.rf.834af9fee4d6f1857c0c4d40d788cb3e.jpg,0.3452,0.1726,0.8411
251010_125631_0000080750_CAM1_NG_bmp.rf.834af9fee4d6f1857c0c4d40d788cb3e.jpg,0.2589,0.1294,0.8125
251010_125631_0000080750_CAM1_NG_bmp.rf.834af9fee4d6f1857c0c4d40d788cb3e.jpg,0.2589,0.1726,0.8072
251010_125631_0000080750_CAM1_NG_bmp.rf.834af9fee4d6f1857c0c4d40d788cb3e.jpg,0.302,0.1294,0.7995
251010_125631_0000080750_CAM1_NG_bmp.rf.834af9fee4d6f1857c0c4d40d788cb3e.jpg,0.2589,0.1294,0.7633
251010_125631_0000080750_CAM1_NG_bmp.rf.834af9fee4d6f1857c0c4d40d788cb3e.jpg,0.2589,0.0863,0.619
251010_125631_0000080750_CAM1_NG_bmp.rf.834af9fee4d6f1857c0c4d40d788cb3e.jpg,0.3452,0.1726,0.5746
251010_125636_0000080767_CAM1_NG_bmp.rf.e4713edf219e09c8dde0801820a67ecb.jpg,0.3452,0.1726,0.949
251010_125636_0000080767_CAM1_NG_bmp.rf.e4713edf219e09c8dde0801820a67ecb.jpg,0.3883,0.1726,0.9454
251010_125636_0000080767_CAM1_NG_bmp.rf.e4713edf219e09c8dde0801820a67ecb.jpg,0.3452,0.2157,0.9454
251010_125636_0000080767_CAM1_NG_bmp.rf.e4713edf219e09c8dde0801820a67ecb.jpg,0.3452,0.1726,0.945
251010_125636_0000080767_CAM1_NG_bmp.rf.e4713edf219e09c8dde0801820a67ecb.jpg,0.3452,0.1726,0.938
251010_125636_0000080767_CAM1_NG_bmp.rf.e4713edf219e09c8dde0801820a67ecb.jpg,0.302,0.1294,0.936
251010_125636_0000080767_CAM1_NG_bmp.rf.e4713edf219e09c8dde0801820a67ecb.jpg,0.3452,0.1726,0.9332
251010_125636_0000080767_CAM1_NG_bmp.rf.e4713edf219e09c8dde0801820a67ecb.jpg,0.3452,0.1726,0.927
251010_125636_0000080767_CAM1_NG_bmp.rf.e4713edf219e09c8dde0801820a67ecb.jpg,0.3452,0.1726,0.9257
251010_125636_0000080767_CAM1_NG_bmp.rf.e4713edf219e09c8dde0801820a67ecb.jpg,0.3452,0.1726,0.9246
251010_125636_0000080767_CAM1_NG_bmp.rf.e4713edf219e09c8dde0801820a67ecb.jpg,0.302,0.2157,0.9214
251010_125636_0000080767_CAM1_NG_bmp.rf.e4713edf219e09c8dde0801820a67ecb.jpg,0.3452,0.1726,0.9201
251010_125636_0000080767_CAM1_NG_bmp.rf.e4713edf219e09c8dde0801820a67ecb.jpg,0.3452,0.1726,0.9147
251010_125636_0000080767_CAM1_NG_bmp.rf.e4713edf219e09c8dde0801820a67ecb.jpg,0.302,0.1294,0.9121
251010_125636_0000080767_CAM1_NG_bmp.rf.e4713edf219e09c8dde0801820a67ecb.jpg,0.302,0.1294,0.9054
251010_125636_0000080767_CAM1_NG_bmp.rf.e4713edf219e09c8dde0801820a67ecb.jpg,0.3452,0.1726,0.9024
251010_125636_0000080767_CAM1_NG_bmp.rf.e4713edf219e09c8dde0801820a67ecb.jpg,0.2589,0.1726,0.9024
251010_125636_0000080767_CAM1_NG_bmp.rf.e4713edf219e09c8dde0801820a67ecb.jpg,0.3452,0.1726,0.9021
251010_125636_0000080767_CAM1_NG_bmp.rf.e4713edf219e09c8dde0801820a67ecb.jpg,0.2589,0.1294,0.8873
251010_125636_0000080767_CAM1_NG_bmp.rf.e4713edf219e09c8dde0801820a67ecb.jpg,0.2589,0.1294,0.8809
251010_125636_0000080767_CAM1_NG_bmp.rf.e4713edf219e09c8dde0801820a67ecb.jpg,0.2589,0.1294,0.8711
251010_125636_0000080767_CAM1_NG_bmp.rf.e4713edf219e09c8dde0801820a67ecb.jpg,0.2589,0.1294,0.8376
251010_125636_0000080767_CAM1_NG_bmp.rf.e4713edf219e09c8dde0801820a67ecb.jpg,0.2589,0.1294,0.8201
251010_125636_0000080767_CAM1_NG_bmp.rf.e4713edf219e09c8dde0801820a67ecb.jpg,0.302,0.1294,0.8148
251010_125636_0000080767_CAM1_NG_bmp.rf.e4713edf219e09c8dde0801820a67ecb.jpg,0.302,0.1726,0.764
251010_125636_0000080767_CAM1_NG_bmp.rf.e4713edf219e09c8dde0801820a67ecb.jpg,0.302,0.1294,0.7429
251010_125636_0000080767_CAM1_NG_bmp.rf.e4713edf219e09c8dde0801820a67ecb.jpg,0.1726,0.1294,0.7142
251010_124904_0000080548_CAM1_NG_bmp.rf.05654822035b3b25ecd1870e8636bb08.jpg,0.3452,0.1726,0.9441
251010_124904_0000080548_CAM1_NG_bmp.rf.05654822035b3b25ecd1870e8636bb08.jpg,0.3452,0.2157,0.9429
251010_124904_0000080548_CAM1_NG_bmp.rf.05654822035b3b25ecd1870e8636bb08.jpg,0.3452,0.2157,0.942
251010_124904_0000080548_CAM1_NG_bmp.rf.05654822035b3b25ecd1870e8636bb08.jpg,0.3452,0.1726,0.9348
251010_124904_0000080548_CAM1_NG_bmp.rf.05654822035b3b25ecd1870e8636bb08.jpg,0.3452,0.2157,0.9287
251010_124904_0000080548_CAM1_NG_bmp.rf.05654822035b3b25ecd1870e8636bb08.jpg,0.3883,0.2157,0.9201
251010_124904_0000080548_CAM1_NG_bmp.rf.05654822035b3b25ecd1870e8636bb08.jpg,0.302,0.1294,0.9056
251010_124904_0000080548_CAM1_NG_bmp.rf.05654822035b3b25ecd1870e8636bb08.jpg,0.3452,0.1726,0.8984
251010_124904_0000080548_CAM1_NG_bmp.rf.05654822035b3b25ecd1870e8636bb08.jpg,0.3883,0.2157,0.8977
251010_124904_0000080548_CAM1_NG_bmp.rf.05654822035b3b25ecd1870e8636bb08.jpg,0.3452,0.1726,0.8927
251010_124904_0000080548_CAM1_NG_bmp.rf.05654822035b3b25ecd1870e8636bb08.jpg,0.3452,0.1726,0.8912
251010_124904_0000080548_CAM1_NG_bmp.rf.05654822035b3b25ecd1870e8636bb08.jpg,0.302,0.1294,0.8846
251010_124904_0000080548_CAM1_NG_bmp.rf.05654822035b3b25ecd1870e8636bb08.jpg,0.302,0.1294,0.8805
251010_124904_0000080548_CAM1_NG_bmp.rf.05654822035b3b25ecd1870e8636bb08.jpg,0.302,0.1294,0.8789
251010_124904_0000080548_CAM1_NG_bmp.rf.05654822035b3b25ecd1870e8636bb08.jpg,0.2589,0.1294,0.8751
251010_124904_0000080548_CAM1_NG_bmp.rf.05654822035b3b25ecd1870e8636bb08.jpg,0.3452,0.1726,0.8722
251010_124904_0000080548_CAM1_NG_bmp.rf.05654822035b3b25ecd1870e8636bb08.jpg,0.3452,0.1726,0.8681
251010_124904_0000080548_CAM1_NG_bmp.rf.05654822035b3b25ecd1870e8636bb08.jpg,0.2589,0.1294,0.8661
251010_124904_0000080548_CAM1_NG_bmp.rf.05654822035b3b25ecd1870e8636bb08.jpg,0.2589,0.1294,0.8601
251010_124904_0000080548_CAM1_NG_bmp.rf.05654822035b3b25ecd1870e8636bb08.jpg,0.302,0.1294,0.8597
251010_124904_0000080548_CAM1_NG_bmp.rf.05654822035b3b25ecd1870e8636bb08.jpg,0.3883,0.1726,0.8395
251010_124904_0000080548_CAM1_NG_bmp.rf.05654822035b3b25ecd1870e8636bb08.jpg,0.302,0.1294,0.7716
251010_124904_0000080548_CAM1_NG_bmp.rf.05654822035b3b25ecd1870e8636bb08.jpg,0.1726,0.1294,0.7087
251010_124904_0000080548_CAM1_NG_bmp.rf.05654822035b3b25ecd1870e8636bb08.jpg,0.2589,0.1726,0.6908
251010_124904_0000080548_CAM1_NG_bmp.rf.05654822035b3b25ecd1870e8636bb08.jpg,0.2589,0.1294,0.6685
251010_124904_0000080548_CAM1_NG_bmp.rf.05654822035b3b25ecd1870e8636bb08.jpg,0.3883,0.1726,0.5168
251010_124858_0000080529_CAM1_NG_bmp.rf.fa1c12a47ecb7a3e1967ec0a6c006a5e.jpg,0.3452,0.2157,0.94
251010_124858_0000080529_CAM1_NG_bmp.rf.fa1c12a47ecb7a3e1967ec0a6c006a5e.jpg,0.3883,0.1726,0.9336
251010_124858_0000080529_CAM1_NG_bmp.rf.fa1c12a47ecb7a3e1967ec0a6c006a5e.jpg,0.3452,0.1726,0.933
251010_124858_0000080529_CAM1_NG_bmp.rf.fa1c12a47ecb7a3e1967ec0a6c006a5e.jpg,0.3452,0.1726,0.9234
251010_124858_0000080529_CAM1_NG_bmp.rf.fa1c12a47ecb7a3e1967ec0a6c006a5e.jpg,0.3452,0.2157,0.9212
251010_124858_0000080529_CAM1_NG_bmp.rf.fa1c12a47ecb7a3e1967ec0a6c006a5e.jpg,0.3452,0.1726,0.919
251010_124858_0000080529_CAM1_NG_bmp.rf.fa1c12a47ecb7a3e1967ec0a6c006a5e.jpg,0.3452,0.1726,0.9159
251010_124858_0000080529_CAM1_NG_bmp.rf.fa1c12a47ecb7a3e1967ec0a6c006a5e.jpg,0.3452,0.1726,0.9142
251010_124858_0000080529_CAM1_NG_bmp.rf.fa1c12a47ecb7a3e1967ec0a6c006a5e.jpg,0.2589,0.1294,0.912
251010_124858_0000080529_CAM1_NG_bmp.rf.fa1c12a47ecb7a3e1967ec0a6c006a5e.jpg,0.3452,0.1726,0.9068
251010_124858_0000080529_CAM1_NG_bmp.rf.fa1c12a47ecb7a3e1967ec0a6c006a5e.jpg,0.3452,0.1726,0.904
251010_124858_0000080529_CAM1_NG_bmp.rf.fa1c12a47ecb7a3e1967ec0a6c006a5e.jpg,0.302,0.1726,0.898
251010_124858_0000080529_CAM1_NG_bmp.rf.fa1c12a47ecb7a3e1967ec0a6c006a5e.jpg,0.302,0.1294,0.8943
251010_124858_0000080529_CAM1_NG_bmp.rf.fa1c12a47ecb7a3e1967ec0a6c006a5e.jpg,0.3452,0.2157,0.8931
251010_124858_0000080529_CAM1_NG_bmp.rf.fa1c12a47ecb7a3e1967ec0a6c006a5e.jpg,0.302,0.1294,0.8709
251010_124858_0000080529_CAM1_NG_bmp.rf.fa1c12a47ecb7a3e1967ec0a6c006a5e.jpg,0.302,0.1294,0.8688
251010_124858_0000080529_CAM1_NG_bmp.rf.fa1c12a47ecb7a3e1967ec0a6c006a5e.jpg,0.3883,0.2157,0.8588
251010_124858_0000080529_CAM1_NG_bmp.rf.fa1c12a47ecb7a3e1967ec0a6c006a5e.jpg,0.302,0.1294,0.851
251010_124858_0000080529_CAM1_NG_bmp.rf.fa1c12a47ecb7a3e1967ec0a6c006a5e.jpg,0.302,0.1294,0.8502
251010_124858_0000080529_CAM1_NG_bmp.rf.fa1c12a47ecb7a3e1967ec0a6c006a5e.jpg,0.3452,0.1726,0.8457
251010_124858_0000080529_CAM1_NG_bmp.rf.fa1c12a47ecb7a3e1967ec0a6c006a5e.jpg,0.2589,0.1294,0.8333
251010_124858_0000080529_CAM1_NG_bmp.rf.fa1c12a47ecb7a3e1967ec0a6c006a5e.jpg,0.2589,0.1294,0.827
251010_124858_0000080529_CAM1_NG_bmp.rf.fa1c12a47ecb7a3e1967ec0a6c006a5e.jpg,0.2589,0.1726,0.8269
251010_124858_0000080529_CAM1_NG_bmp.rf.fa1c12a47ecb7a3e1967ec0a6c006a5e.jpg,0.2589,0.1294,0.8009
251010_124858_0000080529_CAM1_NG_bmp.rf.fa1c12a47ecb7a3e1967ec0a6c006a5e.jpg,0.2589,0.1294,0.779
251010_124858_0000080529_CAM1_NG_bmp.rf.fa1c12a47ecb7a3e1967ec0a6c006a5e.jpg,0.3883,0.1726,0.5048
251010_070228_0000043598_CAM1_NG_bmp.rf.95006d33d67ee767238264a2460c8822.jpg,0.3452,0.2157,0.9353
251010_070228_0000043598_CAM1_NG_bmp.rf.95006d33d67ee767238264a2460c8822.jpg,0.3452,0.1726,0.9339
251010_070228_0000043598_CAM1_NG_bmp.rf.95006d33d67ee767238264a2460c8822.jpg,0.3883,0.1726,0.9313
251010_070228_0000043598_CAM1_NG_bmp.rf.95006d33d67ee767238264a2460c8822.jpg,0.3883,0.1726,0.9295
251010_070228_0000043598_CAM1_NG_bmp.rf.95006d33d67ee767238264a2460c8822.jpg,0.3883,0.1726,0.9275
251010_070228_0000043598_CAM1_NG_bmp.rf.95006d33d67ee767238264a2460c8822.jpg,0.3452,0.2157,0.9275
251010_070228_0000043598_CAM1_NG_bmp.rf.95006d33d67ee767238264a2460c8822.jpg,0.3452,0.1726,0.9221
251010_070228_0000043598_CAM1_NG_bmp.rf.95006d33d67ee767238264a2460c8822.jpg,0.3452,0.1726,0.9165
251010_070228_0000043598_CAM1_NG_bmp.rf.95006d33d67ee767238264a2460c8822.jpg,0.3452,0.2157,0.9164
251010_070228_0000043598_CAM1_NG_bmp.rf.95006d33d67ee767238264a2460c8822.jpg,0.3452,0.2157,0.9066
251010_070228_0000043598_CAM1_NG_bmp.rf.95006d33d67ee767238264a2460c8822.jpg,0.302,0.1294,0.9042
251010_070228_0000043598_CAM1_NG_bmp.rf.95006d33d67ee767238264a2460c8822.jpg,0.302,0.1294,0.903
251010_070228_0000043598_CAM1_NG_bmp.rf.95006d33d67ee767238264a2460c8822.jpg,0.302,0.1294,0.9012
251010_070228_0000043598_CAM1_NG_bmp.rf.95006d33d67ee767238264a2460c8822.jpg,0.302,0.1726,0.8987
251010_070228_0000043598_CAM1_NG_bmp.rf.95006d33d67ee767238264a2460c8822.jpg,0.302,0.1294,0.8916
251010_070228_0000043598_CAM1_NG_bmp.rf.95006d33d67ee767238264a2460c8822.jpg,0.2589,0.1294,0.8904
251010_070228_0000043598_CAM1_NG_bmp.rf.95006d33d67ee767238264a2460c8822.jpg,0.302,0.1294,0.8809
251010_070228_0000043598_CAM1_NG_bmp.rf.95006d33d67ee767238264a2460c8822.jpg,0.2589,0.1294,0.8791
251010_070228_0000043598_CAM1_NG_bmp.rf.95006d33d67ee767238264a2460c8822.jpg,0.3452,0.2157,0.8786
251010_070228_0000043598_CAM1_NG_bmp.rf.95006d33d67ee767238264a2460c8822.jpg,0.302,0.1294,0.8786
251010_070228_0000043598_CAM1_NG_bmp.rf.95006d33d67ee767238264a2460c8822.jpg,0.3452,0.1726,0.8772
251010_070228_0000043598_CAM1_NG_bmp.rf.95006d33d67ee767238264a2460c8822.jpg,0.302,0.1294,0.8737
251010_070228_0000043598_CAM1_NG_bmp.rf.95006d33d67ee767238264a2460c8822.jpg,0.302,0.1294,0.8727
251010_070228_0000043598_CAM1_NG_bmp.rf.95006d33d67ee767238264a2460c8822.jpg,0.302,0.1294,0.8671
251010_070228_0000043598_CAM1_NG_bmp.rf.95006d33d67ee767238264a2460c8822.jpg,0.302,0.1294,0.8527
251010_070228_0000043598_CAM1_NG_bmp.rf.95006d33d67ee767238264a2460c8822.jpg,0.302,0.1726,0.8498
251010_070228_0000043598_CAM1_NG_bmp.rf.95006d33d67ee767238264a2460c8822.jpg,0.302,0.1726,0.8305
251010_070228_0000043598_CAM1_NG_bmp.rf.95006d33d67ee767238264a2460c8822.jpg,0.302,0.1294,0.8085
251010_070228_0000043598_CAM1_NG_bmp.rf.95006d33d67ee767238264a2460c8822.jpg,0.302,0.1294,0.797
251010_070228_0000043598_CAM1_NG_bmp.rf.95006d33d67ee767238264a2460c8822.jpg,0.302,0.1294,0.7595
251010_070228_0000043598_CAM1_NG_bmp.rf.95006d33d67ee767238264a2460c8822.jpg,0.302,0.1294,0.7196
251010_070228_0000043598_CAM1_NG_bmp.rf.95006d33d67ee767238264a2460c8822.jpg,0.302,0.1294,0.7117
251010_070228_0000043598_CAM1_NG_bmp.rf.95006d33d67ee767238264a2460c8822.jpg,0.302,0.1294,0.6006
251010_070228_0000043598_CAM1_NG_bmp.rf.95006d33d67ee767238264a2460c8822.jpg,0.1294,0.1294,0.5939
251010_124857_0000080525_CAM1_NG_bmp.rf.914bdeafaf754074e28aa98e68911493.jpg,0.3452,0.2157,0.9396
251010_124857_0000080525_CAM1_NG_bmp.rf.914bdeafaf754074e28aa98e68911493.jpg,0.3452,0.2157,0.9319
251010_124857_0000080525_CAM1_NG_bmp.rf.914bdeafaf754074e28aa98e68911493.jpg,0.3452,0.1726,0.9287
251010_124857_0000080525_CAM1_NG_bmp.rf.914bdeafaf754074e28aa98e68911493.jpg,0.3883,0.2157,0.9273
251010_124857_0000080525_CAM1_NG_bmp.rf.914bdeafaf754074e28aa98e68911493.jpg,0.3452,0.1726,0.9256
251010_124857_0000080525_CAM1_NG_bmp.rf.914bdeafaf754074e28aa98e68911493.jpg,0.3452,0.1726,0.9249
251010_124857_0000080525_CAM1_NG_bmp.rf.914bdeafaf754074e28aa98e68911493.jpg,0.3452,0.1726,0.9056
251010_124857_0000080525_CAM1_NG_bmp.rf.914bdeafaf754074e28aa98e68911493.jpg,0.3452,0.1726,0.9045
251010_124857_0000080525_CAM1_NG_bmp.rf.914bdeafaf754074e28aa98e68911493.jpg,0.3452,0.1726,0.9014
251010_124857_0000080525_CAM1_NG_bmp.rf.914bdeafaf754074e28aa98e68911493.jpg,0.3452,0.1726,0.8943
251010_124857_0000080525_CAM1_NG_bmp.rf.914bdeafaf754074e28aa98e68911493.jpg,0.2589,0.1294,0.8932
251010_124857_0000080525_CAM1_NG_bmp.rf.914bdeafaf754074e28aa98e68911493.jpg,0.3452,0.1726,0.8835
251010_124857_0000080525_CAM1_NG_bmp.rf.914bdeafaf754074e28aa98e68911493.jpg,0.302,0.1294,0.8829
251010_124857_0000080525_CAM1_NG_bmp.rf.914bdeafaf754074e28aa98e68911493.jpg,0.302,0.1294,0.8728
251010_124857_0000080525_CAM1_NG_bmp.rf.914bdeafaf754074e28aa98e68911493.jpg,0.302,0.1294,0.8723
251010_124857_0000080525_CAM1_NG_bmp.rf.914bdeafaf754074e28aa98e68911493.jpg,0.3883,0.1726,0.8715
251010_124857_0000080525_CAM1_NG_bmp.rf.914bdeafaf754074e28aa98e68911493.jpg,0.2589,0.1294,0.8623
251010_124857_0000080525_CAM1_NG_bmp.rf.914bdeafaf754074e28aa98e68911493.jpg,0.302,0.1294,0.8511
251010_124857_0000080525_CAM1_NG_bmp.rf.914bdeafaf754074e28aa98e68911493.jpg,0.302,0.1726,0.8378
251010_124857_0000080525_CAM1_NG_bmp.rf.914bdeafaf754074e28aa98e68911493.jpg,0.302,0.1294,0.8136
251010_124857_0000080525_CAM1_NG_bmp.rf.914bdeafaf754074e28aa98e68911493.jpg,0.3452,0.1726,0.8001
251010_124857_0000080525_CAM1_NG_bmp.rf.914bdeafaf754074e28aa98e68911493.jpg,0.2589,0.1294,0.7857
251010_124857_0000080525_CAM1_NG_bmp.rf.914bdeafaf754074e28aa98e68911493.jpg,0.302,0.1294,0.7693
251010_124857_0000080525_CAM1_NG_bmp.rf.914bdeafaf754074e28aa98e68911493.jpg,0.2589,0.1294,0.7507
251010_124857_0000080525_CAM1_NG_bmp.rf.914bdeafaf754074e28aa98e68911493.jpg,0.2589,0.1726,0.7239
251010_124857_0000080525_CAM1_NG_bmp.rf.914bdeafaf754074e28aa98e68911493.jpg,0.3883,0.1726,0.5481
251010_131918_0000083516_CAM1_NG_bmp.rf.4feba3522f7ca1eb8d1bd2e260dc3ebd.jpg,0.3883,0.2157,0.9469
251010_131918_0000083516_CAM1_NG_bmp.rf.4feba3522f7ca1eb8d1bd2e260dc3ebd.jpg,0.3452,0.1726,0.9386
251010_131918_0000083516_CAM1_NG_bmp.rf.4feba3522f7ca1eb8d1bd2e260dc3ebd.jpg,0.3883,0.2157,0.9311
251010_131918_0000083516_CAM1_NG_bmp.rf.4feba3522f7ca1eb8d1bd2e260dc3ebd.jpg,0.3883,0.2157,0.9203
251010_131918_0000083516_CAM1_NG_bmp.rf.4feba3522f7ca1eb8d1bd2e260dc3ebd.jpg,0.3452,0.1726,0.92
251010_131918_0000083516_CAM1_NG_bmp.rf.4feba3522f7ca1eb8d1bd2e260dc3ebd.jpg,0.3452,0.1726,0.9196
251010_131918_0000083516_CAM1_NG_bmp.rf.4feba3522f7ca1eb8d1bd2e260dc3ebd.jpg,0.3452,0.1726,0.9136
251010_131918_0000083516_CAM1_NG_bmp.rf.4feba3522f7ca1eb8d1bd2e260dc3ebd.jpg,0.3452,0.1726,0.9061
251010_131918_0000083516_CAM1_NG_bmp.rf.4feba3522f7ca1eb8d1bd2e260dc3ebd.jpg,0.3452,0.2157,0.8922
251010_131918_0000083516_CAM1_NG_bmp.rf.4feba3522f7ca1eb8d1bd2e260dc3ebd.jpg,0.3452,0.1726,0.8774
251010_131918_0000083516_CAM1_NG_bmp.rf.4feba3522f7ca1eb8d1bd2e260dc3ebd.jpg,0.3883,0.1726,0.8672
251010_131918_0000083516_CAM1_NG_bmp.rf.4feba3522f7ca1eb8d1bd2e260dc3ebd.jpg,0.302,0.1294,0.7926
251010_131918_0000083516_CAM1_NG_bmp.rf.4feba3522f7ca1eb8d1bd2e260dc3ebd.jpg,0.2589,0.0863,0.7802
251010_131918_0000083516_CAM1_NG_bmp.rf.4feba3522f7ca1eb8d1bd2e260dc3ebd.jpg,0.2589,0.1294,0.7747
251010_131918_0000083516_CAM1_NG_bmp.rf.4feba3522f7ca1eb8d1bd2e260dc3ebd.jpg,0.2589,0.0863,0.7735
251010_131918_0000083516_CAM1_NG_bmp.rf.4feba3522f7ca1eb8d1bd2e260dc3ebd.jpg,0.3883,0.1726,0.7648
251010_131918_0000083516_CAM1_NG_bmp.rf.4feba3522f7ca1eb8d1bd2e260dc3ebd.jpg,0.302,0.1294,0.7549
251010_131918_0000083516_CAM1_NG_bmp.rf.4feba3522f7ca1eb8d1bd2e260dc3ebd.jpg,0.3452,0.1726,0.7351
251010_131918_0000083516_CAM1_NG_bmp.rf.4feba3522f7ca1eb8d1bd2e260dc3ebd.jpg,0.1726,0.1294,0.6797
251010_131918_0000083516_CAM1_NG_bmp.rf.4feba3522f7ca1eb8d1bd2e260dc3ebd.jpg,0.2589,0.1294,0.673
251010_131918_0000083516_CAM1_NG_bmp.rf.4feba3522f7ca1eb8d1bd2e260dc3ebd.jpg,0.2589,0.1294,0.6485
251010_131918_0000083516_CAM1_NG_bmp.rf.4feba3522f7ca1eb8d1bd2e260dc3ebd.jpg,0.302,0.1726,0.5347
251015_020243_0000434132_CAM1_OK_bmp.rf.f89e69a9067e0de27315adda121b2ab2.jpg,0.3452,0.2157,0.937
251015_020243_0000434132_CAM1_OK_bmp.rf.f89e69a9067e0de27315adda121b2ab2.jpg,0.3883,0.2157,0.9139
251015_020243_0000434132_CAM1_OK_bmp.rf.f89e69a9067e0de27315adda121b2ab2.jpg,0.302,0.1726,0.9112
251015_020243_0000434132_CAM1_OK_bmp.rf.f89e69a9067e0de27315adda121b2ab2.jpg,0.3452,0.2157,0.9055
251015_020243_0000434132_CAM1_OK_bmp.rf.f89e69a9067e0de27315adda121b2ab2.jpg,0.3452,0.1726,0.9038
251015_020243_0000434132_CAM1_OK_bmp.rf.f89e69a9067e0de27315adda121b2ab2.jpg,0.3452,0.2157,0.9015
251015_020243_0000434132_CAM1_OK_bmp.rf.f89e69a9067e0de27315adda121b2ab2.jpg,0.3452,0.1726,0.886
251015_020243_0000434132_CAM1_OK_bmp.rf.f89e69a9067e0de27315adda121b2ab2.jpg,0.302,0.1726,0.8797
251015_020243_0000434132_CAM1_OK_bmp.rf.f89e69a9067e0de27315adda121b2ab2.jpg,0.3452,0.1726,0.8784
251015_020243_0000434132_CAM1_OK_bmp.rf.f89e69a9067e0de27315adda121b2ab2.jpg,0.3452,0.2157,0.8767
251015_020243_0000434132_CAM1_OK_bmp.rf.f89e69a9067e0de27315adda121b2ab2.jpg,0.3452,0.2157,0.8725
251015_020243_0000434132_CAM1_OK_bmp.rf.f89e69a9067e0de27315adda121b2ab2.jpg,0.3452,0.2157,0.8719
251015_020243_0000434132_CAM1_OK_bmp.rf.f89e69a9067e0de27315adda121b2ab2.jpg,0.302,0.1294,0.8709
251015_020243_0000434132_CAM1_OK_bmp.rf.f89e69a9067e0de27315adda121b2ab2.jpg,0.302,0.1294,0.8657
251015_020243_0000434132_CAM1_OK_bmp.rf.f89e69a9067e0de27315adda121b2ab2.jpg,0.2589,0.1294,0.8652
251015_020243_0000434132_CAM1_OK_bmp.rf.f89e69a9067e0de27315adda121b2ab2.jpg,0.2589,0.1726,0.8611
251015_020243_0000434132_CAM1_OK_bmp.rf.f89e69a9067e0de27315adda121b2ab2.jpg,0.302,0.1294,0.8468
251015_020243_0000434132_CAM1_OK_bmp.rf.f89e69a9067e0de27315adda121b2ab2.jpg,0.302,0.1294,0.8225
251015_020243_0000434132_CAM1_OK_bmp.rf.f89e69a9067e0de27315adda121b2ab2.jpg,0.302,0.1294,0.8207
251015_020243_0000434132_CAM1_OK_bmp.rf.f89e69a9067e0de27315adda121b2ab2.jpg,0.302,0.1294,0.8203
251015_020243_0000434132_CAM1_OK_bmp.rf.f89e69a9067e0de27315adda121b2ab2.jpg,0.2589,0.1294,0.8048
251015_020243_0000434132_CAM1_OK_bmp.rf.f89e69a9067e0de27315adda121b2ab2.jpg,0.302,0.1726,0.7885
251015_020243_0000434132_CAM1_OK_bmp.rf.f89e69a9067e0de27315adda121b2ab2.jpg,0.2589,0.1294,0.7634
251015_020243_0000434132_CAM1_OK_bmp.rf.f89e69a9067e0de27315adda121b2ab2.jpg,0.3452,0.2157,0.758
251015_020243_0000434132_CAM1_OK_bmp.rf.f89e69a9067e0de27315adda121b2ab2.jpg,0.302,0.1294,0.7488
251015_020243_0000434132_CAM1_OK_bmp.rf.f89e69a9067e0de27315adda121b2ab2.jpg,0.2589,0.1294,0.7408
251015_020243_0000434132_CAM1_OK_bmp.rf.f89e69a9067e0de27315adda121b2ab2.jpg,0.302,0.1294,0.7184
251015_020243_0000434132_CAM1_OK_bmp.rf.f89e69a9067e0de27315adda121b2ab2.jpg,0.2589,0.1294,0.6084
251015_020243_0000434132_CAM1_OK_bmp.rf.f89e69a9067e0de27315adda121b2ab2.jpg,0.1726,0.1294,0.5729
251010_070224_0000043584_CAM1_NG_bmp.rf.f9d76b6662c9e4fe5e3d616991542968.jpg,0.3452,0.1726,0.9314
251010_070224_0000043584_CAM1_NG_bmp.rf.f9d76b6662c9e4fe5e3d616991542968.jpg,0.3452,0.1726,0.9304
251010_070224_0000043584_CAM1_NG_bmp.rf.f9d76b6662c9e4fe5e3d616991542968.jpg,0.3883,0.2157,0.929
251010_070224_0000043584_CAM1_NG_bmp.rf.f9d76b6662c9e4fe5e3d616991542968.jpg,0.3452,0.1726,0.9273
251010_070224_0000043584_CAM1_NG_bmp.rf.f9d76b6662c9e4fe5e3d616991542968.jpg,0.3452,0.2157,0.9244
251010_070224_0000043584_CAM1_NG_bmp.rf.f9d76b6662c9e4fe5e3d616991542968.jpg,0.3452,0.1726,0.9174
251010_070224_0000043584_CAM1_NG_bmp.rf.f9d76b6662c9e4fe5e3d616991542968.jpg,0.302,0.1726,0.9132
251010_070224_0000043584_CAM1_NG_bmp.rf.f9d76b6662c9e4fe5e3d616991542968.jpg,0.3883,0.1726,0.9132
251010_070224_0000043584_CAM1_NG_bmp.rf.f9d76b6662c9e4fe5e3d616991542968.jpg,0.3452,0.2157,0.9108
251010_070224_0000043584_CAM1_NG_bmp.rf.f9d76b6662c9e4fe5e3d616991542968.jpg,0.3452,0.2157,0.902
251010_070224_0000043584_CAM1_NG_bmp.rf.f9d76b6662c9e4fe5e3d616991542968.jpg,0.3452,0.1726,0.9013
251010_070224_0000043584_CAM1_NG_bmp.rf.f9d76b6662c9e4fe5e3d616991542968.jpg,0.302,0.1294,0.8972
251010_070224_0000043584_CAM1_NG_bmp.rf.f9d76b6662c9e4fe5e3d616991542968.jpg,0.302,0.1294,0.8963
251010_070224_0000043584_CAM1_NG_bmp.rf.f9d76b6662c9e4fe5e3d616991542968.jpg,0.302,0.1294,0.8923
251010_070224_0000043584_CAM1_NG_bmp.rf.f9d76b6662c9e4fe5e3d616991542968.jpg,0.3452,0.1294,0.8916
251010_070224_0000043584_CAM1_NG_bmp.rf.f9d76b6662c9e4fe5e3d616991542968.jpg,0.3452,0.2157,0.8908
251010_070224_0000043584_CAM1_NG_bmp.rf.f9d76b6662c9e4fe5e3d616991542968.jpg,0.302,0.1294,0.8872
251010_070224_0000043584_CAM1_NG_bmp.rf.f9d76b6662c9e4fe5e3d616991542968.jpg,0.3452,0.2157,0.8847
251010_070224_0000043584_CAM1_NG_bmp.rf.f9d76b6662c9e4fe5e3d616991542968.jpg,0.302,0.1726,0.8841
251010_070224_0000043584_CAM1_NG_bmp.rf.f9d76b6662c9e4fe5e3d616991542968.jpg,0.302,0.1294,0.8816
251010_070224_0000043584_CAM1_NG_bmp.rf.f9d76b6662c9e4fe5e3d616991542968.jpg,0.2589,0.1294,0.8776
251010_070224_0000043584_CAM1_NG_bmp.rf.f9d76b6662c9e4fe5e3d616991542968.jpg,0.302,0.1294,0.8775
251010_070224_0000043584_CAM1_NG_bmp.rf.f9d76b6662c9e4fe5e3d616991542968.jpg,0.302,0.1294,0.8761
251010_070224_0000043584_CAM1_NG_bmp.rf.f9d76b6662c9e4fe5e3d616991542968.jpg,0.2589,0.1294,0.8704
251010_070224_0000043584_CAM1_NG_bmp.rf.f9d76b6662c9e4fe5e3d616991542968.jpg,0.302,0.1294,0.8639
251010_070224_0000043584_CAM1_NG_bmp.rf.f9d76b6662c9e4fe5e3d616991542968.jpg,0.302,0.1294,0.8438
251010_070224_0000043584_CAM1_NG_bmp.rf.f9d76b6662c9e4fe5e3d616991542968.jpg,0.302,0.1294,0.836
251010_070224_0000043584_CAM1_NG_bmp.rf.f9d76b6662c9e4fe5e3d616991542968.jpg,0.302,0.1294,0.8334
251010_070224_0000043584_CAM1_NG_bmp.rf.f9d76b6662c9e4fe5e3d616991542968.jpg,0.302,0.1294,0.7776
251010_070224_0000043584_CAM1_NG_bmp.rf.f9d76b6662c9e4fe5e3d616991542968.jpg,0.302,0.1294,0.7492
251010_070224_0000043584_CAM1_NG_bmp.rf.f9d76b6662c9e4fe5e3d616991542968.jpg,0.302,0.1294,0.7446
251010_070224_0000043584_CAM1_NG_bmp.rf.f9d76b6662c9e4fe5e3d616991542968.jpg,0.302,0.1294,0.7033
251010_070224_0000043584_CAM1_NG_bmp.rf.f9d76b6662c9e4fe5e3d616991542968.jpg,0.302,0.1294,0.6988
251010_070224_0000043584_CAM1_NG_bmp.rf.f9d76b6662c9e4fe5e3d616991542968.jpg,0.1726,0.1294,0.6232
251010_125703_0000080860_CAM1_NG_bmp.rf.ec2c4e417308ee95bc334ead239130bd.jpg,0.3452,0.1726,0.9527
251010_125703_0000080860_CAM1_NG_bmp.rf.ec2c4e417308ee95bc334ead239130bd.jpg,0.3452,0.1726,0.9509
251010_125703_0000080860_CAM1_NG_bmp.rf.ec2c4e417308ee95bc334ead239130bd.jpg,0.3883,0.1726,0.9454
251010_125703_0000080860_CAM1_NG_bmp.rf.ec2c4e417308ee95bc334ead239130bd.jpg,0.3452,0.1726,0.9426
251010_125703_0000080860_CAM1_NG_bmp.rf.ec2c4e417308ee95bc334ead239130bd.jpg,0.3452,0.1726,0.9397
251010_125703_0000080860_CAM1_NG_bmp.rf.ec2c4e417308ee95bc334ead239130bd.jpg,0.3452,0.2157,0.9341
251010_125703_0000080860_CAM1_NG_bmp.rf.ec2c4e417308ee95bc334ead239130bd.jpg,0.3452,0.1726,0.9334
251010_125703_0000080860_CAM1_NG_bmp.rf.ec2c4e417308ee95bc334ead239130bd.jpg,0.302,0.1294,0.9287
251010_125703_0000080860_CAM1_NG_bmp.rf.ec2c4e417308ee95bc334ead239130bd.jpg,0.3452,0.1726,0.9277
251010_125703_0000080860_CAM1_NG_bmp.rf.ec2c4e417308ee95bc334ead239130bd.jpg,0.3452,0.1726,0.926
251010_125703_0000080860_CAM1_NG_bmp.rf.ec2c4e417308ee95bc334ead239130bd.jpg,0.302,0.1726,0.9124
251010_125703_0000080860_CAM1_NG_bmp.rf.ec2c4e417308ee95bc334ead239130bd.jpg,0.3452,0.2157,0.9077
251010_125703_0000080860_CAM1_NG_bmp.rf.ec2c4e417308ee95bc334ead239130bd.jpg,0.3452,0.1726,0.907
251010_125703_0000080860_CAM1_NG_bmp.rf.ec2c4e417308ee95bc334ead239130bd.jpg,0.2589,0.1294,0.9061
251010_125703_0000080860_CAM1_NG_bmp.rf.ec2c4e417308ee95bc334ead239130bd.jpg,0.2589,0.1294,0.9045
251010_125703_0000080860_CAM1_NG_bmp.rf.ec2c4e417308ee95bc334ead239130bd.jpg,0.302,0.1294,0.8993
251010_125703_0000080860_CAM1_NG_bmp.rf.ec2c4e417308ee95bc334ead239130bd.jpg,0.2589,0.1294,0.8913
251010_125703_0000080860_CAM1_NG_bmp.rf.ec2c4e417308ee95bc334ead239130bd.jpg,0.3452,0.1726,0.8835
251010_125703_0000080860_CAM1_NG_bmp.rf.ec2c4e417308ee95bc334ead239130bd.jpg,0.2589,0.1294,0.8808
251010_125703_0000080860_CAM1_NG_bmp.rf.ec2c4e417308ee95bc334ead239130bd.jpg,0.3452,0.1726,0.8759
251010_125703_0000080860_CAM1_NG_bmp.rf.ec2c4e417308ee95bc334ead239130bd.jpg,0.302,0.1726,0.8742
251010_125703_0000080860_CAM1_NG_bmp.rf.ec2c4e417308ee95bc334ead239130bd.jpg,0.302,0.1294,0.8648
251010_125703_0000080860_CAM1_NG_bmp.rf.ec2c4e417308ee95bc334ead239130bd.jpg,0.2589,0.1294,0.858
251010_125703_0000080860_CAM1_NG_bmp.rf.ec2c4e417308ee95bc334ead239130bd.jpg,0.2589,0.1294,0.8102
251010_125703_0000080860_CAM1_NG_bmp.rf.ec2c4e417308ee95bc334ead239130bd.jpg,0.1726,0.1294,0.6531
251010_125703_0000080860_CAM1_NG_bmp.rf.ec2c4e417308ee95bc334ead239130bd.jpg,0.3452,0.1726,0.5034
251015_020247_0000434148_CAM1_OK_bmp.rf.f393fda371c90b032e3e6122209ec2ab.jpg,0.3452,0.2157,0.9252
251015_020247_0000434148_CAM1_OK_bmp.rf.f393fda371c90b032e3e6122209ec2ab.jpg,0.3452,0.1726,0.9224
251015_020247_0000434148_CAM1_OK_bmp.rf.f393fda371c90b032e3e6122209ec2ab.jpg,0.3883,0.1726,0.918
251015_020247_0000434148_CAM1_OK_bmp.rf.f393fda371c90b032e3e6122209ec2ab.jpg,0.3452,0.2157,0.9136
251015_020247_0000434148_CAM1_OK_bmp.rf.f393fda371c90b032e3e6122209ec2ab.jpg,0.3452,0.2157,0.9068
251015_020247_0000434148_CAM1_OK_bmp.rf.f393fda371c90b032e3e6122209ec2ab.jpg,0.3452,0.2157,0.9015
251015_020247_0000434148_CAM1_OK_bmp.rf.f393fda371c90b032e3e6122209ec2ab.jpg,0.3452,0.2157,0.8939
251015_020247_0000434148_CAM1_OK_bmp.rf.f393fda371c90b032e3e6122209ec2ab.jpg,0.3452,0.1726,0.8842
251015_020247_0000434148_CAM1_OK_bmp.rf.f393fda371c90b032e3e6122209ec2ab.jpg,0.3452,0.2157,0.8728
251015_020247_0000434148_CAM1_OK_bmp.rf.f393fda371c90b032e3e6122209ec2ab.jpg,0.302,0.1726,0.8698
251015_020247_0000434148_CAM1_OK_bmp.rf.f393fda371c90b032e3e6122209ec2ab.jpg,0.3452,0.2157,0.865
251015_020247_0000434148_CAM1_OK_bmp.rf.f393fda371c90b032e3e6122209ec2ab.jpg,0.302,0.1294,0.862
251015_020247_0000434148_CAM1_OK_bmp.rf.f393fda371c90b032e3e6122209ec2ab.jpg,0.2589,0.1726,0.8612
251015_020247_0000434148_CAM1_OK_bmp.rf.f393fda371c90b032e3e6122209ec2ab.jpg,0.302,0.1294,0.8597
251015_020247_0000434148_CAM1_OK_bmp.rf.f393fda371c90b032e3e6122209ec2ab.jpg,0.3452,0.1726,0.854
251015_020247_0000434148_CAM1_OK_bmp.rf.f393fda371c90b032e3e6122209ec2ab.jpg,0.2589,0.1294,0.8432
251015_020247_0000434148_CAM1_OK_bmp.rf.f393fda371c90b032e3e6122209ec2ab.jpg,0.302,0.1294,0.834
251015_020247_0000434148_CAM1_OK_bmp.rf.f393fda371c90b032e3e6122209ec2ab.jpg,0.2589,0.1294,0.8318
251015_020247_0000434148_CAM1_OK_bmp.rf.f393fda371c90b032e3e6122209ec2ab.jpg,0.302,0.1726,0.8311
251015_020247_0000434148_CAM1_OK_bmp.rf.f393fda371c90b032e3e6122209ec2ab.jpg,0.302,0.1294,0.8239
251015_020247_0000434148_CAM1_OK_bmp.rf.f393fda371c90b032e3e6122209ec2ab.jpg,0.302,0.1294,0.8135
251015_020247_0000434148_CAM1_OK_bmp.rf.f393fda371c90b032e3e6122209ec2ab.jpg,0.302,0.1294,0.7852
251015_020247_0000434148_CAM1_OK_bmp.rf.f393fda371c90b032e3e6122209ec2ab.jpg,0.2589,0.1294,0.7831
251015_020247_0000434148_CAM1_OK_bmp.rf.f393fda371c90b032e3e6122209ec2ab.jpg,0.302,0.1294,0.7244
251015_020247_0000434148_CAM1_OK_bmp.rf.f393fda371c90b032e3e6122209ec2ab.jpg,0.3452,0.1726,0.6925
251015_020247_0000434148_CAM1_OK_bmp.rf.f393fda371c90b032e3e6122209ec2ab.jpg,0.2589,0.1294,0.6825
251015_020247_0000434148_CAM1_OK_bmp.rf.f393fda371c90b032e3e6122209ec2ab.jpg,0.2589,0.1294,0.6659
251015_020247_0000434148_CAM1_OK_bmp.rf.f393fda371c90b032e3e6122209ec2ab.jpg,0.1726,0.1294,0.5673
251015_020247_0000434148_CAM1_OK_bmp.rf.f393fda371c90b032e3e6122209ec2ab.jpg,0.302,0.1726,0.5082
251010_125651_0000080820_CAM1_NG_bmp.rf.b348cc08fa789f21fd6a1bff5898be7e.jpg,0.3883,0.2157,0.9478
251010_125651_0000080820_CAM1_NG_bmp.rf.b348cc08fa789f21fd6a1bff5898be7e.jpg,0.3452,0.2157,0.9457
251010_125651_0000080820_CAM1_NG_bmp.rf.b348cc08fa789f21fd6a1bff5898be7e.jpg,0.302,0.1294,0.9443
251010_125651_0000080820_CAM1_NG_bmp.rf.b348cc08fa789f21fd6a1bff5898be7e.jpg,0.3452,0.1726,0.9435
251010_125651_0000080820_CAM1_NG_bmp.rf.b348cc08fa789f21fd6a1bff5898be7e.jpg,0.3452,0.1726,0.9427
251010_125651_0000080820_CAM1_NG_bmp.rf.b348cc08fa789f21fd6a1bff5898be7e.jpg,0.3452,0.1726,0.9376
251010_125651_0000080820_CAM1_NG_bmp.rf.b348cc08fa789f21fd6a1bff5898be7e.jpg,0.3452,0.2157,0.9372
251010_125651_0000080820_CAM1_NG_bmp.rf.b348cc08fa789f21fd6a1bff5898be7e.jpg,0.3452,0.1726,0.9364
251010_125651_0000080820_CAM1_NG_bmp.rf.b348cc08fa789f21fd6a1bff5898be7e.jpg,0.3452,0.1726,0.9288
251010_125651_0000080820_CAM1_NG_bmp.rf.b348cc08fa789f21fd6a1bff5898be7e.jpg,0.302,0.1294,0.9279
251010_125651_0000080820_CAM1_NG_bmp.rf.b348cc08fa789f21fd6a1bff5898be7e.jpg,0.3452,0.1726,0.9205
251010_125651_0000080820_CAM1_NG_bmp.rf.b348cc08fa789f21fd6a1bff5898be7e.jpg,0.3452,0.1726,0.9176
251010_125651_0000080820_CAM1_NG_bmp.rf.b348cc08fa789f21fd6a1bff5898be7e.jpg,0.3452,0.1726,0.9154
251010_125651_0000080820_CAM1_NG_bmp.rf.b348cc08fa789f21fd6a1bff5898be7e.jpg,0.3452,0.2157,0.9114
251010_125651_0000080820_CAM1_NG_bmp.rf.b348cc08fa789f21fd6a1bff5898be7e.jpg,0.2589,0.1294,0.9066
251010_125651_0000080820_CAM1_NG_bmp.rf.b348cc08fa789f21fd6a1bff5898be7e.jpg,0.2589,0.1294,0.8961
251010_125651_0000080820_CAM1_NG_bmp.rf.b348cc08fa789f21fd6a1bff5898be7e.jpg,0.3452,0.1726,0.8903
251010_125651_0000080820_CAM1_NG_bmp.rf.b348cc08fa789f21fd6a1bff5898be7e.jpg,0.302,0.1294,0.8842
251010_125651_0000080820_CAM1_NG_bmp.rf.b348cc08fa789f21fd6a1bff5898be7e.jpg,0.302,0.1294,0.8815
251010_125651_0000080820_CAM1_NG_bmp.rf.b348cc08fa789f21fd6a1bff5898be7e.jpg,0.302,0.1726,0.8693
251010_125651_0000080820_CAM1_NG_bmp.rf.b348cc08fa789f21fd6a1bff5898be7e.jpg,0.3452,0.1726,0.8638
251010_125651_0000080820_CAM1_NG_bmp.rf.b348cc08fa789f21fd6a1bff5898be7e.jpg,0.2589,0.0863,0.8555
251010_125651_0000080820_CAM1_NG_bmp.rf.b348cc08fa789f21fd6a1bff5898be7e.jpg,0.2589,0.1294,0.8495
251010_125651_0000080820_CAM1_NG_bmp.rf.b348cc08fa789f21fd6a1bff5898be7e.jpg,0.302,0.1294,0.8332
251010_125651_0000080820_CAM1_NG_bmp.rf.b348cc08fa789f21fd6a1bff5898be7e.jpg,0.2589,0.1294,0.7939
251010_125651_0000080820_CAM1_NG_bmp.rf.b348cc08fa789f21fd6a1bff5898be7e.jpg,0.1726,0.1294,0.7189
251010_125651_0000080820_CAM1_NG_bmp.rf.b348cc08fa789f21fd6a1bff5898be7e.jpg,0.302,0.1726,0.5714
251010_070219_0000043566_CAM1_NG_bmp.rf.acbd9f95d1076a132d6009d5c3ab10c5.jpg,0.3452,0.1726,0.9356
251010_070219_0000043566_CAM1_NG_bmp.rf.acbd9f95d1076a132d6009d5c3ab10c5.jpg,0.3452,0.1726,0.9345
251010_070219_0000043566_CAM1_NG_bmp.rf.acbd9f95d1076a132d6009d5c3ab10c5.jpg,0.3883,0.1726,0.9314
251010_070219_0000043566_CAM1_NG_bmp.rf.acbd9f95d1076a132d6009d5c3ab10c5.jpg,0.3452,0.1726,0.9248
251010_070219_0000043566_CAM1_NG_bmp.rf.acbd9f95d1076a132d6009d5c3ab10c5.jpg,0.3883,0.2157,0.9161
251010_070219_0000043566_CAM1_NG_bmp.rf.acbd9f95d1076a132d6009d5c3ab10c5.jpg,0.3883,0.1726,0.9154
251010_070219_0000043566_CAM1_NG_bmp.rf.acbd9f95d1076a132d6009d5c3ab10c5.jpg,0.3452,0.2157,0.911
251010_070219_0000043566_CAM1_NG_bmp.rf.acbd9f95d1076a132d6009d5c3ab10c5.jpg,0.302,0.1294,0.9106
251010_070219_0000043566_CAM1_NG_bmp.rf.acbd9f95d1076a132d6009d5c3ab10c5.jpg,0.3452,0.1726,0.9096
251010_070219_0000043566_CAM1_NG_bmp.rf.acbd9f95d1076a132d6009d5c3ab10c5.jpg,0.3452,0.1726,0.9071
251010_070219_0000043566_CAM1_NG_bmp.rf.acbd9f95d1076a132d6009d5c3ab10c5.jpg,0.3452,0.2157,0.9056
251010_070219_0000043566_CAM1_NG_bmp.rf.acbd9f95d1076a132d6009d5c3ab10c5.jpg,0.3452,0.1726,0.9055
251010_070219_0000043566_CAM1_NG_bmp.rf.acbd9f95d1076a132d6009d5c3ab10c5.jpg,0.302,0.1294,0.8995
251010_070219_0000043566_CAM1_NG_bmp.rf.acbd9f95d1076a132d6009d5c3ab10c5.jpg,0.302,0.1294,0.8957
251010_070219_0000043566_CAM1_NG_bmp.rf.acbd9f95d1076a132d6009d5c3ab10c5.jpg,0.302,0.1294,0.8945
251010_070219_0000043566_CAM1_NG_bmp.rf.acbd9f95d1076a132d6009d5c3ab10c5.jpg,0.3452,0.2157,0.8905
251010_070219_0000043566_CAM1_NG_bmp.rf.acbd9f95d1076a132d6009d5c3ab10c5.jpg,0.302,0.1294,0.8896
251010_070219_0000043566_CAM1_NG_bmp.rf.acbd9f95d1076a132d6009d5c3ab10c5.jpg,0.302,0.1294,0.8877
251010_070219_0000043566_CAM1_NG_bmp.rf.acbd9f95d1076a132d6009d5c3ab10c5.jpg,0.302,0.1294,0.8833
251010_070219_0000043566_CAM1_NG_bmp.rf.acbd9f95d1076a132d6009d5c3ab10c5.jpg,0.302,0.1294,0.8815
251010_070219_0000043566_CAM1_NG_bmp.rf.acbd9f95d1076a132d6009d5c3ab10c5.jpg,0.302,0.1294,0.8746
251010_070219_0000043566_CAM1_NG_bmp.rf.acbd9f95d1076a132d6009d5c3ab10c5.jpg,0.302,0.1726,0.8727
251010_070219_0000043566_CAM1_NG_bmp.rf.acbd9f95d1076a132d6009d5c3ab10c5.jpg,0.302,0.1294,0.8714
251010_070219_0000043566_CAM1_NG_bmp.rf.acbd9f95d1076a132d6009d5c3ab10c5.jpg,0.2589,0.1294,0.8661
251010_070219_0000043566_CAM1_NG_bmp.rf.acbd9f95d1076a132d6009d5c3ab10c5.jpg,0.3452,0.1726,0.8632
251010_070219_0000043566_CAM1_NG_bmp.rf.acbd9f95d1076a132d6009d5c3ab10c5.jpg,0.302,0.1294,0.8608
251010_070219_0000043566_CAM1_NG_bmp.rf.acbd9f95d1076a132d6009d5c3ab10c5.jpg,0.302,0.1294,0.842
251010_070219_0000043566_CAM1_NG_bmp.rf.acbd9f95d1076a132d6009d5c3ab10c5.jpg,0.302,0.1294,0.8384
251010_070219_0000043566_CAM1_NG_bmp.rf.acbd9f95d1076a132d6009d5c3ab10c5.jpg,0.302,0.1294,0.8058
251010_070219_0000043566_CAM1_NG_bmp.rf.acbd9f95d1076a132d6009d5c3ab10c5.jpg,0.302,0.1294,0.8053
251010_070219_0000043566_CAM1_NG_bmp.rf.acbd9f95d1076a132d6009d5c3ab10c5.jpg,0.302,0.1726,0.7987
251010_070219_0000043566_CAM1_NG_bmp.rf.acbd9f95d1076a132d6009d5c3ab10c5.jpg,0.302,0.1294,0.7815
251010_070219_0000043566_CAM1_NG_bmp.rf.acbd9f95d1076a132d6009d5c3ab10c5.jpg,0.1726,0.1294,0.6682
251010_070219_0000043566_CAM1_NG_bmp.rf.acbd9f95d1076a132d6009d5c3ab10c5.jpg,0.302,0.1294,0.5641
251015_020248_0000434150_CAM1_OK_bmp.rf.b99441885a91d266a6deaae660bcc7d8.jpg,0.302,0.1726,0.93
251015_020248_0000434150_CAM1_OK_bmp.rf.b99441885a91d266a6deaae660bcc7d8.jpg,0.3452,0.2157,0.9257
251015_020248_0000434150_CAM1_OK_bmp.rf.b99441885a91d266a6deaae660bcc7d8.jpg,0.3883,0.1726,0.9166
251015_020248_0000434150_CAM1_OK_bmp.rf.b99441885a91d266a6deaae660bcc7d8.jpg,0.3883,0.2157,0.9051
251015_020248_0000434150_CAM1_OK_bmp.rf.b99441885a91d266a6deaae660bcc7d8.jpg,0.3452,0.1726,0.9049
251015_020248_0000434150_CAM1_OK_bmp.rf.b99441885a91d266a6deaae660bcc7d8.jpg,0.3452,0.1726,0.9042
251015_020248_0000434150_CAM1_OK_bmp.rf.b99441885a91d266a6deaae660bcc7d8.jpg,0.3452,0.1726,0.891
251015_020248_0000434150_CAM1_OK_bmp.rf.b99441885a91d266a6deaae660bcc7d8.jpg,0.3452,0.2157,0.8874
251015_020248_0000434150_CAM1_OK_bmp.rf.b99441885a91d266a6deaae660bcc7d8.jpg,0.3452,0.1726,0.8864
251015_020248_0000434150_CAM1_OK_bmp.rf.b99441885a91d266a6deaae660bcc7d8.jpg,0.302,0.1294,0.8756
251015_020248_0000434150_CAM1_OK_bmp.rf.b99441885a91d266a6deaae660bcc7d8.jpg,0.3452,0.2157,0.8622
251015_020248_0000434150_CAM1_OK_bmp.rf.b99441885a91d266a6deaae660bcc7d8.jpg,0.2589,0.1294,0.8591
251015_020248_0000434150_CAM1_OK_bmp.rf.b99441885a91d266a6deaae660bcc7d8.jpg,0.302,0.1294,0.8549
251015_020248_0000434150_CAM1_OK_bmp.rf.b99441885a91d266a6deaae660bcc7d8.jpg,0.302,0.1294,0.8481
251015_020248_0000434150_CAM1_OK_bmp.rf.b99441885a91d266a6deaae660bcc7d8.jpg,0.302,0.1294,0.8461
251015_020248_0000434150_CAM1_OK_bmp.rf.b99441885a91d266a6deaae660bcc7d8.jpg,0.2589,0.1294,0.8452
251015_020248_0000434150_CAM1_OK_bmp.rf.b99441885a91d266a6deaae660bcc7d8.jpg,0.2589,0.1294,0.8443
251015_020248_0000434150_CAM1_OK_bmp.rf.b99441885a91d266a6deaae660bcc7d8.jpg,0.3452,0.1726,0.8387
251015_020248_0000434150_CAM1_OK_bmp.rf.b99441885a91d266a6deaae660bcc7d8.jpg,0.302,0.2157,0.8343
251015_020248_0000434150_CAM1_OK_bmp.rf.b99441885a91d266a6deaae660bcc7d8.jpg,0.302,0.1294,0.8319
251015_020248_0000434150_CAM1_OK_bmp.rf.b99441885a91d266a6deaae660bcc7d8.jpg,0.302,0.1294,0.8027
251015_020248_0000434150_CAM1_OK_bmp.rf.b99441885a91d266a6deaae660bcc7d8.jpg,0.2589,0.1294,0.7887
251015_020248_0000434150_CAM1_OK_bmp.rf.b99441885a91d266a6deaae660bcc7d8.jpg,0.302,0.1294,0.7837
251015_020248_0000434150_CAM1_OK_bmp.rf.b99441885a91d266a6deaae660bcc7d8.jpg,0.2589,0.1726,0.7744
251015_020248_0000434150_CAM1_OK_bmp.rf.b99441885a91d266a6deaae660bcc7d8.jpg,0.302,0.1294,0.7579
251015_020248_0000434150_CAM1_OK_bmp.rf.b99441885a91d266a6deaae660bcc7d8.jpg,0.3452,0.2157,0.7452
251015_020248_0000434150_CAM1_OK_bmp.rf.b99441885a91d266a6deaae660bcc7d8.jpg,0.2589,0.1294,0.7447
251015_020248_0000434150_CAM1_OK_bmp.rf.b99441885a91d266a6deaae660bcc7d8.jpg,0.302,0.1294,0.7406
251015_020248_0000434150_CAM1_OK_bmp.rf.b99441885a91d266a6deaae660bcc7d8.jpg,0.3452,0.1726,0.6265
251015_020248_0000434150_CAM1_OK_bmp.rf.b99441885a91d266a6deaae660bcc7d8.jpg,0.2589,0.1294,0.6083
251015_020248_0000434150_CAM1_OK_bmp.rf.b99441885a91d266a6deaae660bcc7d8.jpg,0.1294,0.1294,0.5683
251010_115519_0000080414_CAM1_NG_bmp.rf.7acb21636da065aed1fc9d3784f3d2bd.jpg,0.3452,0.1726,0.9164
251010_115519_0000080414_CAM1_NG_bmp.rf.7acb21636da065aed1fc9d3784f3d2bd.jpg,0.302,0.1294,0.9054
251010_115519_0000080414_CAM1_NG_bmp.rf.7acb21636da065aed1fc9d3784f3d2bd.jpg,0.2589,0.1294,0.9047
251010_115519_0000080414_CAM1_NG_bmp.rf.7acb21636da065aed1fc9d3784f3d2bd.jpg,0.302,0.1294,0.8932
251010_115519_0000080414_CAM1_NG_bmp.rf.7acb21636da065aed1fc9d3784f3d2bd.jpg,0.3452,0.1726,0.8733
251010_115519_0000080414_CAM1_NG_bmp.rf.7acb21636da065aed1fc9d3784f3d2bd.jpg,0.3452,0.1726,0.8678
251010_115519_0000080414_CAM1_NG_bmp.rf.7acb21636da065aed1fc9d3784f3d2bd.jpg,0.3452,0.2157,0.8676
251010_115519_0000080414_CAM1_NG_bmp.rf.7acb21636da065aed1fc9d3784f3d2bd.jpg,0.3452,0.1726,0.8644
251010_115519_0000080414_CAM1_NG_bmp.rf.7acb21636da065aed1fc9d3784f3d2bd.jpg,0.3452,0.1726,0.8339
251010_115519_0000080414_CAM1_NG_bmp.rf.7acb21636da065aed1fc9d3784f3d2bd.jpg,0.3452,0.2157,0.8163
251010_115519_0000080414_CAM1_NG_bmp.rf.7acb21636da065aed1fc9d3784f3d2bd.jpg,0.3883,0.2157,0.8021
251010_115519_0000080414_CAM1_NG_bmp.rf.7acb21636da065aed1fc9d3784f3d2bd.jpg,0.3452,0.1726,0.7849
251010_115519_0000080414_CAM1_NG_bmp.rf.7acb21636da065aed1fc9d3784f3d2bd.jpg,0.3452,0.2157,0.7693
251010_115519_0000080414_CAM1_NG_bmp.rf.7acb21636da065aed1fc9d3784f3d2bd.jpg,0.3452,0.1726,0.7216
251010_115519_0000080414_CAM1_NG_bmp.rf.7acb21636da065aed1fc9d3784f3d2bd.jpg,0.302,0.1294,0.6669
251010_115519_0000080414_CAM1_NG_bmp.rf.7acb21636da065aed1fc9d3784f3d2bd.jpg,0.1294,0.1294,0.6567
251010_115519_0000080414_CAM1_NG_bmp.rf.7acb21636da065aed1fc9d3784f3d2bd.jpg,0.2589,0.1294,0.6566
251010_115519_0000080414_CAM1_NG_bmp.rf.7acb21636da065aed1fc9d3784f3d2bd.jpg,0.2589,0.1294,0.6464
251010_115519_0000080414_CAM1_NG_bmp.rf.7acb21636da065aed1fc9d3784f3d2bd.jpg,0.2589,0.1294,0.5297
251010_125627_0000080735_CAM1_NG_bmp.rf.2a4cdd20fc2041a47386ffaafa70ed4a.jpg,0.3452,0.1726,0.9477
251010_125627_0000080735_CAM1_NG_bmp.rf.2a4cdd20fc2041a47386ffaafa70ed4a.jpg,0.3452,0.1726,0.937
251010_125627_0000080735_CAM1_NG_bmp.rf.2a4cdd20fc2041a47386ffaafa70ed4a.jpg,0.3452,0.1726,0.9348
251010_125627_0000080735_CAM1_NG_bmp.rf.2a4cdd20fc2041a47386ffaafa70ed4a.jpg,0.3452,0.1726,0.9328
251010_125627_0000080735_CAM1_NG_bmp.rf.2a4cdd20fc2041a47386ffaafa70ed4a.jpg,0.302,0.1294,0.9285
251010_125627_0000080735_CAM1_NG_bmp.rf.2a4cdd20fc2041a47386ffaafa70ed4a.jpg,0.3452,0.1726,0.9185
251010_125627_0000080735_CAM1_NG_bmp.rf.2a4cdd20fc2041a47386ffaafa70ed4a.jpg,0.3452,0.1726,0.9159
251010_125627_0000080735_CAM1_NG_bmp.rf.2a4cdd20fc2041a47386ffaafa70ed4a.jpg,0.302,0.1294,0.9132
251010_125627_0000080735_CAM1_NG_bmp.rf.2a4cdd20fc2041a47386ffaafa70ed4a.jpg,0.3452,0.1726,0.909
251010_125627_0000080735_CAM1_NG_bmp.rf.2a4cdd20fc2041a47386ffaafa70ed4a.jpg,0.3452,0.1726,0.8977
251010_125627_0000080735_CAM1_NG_bmp.rf.2a4cdd20fc2041a47386ffaafa70ed4a.jpg,0.3452,0.1726,0.8828
251010_125627_0000080735_CAM1_NG_bmp.rf.2a4cdd20fc2041a47386ffaafa70ed4a.jpg,0.3452,0.1726,0.8799
251010_125627_0000080735_CAM1_NG_bmp.rf.2a4cdd20fc2041a47386ffaafa70ed4a.jpg,0.302,0.1294,0.8773
251010_125627_0000080735_CAM1_NG_bmp.rf.2a4cdd20fc2041a47386ffaafa70ed4a.jpg,0.3452,0.1726,0.875
251010_125627_0000080735_CAM1_NG_bmp.rf.2a4cdd20fc2041a47386ffaafa70ed4a.jpg,0.2589,0.1294,0.8676
251010_125627_0000080735_CAM1_NG_bmp.rf.2a4cdd20fc2041a47386ffaafa70ed4a.jpg,0.2589,0.1294,0.8614
251010_125627_0000080735_CAM1_NG_bmp.rf.2a4cdd20fc2041a47386ffaafa70ed4a.jpg,0.3452,0.1726,0.8539
251010_125627_0000080735_CAM1_NG_bmp.rf.2a4cdd20fc2041a47386ffaafa70ed4a.jpg,0.2589,0.1294,0.844
251010_125627_0000080735_CAM1_NG_bmp.rf.2a4cdd20fc2041a47386ffaafa70ed4a.jpg,0.2589,0.1294,0.843
251010_125627_0000080735_CAM1_NG_bmp.rf.2a4cdd20fc2041a47386ffaafa70ed4a.jpg,0.2589,0.1294,0.8413
251010_125627_0000080735_CAM1_NG_bmp.rf.2a4cdd20fc2041a47386ffaafa70ed4a.jpg,0.2589,0.1294,0.8359
251010_125627_0000080735_CAM1_NG_bmp.rf.2a4cdd20fc2041a47386ffaafa70ed4a.jpg,0.2589,0.1294,0.8148
251010_125627_0000080735_CAM1_NG_bmp.rf.2a4cdd20fc2041a47386ffaafa70ed4a.jpg,0.302,0.1294,0.8123
251010_125627_0000080735_CAM1_NG_bmp.rf.2a4cdd20fc2041a47386ffaafa70ed4a.jpg,0.3452,0.1726,0.7311
251010_125627_0000080735_CAM1_NG_bmp.rf.2a4cdd20fc2041a47386ffaafa70ed4a.jpg,0.3452,0.2157,0.7099
251010_125627_0000080735_CAM1_NG_bmp.rf.2a4cdd20fc2041a47386ffaafa70ed4a.jpg,0.1726,0.1294,0.7012
251010_125627_0000080735_CAM1_NG_bmp.rf.2a4cdd20fc2041a47386ffaafa70ed4a.jpg,0.2589,0.1294,0.5013
251010_124859_0000080533_CAM1_NG_bmp.rf.03be137a1fc3d22c338a499f93104c59.jpg,0.3452,0.2157,0.9353
251010_124859_0000080533_CAM1_NG_bmp.rf.03be137a1fc3d22c338a499f93104c59.jpg,0.302,0.1294,0.9259
251010_124859_0000080533_CAM1_NG_bmp.rf.03be137a1fc3d22c338a499f93104c59.jpg,0.3452,0.1726,0.9245
251010_124859_0000080533_CAM1_NG_bmp.rf.03be137a1fc3d22c338a499f93104c59.jpg,0.3452,0.1726,0.9241
251010_124859_0000080533_CAM1_NG_bmp.rf.03be137a1fc3d22c338a499f93104c59.jpg,0.3452,0.2157,0.9192
251010_124859_0000080533_CAM1_NG_bmp.rf.03be137a1fc3d22c338a499f93104c59.jpg,0.3883,0.1726,0.9182
251010_124859_0000080533_CAM1_NG_bmp.rf.03be137a1fc3d22c338a499f93104c59.jpg,0.2589,0.1294,0.9151
251010_124859_0000080533_CAM1_NG_bmp.rf.03be137a1fc3d22c338a499f93104c59.jpg,0.3452,0.1726,0.9146
251010_124859_0000080533_CAM1_NG_bmp.rf.03be137a1fc3d22c338a499f93104c59.jpg,0.3452,0.2157,0.9127
251010_124859_0000080533_CAM1_NG_bmp.rf.03be137a1fc3d22c338a499f93104c59.jpg,0.3452,0.1726,0.9122
251010_124859_0000080533_CAM1_NG_bmp.rf.03be137a1fc3d22c338a499f93104c59.jpg,0.3452,0.1726,0.9067
251010_124859_0000080533_CAM1_NG_bmp.rf.03be137a1fc3d22c338a499f93104c59.jpg,0.3452,0.1726,0.904
251010_124859_0000080533_CAM1_NG_bmp.rf.03be137a1fc3d22c338a499f93104c59.jpg,0.2589,0.1294,0.8975
251010_124859_0000080533_CAM1_NG_bmp.rf.03be137a1fc3d22c338a499f93104c59.jpg,0.3883,0.1726,0.89
251010_124859_0000080533_CAM1_NG_bmp.rf.03be137a1fc3d22c338a499f93104c59.jpg,0.2589,0.1294,0.8886
251010_124859_0000080533_CAM1_NG_bmp.rf.03be137a1fc3d22c338a499f93104c59.jpg,0.2589,0.1294,0.8851
251010_124859_0000080533_CAM1_NG_bmp.rf.03be137a1fc3d22c338a499f93104c59.jpg,0.2589,0.1294,0.8845
251010_124859_0000080533_CAM1_NG_bmp.rf.03be137a1fc3d22c338a499f93104c59.jpg,0.3452,0.2157,0.884
251010_124859_0000080533_CAM1_NG_bmp.rf.03be137a1fc3d22c338a499f93104c59.jpg,0.302,0.1294,0.8806
251010_124859_0000080533_CAM1_NG_bmp.rf.03be137a1fc3d22c338a499f93104c59.jpg,0.302,0.1294,0.8777
251010_124859_0000080533_CAM1_NG_bmp.rf.03be137a1fc3d22c338a499f93104c59.jpg,0.3452,0.2157,0.854
251010_124859_0000080533_CAM1_NG_bmp.rf.03be137a1fc3d22c338a499f93104c59.jpg,0.2589,0.1294,0.8475
251010_124859_0000080533_CAM1_NG_bmp.rf.03be137a1fc3d22c338a499f93104c59.jpg,0.2589,0.1294,0.8333
251010_124859_0000080533_CAM1_NG_bmp.rf.03be137a1fc3d22c338a499f93104c59.jpg,0.302,0.1294,0.8308
251010_124859_0000080533_CAM1_NG_bmp.rf.03be137a1fc3d22c338a499f93104c59.jpg,0.302,0.1294,0.7558
251010_124859_0000080533_CAM1_NG_bmp.rf.03be137a1fc3d22c338a499f93104c59.jpg,0.2589,0.1294,0.7555
251010_124859_0000080533_CAM1_NG_bmp.rf.03be137a1fc3d22c338a499f93104c59.jpg,0.3883,0.1726,0.6503
251015_020254_0000434168_CAM1_OK_bmp.rf.31799901ab442f936dc61355b2ffe89e.jpg,0.3452,0.2157,0.927
251015_020254_0000434168_CAM1_OK_bmp.rf.31799901ab442f936dc61355b2ffe89e.jpg,0.3452,0.1726,0.9243
251015_020254_0000434168_CAM1_OK_bmp.rf.31799901ab442f936dc61355b2ffe89e.jpg,0.3452,0.2157,0.9214
251015_020254_0000434168_CAM1_OK_bmp.rf.31799901ab442f936dc61355b2ffe89e.jpg,0.3883,0.1726,0.9114
251015_020254_0000434168_CAM1_OK_bmp.rf.31799901ab442f936dc61355b2ffe89e.jpg,0.3452,0.1726,0.9072
251015_020254_0000434168_CAM1_OK_bmp.rf.31799901ab442f936dc61355b2ffe89e.jpg,0.3883,0.1726,0.9012
251015_020254_0000434168_CAM1_OK_bmp.rf.31799901ab442f936dc61355b2ffe89e.jpg,0.3452,0.1726,0.8937
251015_020254_0000434168_CAM1_OK_bmp.rf.31799901ab442f936dc61355b2ffe89e.jpg,0.2589,0.1294,0.8869
251015_020254_0000434168_CAM1_OK_bmp.rf.31799901ab442f936dc61355b2ffe89e.jpg,0.3452,0.2157,0.8829
251015_020254_0000434168_CAM1_OK_bmp.rf.31799901ab442f936dc61355b2ffe89e.jpg,0.302,0.1294,0.8769
251015_020254_0000434168_CAM1_OK_bmp.rf.31799901ab442f936dc61355b2ffe89e.jpg,0.3452,0.1726,0.8762
251015_020254_0000434168_CAM1_OK_bmp.rf.31799901ab442f936dc61355b2ffe89e.jpg,0.302,0.1294,0.8725
251015_020254_0000434168_CAM1_OK_bmp.rf.31799901ab442f936dc61355b2ffe89e.jpg,0.3452,0.2157,0.864
251015_020254_0000434168_CAM1_OK_bmp.rf.31799901ab442f936dc61355b2ffe89e.jpg,0.3452,0.1294,0.8616
251015_020254_0000434168_CAM1_OK_bmp.rf.31799901ab442f936dc61355b2ffe89e.jpg,0.302,0.1294,0.857
251015_020254_0000434168_CAM1_OK_bmp.rf.31799901ab442f936dc61355b2ffe89e.jpg,0.2589,0.1294,0.8541
251015_020254_0000434168_CAM1_OK_bmp.rf.31799901ab442f936dc61355b2ffe89e.jpg,0.302,0.1294,0.8427
251015_020254_0000434168_CAM1_OK_bmp.rf.31799901ab442f936dc61355b2ffe89e.jpg,0.302,0.1294,0.8331
251015_020254_0000434168_CAM1_OK_bmp.rf.31799901ab442f936dc61355b2ffe89e.jpg,0.3452,0.2157,0.8315
251015_020254_0000434168_CAM1_OK_bmp.rf.31799901ab442f936dc61355b2ffe89e.jpg,0.2589,0.1294,0.8256
251015_020254_0000434168_CAM1_OK_bmp.rf.31799901ab442f936dc61355b2ffe89e.jpg,0.302,0.1294,0.8237
251015_020254_0000434168_CAM1_OK_bmp.rf.31799901ab442f936dc61355b2ffe89e.jpg,0.3452,0.2157,0.8163
251015_020254_0000434168_CAM1_OK_bmp.rf.31799901ab442f936dc61355b2ffe89e.jpg,0.2589,0.1294,0.798
251015_020254_0000434168_CAM1_OK_bmp.rf.31799901ab442f936dc61355b2ffe89e.jpg,0.3452,0.1726,0.7961
251015_020254_0000434168_CAM1_OK_bmp.rf.31799901ab442f936dc61355b2ffe89e.jpg,0.302,0.1294,0.7938
251015_020254_0000434168_CAM1_OK_bmp.rf.31799901ab442f936dc61355b2ffe89e.jpg,0.2589,0.1294,0.7696
251015_020254_0000434168_CAM1_OK_bmp.rf.31799901ab442f936dc61355b2ffe89e.jpg,0.2589,0.1294,0.7649
251015_020254_0000434168_CAM1_OK_bmp.rf.31799901ab442f936dc61355b2ffe89e.jpg,0.302,0.1294,0.7628
251015_020254_0000434168_CAM1_OK_bmp.rf.31799901ab442f936dc61355b2ffe89e.jpg,0.3452,0.1726,0.7595
251015_020254_0000434168_CAM1_OK_bmp.rf.31799901ab442f936dc61355b2ffe89e.jpg,0.2589,0.1294,0.7581
251015_020254_0000434168_CAM1_OK_bmp.rf.31799901ab442f936dc61355b2ffe89e.jpg,0.302,0.1294,0.6643
251015_020254_0000434168_CAM1_OK_bmp.rf.31799901ab442f936dc61355b2ffe89e.jpg,0.2589,0.1294,0.6086
251015_020254_0000434168_CAM1_OK_bmp.rf.31799901ab442f936dc61355b2ffe89e.jpg,0.1294,0.1294,0.5176
251010_125545_0000080599_CAM1_NG_bmp.rf.1e8635c8b8cc44db7d29345e5a5ddb8f.jpg,0.3452,0.2157,0.9507
251010_125545_0000080599_CAM1_NG_bmp.rf.1e8635c8b8cc44db7d29345e5a5ddb8f.jpg,0.3452,0.1726,0.9413
251010_125545_0000080599_CAM1_NG_bmp.rf.1e8635c8b8cc44db7d29345e5a5ddb8f.jpg,0.3452,0.2157,0.9322
251010_125545_0000080599_CAM1_NG_bmp.rf.1e8635c8b8cc44db7d29345e5a5ddb8f.jpg,0.3883,0.1726,0.9207
251010_125545_0000080599_CAM1_NG_bmp.rf.1e8635c8b8cc44db7d29345e5a5ddb8f.jpg,0.302,0.1294,0.9052
251010_125545_0000080599_CAM1_NG_bmp.rf.1e8635c8b8cc44db7d29345e5a5ddb8f.jpg,0.3452,0.1726,0.8874
251010_125545_0000080599_CAM1_NG_bmp.rf.1e8635c8b8cc44db7d29345e5a5ddb8f.jpg,0.3452,0.1726,0.8865
251010_125545_0000080599_CAM1_NG_bmp.rf.1e8635c8b8cc44db7d29345e5a5ddb8f.jpg,0.3452,0.2157,0.8809
251010_125545_0000080599_CAM1_NG_bmp.rf.1e8635c8b8cc44db7d29345e5a5ddb8f.jpg,0.3452,0.2157,0.8796
251010_125545_0000080599_CAM1_NG_bmp.rf.1e8635c8b8cc44db7d29345e5a5ddb8f.jpg,0.3452,0.1726,0.8755
251010_125545_0000080599_CAM1_NG_bmp.rf.1e8635c8b8cc44db7d29345e5a5ddb8f.jpg,0.3883,0.1726,0.8739
251010_125545_0000080599_CAM1_NG_bmp.rf.1e8635c8b8cc44db7d29345e5a5ddb8f.jpg,0.2589,0.1294,0.865
251010_125545_0000080599_CAM1_NG_bmp.rf.1e8635c8b8cc44db7d29345e5a5ddb8f.jpg,0.2589,0.1294,0.8649
251010_125545_0000080599_CAM1_NG_bmp.rf.1e8635c8b8cc44db7d29345e5a5ddb8f.jpg,0.3452,0.1726,0.8617
251010_125545_0000080599_CAM1_NG_bmp.rf.1e8635c8b8cc44db7d29345e5a5ddb8f.jpg,0.302,0.1726,0.861
251010_125545_0000080599_CAM1_NG_bmp.rf.1e8635c8b8cc44db7d29345e5a5ddb8f.jpg,0.3452,0.1726,0.8375
251010_125545_0000080599_CAM1_NG_bmp.rf.1e8635c8b8cc44db7d29345e5a5ddb8f.jpg,0.3452,0.1726,0.8299
251010_125545_0000080599_CAM1_NG_bmp.rf.1e8635c8b8cc44db7d29345e5a5ddb8f.jpg,0.302,0.1294,0.8281
251010_125545_0000080599_CAM1_NG_bmp.rf.1e8635c8b8cc44db7d29345e5a5ddb8f.jpg,0.302,0.1294,0.8262
251010_125545_0000080599_CAM1_NG_bmp.rf.1e8635c8b8cc44db7d29345e5a5ddb8f.jpg,0.302,0.1294,0.826
251010_125545_0000080599_CAM1_NG_bmp.rf.1e8635c8b8cc44db7d29345e5a5ddb8f.jpg,0.302,0.1294,0.8242
251010_125545_0000080599_CAM1_NG_bmp.rf.1e8635c8b8cc44db7d29345e5a5ddb8f.jpg,0.3452,0.2157,0.7919
251010_125545_0000080599_CAM1_NG_bmp.rf.1e8635c8b8cc44db7d29345e5a5ddb8f.jpg,0.2589,0.1294,0.7118
251010_125545_0000080599_CAM1_NG_bmp.rf.1e8635c8b8cc44db7d29345e5a5ddb8f.jpg,0.1294,0.1294,0.64
251010_125646_0000080800_CAM1_NG_bmp.rf.7fca9632b56b5674ffda085b99595fea.jpg,0.3452,0.2157,0.9535
251010_125646_0000080800_CAM1_NG_bmp.rf.7fca9632b56b5674ffda085b99595fea.jpg,0.3452,0.1726,0.9455
251010_125646_0000080800_CAM1_NG_bmp.rf.7fca9632b56b5674ffda085b99595fea.jpg,0.302,0.1726,0.9442
251010_125646_0000080800_CAM1_NG_bmp.rf.7fca9632b56b5674ffda085b99595fea.jpg,0.302,0.1294,0.943
251010_125646_0000080800_CAM1_NG_bmp.rf.7fca9632b56b5674ffda085b99595fea.jpg,0.3452,0.1726,0.9347
251010_125646_0000080800_CAM1_NG_bmp.rf.7fca9632b56b5674ffda085b99595fea.jpg,0.302,0.2157,0.9343
251010_125646_0000080800_CAM1_NG_bmp.rf.7fca9632b56b5674ffda085b99595fea.jpg,0.3452,0.1726,0.9299
251010_125646_0000080800_CAM1_NG_bmp.rf.7fca9632b56b5674ffda085b99595fea.jpg,0.3452,0.1726,0.9292
251010_125646_0000080800_CAM1_NG_bmp.rf.7fca9632b56b5674ffda085b99595fea.jpg,0.3452,0.1726,0.9274
251010_125646_0000080800_CAM1_NG_bmp.rf.7fca9632b56b5674ffda085b99595fea.jpg,0.3452,0.1726,0.9236
251010_125646_0000080800_CAM1_NG_bmp.rf.7fca9632b56b5674ffda085b99595fea.jpg,0.3883,0.1726,0.9215
251010_125646_0000080800_CAM1_NG_bmp.rf.7fca9632b56b5674ffda085b99595fea.jpg,0.3452,0.2157,0.9175
251010_125646_0000080800_CAM1_NG_bmp.rf.7fca9632b56b5674ffda085b99595fea.jpg,0.302,0.1726,0.9133
251010_125646_0000080800_CAM1_NG_bmp.rf.7fca9632b56b5674ffda085b99595fea.jpg,0.302,0.1294,0.9028
251010_125646_0000080800_CAM1_NG_bmp.rf.7fca9632b56b5674ffda085b99595fea.jpg,0.302,0.2157,0.8979
251010_125646_0000080800_CAM1_NG_bmp.rf.7fca9632b56b5674ffda085b99595fea.jpg,0.3452,0.1726,0.891
251010_125646_0000080800_CAM1_NG_bmp.rf.7fca9632b56b5674ffda085b99595fea.jpg,0.2589,0.1294,0.8896
251010_125646_0000080800_CAM1_NG_bmp.rf.7fca9632b56b5674ffda085b99595fea.jpg,0.2589,0.1294,0.8895
251010_125646_0000080800_CAM1_NG_bmp.rf.7fca9632b56b5674ffda085b99595fea.jpg,0.2589,0.1294,0.8837
251010_125646_0000080800_CAM1_NG_bmp.rf.7fca9632b56b5674ffda085b99595fea.jpg,0.302,0.1726,0.8653
251010_125646_0000080800_CAM1_NG_bmp.rf.7fca9632b56b5674ffda085b99595fea.jpg,0.2589,0.1294,0.8533
251010_125646_0000080800_CAM1_NG_bmp.rf.7fca9632b56b5674ffda085b99595fea.jpg,0.302,0.1294,0.8458
251010_125646_0000080800_CAM1_NG_bmp.rf.7fca9632b56b5674ffda085b99595fea.jpg,0.3452,0.1726,0.8148
251010_125646_0000080800_CAM1_NG_bmp.rf.7fca9632b56b5674ffda085b99595fea.jpg,0.302,0.1294,0.7821
251010_125646_0000080800_CAM1_NG_bmp.rf.7fca9632b56b5674ffda085b99595fea.jpg,0.2589,0.0863,0.7795
251010_125646_0000080800_CAM1_NG_bmp.rf.7fca9632b56b5674ffda085b99595fea.jpg,0.1294,0.1294,0.5126
251010_124854_0000080514_CAM1_NG_bmp.rf.132a7018eeaaf550d1aa61b3d47947a7.jpg,0.3452,0.2157,0.9377
251010_124854_0000080514_CAM1_NG_bmp.rf.132a7018eeaaf550d1aa61b3d47947a7.jpg,0.3452,0.2157,0.9336
251010_124854_0000080514_CAM1_NG_bmp.rf.132a7018eeaaf550d1aa61b3d47947a7.jpg,0.3883,0.1726,0.9312
251010_124854_0000080514_CAM1_NG_bmp.rf.132a7018eeaaf550d1aa61b3d47947a7.jpg,0.3452,0.1726,0.9212
251010_124854_0000080514_CAM1_NG_bmp.rf.132a7018eeaaf550d1aa61b3d47947a7.jpg,0.3452,0.1726,0.9179
251010_124854_0000080514_CAM1_NG_bmp.rf.132a7018eeaaf550d1aa61b3d47947a7.jpg,0.3883,0.1726,0.9082
251010_124854_0000080514_CAM1_NG_bmp.rf.132a7018eeaaf550d1aa61b3d47947a7.jpg,0.2589,0.1294,0.9066
251010_124854_0000080514_CAM1_NG_bmp.rf.132a7018eeaaf550d1aa61b3d47947a7.jpg,0.3452,0.1726,0.9029
251010_124854_0000080514_CAM1_NG_bmp.rf.132a7018eeaaf550d1aa61b3d47947a7.jpg,0.3452,0.1726,0.8953
251010_124854_0000080514_CAM1_NG_bmp.rf.132a7018eeaaf550d1aa61b3d47947a7.jpg,0.2589,0.1294,0.894
251010_124854_0000080514_CAM1_NG_bmp.rf.132a7018eeaaf550d1aa61b3d47947a7.jpg,0.3452,0.2157,0.8881
251010_124854_0000080514_CAM1_NG_bmp.rf.132a7018eeaaf550d1aa61b3d47947a7.jpg,0.3883,0.1726,0.8848
251010_124854_0000080514_CAM1_NG_bmp.rf.132a7018eeaaf550d1aa61b3d47947a7.jpg,0.3452,0.1726,0.8676
251010_124854_0000080514_CAM1_NG_bmp.rf.132a7018eeaaf550d1aa61b3d47947a7.jpg,0.302,0.1726,0.8528
251010_124854_0000080514_CAM1_NG_bmp.rf.132a7018eeaaf550d1aa61b3d47947a7.jpg,0.3883,0.2157,0.8426
251010_124854_0000080514_CAM1_NG_bmp.rf.132a7018eeaaf550d1aa61b3d47947a7.jpg,0.302,0.1294,0.8415
251010_124854_0000080514_CAM1_NG_bmp.rf.132a7018eeaaf550d1aa61b3d47947a7.jpg,0.302,0.1294,0.841
251010_124854_0000080514_CAM1_NG_bmp.rf.132a7018eeaaf550d1aa61b3d47947a7.jpg,0.2589,0.1294,0.8297
251010_124854_0000080514_CAM1_NG_bmp.rf.132a7018eeaaf550d1aa61b3d47947a7.jpg,0.3452,0.1726,0.8218
251010_124854_0000080514_CAM1_NG_bmp.rf.132a7018eeaaf550d1aa61b3d47947a7.jpg,0.302,0.1294,0.8182
251010_124854_0000080514_CAM1_NG_bmp.rf.132a7018eeaaf550d1aa61b3d47947a7.jpg,0.302,0.1294,0.8111
251010_124854_0000080514_CAM1_NG_bmp.rf.132a7018eeaaf550d1aa61b3d47947a7.jpg,0.1294,0.1294,0.6722
251010_124854_0000080514_CAM1_NG_bmp.rf.132a7018eeaaf550d1aa61b3d47947a7.jpg,0.3452,0.1726,0.6686
251010_124854_0000080514_CAM1_NG_bmp.rf.132a7018eeaaf550d1aa61b3d47947a7.jpg,0.302,0.1726,0.6627
251010_124854_0000080514_CAM1_NG_bmp.rf.132a7018eeaaf550d1aa61b3d47947a7.jpg,0.302,0.1294,0.5441
